"Date","Time","DateTime","LWP","Plant_ID"
"25/10/2024","00:00:00",2024-10-25,-0.35,3
"25/10/2024","00:15:00",2024-10-25 00:15:00,-0.3,3
"25/10/2024","00:30:00",2024-10-25 00:30:00,-0.26,3
"25/10/2024","00:45:00",2024-10-25 00:45:00,-0.21,3
"25/10/2024","01:00:00",2024-10-25 01:00:00,-0.2,3
"25/10/2024","01:15:00",2024-10-25 01:15:00,-0.17,3
"25/10/2024","01:30:00",2024-10-25 01:30:00,-0.15,3
"25/10/2024","01:45:00",2024-10-25 01:45:00,-0.12,3
"25/10/2024","02:00:00",2024-10-25 02:00:00,-0.11,3
"25/10/2024","02:15:00",2024-10-25 02:15:00,-0.1,3
"25/10/2024","02:30:00",2024-10-25 02:30:00,-0.08,3
"25/10/2024","02:45:00",2024-10-25 02:45:00,-0.08,3
"25/10/2024","03:00:00",2024-10-25 03:00:00,-0.06,3
"25/10/2024","03:15:00",2024-10-25 03:15:00,-0.06,3
"25/10/2024","03:30:00",2024-10-25 03:30:00,-0.04,3
"25/10/2024","03:45:00",2024-10-25 03:45:00,-0.02,3
"25/10/2024","04:00:00",2024-10-25 04:00:00,0,3
"25/10/2024","04:15:00",2024-10-25 04:15:00,0,3
"25/10/2024","04:30:00",2024-10-25 04:30:00,0,3
"25/10/2024","04:45:00",2024-10-25 04:45:00,0,3
"25/10/2024","05:00:00",2024-10-25 05:00:00,0,3
"25/10/2024","05:15:00",2024-10-25 05:15:00,0,3
"25/10/2024","05:30:00",2024-10-25 05:30:00,0,3
"25/10/2024","05:45:00",2024-10-25 05:45:00,0,3
"25/10/2024","06:00:00",2024-10-25 06:00:00,0,3
"25/10/2024","06:15:00",2024-10-25 06:15:00,0,3
"25/10/2024","06:30:00",2024-10-25 06:30:00,0,3
"25/10/2024","06:45:00",2024-10-25 06:45:00,0,3
"25/10/2024","07:00:00",2024-10-25 07:00:00,-0.09,3
"25/10/2024","07:15:00",2024-10-25 07:15:00,0,3
"25/10/2024","07:30:00",2024-10-25 07:30:00,-0.18,3
"25/10/2024","07:45:00",2024-10-25 07:45:00,-0.18,3
"25/10/2024","08:00:00",2024-10-25 08:00:00,-0.32,3
"25/10/2024","08:15:00",2024-10-25 08:15:00,-0.41,3
"25/10/2024","08:30:00",2024-10-25 08:30:00,-0.37,3
"25/10/2024","08:45:00",2024-10-25 08:45:00,-0.48,3
"25/10/2024","09:00:00",2024-10-25 09:00:00,-0.61,3
"25/10/2024","09:15:00",2024-10-25 09:15:00,-0.56,3
"25/10/2024","09:30:00",2024-10-25 09:30:00,-0.67,3
"25/10/2024","09:45:00",2024-10-25 09:45:00,-0.62,3
"25/10/2024","10:00:00",2024-10-25 10:00:00,-0.56,3
"25/10/2024","10:15:00",2024-10-25 10:15:00,-0.67,3
"25/10/2024","10:30:00",2024-10-25 10:30:00,-0.65,3
"25/10/2024","10:45:00",2024-10-25 10:45:00,-0.76,3
"25/10/2024","11:00:00",2024-10-25 11:00:00,-0.64,3
"25/10/2024","11:15:00",2024-10-25 11:15:00,-0.76,3
"25/10/2024","11:30:00",2024-10-25 11:30:00,-0.67,3
"25/10/2024","11:45:00",2024-10-25 11:45:00,-0.79,3
"25/10/2024","12:00:00",2024-10-25 12:00:00,-0.73,3
"25/10/2024","12:15:00",2024-10-25 12:15:00,-0.77,3
"25/10/2024","12:30:00",2024-10-25 12:30:00,-0.86,3
"25/10/2024","12:45:00",2024-10-25 12:45:00,-0.76,3
"25/10/2024","13:00:00",2024-10-25 13:00:00,-1.06,3
"25/10/2024","13:15:00",2024-10-25 13:15:00,-0.8,3
"25/10/2024","13:30:00",2024-10-25 13:30:00,-0.84,3
"25/10/2024","13:45:00",2024-10-25 13:45:00,-0.77,3
"25/10/2024","14:00:00",2024-10-25 14:00:00,-0.74,3
"25/10/2024","14:15:00",2024-10-25 14:15:00,-0.83,3
"25/10/2024","14:30:00",2024-10-25 14:30:00,-0.81,3
"25/10/2024","14:45:00",2024-10-25 14:45:00,-0.83,3
"25/10/2024","15:00:00",2024-10-25 15:00:00,-0.92,3
"25/10/2024","15:15:00",2024-10-25 15:15:00,-0.84,3
"25/10/2024","15:30:00",2024-10-25 15:30:00,-0.96,3
"25/10/2024","15:45:00",2024-10-25 15:45:00,-0.9,3
"25/10/2024","16:00:00",2024-10-25 16:00:00,-0.83,3
"25/10/2024","16:15:00",2024-10-25 16:15:00,-0.81,3
"25/10/2024","16:30:00",2024-10-25 16:30:00,-0.87,3
"25/10/2024","16:45:00",2024-10-25 16:45:00,-1.03,3
"25/10/2024","17:00:00",2024-10-25 17:00:00,-0.93,3
"25/10/2024","17:15:00",2024-10-25 17:15:00,-0.86,3
"25/10/2024","17:30:00",2024-10-25 17:30:00,-0.89,3
"25/10/2024","17:45:00",2024-10-25 17:45:00,-0.97,3
"25/10/2024","18:00:00",2024-10-25 18:00:00,-0.97,3
"25/10/2024","18:15:00",2024-10-25 18:15:00,-0.89,3
"25/10/2024","18:30:00",2024-10-25 18:30:00,-0.98,3
"25/10/2024","18:45:00",2024-10-25 18:45:00,-0.92,3
"25/10/2024","19:00:00",2024-10-25 19:00:00,-0.93,3
"25/10/2024","19:15:00",2024-10-25 19:15:00,-0.9,3
"25/10/2024","19:30:00",2024-10-25 19:30:00,-0.89,3
"25/10/2024","19:45:00",2024-10-25 19:45:00,-0.9,3
"25/10/2024","20:00:00",2024-10-25 20:00:00,-0.94,3
"25/10/2024","20:15:00",2024-10-25 20:15:00,-0.88,3
"25/10/2024","20:30:00",2024-10-25 20:30:00,-0.98,3
"25/10/2024","20:45:00",2024-10-25 20:45:00,-0.94,3
"25/10/2024","21:00:00",2024-10-25 21:00:00,-0.89,3
"25/10/2024","21:15:00",2024-10-25 21:15:00,-0.97,3
"25/10/2024","21:30:00",2024-10-25 21:30:00,-0.97,3
"25/10/2024","21:45:00",2024-10-25 21:45:00,-0.84,3
"25/10/2024","22:00:00",2024-10-25 22:00:00,-1.01,3
"25/10/2024","22:15:00",2024-10-25 22:15:00,-0.93,3
"25/10/2024","22:30:00",2024-10-25 22:30:00,-0.86,3
"25/10/2024","22:45:00",2024-10-25 22:45:00,-0.85,3
"25/10/2024","23:00:00",2024-10-25 23:00:00,-0.9,3
"25/10/2024","23:15:00",2024-10-25 23:15:00,-0.8,3
"25/10/2024","23:30:00",2024-10-25 23:30:00,-0.74,3
"25/10/2024","23:45:00",2024-10-25 23:45:00,-0.66,3
"26/10/2024","00:00:00",2024-10-26,-0.6,3
"26/10/2024","00:15:00",2024-10-26 00:15:00,-0.55,3
"26/10/2024","00:30:00",2024-10-26 00:30:00,-0.51,3
"26/10/2024","00:45:00",2024-10-26 00:45:00,-0.48,3
"26/10/2024","01:00:00",2024-10-26 01:00:00,-0.48,3
"26/10/2024","01:15:00",2024-10-26 01:15:00,-0.38,3
"26/10/2024","01:30:00",2024-10-26 01:30:00,-0.39,3
"26/10/2024","01:45:00",2024-10-26 01:45:00,-0.34,3
"26/10/2024","02:00:00",2024-10-26 02:00:00,-0.32,3
"26/10/2024","02:15:00",2024-10-26 02:15:00,-0.32,3
"26/10/2024","02:30:00",2024-10-26 02:30:00,-0.29,3
"26/10/2024","02:45:00",2024-10-26 02:45:00,-0.3,3
"26/10/2024","03:00:00",2024-10-26 03:00:00,-0.29,3
"26/10/2024","03:15:00",2024-10-26 03:15:00,-0.23,3
"26/10/2024","03:30:00",2024-10-26 03:30:00,-0.23,3
"26/10/2024","03:45:00",2024-10-26 03:45:00,-0.24,3
"26/10/2024","04:00:00",2024-10-26 04:00:00,-0.22,3
"26/10/2024","04:15:00",2024-10-26 04:15:00,-0.2,3
"26/10/2024","04:30:00",2024-10-26 04:30:00,-0.2,3
"26/10/2024","04:45:00",2024-10-26 04:45:00,-0.19,3
"26/10/2024","05:00:00",2024-10-26 05:00:00,-0.16,3
"26/10/2024","05:15:00",2024-10-26 05:15:00,-0.15,3
"26/10/2024","05:30:00",2024-10-26 05:30:00,-0.15,3
"26/10/2024","05:45:00",2024-10-26 05:45:00,-0.15,3
"26/10/2024","06:00:00",2024-10-26 06:00:00,-0.14,3
"26/10/2024","06:15:00",2024-10-26 06:15:00,-0.11,3
"26/10/2024","06:30:00",2024-10-26 06:30:00,-0.13,3
"26/10/2024","06:45:00",2024-10-26 06:45:00,-0.2,3
"26/10/2024","07:00:00",2024-10-26 07:00:00,-0.3,3
"26/10/2024","07:15:00",2024-10-26 07:15:00,-0.35,3
"26/10/2024","07:30:00",2024-10-26 07:30:00,-0.39,3
"26/10/2024","07:45:00",2024-10-26 07:45:00,-0.5,3
"26/10/2024","08:00:00",2024-10-26 08:00:00,-0.6,3
"26/10/2024","08:15:00",2024-10-26 08:15:00,-0.6,3
"26/10/2024","08:30:00",2024-10-26 08:30:00,-0.69,3
"26/10/2024","08:45:00",2024-10-26 08:45:00,-0.71,3
"26/10/2024","09:00:00",2024-10-26 09:00:00,-0.65,3
"26/10/2024","09:15:00",2024-10-26 09:15:00,-0.73,3
"26/10/2024","09:30:00",2024-10-26 09:30:00,-0.9,3
"26/10/2024","09:45:00",2024-10-26 09:45:00,-0.86,3
"26/10/2024","10:00:00",2024-10-26 10:00:00,-0.86,3
"26/10/2024","10:15:00",2024-10-26 10:15:00,-0.9,3
"26/10/2024","10:30:00",2024-10-26 10:30:00,-0.87,3
"26/10/2024","10:45:00",2024-10-26 10:45:00,-0.98,3
"26/10/2024","11:00:00",2024-10-26 11:00:00,-0.88,3
"26/10/2024","11:15:00",2024-10-26 11:15:00,-0.97,3
"26/10/2024","11:30:00",2024-10-26 11:30:00,-1.18,3
"26/10/2024","11:45:00",2024-10-26 11:45:00,-0.97,3
"26/10/2024","12:00:00",2024-10-26 12:00:00,-0.96,3
"26/10/2024","12:15:00",2024-10-26 12:15:00,-0.84,3
"26/10/2024","12:30:00",2024-10-26 12:30:00,-1.02,3
"26/10/2024","12:45:00",2024-10-26 12:45:00,-1.15,3
"26/10/2024","13:00:00",2024-10-26 13:00:00,-0.97,3
"26/10/2024","13:15:00",2024-10-26 13:15:00,-1.04,3
"26/10/2024","13:30:00",2024-10-26 13:30:00,-1.02,3
"26/10/2024","13:45:00",2024-10-26 13:45:00,-1.05,3
"26/10/2024","14:00:00",2024-10-26 14:00:00,-1.03,3
"26/10/2024","14:15:00",2024-10-26 14:15:00,-1.31,3
"26/10/2024","14:30:00",2024-10-26 14:30:00,-1.19,3
"26/10/2024","14:45:00",2024-10-26 14:45:00,-0.99,3
"26/10/2024","15:00:00",2024-10-26 15:00:00,-1.05,3
"26/10/2024","15:15:00",2024-10-26 15:15:00,-0.99,3
"26/10/2024","15:30:00",2024-10-26 15:30:00,-1.08,3
"26/10/2024","15:45:00",2024-10-26 15:45:00,-1.37,3
"26/10/2024","16:00:00",2024-10-26 16:00:00,-1.08,3
"26/10/2024","16:15:00",2024-10-26 16:15:00,-0.98,3
"26/10/2024","16:30:00",2024-10-26 16:30:00,-0.99,3
"26/10/2024","16:45:00",2024-10-26 16:45:00,-1.06,3
"26/10/2024","17:00:00",2024-10-26 17:00:00,-0.91,3
"26/10/2024","17:15:00",2024-10-26 17:15:00,-1.06,3
"26/10/2024","17:30:00",2024-10-26 17:30:00,-1.1,3
"26/10/2024","17:45:00",2024-10-26 17:45:00,-1.04,3
"26/10/2024","18:00:00",2024-10-26 18:00:00,-1.02,3
"26/10/2024","18:15:00",2024-10-26 18:15:00,-1.07,3
"26/10/2024","18:30:00",2024-10-26 18:30:00,-1.11,3
"26/10/2024","18:45:00",2024-10-26 18:45:00,-1.09,3
"26/10/2024","19:00:00",2024-10-26 19:00:00,-1.08,3
"26/10/2024","19:15:00",2024-10-26 19:15:00,-1.08,3
"26/10/2024","19:30:00",2024-10-26 19:30:00,-1.11,3
"26/10/2024","19:45:00",2024-10-26 19:45:00,-1.02,3
"26/10/2024","20:00:00",2024-10-26 20:00:00,-1.12,3
"26/10/2024","20:15:00",2024-10-26 20:15:00,-1.09,3
"26/10/2024","20:30:00",2024-10-26 20:30:00,-1.05,3
"26/10/2024","20:45:00",2024-10-26 20:45:00,-1.11,3
"26/10/2024","21:00:00",2024-10-26 21:00:00,-1.08,3
"26/10/2024","21:15:00",2024-10-26 21:15:00,-1.07,3
"26/10/2024","21:30:00",2024-10-26 21:30:00,-1.04,3
"26/10/2024","21:45:00",2024-10-26 21:45:00,-1.03,3
"26/10/2024","22:00:00",2024-10-26 22:00:00,-1.03,3
"26/10/2024","22:15:00",2024-10-26 22:15:00,-1.06,3
"26/10/2024","22:30:00",2024-10-26 22:30:00,-1.07,3
"26/10/2024","22:45:00",2024-10-26 22:45:00,-0.99,3
"26/10/2024","23:00:00",2024-10-26 23:00:00,-1.04,3
"26/10/2024","23:15:00",2024-10-26 23:15:00,-0.96,3
"26/10/2024","23:30:00",2024-10-26 23:30:00,-0.93,3
"26/10/2024","23:45:00",2024-10-26 23:45:00,-0.87,3
"27/10/2024","00:00:00",2024-10-27,-0.82,3
"27/10/2024","00:15:00",2024-10-27 00:15:00,-0.76,3
"27/10/2024","00:30:00",2024-10-27 00:30:00,-0.75,3
"27/10/2024","00:45:00",2024-10-27 00:45:00,-0.69,3
"27/10/2024","01:00:00",2024-10-27 01:00:00,-0.69,3
"27/10/2024","01:15:00",2024-10-27 01:15:00,-0.64,3
"27/10/2024","01:30:00",2024-10-27 01:30:00,-0.59,3
"27/10/2024","01:45:00",2024-10-27 01:45:00,-0.59,3
"27/10/2024","02:00:00",2024-10-27 02:00:00,-0.54,3
"27/10/2024","02:15:00",2024-10-27 02:15:00,-0.53,3
"27/10/2024","02:30:00",2024-10-27 02:30:00,-0.47,3
"27/10/2024","02:45:00",2024-10-27 02:45:00,-0.48,3
"27/10/2024","03:00:00",2024-10-27 03:00:00,-0.49,3
"27/10/2024","03:15:00",2024-10-27 03:15:00,-0.46,3
"27/10/2024","03:30:00",2024-10-27 03:30:00,-0.45,3
"27/10/2024","03:45:00",2024-10-27 03:45:00,-0.42,3
"27/10/2024","04:00:00",2024-10-27 04:00:00,-0.42,3
"27/10/2024","04:15:00",2024-10-27 04:15:00,-0.41,3
"27/10/2024","04:30:00",2024-10-27 04:30:00,-0.37,3
"27/10/2024","04:45:00",2024-10-27 04:45:00,-0.39,3
"27/10/2024","05:00:00",2024-10-27 05:00:00,-0.37,3
"27/10/2024","05:15:00",2024-10-27 05:15:00,-0.34,3
"27/10/2024","05:30:00",2024-10-27 05:30:00,-0.36,3
"27/10/2024","05:45:00",2024-10-27 05:45:00,-0.34,3
"27/10/2024","06:00:00",2024-10-27 06:00:00,-0.32,3
"27/10/2024","06:15:00",2024-10-27 06:15:00,-0.32,3
"27/10/2024","06:30:00",2024-10-27 06:30:00,-0.29,3
"27/10/2024","06:45:00",2024-10-27 06:45:00,-0.32,3
"27/10/2024","07:00:00",2024-10-27 07:00:00,-0.32,3
"27/10/2024","07:15:00",2024-10-27 07:15:00,-0.3,3
"27/10/2024","07:30:00",2024-10-27 07:30:00,-0.3,3
"27/10/2024","07:45:00",2024-10-27 07:45:00,-0.34,3
"27/10/2024","08:00:00",2024-10-27 08:00:00,-0.39,3
"27/10/2024","08:15:00",2024-10-27 08:15:00,-0.47,3
"27/10/2024","08:30:00",2024-10-27 08:30:00,-0.53,3
"27/10/2024","08:45:00",2024-10-27 08:45:00,-0.63,3
"27/10/2024","09:00:00",2024-10-27 09:00:00,-0.83,3
"27/10/2024","09:15:00",2024-10-27 09:15:00,-0.81,3
"27/10/2024","09:30:00",2024-10-27 09:30:00,-0.87,3
"27/10/2024","09:45:00",2024-10-27 09:45:00,-0.87,3
"27/10/2024","10:00:00",2024-10-27 10:00:00,-0.91,3
"27/10/2024","10:15:00",2024-10-27 10:15:00,-0.96,3
"27/10/2024","10:30:00",2024-10-27 10:30:00,-0.92,3
"27/10/2024","10:45:00",2024-10-27 10:45:00,-0.92,3
"27/10/2024","11:00:00",2024-10-27 11:00:00,-1.04,3
"27/10/2024","11:15:01",2024-10-27 11:15:01,-1.06,3
"27/10/2024","11:30:00",2024-10-27 11:30:00,-1.12,3
"27/10/2024","11:45:00",2024-10-27 11:45:00,-1.15,3
"27/10/2024","12:00:00",2024-10-27 12:00:00,-1.13,3
"27/10/2024","12:15:00",2024-10-27 12:15:00,-1.06,3
"27/10/2024","12:30:00",2024-10-27 12:30:00,-1.12,3
"27/10/2024","12:45:00",2024-10-27 12:45:00,-1.12,3
"27/10/2024","13:00:00",2024-10-27 13:00:00,-1.18,3
"27/10/2024","13:15:00",2024-10-27 13:15:00,-1.14,3
"27/10/2024","13:30:00",2024-10-27 13:30:00,-1.22,3
"27/10/2024","13:45:00",2024-10-27 13:45:00,-1.13,3
"27/10/2024","14:00:00",2024-10-27 14:00:00,-1.13,3
"27/10/2024","14:15:00",2024-10-27 14:15:00,-1.15,3
"27/10/2024","14:30:00",2024-10-27 14:30:00,-1.21,3
"27/10/2024","14:45:00",2024-10-27 14:45:00,-1.22,3
"27/10/2024","15:00:00",2024-10-27 15:00:00,-1.19,3
"27/10/2024","15:15:00",2024-10-27 15:15:00,-1.17,3
"27/10/2024","15:30:00",2024-10-27 15:30:00,-1.14,3
"27/10/2024","15:45:00",2024-10-27 15:45:00,-1.16,3
"27/10/2024","16:00:00",2024-10-27 16:00:00,-1.11,3
"27/10/2024","16:15:00",2024-10-27 16:15:00,-1.1,3
"27/10/2024","16:30:00",2024-10-27 16:30:00,-1.08,3
"27/10/2024","16:45:00",2024-10-27 16:45:00,-1.08,3
"27/10/2024","17:00:00",2024-10-27 17:00:00,-1.07,3
"27/10/2024","17:15:00",2024-10-27 17:15:00,-1.02,3
"27/10/2024","17:30:00",2024-10-27 17:30:00,-0.99,3
"27/10/2024","17:45:00",2024-10-27 17:45:00,-1.01,3
"27/10/2024","18:00:00",2024-10-27 18:00:00,-1.07,3
"27/10/2024","18:15:00",2024-10-27 18:15:00,-1,3
"27/10/2024","18:30:00",2024-10-27 18:30:00,-1,3
"27/10/2024","18:45:00",2024-10-27 18:45:00,-0.98,3
"27/10/2024","19:00:00",2024-10-27 19:00:00,-1,3
"27/10/2024","19:15:00",2024-10-27 19:15:00,-0.91,3
"27/10/2024","19:30:00",2024-10-27 19:30:00,-0.84,3
"27/10/2024","19:45:00",2024-10-27 19:45:00,-0.76,3
"27/10/2024","20:00:00",2024-10-27 20:00:00,-0.94,3
"27/10/2024","20:15:00",2024-10-27 20:15:00,-0.77,3
"27/10/2024","20:30:00",2024-10-27 20:30:00,-0.84,3
"27/10/2024","20:45:00",2024-10-27 20:45:00,-0.83,3
"27/10/2024","21:00:00",2024-10-27 21:00:00,-0.86,3
"27/10/2024","21:15:00",2024-10-27 21:15:00,-0.81,3
"27/10/2024","21:30:00",2024-10-27 21:30:00,-0.76,3
"27/10/2024","21:45:00",2024-10-27 21:45:00,-0.85,3
"27/10/2024","22:00:00",2024-10-27 22:00:00,-0.82,3
"27/10/2024","22:15:00",2024-10-27 22:15:00,-0.78,3
"27/10/2024","22:30:00",2024-10-27 22:30:00,-0.78,3
"27/10/2024","22:45:00",2024-10-27 22:45:00,-0.75,3
"27/10/2024","23:00:00",2024-10-27 23:00:00,-0.77,3
"27/10/2024","23:15:00",2024-10-27 23:15:00,-0.77,3
"27/10/2024","23:30:00",2024-10-27 23:30:00,-0.76,3
"27/10/2024","23:45:00",2024-10-27 23:45:00,-0.75,3
"28/10/2024","00:00:00",2024-10-28,-0.66,3
"28/10/2024","00:15:00",2024-10-28 00:15:00,-0.51,3
"28/10/2024","00:30:00",2024-10-28 00:30:00,-0.41,3
"28/10/2024","00:45:00",2024-10-28 00:45:00,-0.33,3
"28/10/2024","01:00:00",2024-10-28 01:00:00,-0.3,3
"28/10/2024","01:15:00",2024-10-28 01:15:00,-0.23,3
"28/10/2024","01:30:00",2024-10-28 01:30:00,-0.22,3
"28/10/2024","01:45:00",2024-10-28 01:45:00,-0.2,3
"28/10/2024","02:00:00",2024-10-28 02:00:00,-0.2,3
"28/10/2024","02:15:00",2024-10-28 02:15:00,-0.16,3
"28/10/2024","02:30:00",2024-10-28 02:30:00,-0.13,3
"28/10/2024","02:45:00",2024-10-28 02:45:00,-0.11,3
"28/10/2024","03:00:00",2024-10-28 03:00:00,-0.1,3
"28/10/2024","03:15:00",2024-10-28 03:15:00,-0.09,3
"28/10/2024","03:30:00",2024-10-28 03:30:00,-0.07,3
"28/10/2024","03:45:00",2024-10-28 03:45:00,-0.06,3
"28/10/2024","04:00:00",2024-10-28 04:00:00,-0.04,3
"28/10/2024","04:15:00",2024-10-28 04:15:00,-0.05,3
"28/10/2024","04:30:00",2024-10-28 04:30:00,-0.03,3
"28/10/2024","04:45:00",2024-10-28 04:45:00,-0.01,3
"28/10/2024","05:00:00",2024-10-28 05:00:00,-0.01,3
"28/10/2024","05:15:00",2024-10-28 05:15:00,0,3
"28/10/2024","05:30:00",2024-10-28 05:30:00,-0.01,3
"28/10/2024","05:45:00",2024-10-28 05:45:00,0,3
"28/10/2024","06:00:00",2024-10-28 06:00:00,0,3
"28/10/2024","06:15:00",2024-10-28 06:15:00,0,3
"28/10/2024","06:30:00",2024-10-28 06:30:00,0,3
"28/10/2024","06:45:00",2024-10-28 06:45:00,0,3
"28/10/2024","07:00:00",2024-10-28 07:00:00,0,3
"28/10/2024","07:15:00",2024-10-28 07:15:00,0,3
"28/10/2024","07:30:00",2024-10-28 07:30:00,0,3
"28/10/2024","07:45:00",2024-10-28 07:45:00,0,3
"28/10/2024","08:00:00",2024-10-28 08:00:00,-0.19,3
"28/10/2024","08:15:00",2024-10-28 08:15:00,-0.32,3
"28/10/2024","08:30:00",2024-10-28 08:30:00,-0.28,3
"28/10/2024","08:45:00",2024-10-28 08:45:00,-0.44,3
"28/10/2024","09:00:00",2024-10-28 09:00:00,-0.45,3
"28/10/2024","09:15:00",2024-10-28 09:15:00,-0.64,3
"28/10/2024","09:30:00",2024-10-28 09:30:00,-0.49,3
"28/10/2024","09:45:00",2024-10-28 09:45:00,-0.52,3
"28/10/2024","10:00:00",2024-10-28 10:00:00,-0.64,3
"28/10/2024","10:15:00",2024-10-28 10:15:00,-0.67,3
"28/10/2024","10:30:00",2024-10-28 10:30:00,-0.63,3
"28/10/2024","10:45:00",2024-10-28 10:45:00,-0.68,3
"28/10/2024","11:00:00",2024-10-28 11:00:00,-0.79,3
"28/10/2024","11:15:00",2024-10-28 11:15:00,-0.73,3
"28/10/2024","11:30:00",2024-10-28 11:30:00,-0.88,3
"28/10/2024","11:45:00",2024-10-28 11:45:00,-0.79,3
"28/10/2024","12:00:00",2024-10-28 12:00:00,-0.68,3
"28/10/2024","12:15:00",2024-10-28 12:15:00,-0.88,3
"28/10/2024","12:30:00",2024-10-28 12:30:00,-0.86,3
"28/10/2024","12:45:00",2024-10-28 12:45:00,-0.89,3
"28/10/2024","13:00:00",2024-10-28 13:00:00,-0.93,3
"28/10/2024","13:15:00",2024-10-28 13:15:00,-0.99,3
"28/10/2024","13:30:00",2024-10-28 13:30:00,-0.94,3
"28/10/2024","13:45:00",2024-10-28 13:45:00,-0.96,3
"28/10/2024","14:00:00",2024-10-28 14:00:00,-0.94,3
"28/10/2024","14:15:00",2024-10-28 14:15:00,-0.89,3
"28/10/2024","14:30:00",2024-10-28 14:30:00,-0.89,3
"28/10/2024","14:45:00",2024-10-28 14:45:00,-0.95,3
"28/10/2024","15:00:00",2024-10-28 15:00:00,-0.94,3
"28/10/2024","15:15:00",2024-10-28 15:15:00,-0.89,3
"28/10/2024","15:30:00",2024-10-28 15:30:00,-0.91,3
"28/10/2024","15:45:00",2024-10-28 15:45:00,-0.89,3
"28/10/2024","16:00:00",2024-10-28 16:00:00,-0.86,3
"28/10/2024","16:15:00",2024-10-28 16:15:00,-0.86,3
"28/10/2024","16:30:00",2024-10-28 16:30:00,-0.91,3
"28/10/2024","16:45:00",2024-10-28 16:45:00,-0.95,3
"28/10/2024","17:00:00",2024-10-28 17:00:00,-0.95,3
"28/10/2024","17:15:00",2024-10-28 17:15:00,-0.82,3
"28/10/2024","17:30:00",2024-10-28 17:30:00,-0.82,3
"28/10/2024","17:45:00",2024-10-28 17:45:00,-0.91,3
"28/10/2024","18:00:00",2024-10-28 18:00:00,-0.83,3
"28/10/2024","18:15:00",2024-10-28 18:15:00,-0.8,3
"28/10/2024","18:30:00",2024-10-28 18:30:00,-0.9,3
"28/10/2024","18:45:00",2024-10-28 18:45:00,-0.83,3
"28/10/2024","19:00:00",2024-10-28 19:00:00,-0.86,3
"28/10/2024","19:15:00",2024-10-28 19:15:00,-0.87,3
"28/10/2024","19:30:00",2024-10-28 19:30:00,-1.01,3
"28/10/2024","19:45:00",2024-10-28 19:45:00,-0.93,3
"28/10/2024","20:00:00",2024-10-28 20:00:00,-0.89,3
"28/10/2024","20:15:00",2024-10-28 20:15:00,-1.09,3
"28/10/2024","20:30:00",2024-10-28 20:30:00,-0.95,3
"28/10/2024","20:45:00",2024-10-28 20:45:00,-0.94,3
"28/10/2024","21:00:00",2024-10-28 21:00:00,-0.86,3
"28/10/2024","21:15:00",2024-10-28 21:15:00,-1.04,3
"28/10/2024","21:30:00",2024-10-28 21:30:00,-0.99,3
"28/10/2024","21:45:00",2024-10-28 21:45:00,-1,3
"28/10/2024","22:00:00",2024-10-28 22:00:00,-1.01,3
"28/10/2024","22:15:00",2024-10-28 22:15:00,-0.95,3
"28/10/2024","22:30:00",2024-10-28 22:30:00,-1.03,3
"28/10/2024","22:45:00",2024-10-28 22:45:00,-1,3
"28/10/2024","23:00:00",2024-10-28 23:00:00,-1.04,3
"28/10/2024","23:15:00",2024-10-28 23:15:00,-1.01,3
"28/10/2024","23:30:00",2024-10-28 23:30:00,-1,3
"28/10/2024","23:45:00",2024-10-28 23:45:00,-1.01,3
"29/10/2024","00:00:00",2024-10-29,-0.87,3
"29/10/2024","00:15:00",2024-10-29 00:15:00,-0.69,3
"29/10/2024","00:30:00",2024-10-29 00:30:00,-0.53,3
"29/10/2024","00:45:00",2024-10-29 00:45:00,-0.46,3
"29/10/2024","01:00:00",2024-10-29 01:00:00,-0.47,3
"29/10/2024","01:15:00",2024-10-29 01:15:00,-0.33,3
"29/10/2024","01:30:00",2024-10-29 01:30:00,-0.29,3
"29/10/2024","01:45:00",2024-10-29 01:45:00,-0.25,3
"29/10/2024","02:00:00",2024-10-29 02:00:00,-0.24,3
"29/10/2024","02:15:00",2024-10-29 02:15:00,-0.24,3
"29/10/2024","02:30:00",2024-10-29 02:30:00,-0.21,3
"29/10/2024","02:45:00",2024-10-29 02:45:00,-0.18,3
"29/10/2024","03:00:00",2024-10-29 03:00:00,-0.16,3
"29/10/2024","03:15:00",2024-10-29 03:15:00,-0.15,3
"29/10/2024","03:30:00",2024-10-29 03:30:00,-0.17,3
"29/10/2024","03:45:00",2024-10-29 03:45:00,-0.13,3
"29/10/2024","04:00:00",2024-10-29 04:00:00,-0.09,3
"29/10/2024","04:15:00",2024-10-29 04:15:00,-0.1,3
"29/10/2024","04:30:00",2024-10-29 04:30:00,-0.13,3
"29/10/2024","04:45:00",2024-10-29 04:45:00,-0.1,3
"29/10/2024","05:00:00",2024-10-29 05:00:00,-0.09,3
"29/10/2024","05:15:00",2024-10-29 05:15:00,-0.09,3
"29/10/2024","05:30:00",2024-10-29 05:30:00,-0.07,3
"29/10/2024","05:45:00",2024-10-29 05:45:00,-0.09,3
"29/10/2024","06:00:00",2024-10-29 06:00:00,-0.09,3
"29/10/2024","06:15:00",2024-10-29 06:15:00,-0.06,3
"29/10/2024","06:30:00",2024-10-29 06:30:00,-0.06,3
"29/10/2024","06:45:00",2024-10-29 06:45:00,-0.04,3
"29/10/2024","07:00:00",2024-10-29 07:00:00,-0.02,3
"29/10/2024","07:15:00",2024-10-29 07:15:00,-0.05,3
"29/10/2024","07:30:00",2024-10-29 07:30:00,-0.13,3
"29/10/2024","07:45:00",2024-10-29 07:45:00,-0.2,3
"29/10/2024","08:00:00",2024-10-29 08:00:00,-0.15,3
"29/10/2024","08:15:00",2024-10-29 08:15:00,-0.24,3
"29/10/2024","08:30:00",2024-10-29 08:30:00,-0.52,3
"29/10/2024","08:45:00",2024-10-29 08:45:00,-0.66,3
"29/10/2024","09:00:00",2024-10-29 09:00:00,-0.75,3
"29/10/2024","09:15:00",2024-10-29 09:15:00,-0.77,3
"29/10/2024","09:30:00",2024-10-29 09:30:00,-0.74,3
"29/10/2024","09:45:00",2024-10-29 09:45:00,-0.81,3
"29/10/2024","10:00:00",2024-10-29 10:00:00,-0.95,3
"29/10/2024","10:15:00",2024-10-29 10:15:00,-0.85,3
"29/10/2024","10:30:00",2024-10-29 10:30:00,-0.81,3
"29/10/2024","10:45:00",2024-10-29 10:45:00,-0.91,3
"29/10/2024","11:00:00",2024-10-29 11:00:00,-1,3
"29/10/2024","11:15:00",2024-10-29 11:15:00,-1.06,3
"29/10/2024","11:30:00",2024-10-29 11:30:00,-0.99,3
"29/10/2024","11:45:00",2024-10-29 11:45:00,-0.97,3
"29/10/2024","12:00:00",2024-10-29 12:00:00,-0.95,3
"29/10/2024","12:15:00",2024-10-29 12:15:00,-1.63,3
"29/10/2024","12:30:00",2024-10-29 12:30:00,-1.04,3
"29/10/2024","12:45:00",2024-10-29 12:45:00,-1.01,3
"29/10/2024","13:00:00",2024-10-29 13:00:00,-1.11,3
"29/10/2024","13:15:00",2024-10-29 13:15:00,-1.07,3
"29/10/2024","13:30:00",2024-10-29 13:30:00,-1.06,3
"29/10/2024","13:45:00",2024-10-29 13:45:00,-1,3
"29/10/2024","14:00:00",2024-10-29 14:00:00,-1.22,3
"29/10/2024","14:15:00",2024-10-29 14:15:00,-1.12,3
"29/10/2024","14:30:00",2024-10-29 14:30:00,-1.16,3
"29/10/2024","14:45:00",2024-10-29 14:45:00,-1.13,3
"29/10/2024","15:00:00",2024-10-29 15:00:00,-1.15,3
"29/10/2024","15:15:00",2024-10-29 15:15:00,-1.16,3
"29/10/2024","15:30:00",2024-10-29 15:30:00,-1.11,3
"29/10/2024","15:45:00",2024-10-29 15:45:00,-1.09,3
"29/10/2024","16:00:00",2024-10-29 16:00:00,-1.16,3
"29/10/2024","16:15:00",2024-10-29 16:15:00,-1.17,3
"29/10/2024","16:30:00",2024-10-29 16:30:00,-1.12,3
"29/10/2024","16:45:00",2024-10-29 16:45:00,-1.15,3
"29/10/2024","17:00:00",2024-10-29 17:00:00,-0.88,3
"29/10/2024","17:15:00",2024-10-29 17:15:00,-0.95,3
"29/10/2024","17:30:00",2024-10-29 17:30:00,-1.04,3
"29/10/2024","17:45:00",2024-10-29 17:45:00,-1,3
"29/10/2024","18:00:00",2024-10-29 18:00:00,-1.05,3
"29/10/2024","18:15:00",2024-10-29 18:15:00,-1,3
"29/10/2024","18:30:00",2024-10-29 18:30:00,-1.09,3
"29/10/2024","18:45:00",2024-10-29 18:45:00,-1.06,3
"29/10/2024","19:00:00",2024-10-29 19:00:00,-1.1,3
"29/10/2024","19:15:00",2024-10-29 19:15:00,-0.9,3
"29/10/2024","19:30:00",2024-10-29 19:30:00,-0.98,3
"29/10/2024","19:45:00",2024-10-29 19:45:00,-0.82,3
"29/10/2024","20:00:00",2024-10-29 20:00:00,-0.8,3
"29/10/2024","20:15:00",2024-10-29 20:15:00,-0.68,3
"29/10/2024","20:30:00",2024-10-29 20:30:00,-0.76,3
"29/10/2024","20:45:00",2024-10-29 20:45:00,-0.71,3
"29/10/2024","21:00:00",2024-10-29 21:00:00,-0.7,3
"29/10/2024","21:15:00",2024-10-29 21:15:00,-0.69,3
"29/10/2024","21:30:00",2024-10-29 21:30:00,-0.69,3
"29/10/2024","21:45:00",2024-10-29 21:45:00,-0.69,3
"29/10/2024","22:00:00",2024-10-29 22:00:00,-0.65,3
"29/10/2024","22:15:00",2024-10-29 22:15:00,-0.68,3
"29/10/2024","22:30:00",2024-10-29 22:30:00,-0.64,3
"29/10/2024","22:45:00",2024-10-29 22:45:00,-0.63,3
"29/10/2024","23:00:00",2024-10-29 23:00:00,-0.58,3
"29/10/2024","23:15:00",2024-10-29 23:15:00,-0.58,3
"29/10/2024","23:30:00",2024-10-29 23:30:00,-0.56,3
"29/10/2024","23:45:00",2024-10-29 23:45:00,-0.53,3
"30/10/2024","00:00:00",2024-10-30,-0.39,3
"30/10/2024","00:15:00",2024-10-30 00:15:00,-0.24,3
"30/10/2024","00:30:00",2024-10-30 00:30:00,-0.15,3
"30/10/2024","00:45:00",2024-10-30 00:45:00,-0.12,3
"30/10/2024","01:00:00",2024-10-30 01:00:00,-0.08,3
"30/10/2024","01:15:00",2024-10-30 01:15:00,-0.04,3
"30/10/2024","01:30:00",2024-10-30 01:30:00,-0.01,3
"30/10/2024","01:45:00",2024-10-30 01:45:00,0,3
"30/10/2024","02:00:00",2024-10-30 02:00:00,0,3
"30/10/2024","02:15:00",2024-10-30 02:15:00,0,3
"30/10/2024","02:30:00",2024-10-30 02:30:00,0,3
"30/10/2024","02:45:00",2024-10-30 02:45:00,0,3
"30/10/2024","03:00:00",2024-10-30 03:00:00,0,3
"30/10/2024","03:15:00",2024-10-30 03:15:00,0,3
"30/10/2024","03:30:00",2024-10-30 03:30:00,0,3
"30/10/2024","03:45:00",2024-10-30 03:45:00,0,3
"30/10/2024","04:00:00",2024-10-30 04:00:00,0,3
"30/10/2024","04:15:00",2024-10-30 04:15:00,0,3
"30/10/2024","04:30:00",2024-10-30 04:30:00,0,3
"30/10/2024","04:45:00",2024-10-30 04:45:00,0,3
"30/10/2024","05:00:00",2024-10-30 05:00:00,0,3
"30/10/2024","05:15:00",2024-10-30 05:15:00,0,3
"30/10/2024","05:30:00",2024-10-30 05:30:00,0,3
"30/10/2024","05:45:00",2024-10-30 05:45:00,0,3
"30/10/2024","06:00:00",2024-10-30 06:00:00,0,3
"30/10/2024","06:15:00",2024-10-30 06:15:00,0,3
"30/10/2024","06:30:00",2024-10-30 06:30:00,0,3
"30/10/2024","06:45:00",2024-10-30 06:45:00,0,3
"30/10/2024","07:00:00",2024-10-30 07:00:00,0,3
"30/10/2024","07:15:00",2024-10-30 07:15:00,0,3
"30/10/2024","07:30:00",2024-10-30 07:30:00,0,3
"30/10/2024","07:45:00",2024-10-30 07:45:00,0,3
"30/10/2024","08:00:00",2024-10-30 08:00:00,-0.04,3
"30/10/2024","08:15:00",2024-10-30 08:15:00,-0.05,3
"30/10/2024","08:30:00",2024-10-30 08:30:00,-0.11,3
"30/10/2024","08:45:00",2024-10-30 08:45:00,-0.18,3
"30/10/2024","09:00:00",2024-10-30 09:00:00,-0.23,3
"30/10/2024","09:15:00",2024-10-30 09:15:00,-0.22,3
"30/10/2024","09:30:00",2024-10-30 09:30:00,-0.45,3
"30/10/2024","09:45:00",2024-10-30 09:45:00,-0.38,3
"30/10/2024","10:00:00",2024-10-30 10:00:00,-0.24,3
"30/10/2024","10:15:00",2024-10-30 10:15:00,-0.43,3
"30/10/2024","10:30:00",2024-10-30 10:30:00,-0.37,3
"30/10/2024","10:45:00",2024-10-30 10:45:00,-0.41,3
"30/10/2024","11:00:00",2024-10-30 11:00:00,-0.37,3
"30/10/2024","11:15:00",2024-10-30 11:15:00,-0.5,3
"30/10/2024","11:30:00",2024-10-30 11:30:00,-0.36,3
"30/10/2024","11:45:00",2024-10-30 11:45:00,-0.4,3
"30/10/2024","12:00:00",2024-10-30 12:00:00,-0.4,3
"30/10/2024","12:15:00",2024-10-30 12:15:00,-0.43,3
"30/10/2024","12:30:00",2024-10-30 12:30:00,-0.38,3
"30/10/2024","12:45:00",2024-10-30 12:45:00,-0.46,3
"30/10/2024","13:00:00",2024-10-30 13:00:00,-0.5,3
"30/10/2024","13:15:00",2024-10-30 13:15:00,-0.42,3
"30/10/2024","13:30:00",2024-10-30 13:30:00,-0.55,3
"30/10/2024","13:45:00",2024-10-30 13:45:00,-0.44,3
"30/10/2024","14:00:00",2024-10-30 14:00:00,-0.56,3
"30/10/2024","14:15:00",2024-10-30 14:15:00,-0.58,3
"30/10/2024","14:30:00",2024-10-30 14:30:00,-0.54,3
"30/10/2024","14:45:00",2024-10-30 14:45:00,-0.58,3
"30/10/2024","15:00:00",2024-10-30 15:00:00,-0.53,3
"30/10/2024","15:15:00",2024-10-30 15:15:00,-0.67,3
"30/10/2024","15:30:00",2024-10-30 15:30:00,-0.63,3
"30/10/2024","15:45:00",2024-10-30 15:45:00,-0.55,3
"30/10/2024","16:00:00",2024-10-30 16:00:00,-0.58,3
"30/10/2024","16:15:00",2024-10-30 16:15:00,-0.59,3
"30/10/2024","16:30:00",2024-10-30 16:30:00,-0.63,3
"30/10/2024","16:45:00",2024-10-30 16:45:00,-0.65,3
"30/10/2024","17:00:00",2024-10-30 17:00:00,-0.53,3
"30/10/2024","17:15:00",2024-10-30 17:15:00,-0.6,3
"30/10/2024","17:30:00",2024-10-30 17:30:00,-0.58,3
"30/10/2024","17:45:00",2024-10-30 17:45:00,-0.61,3
"30/10/2024","18:00:00",2024-10-30 18:00:00,-0.65,3
"30/10/2024","18:15:00",2024-10-30 18:15:00,-0.63,3
"30/10/2024","18:30:00",2024-10-30 18:30:00,-0.61,3
"30/10/2024","18:45:00",2024-10-30 18:45:00,-0.68,3
"30/10/2024","19:00:00",2024-10-30 19:00:00,-0.66,3
"30/10/2024","19:15:00",2024-10-30 19:15:00,-0.73,3
"30/10/2024","19:30:00",2024-10-30 19:30:00,-0.7,3
"30/10/2024","19:45:00",2024-10-30 19:45:00,-0.78,3
"30/10/2024","20:00:00",2024-10-30 20:00:00,-0.75,3
"30/10/2024","20:15:00",2024-10-30 20:15:00,-0.76,3
"30/10/2024","20:30:00",2024-10-30 20:30:00,-0.81,3
"30/10/2024","20:45:00",2024-10-30 20:45:00,-0.84,3
"30/10/2024","21:00:00",2024-10-30 21:00:00,-0.83,3
"30/10/2024","21:15:00",2024-10-30 21:15:00,-0.77,3
"30/10/2024","21:30:00",2024-10-30 21:30:00,-0.79,3
"30/10/2024","21:45:00",2024-10-30 21:45:00,-0.74,3
"30/10/2024","22:00:00",2024-10-30 22:00:00,-0.78,3
"30/10/2024","22:15:00",2024-10-30 22:15:00,-0.69,3
"30/10/2024","22:30:00",2024-10-30 22:30:00,-0.82,3
"30/10/2024","22:45:00",2024-10-30 22:45:00,-0.7,3
"30/10/2024","23:00:00",2024-10-30 23:00:00,-0.83,3
"30/10/2024","23:15:00",2024-10-30 23:15:00,-0.78,3
"30/10/2024","23:30:00",2024-10-30 23:30:00,-0.77,3
"30/10/2024","23:45:00",2024-10-30 23:45:00,-0.76,3
"31/10/2024","00:00:00",2024-10-31,-0.54,3
"31/10/2024","00:15:00",2024-10-31 00:15:00,-0.36,3
"31/10/2024","00:30:00",2024-10-31 00:30:00,-0.22,3
"31/10/2024","00:45:00",2024-10-31 00:45:00,-0.2,3
"31/10/2024","01:00:00",2024-10-31 01:00:00,-0.11,3
"31/10/2024","01:15:00",2024-10-31 01:15:00,-0.18,3
"31/10/2024","01:30:00",2024-10-31 01:30:00,-0.09,3
"31/10/2024","01:45:00",2024-10-31 01:45:00,-0.1,3
"31/10/2024","02:00:00",2024-10-31 02:00:00,-0.05,3
"31/10/2024","02:15:00",2024-10-31 02:15:00,-0.1,3
"31/10/2024","02:30:00",2024-10-31 02:30:00,-0.06,3
"31/10/2024","02:45:00",2024-10-31 02:45:00,-0.05,3
"31/10/2024","03:00:00",2024-10-31 03:00:00,-0.06,3
"31/10/2024","03:15:00",2024-10-31 03:15:00,-0.03,3
"31/10/2024","03:30:00",2024-10-31 03:30:00,-0.05,3
"31/10/2024","03:45:00",2024-10-31 03:45:00,-0.08,3
"31/10/2024","04:00:00",2024-10-31 04:00:00,-0.02,3
"31/10/2024","04:15:00",2024-10-31 04:15:00,-0.03,3
"31/10/2024","04:30:00",2024-10-31 04:30:00,-0.01,3
"31/10/2024","04:45:00",2024-10-31 04:45:00,0,3
"31/10/2024","05:00:00",2024-10-31 05:00:00,0,3
"31/10/2024","05:15:00",2024-10-31 05:15:00,0,3
"31/10/2024","05:30:00",2024-10-31 05:30:00,0,3
"31/10/2024","05:45:00",2024-10-31 05:45:00,0,3
"31/10/2024","06:00:00",2024-10-31 06:00:00,0,3
"31/10/2024","06:15:00",2024-10-31 06:15:00,0,3
"31/10/2024","06:30:00",2024-10-31 06:30:00,0,3
"31/10/2024","06:45:00",2024-10-31 06:45:00,0,3
"31/10/2024","07:00:00",2024-10-31 07:00:00,0,3
"31/10/2024","07:15:00",2024-10-31 07:15:00,0,3
"31/10/2024","07:30:00",2024-10-31 07:30:00,0,3
"31/10/2024","07:45:00",2024-10-31 07:45:00,0,3
"31/10/2024","08:00:00",2024-10-31 08:00:00,-0.11,3
"31/10/2024","08:15:00",2024-10-31 08:15:00,-0.22,3
"31/10/2024","08:30:00",2024-10-31 08:30:00,-0.38,3
"31/10/2024","08:45:00",2024-10-31 08:45:00,-0.57,3
"31/10/2024","09:00:00",2024-10-31 09:00:00,-0.52,3
"31/10/2024","09:15:00",2024-10-31 09:15:00,-0.72,3
"31/10/2024","09:30:00",2024-10-31 09:30:00,-0.6,3
"31/10/2024","09:45:00",2024-10-31 09:45:00,-0.66,3
"31/10/2024","10:00:00",2024-10-31 10:00:00,-0.71,3
"31/10/2024","10:15:00",2024-10-31 10:15:00,-0.61,3
"31/10/2024","10:30:00",2024-10-31 10:30:00,-0.72,3
"31/10/2024","10:45:00",2024-10-31 10:45:00,-0.72,3
"31/10/2024","11:00:00",2024-10-31 11:00:00,-0.72,3
"31/10/2024","11:15:00",2024-10-31 11:15:00,-0.75,3
"31/10/2024","11:30:00",2024-10-31 11:30:00,-0.76,3
"31/10/2024","11:45:00",2024-10-31 11:45:00,-0.75,3
"31/10/2024","12:00:00",2024-10-31 12:00:00,-0.88,3
"31/10/2024","12:15:00",2024-10-31 12:15:00,-0.82,3
"31/10/2024","12:30:00",2024-10-31 12:30:00,-0.62,3
"31/10/2024","12:45:00",2024-10-31 12:45:00,-0.84,3
"31/10/2024","13:00:00",2024-10-31 13:00:00,-0.89,3
"31/10/2024","13:15:00",2024-10-31 13:15:00,-0.9,3
"31/10/2024","13:30:00",2024-10-31 13:30:00,-0.92,3
"31/10/2024","13:45:00",2024-10-31 13:45:00,-1.01,3
"31/10/2024","14:00:00",2024-10-31 14:00:00,-1,3
"31/10/2024","14:15:00",2024-10-31 14:15:00,-1,3
"31/10/2024","14:30:00",2024-10-31 14:30:00,-0.96,3
"31/10/2024","14:45:00",2024-10-31 14:45:00,-0.99,3
"31/10/2024","15:00:00",2024-10-31 15:00:00,-0.99,3
"31/10/2024","15:15:00",2024-10-31 15:15:00,-1.03,3
"31/10/2024","15:30:00",2024-10-31 15:30:00,-0.84,3
"31/10/2024","15:45:00",2024-10-31 15:45:00,-0.93,3
"31/10/2024","16:00:00",2024-10-31 16:00:00,-0.92,3
"31/10/2024","16:15:00",2024-10-31 16:15:00,-0.83,3
"31/10/2024","16:30:00",2024-10-31 16:30:00,-0.92,3
"31/10/2024","16:45:00",2024-10-31 16:45:00,-0.89,3
"31/10/2024","17:00:00",2024-10-31 17:00:00,-0.91,3
"31/10/2024","17:15:00",2024-10-31 17:15:00,-0.99,3
"31/10/2024","17:30:00",2024-10-31 17:30:00,-1.01,3
"31/10/2024","17:45:00",2024-10-31 17:45:00,-0.75,3
"31/10/2024","18:00:00",2024-10-31 18:00:00,-0.61,3
"31/10/2024","18:15:00",2024-10-31 18:15:00,-0.62,3
"31/10/2024","18:30:00",2024-10-31 18:30:00,-0.62,3
"31/10/2024","18:45:00",2024-10-31 18:45:00,-0.46,3
"31/10/2024","19:00:00",2024-10-31 19:00:00,-0.43,3
"31/10/2024","19:15:00",2024-10-31 19:15:00,-0.4,3
"31/10/2024","19:30:00",2024-10-31 19:30:00,-0.49,3
"31/10/2024","19:45:00",2024-10-31 19:45:00,-0.37,3
"31/10/2024","20:00:00",2024-10-31 20:00:00,-0.37,3
"31/10/2024","20:15:00",2024-10-31 20:15:00,-0.39,3
"31/10/2024","20:30:00",2024-10-31 20:30:00,-0.48,3
"31/10/2024","20:45:00",2024-10-31 20:45:00,-0.48,3
"31/10/2024","21:00:00",2024-10-31 21:00:00,-0.47,3
"31/10/2024","21:15:00",2024-10-31 21:15:00,-0.51,3
"31/10/2024","21:30:00",2024-10-31 21:30:00,-0.46,3
"31/10/2024","21:45:00",2024-10-31 21:45:00,-0.45,3
"31/10/2024","22:00:00",2024-10-31 22:00:00,-0.47,3
"31/10/2024","22:15:00",2024-10-31 22:15:00,-0.5,3
"31/10/2024","22:30:00",2024-10-31 22:30:00,-0.43,3
"31/10/2024","22:45:00",2024-10-31 22:45:00,-0.4,3
"31/10/2024","23:00:00",2024-10-31 23:00:00,-0.45,3
"31/10/2024","23:15:00",2024-10-31 23:15:00,-0.43,3
"31/10/2024","23:30:00",2024-10-31 23:30:00,-0.41,3
"31/10/2024","23:45:00",2024-10-31 23:45:00,-0.4,3
"01/11/2024","00:00:00",2024-11-01,-0.22,3
"01/11/2024","00:15:00",2024-11-01 00:15:00,-0.1,3
"01/11/2024","00:30:00",2024-11-01 00:30:00,-0.03,3
"01/11/2024","00:45:00",2024-11-01 00:45:00,0,3
"01/11/2024","01:00:00",2024-11-01 01:00:00,0,3
"01/11/2024","01:15:00",2024-11-01 01:15:00,0,3
"01/11/2024","01:30:00",2024-11-01 01:30:00,0,3
"01/11/2024","01:45:00",2024-11-01 01:45:00,0,3
"01/11/2024","02:00:00",2024-11-01 02:00:00,0,3
"01/11/2024","02:15:00",2024-11-01 02:15:00,0,3
"01/11/2024","02:30:00",2024-11-01 02:30:00,0,3
"01/11/2024","02:45:00",2024-11-01 02:45:00,0,3
"01/11/2024","03:00:00",2024-11-01 03:00:00,0,3
"01/11/2024","03:15:00",2024-11-01 03:15:00,0,3
"01/11/2024","03:30:00",2024-11-01 03:30:00,0,3
"01/11/2024","03:45:00",2024-11-01 03:45:00,0,3
"01/11/2024","04:00:00",2024-11-01 04:00:00,0,3
"01/11/2024","04:15:00",2024-11-01 04:15:00,0,3
"01/11/2024","04:30:00",2024-11-01 04:30:00,0,3
"01/11/2024","04:45:00",2024-11-01 04:45:00,0,3
"01/11/2024","05:00:00",2024-11-01 05:00:00,0,3
"01/11/2024","05:15:00",2024-11-01 05:15:00,0,3
"01/11/2024","05:30:00",2024-11-01 05:30:00,0,3
"01/11/2024","05:45:00",2024-11-01 05:45:00,0,3
"01/11/2024","06:00:00",2024-11-01 06:00:00,0,3
"01/11/2024","06:15:00",2024-11-01 06:15:00,0,3
"01/11/2024","06:30:00",2024-11-01 06:30:00,0,3
"01/11/2024","06:45:00",2024-11-01 06:45:00,0,3
"01/11/2024","07:00:00",2024-11-01 07:00:00,0,3
"01/11/2024","07:15:00",2024-11-01 07:15:00,0,3
"01/11/2024","07:30:00",2024-11-01 07:30:00,0,3
"01/11/2024","07:45:00",2024-11-01 07:45:00,0,3
"01/11/2024","08:00:00",2024-11-01 08:00:00,0,3
"01/11/2024","08:15:00",2024-11-01 08:15:00,0,3
"01/11/2024","08:30:00",2024-11-01 08:30:00,0,3
"01/11/2024","08:45:00",2024-11-01 08:45:00,-0.13,3
"01/11/2024","09:00:00",2024-11-01 09:00:00,-0.12,3
"01/11/2024","09:15:00",2024-11-01 09:15:00,-0.23,3
"01/11/2024","09:30:00",2024-11-01 09:30:00,-0.22,3
"01/11/2024","09:45:00",2024-11-01 09:45:00,-0.14,3
"01/11/2024","10:00:00",2024-11-01 10:00:00,-0.16,3
"01/11/2024","10:15:00",2024-11-01 10:15:00,-0.27,3
"01/11/2024","10:30:00",2024-11-01 10:30:00,-0.24,3
"01/11/2024","10:45:00",2024-11-01 10:45:00,-0.26,3
"01/11/2024","11:00:00",2024-11-01 11:00:00,-0.22,3
"01/11/2024","11:15:00",2024-11-01 11:15:00,-0.3,3
"01/11/2024","11:30:00",2024-11-01 11:30:00,-0.02,3
"01/11/2024","11:45:00",2024-11-01 11:45:00,-0.21,3
"01/11/2024","12:00:00",2024-11-01 12:00:00,-0.32,3
"01/11/2024","12:15:00",2024-11-01 12:15:00,-0.3,3
"01/11/2024","12:30:00",2024-11-01 12:30:00,-0.38,3
"01/11/2024","12:45:00",2024-11-01 12:45:00,-0.42,3
"01/11/2024","13:00:00",2024-11-01 13:00:00,-0.42,3
"01/11/2024","13:15:00",2024-11-01 13:15:00,-0.29,3
"01/11/2024","13:30:00",2024-11-01 13:30:00,-0.39,3
"01/11/2024","13:45:00",2024-11-01 13:45:00,-0.33,3
"01/11/2024","14:00:00",2024-11-01 14:00:00,-0.45,3
"01/11/2024","14:15:00",2024-11-01 14:15:00,-0.43,3
"01/11/2024","14:30:00",2024-11-01 14:30:00,-0.39,3
"01/11/2024","14:45:00",2024-11-01 14:45:00,-0.48,3
"01/11/2024","15:00:00",2024-11-01 15:00:00,-0.17,3
"01/11/2024","15:15:00",2024-11-01 15:15:00,-0.47,3
"01/11/2024","15:30:00",2024-11-01 15:30:00,-0.5,3
"01/11/2024","15:45:00",2024-11-01 15:45:00,-0.48,3
"01/11/2024","16:00:00",2024-11-01 16:00:00,-0.51,3
"01/11/2024","16:15:00",2024-11-01 16:15:00,-0.46,3
"01/11/2024","16:30:00",2024-11-01 16:30:00,-0.46,3
"01/11/2024","16:45:00",2024-11-01 16:45:00,-0.56,3
"01/11/2024","17:00:00",2024-11-01 17:00:00,-0.54,3
"01/11/2024","17:15:00",2024-11-01 17:15:00,-0.59,3
"01/11/2024","17:30:00",2024-11-01 17:30:00,-0.51,3
"01/11/2024","17:45:00",2024-11-01 17:45:00,-0.47,3
"01/11/2024","18:00:00",2024-11-01 18:00:00,-0.54,3
"01/11/2024","18:15:00",2024-11-01 18:15:00,-0.54,3
"01/11/2024","18:30:00",2024-11-01 18:30:00,-0.63,3
"01/11/2024","18:45:00",2024-11-01 18:45:00,-0.6,3
"01/11/2024","19:00:00",2024-11-01 19:00:00,-0.63,3
"01/11/2024","19:15:00",2024-11-01 19:15:00,-0.65,3
"01/11/2024","19:30:00",2024-11-01 19:30:00,-0.56,3
"01/11/2024","19:45:00",2024-11-01 19:45:00,-0.68,3
"01/11/2024","20:00:00",2024-11-01 20:00:00,-0.68,3
"01/11/2024","20:15:00",2024-11-01 20:15:00,-0.71,3
"01/11/2024","20:30:00",2024-11-01 20:30:00,-0.81,3
"01/11/2024","20:45:00",2024-11-01 20:45:00,-0.67,3
"01/11/2024","21:00:00",2024-11-01 21:00:00,-0.74,3
"01/11/2024","21:15:00",2024-11-01 21:15:00,-0.71,3
"01/11/2024","21:30:00",2024-11-01 21:30:00,-0.71,3
"01/11/2024","21:45:00",2024-11-01 21:45:00,-0.71,3
"01/11/2024","22:00:00",2024-11-01 22:00:00,-0.73,3
"01/11/2024","22:15:00",2024-11-01 22:15:00,-0.77,3
"01/11/2024","22:30:00",2024-11-01 22:30:00,-0.7,3
"01/11/2024","22:45:00",2024-11-01 22:45:00,-0.79,3
"01/11/2024","23:00:00",2024-11-01 23:00:00,-0.75,3
"01/11/2024","23:15:00",2024-11-01 23:15:00,-0.72,3
"01/11/2024","23:30:00",2024-11-01 23:30:00,-0.71,3
"01/11/2024","23:45:00",2024-11-01 23:45:00,-0.73,3
"02/11/2024","00:00:00",2024-11-02,-0.53,3
"02/11/2024","00:15:00",2024-11-02 00:15:00,-0.35,3
"02/11/2024","00:30:00",2024-11-02 00:30:00,-0.25,3
"02/11/2024","00:45:00",2024-11-02 00:45:00,-0.21,3
"02/11/2024","01:00:00",2024-11-02 01:00:00,-0.14,3
"02/11/2024","01:15:00",2024-11-02 01:15:00,-0.14,3
"02/11/2024","01:30:00",2024-11-02 01:30:00,-0.09,3
"02/11/2024","01:45:00",2024-11-02 01:45:00,-0.08,3
"02/11/2024","02:00:00",2024-11-02 02:00:00,-0.07,3
"02/11/2024","02:15:00",2024-11-02 02:15:00,-0.07,3
"02/11/2024","02:30:00",2024-11-02 02:30:00,-0.08,3
"02/11/2024","02:45:00",2024-11-02 02:45:00,-0.08,3
"02/11/2024","03:00:00",2024-11-02 03:00:00,-0.07,3
"02/11/2024","03:15:00",2024-11-02 03:15:00,-0.06,3
"02/11/2024","03:30:00",2024-11-02 03:30:00,-0.05,3
"02/11/2024","03:45:00",2024-11-02 03:45:00,-0.03,3
"02/11/2024","04:00:00",2024-11-02 04:00:00,-0.03,3
"02/11/2024","04:15:00",2024-11-02 04:15:00,-0.03,3
"02/11/2024","04:30:00",2024-11-02 04:30:00,-0.01,3
"02/11/2024","04:45:00",2024-11-02 04:45:00,0,3
"02/11/2024","05:00:00",2024-11-02 05:00:00,-0.02,3
"02/11/2024","05:15:00",2024-11-02 05:15:00,0,3
"02/11/2024","05:30:00",2024-11-02 05:30:00,0,3
"02/11/2024","05:45:00",2024-11-02 05:45:00,0,3
"02/11/2024","06:00:00",2024-11-02 06:00:00,0,3
"02/11/2024","06:15:00",2024-11-02 06:15:00,0,3
"02/11/2024","06:30:00",2024-11-02 06:30:00,0,3
"02/11/2024","06:45:00",2024-11-02 06:45:00,0,3
"02/11/2024","07:00:00",2024-11-02 07:00:00,0,3
"02/11/2024","07:15:00",2024-11-02 07:15:00,0,3
"02/11/2024","07:30:00",2024-11-02 07:30:00,0,3
"02/11/2024","07:45:00",2024-11-02 07:45:00,0,3
"02/11/2024","08:00:00",2024-11-02 08:00:00,-0.18,3
"02/11/2024","08:15:00",2024-11-02 08:15:00,-0.25,3
"02/11/2024","08:30:00",2024-11-02 08:30:00,-0.34,3
"02/11/2024","08:45:00",2024-11-02 08:45:00,-0.46,3
"02/11/2024","09:00:00",2024-11-02 09:00:00,-0.57,3
"02/11/2024","09:15:00",2024-11-02 09:15:00,-0.57,3
"02/11/2024","09:30:00",2024-11-02 09:30:00,-0.59,3
"02/11/2024","09:45:00",2024-11-02 09:45:00,-0.59,3
"02/11/2024","10:00:00",2024-11-02 10:00:00,-0.66,3
"02/11/2024","10:15:00",2024-11-02 10:15:00,-0.53,3
"02/11/2024","10:30:00",2024-11-02 10:30:00,-0.51,3
"02/11/2024","10:45:00",2024-11-02 10:45:00,-0.76,3
"02/11/2024","11:00:00",2024-11-02 11:00:00,-0.71,3
"02/11/2024","11:15:00",2024-11-02 11:15:00,-0.71,3
"02/11/2024","11:30:00",2024-11-02 11:30:00,-0.84,3
"02/11/2024","11:45:00",2024-11-02 11:45:00,-0.83,3
"02/11/2024","12:00:00",2024-11-02 12:00:00,-0.7,3
"02/11/2024","12:15:00",2024-11-02 12:15:00,-0.97,3
"02/11/2024","12:30:00",2024-11-02 12:30:00,-0.81,3
"02/11/2024","12:45:00",2024-11-02 12:45:00,-0.8,3
"02/11/2024","13:00:00",2024-11-02 13:00:00,-0.83,3
"02/11/2024","13:15:00",2024-11-02 13:15:00,-0.76,3
"02/11/2024","13:30:00",2024-11-02 13:30:00,-0.94,3
"02/11/2024","13:45:00",2024-11-02 13:45:00,-0.91,3
"02/11/2024","14:00:00",2024-11-02 14:00:00,-0.93,3
"02/11/2024","14:15:00",2024-11-02 14:15:00,-0.93,3
"02/11/2024","14:30:00",2024-11-02 14:30:00,-0.92,3
"02/11/2024","14:45:00",2024-11-02 14:45:00,-0.84,3
"02/11/2024","15:00:00",2024-11-02 15:00:00,-0.9,3
"02/11/2024","15:15:00",2024-11-02 15:15:00,-0.95,3
"02/11/2024","15:30:00",2024-11-02 15:30:00,-0.89,3
"02/11/2024","15:45:00",2024-11-02 15:45:00,-1.05,3
"02/11/2024","16:00:00",2024-11-02 16:00:00,-0.99,3
"02/11/2024","16:15:00",2024-11-02 16:15:00,-1.03,3
"02/11/2024","16:30:00",2024-11-02 16:30:00,-1.04,3
"02/11/2024","16:45:00",2024-11-02 16:45:00,-0.96,3
"02/11/2024","17:00:00",2024-11-02 17:00:00,-0.98,3
"02/11/2024","17:15:00",2024-11-02 17:15:00,-0.96,3
"02/11/2024","17:30:00",2024-11-02 17:30:00,-1.07,3
"02/11/2024","17:45:00",2024-11-02 17:45:00,-1.11,3
"02/11/2024","18:00:00",2024-11-02 18:00:00,-0.99,3
"02/11/2024","18:15:00",2024-11-02 18:15:00,-1.04,3
"02/11/2024","18:30:00",2024-11-02 18:30:00,-0.97,3
"02/11/2024","18:45:00",2024-11-02 18:45:00,-0.96,3
"02/11/2024","19:00:00",2024-11-02 19:00:00,-1.02,3
"02/11/2024","19:15:00",2024-11-02 19:15:00,-1.06,3
"02/11/2024","19:30:00",2024-11-02 19:30:00,-1.06,3
"02/11/2024","19:45:00",2024-11-02 19:45:00,-1.16,3
"02/11/2024","20:00:00",2024-11-02 20:00:00,-1.05,3
"02/11/2024","20:15:00",2024-11-02 20:15:00,-1.03,3
"02/11/2024","20:30:00",2024-11-02 20:30:00,-1.04,3
"02/11/2024","20:45:00",2024-11-02 20:45:00,-1.1,3
"02/11/2024","21:00:00",2024-11-02 21:00:00,-1.08,3
"02/11/2024","21:15:00",2024-11-02 21:15:00,-1.06,3
"02/11/2024","21:30:00",2024-11-02 21:30:00,-1.06,3
"02/11/2024","21:45:00",2024-11-02 21:45:00,-1.09,3
"02/11/2024","22:00:00",2024-11-02 22:00:00,-1.18,3
"02/11/2024","22:15:00",2024-11-02 22:15:00,-1.23,3
"02/11/2024","22:30:00",2024-11-02 22:30:00,-1.11,3
"02/11/2024","22:45:00",2024-11-02 22:45:00,-1.23,3
"02/11/2024","23:00:00",2024-11-02 23:00:00,-1.14,3
"02/11/2024","23:15:00",2024-11-02 23:15:00,-1.13,3
"02/11/2024","23:30:00",2024-11-02 23:30:00,-1.13,3
"02/11/2024","23:45:00",2024-11-02 23:45:00,-1.16,3
"03/11/2024","00:00:00",2024-11-03,-1.08,3
"03/11/2024","00:15:00",2024-11-03 00:15:00,-0.99,3
"03/11/2024","00:30:00",2024-11-03 00:30:00,-0.91,3
"03/11/2024","00:45:00",2024-11-03 00:45:00,-0.85,3
"03/11/2024","01:00:00",2024-11-03 01:00:00,-0.76,3
"03/11/2024","01:15:00",2024-11-03 01:15:00,-0.69,3
"03/11/2024","01:30:00",2024-11-03 01:30:00,-0.67,3
"03/11/2024","01:45:00",2024-11-03 01:45:00,-0.61,3
"03/11/2024","02:00:00",2024-11-03 02:00:00,-0.6,3
"03/11/2024","02:15:00",2024-11-03 02:15:00,-0.56,3
"03/11/2024","02:30:00",2024-11-03 02:30:00,-0.53,3
"03/11/2024","02:45:00",2024-11-03 02:45:00,-0.53,3
"03/11/2024","03:00:00",2024-11-03 03:00:00,-0.55,3
"03/11/2024","03:15:00",2024-11-03 03:15:00,-0.49,3
"03/11/2024","03:30:00",2024-11-03 03:30:00,-0.48,3
"03/11/2024","03:45:00",2024-11-03 03:45:00,-0.45,3
"03/11/2024","04:00:00",2024-11-03 04:00:00,-0.43,3
"03/11/2024","04:15:00",2024-11-03 04:15:00,-0.41,3
"03/11/2024","04:30:00",2024-11-03 04:30:00,-0.4,3
"03/11/2024","04:45:00",2024-11-03 04:45:00,-0.39,3
"03/11/2024","05:00:00",2024-11-03 05:00:00,-0.38,3
"03/11/2024","05:15:00",2024-11-03 05:15:00,-0.35,3
"03/11/2024","05:30:00",2024-11-03 05:30:00,-0.38,3
"03/11/2024","05:45:00",2024-11-03 05:45:00,-0.35,3
"03/11/2024","06:00:00",2024-11-03 06:00:00,-0.32,3
"03/11/2024","06:15:00",2024-11-03 06:15:00,-0.32,3
"03/11/2024","06:30:00",2024-11-03 06:30:00,-0.32,3
"03/11/2024","06:45:00",2024-11-03 06:45:00,-0.31,3
"03/11/2024","07:00:00",2024-11-03 07:00:00,-0.3,3
"03/11/2024","07:15:00",2024-11-03 07:15:00,-0.3,3
"03/11/2024","07:30:00",2024-11-03 07:30:00,-0.35,3
"03/11/2024","07:45:00",2024-11-03 07:45:00,-0.36,3
"03/11/2024","08:00:00",2024-11-03 08:00:00,-0.55,3
"03/11/2024","08:15:00",2024-11-03 08:15:00,-0.64,3
"03/11/2024","08:30:00",2024-11-03 08:30:00,-0.73,3
"03/11/2024","08:45:00",2024-11-03 08:45:00,-0.73,3
"03/11/2024","09:00:00",2024-11-03 09:00:00,-0.8,3
"03/11/2024","09:15:00",2024-11-03 09:15:00,-0.85,3
"03/11/2024","09:30:00",2024-11-03 09:30:00,-0.86,3
"03/11/2024","09:45:00",2024-11-03 09:45:00,-0.89,3
"03/11/2024","10:00:00",2024-11-03 10:00:00,-1.04,3
"03/11/2024","10:15:00",2024-11-03 10:15:00,-1,3
"03/11/2024","10:30:00",2024-11-03 10:30:00,-0.93,3
"03/11/2024","10:45:00",2024-11-03 10:45:00,-1.15,3
"03/11/2024","11:00:00",2024-11-03 11:00:00,-1.12,3
"03/11/2024","11:15:00",2024-11-03 11:15:00,-1.17,3
"03/11/2024","11:30:00",2024-11-03 11:30:00,-0.75,3
"03/11/2024","11:45:00",2024-11-03 11:45:00,-0.71,3
"03/11/2024","12:00:00",2024-11-03 12:00:00,-0.66,3
"03/11/2024","12:15:00",2024-11-03 12:15:00,-0.7,3
"03/11/2024","12:30:00",2024-11-03 12:30:00,-0.63,3
"03/11/2024","12:45:00",2024-11-03 12:45:00,-0.54,3
"03/11/2024","13:00:00",2024-11-03 13:00:00,-0.46,3
"03/11/2024","13:15:00",2024-11-03 13:15:00,-0.5,3
"03/11/2024","13:30:00",2024-11-03 13:30:00,-0.34,3
"03/11/2024","13:45:00",2024-11-03 13:45:00,-0.5,3
"03/11/2024","14:00:00",2024-11-03 14:00:00,-0.46,3
"03/11/2024","14:15:00",2024-11-03 14:15:00,-0.45,3
"03/11/2024","14:30:00",2024-11-03 14:30:00,-0.49,3
"03/11/2024","14:45:00",2024-11-03 14:45:00,-0.37,3
"03/11/2024","15:00:00",2024-11-03 15:00:00,-0.44,3
"03/11/2024","15:15:00",2024-11-03 15:15:00,-0.41,3
"03/11/2024","15:30:00",2024-11-03 15:30:00,-0.44,3
"03/11/2024","15:45:00",2024-11-03 15:45:00,-0.45,3
"03/11/2024","16:00:00",2024-11-03 16:00:00,-0.37,3
"03/11/2024","16:15:00",2024-11-03 16:15:00,-0.46,3
"03/11/2024","16:30:00",2024-11-03 16:30:00,-0.39,3
"03/11/2024","16:45:00",2024-11-03 16:45:00,-0.36,3
"03/11/2024","17:00:00",2024-11-03 17:00:00,-0.37,3
"03/11/2024","17:15:00",2024-11-03 17:15:00,-0.32,3
"03/11/2024","17:30:00",2024-11-03 17:30:00,-0.41,3
"03/11/2024","17:45:00",2024-11-03 17:45:00,-0.35,3
"03/11/2024","18:00:00",2024-11-03 18:00:00,-0.39,3
"03/11/2024","18:15:00",2024-11-03 18:15:00,-0.48,3
"03/11/2024","18:30:00",2024-11-03 18:30:00,-0.46,3
"03/11/2024","18:45:00",2024-11-03 18:45:00,-0.35,3
"03/11/2024","19:00:00",2024-11-03 19:00:00,-0.33,3
"03/11/2024","19:15:00",2024-11-03 19:15:00,-0.34,3
"03/11/2024","19:30:00",2024-11-03 19:30:00,-0.38,3
"03/11/2024","19:45:00",2024-11-03 19:45:00,-0.4,3
"03/11/2024","20:00:00",2024-11-03 20:00:00,-0.34,3
"03/11/2024","20:15:00",2024-11-03 20:15:00,-0.48,3
"03/11/2024","20:30:00",2024-11-03 20:30:00,-0.39,3
"03/11/2024","20:45:00",2024-11-03 20:45:00,-0.37,3
"03/11/2024","21:00:00",2024-11-03 21:00:00,-0.37,3
"03/11/2024","21:15:00",2024-11-03 21:15:00,-0.43,3
"03/11/2024","21:30:00",2024-11-03 21:30:00,-0.37,3
"03/11/2024","21:45:00",2024-11-03 21:45:00,-0.42,3
"03/11/2024","22:00:00",2024-11-03 22:00:00,-0.5,3
"03/11/2024","22:15:00",2024-11-03 22:15:00,-0.55,3
"03/11/2024","22:30:00",2024-11-03 22:30:00,-0.55,3
"03/11/2024","22:45:00",2024-11-03 22:45:00,-0.5,3
"03/11/2024","23:00:00",2024-11-03 23:00:00,-0.52,3
"03/11/2024","23:15:00",2024-11-03 23:15:00,-0.47,3
"03/11/2024","23:30:00",2024-11-03 23:30:00,-0.43,3
"03/11/2024","23:45:00",2024-11-03 23:45:00,-0.45,3
"04/11/2024","00:00:00",2024-11-04,-0.25,3
"04/11/2024","00:15:00",2024-11-04 00:15:00,-0.13,3
"04/11/2024","00:30:00",2024-11-04 00:30:00,-0.07,3
"04/11/2024","00:45:00",2024-11-04 00:45:00,-0.05,3
"04/11/2024","01:00:00",2024-11-04 01:00:00,-0.01,3
"04/11/2024","01:15:00",2024-11-04 01:15:00,-0.01,3
"04/11/2024","01:30:00",2024-11-04 01:30:00,0,3
"04/11/2024","01:45:00",2024-11-04 01:45:00,0,3
"04/11/2024","02:00:00",2024-11-04 02:00:00,0,3
"04/11/2024","02:15:00",2024-11-04 02:15:00,0,3
"04/11/2024","02:30:00",2024-11-04 02:30:00,0,3
"04/11/2024","02:45:00",2024-11-04 02:45:00,0,3
"04/11/2024","03:00:00",2024-11-04 03:00:00,0,3
"04/11/2024","03:15:00",2024-11-04 03:15:00,0,3
"04/11/2024","03:30:00",2024-11-04 03:30:00,0,3
"04/11/2024","03:45:00",2024-11-04 03:45:00,0,3
"04/11/2024","04:00:00",2024-11-04 04:00:00,0,3
"04/11/2024","04:15:00",2024-11-04 04:15:00,0,3
"04/11/2024","04:30:00",2024-11-04 04:30:00,0,3
"04/11/2024","04:45:00",2024-11-04 04:45:00,0,3
"04/11/2024","05:00:00",2024-11-04 05:00:00,0,3
"04/11/2024","05:15:00",2024-11-04 05:15:00,0,3
"04/11/2024","05:30:00",2024-11-04 05:30:00,0,3
"04/11/2024","05:45:00",2024-11-04 05:45:00,0,3
"04/11/2024","06:00:00",2024-11-04 06:00:00,0,3
"04/11/2024","06:15:00",2024-11-04 06:15:00,0,3
"04/11/2024","06:30:00",2024-11-04 06:30:00,0,3
"04/11/2024","06:45:00",2024-11-04 06:45:00,0,3
"04/11/2024","07:00:00",2024-11-04 07:00:00,0,3
"04/11/2024","07:15:00",2024-11-04 07:15:00,0,3
"04/11/2024","07:30:00",2024-11-04 07:30:00,0,3
"04/11/2024","07:45:00",2024-11-04 07:45:00,0,3
"04/11/2024","08:00:00",2024-11-04 08:00:00,-0.07,3
"04/11/2024","08:15:00",2024-11-04 08:15:00,-0.06,3
"04/11/2024","08:30:00",2024-11-04 08:30:00,-0.07,3
"04/11/2024","08:45:00",2024-11-04 08:45:00,-0.1,3
"04/11/2024","09:00:00",2024-11-04 09:00:00,-0.22,3
"04/11/2024","09:15:00",2024-11-04 09:15:00,-0.21,3
"04/11/2024","09:30:00",2024-11-04 09:30:00,-0.17,3
"04/11/2024","09:45:00",2024-11-04 09:45:00,-0.25,3
"04/11/2024","10:00:00",2024-11-04 10:00:00,-0.31,3
"04/11/2024","10:15:00",2024-11-04 10:15:00,-0.56,3
"04/11/2024","10:30:00",2024-11-04 10:30:00,-0.12,3
"04/11/2024","10:45:00",2024-11-04 10:45:00,-0.3,3
"04/11/2024","11:00:00",2024-11-04 11:00:00,-0.26,3
"04/11/2024","11:15:00",2024-11-04 11:15:00,-0.62,3
"04/11/2024","11:30:00",2024-11-04 11:30:00,-0.42,3
"04/11/2024","11:45:00",2024-11-04 11:45:00,-0.34,3
"04/11/2024","12:00:00",2024-11-04 12:00:00,-0.21,3
"04/11/2024","12:15:00",2024-11-04 12:15:00,-0.38,3
"04/11/2024","12:30:00",2024-11-04 12:30:00,-0.49,3
"04/11/2024","12:45:00",2024-11-04 12:45:00,-0.09,3
"02/11/2024","00:00:00",2024-11-02,-0.13,2
"02/11/2024","00:15:00",2024-11-02 00:15:00,-0.03,2
"02/11/2024","00:30:00",2024-11-02 00:30:00,0,2
"02/11/2024","00:45:00",2024-11-02 00:45:00,0,2
"02/11/2024","01:00:00",2024-11-02 01:00:00,0,2
"02/11/2024","01:15:00",2024-11-02 01:15:00,0,2
"02/11/2024","01:30:00",2024-11-02 01:30:00,0,2
"02/11/2024","01:45:00",2024-11-02 01:45:00,0,2
"02/11/2024","02:00:00",2024-11-02 02:00:00,0,2
"02/11/2024","02:15:00",2024-11-02 02:15:00,0,2
"02/11/2024","02:30:00",2024-11-02 02:30:00,0,2
"02/11/2024","02:45:00",2024-11-02 02:45:00,0,2
"02/11/2024","03:00:00",2024-11-02 03:00:00,0,2
"02/11/2024","03:15:00",2024-11-02 03:15:00,0,2
"02/11/2024","03:30:00",2024-11-02 03:30:00,0,2
"02/11/2024","03:45:00",2024-11-02 03:45:00,0,2
"02/11/2024","04:00:00",2024-11-02 04:00:00,0,2
"02/11/2024","04:15:00",2024-11-02 04:15:00,0,2
"02/11/2024","04:30:00",2024-11-02 04:30:00,0,2
"02/11/2024","04:45:00",2024-11-02 04:45:00,0,2
"02/11/2024","05:00:00",2024-11-02 05:00:00,0,2
"02/11/2024","05:15:00",2024-11-02 05:15:00,0,2
"02/11/2024","05:30:00",2024-11-02 05:30:00,0,2
"02/11/2024","05:45:00",2024-11-02 05:45:00,0,2
"02/11/2024","06:00:00",2024-11-02 06:00:00,0,2
"02/11/2024","06:15:00",2024-11-02 06:15:00,0,2
"02/11/2024","06:30:00",2024-11-02 06:30:00,0,2
"02/11/2024","06:45:00",2024-11-02 06:45:00,0,2
"02/11/2024","07:00:00",2024-11-02 07:00:00,0,2
"02/11/2024","07:15:00",2024-11-02 07:15:00,0,2
"02/11/2024","07:30:00",2024-11-02 07:30:00,0,2
"02/11/2024","07:45:00",2024-11-02 07:45:00,0,2
"02/11/2024","08:00:00",2024-11-02 08:00:00,0,2
"02/11/2024","08:15:00",2024-11-02 08:15:00,0,2
"02/11/2024","08:30:00",2024-11-02 08:30:00,-0.04,2
"02/11/2024","08:45:00",2024-11-02 08:45:00,-0.07,2
"02/11/2024","09:00:00",2024-11-02 09:00:00,-0.08,2
"02/11/2024","09:15:00",2024-11-02 09:15:00,-0.06,2
"02/11/2024","09:30:00",2024-11-02 09:30:00,-0.1,2
"02/11/2024","09:45:00",2024-11-02 09:45:00,-0.1,2
"02/11/2024","10:00:00",2024-11-02 10:00:00,-0.11,2
"02/11/2024","10:15:00",2024-11-02 10:15:00,-0.13,2
"02/11/2024","10:30:00",2024-11-02 10:30:00,-0.11,2
"02/11/2024","10:45:00",2024-11-02 10:45:00,-0.19,2
"02/11/2024","11:00:00",2024-11-02 11:00:00,-0.19,2
"02/11/2024","11:15:00",2024-11-02 11:15:00,-0.27,2
"02/11/2024","11:30:00",2024-11-02 11:30:00,-0.26,2
"02/11/2024","11:45:00",2024-11-02 11:45:00,-0.24,2
"02/11/2024","12:00:00",2024-11-02 12:00:00,-0.2,2
"02/11/2024","12:15:00",2024-11-02 12:15:00,-0.27,2
"02/11/2024","12:30:00",2024-11-02 12:30:00,-0.25,2
"02/11/2024","12:45:00",2024-11-02 12:45:00,-0.25,2
"02/11/2024","13:00:00",2024-11-02 13:00:00,-0.26,2
"02/11/2024","13:15:00",2024-11-02 13:15:00,-0.25,2
"02/11/2024","13:30:00",2024-11-02 13:30:00,-0.3,2
"02/11/2024","13:45:00",2024-11-02 13:45:00,-0.24,2
"02/11/2024","14:00:00",2024-11-02 14:00:00,-0.31,2
"02/11/2024","14:15:00",2024-11-02 14:15:00,-0.34,2
"02/11/2024","14:30:00",2024-11-02 14:30:00,-0.31,2
"02/11/2024","14:45:00",2024-11-02 14:45:00,-0.29,2
"02/11/2024","15:00:00",2024-11-02 15:00:00,-0.27,2
"02/11/2024","15:15:00",2024-11-02 15:15:00,-0.33,2
"02/11/2024","15:30:00",2024-11-02 15:30:00,-0.29,2
"02/11/2024","15:45:00",2024-11-02 15:45:00,-0.31,2
"02/11/2024","16:00:00",2024-11-02 16:00:00,-0.33,2
"02/11/2024","16:15:00",2024-11-02 16:15:00,-0.33,2
"02/11/2024","16:30:00",2024-11-02 16:30:00,-0.36,2
"02/11/2024","16:45:00",2024-11-02 16:45:00,-0.38,2
"02/11/2024","17:00:00",2024-11-02 17:00:00,-0.37,2
"02/11/2024","17:15:00",2024-11-02 17:15:00,-0.38,2
"02/11/2024","17:30:00",2024-11-02 17:30:00,-0.38,2
"02/11/2024","17:45:00",2024-11-02 17:45:00,-0.37,2
"02/11/2024","18:00:00",2024-11-02 18:00:00,-0.37,2
"02/11/2024","18:15:00",2024-11-02 18:15:00,-0.41,2
"02/11/2024","18:30:00",2024-11-02 18:30:00,-0.42,2
"02/11/2024","18:45:00",2024-11-02 18:45:00,-0.45,2
"02/11/2024","19:00:00",2024-11-02 19:00:00,-0.41,2
"02/11/2024","19:15:00",2024-11-02 19:15:00,-0.42,2
"02/11/2024","19:30:00",2024-11-02 19:30:00,-0.42,2
"02/11/2024","19:45:00",2024-11-02 19:45:00,-0.42,2
"02/11/2024","20:00:00",2024-11-02 20:00:00,-0.47,2
"02/11/2024","20:15:00",2024-11-02 20:15:00,-0.39,2
"02/11/2024","20:30:00",2024-11-02 20:30:00,-0.44,2
"02/11/2024","20:45:00",2024-11-02 20:45:00,-0.47,2
"02/11/2024","21:00:00",2024-11-02 21:00:00,-0.46,2
"02/11/2024","21:15:00",2024-11-02 21:15:00,-0.47,2
"02/11/2024","21:30:00",2024-11-02 21:30:00,-0.45,2
"02/11/2024","21:45:00",2024-11-02 21:45:00,-0.45,2
"02/11/2024","22:00:00",2024-11-02 22:00:00,-0.44,2
"02/11/2024","22:15:00",2024-11-02 22:15:00,-0.44,2
"02/11/2024","22:30:00",2024-11-02 22:30:00,-0.46,2
"02/11/2024","22:45:00",2024-11-02 22:45:00,-0.57,2
"02/11/2024","23:00:00",2024-11-02 23:00:00,-0.47,2
"02/11/2024","23:15:00",2024-11-02 23:15:00,-0.45,2
"02/11/2024","23:30:00",2024-11-02 23:30:00,-0.48,2
"02/11/2024","23:45:00",2024-11-02 23:45:00,-0.48,2
"03/11/2024","00:00:00",2024-11-03,-0.45,2
"03/11/2024","00:15:00",2024-11-03 00:15:00,-0.37,2
"03/11/2024","00:30:00",2024-11-03 00:30:00,-0.32,2
"03/11/2024","00:45:00",2024-11-03 00:45:00,-0.29,2
"03/11/2024","01:00:00",2024-11-03 01:00:00,-0.24,2
"03/11/2024","01:15:00",2024-11-03 01:15:00,-0.23,2
"03/11/2024","01:30:00",2024-11-03 01:30:00,-0.2,2
"03/11/2024","01:45:00",2024-11-03 01:45:00,-0.18,2
"03/11/2024","02:00:00",2024-11-03 02:00:00,-0.16,2
"03/11/2024","02:15:00",2024-11-03 02:15:00,-0.15,2
"03/11/2024","02:30:00",2024-11-03 02:30:00,-0.14,2
"03/11/2024","02:45:00",2024-11-03 02:45:00,-0.12,2
"03/11/2024","03:00:00",2024-11-03 03:00:00,-0.13,2
"03/11/2024","03:15:00",2024-11-03 03:15:00,-0.11,2
"03/11/2024","03:30:00",2024-11-03 03:30:00,-0.1,2
"03/11/2024","03:45:00",2024-11-03 03:45:00,-0.09,2
"03/11/2024","04:00:00",2024-11-03 04:00:00,-0.08,2
"03/11/2024","04:15:00",2024-11-03 04:15:00,-0.09,2
"03/11/2024","04:30:00",2024-11-03 04:30:00,-0.08,2
"03/11/2024","04:45:00",2024-11-03 04:45:00,-0.08,2
"03/11/2024","05:00:00",2024-11-03 05:00:00,-0.07,2
"03/11/2024","05:15:00",2024-11-03 05:15:00,-0.06,2
"03/11/2024","05:30:00",2024-11-03 05:30:00,-0.06,2
"03/11/2024","05:45:00",2024-11-03 05:45:00,-0.05,2
"03/11/2024","06:00:00",2024-11-03 06:00:00,-0.04,2
"03/11/2024","06:15:00",2024-11-03 06:15:00,-0.04,2
"03/11/2024","06:30:00",2024-11-03 06:30:00,-0.04,2
"03/11/2024","06:45:00",2024-11-03 06:45:00,-0.01,2
"03/11/2024","07:00:00",2024-11-03 07:00:00,-0.03,2
"03/11/2024","07:15:00",2024-11-03 07:15:00,-0.02,2
"03/11/2024","07:30:00",2024-11-03 07:30:00,-0.01,2
"03/11/2024","07:45:00",2024-11-03 07:45:00,-0.04,2
"03/11/2024","08:00:00",2024-11-03 08:00:00,-0.11,2
"03/11/2024","08:15:00",2024-11-03 08:15:00,-0.2,2
"03/11/2024","08:30:00",2024-11-03 08:30:00,-0.19,2
"03/11/2024","08:45:00",2024-11-03 08:45:00,-0.28,2
"03/11/2024","09:00:00",2024-11-03 09:00:00,-0.35,2
"03/11/2024","10:00:00",2024-11-03 10:00:00,-0.46,2
"03/11/2024","10:15:00",2024-11-03 10:15:00,-0.44,2
"03/11/2024","10:30:00",2024-11-03 10:30:00,-0.47,2
"03/11/2024","10:45:00",2024-11-03 10:45:00,-0.48,2
"03/11/2024","11:00:00",2024-11-03 11:00:00,-0.51,2
"03/11/2024","11:15:00",2024-11-03 11:15:00,-0.48,2
"03/11/2024","11:30:00",2024-11-03 11:30:00,-0.3,2
"03/11/2024","11:45:00",2024-11-03 11:45:00,-0.23,2
"03/11/2024","12:00:00",2024-11-03 12:00:00,-0.2,2
"03/11/2024","12:15:00",2024-11-03 12:15:00,-0.16,2
"03/11/2024","12:30:00",2024-11-03 12:30:00,-0.16,2
"03/11/2024","12:45:00",2024-11-03 12:45:00,-0.15,2
"03/11/2024","13:00:00",2024-11-03 13:00:00,-0.13,2
"03/11/2024","13:15:00",2024-11-03 13:15:00,-0.06,2
"03/11/2024","13:30:00",2024-11-03 13:30:00,-0.11,2
"03/11/2024","13:45:00",2024-11-03 13:45:00,-0.08,2
"03/11/2024","14:00:00",2024-11-03 14:00:00,-0.07,2
"03/11/2024","14:15:00",2024-11-03 14:15:00,-0.08,2
"03/11/2024","14:30:00",2024-11-03 14:30:00,-0.07,2
"03/11/2024","14:45:00",2024-11-03 14:45:00,-0.08,2
"03/11/2024","15:00:00",2024-11-03 15:00:00,-0.08,2
"03/11/2024","15:15:00",2024-11-03 15:15:00,-0.08,2
"03/11/2024","15:30:00",2024-11-03 15:30:00,-0.03,2
"03/11/2024","15:45:00",2024-11-03 15:45:00,-0.07,2
"03/11/2024","16:00:00",2024-11-03 16:00:00,-0.08,2
"03/11/2024","16:15:00",2024-11-03 16:15:00,-0.09,2
"03/11/2024","16:30:00",2024-11-03 16:30:00,-0.11,2
"03/11/2024","16:45:00",2024-11-03 16:45:00,-0.07,2
"03/11/2024","17:00:00",2024-11-03 17:00:00,-0.05,2
"03/11/2024","17:15:00",2024-11-03 17:15:00,0,2
"03/11/2024","17:30:00",2024-11-03 17:30:00,-0.03,2
"03/11/2024","17:45:00",2024-11-03 17:45:00,-0.09,2
"03/11/2024","18:00:00",2024-11-03 18:00:00,-0.06,2
"03/11/2024","18:15:00",2024-11-03 18:15:00,-0.11,2
"03/11/2024","18:30:00",2024-11-03 18:30:00,-0.11,2
"03/11/2024","18:45:00",2024-11-03 18:45:00,-0.04,2
"03/11/2024","19:00:00",2024-11-03 19:00:00,-0.04,2
"03/11/2024","19:15:00",2024-11-03 19:15:00,-0.02,2
"03/11/2024","19:30:00",2024-11-03 19:30:00,-0.04,2
"03/11/2024","19:45:00",2024-11-03 19:45:00,-0.08,2
"03/11/2024","20:00:00",2024-11-03 20:00:00,-0.05,2
"03/11/2024","20:15:00",2024-11-03 20:15:00,-0.08,2
"03/11/2024","20:30:00",2024-11-03 20:30:00,-0.1,2
"03/11/2024","20:45:00",2024-11-03 20:45:00,-0.12,2
"03/11/2024","21:00:00",2024-11-03 21:00:00,-0.11,2
"03/11/2024","21:15:00",2024-11-03 21:15:00,-0.09,2
"03/11/2024","21:30:00",2024-11-03 21:30:00,-0.12,2
"03/11/2024","21:45:00",2024-11-03 21:45:00,-0.06,2
"03/11/2024","22:00:00",2024-11-03 22:00:00,-0.11,2
"03/11/2024","22:15:00",2024-11-03 22:15:00,-0.09,2
"03/11/2024","22:30:00",2024-11-03 22:30:00,-0.17,2
"03/11/2024","22:45:00",2024-11-03 22:45:00,-0.11,2
"03/11/2024","23:00:00",2024-11-03 23:00:00,-0.14,2
"03/11/2024","23:15:00",2024-11-03 23:15:00,-0.14,2
"03/11/2024","23:30:00",2024-11-03 23:30:00,-0.14,2
"03/11/2024","23:45:00",2024-11-03 23:45:00,-0.14,2
"26/10/2024","00:00:00",2024-10-26,0,4
"26/10/2024","00:15:00",2024-10-26 00:15:00,0,4
"26/10/2024","00:30:00",2024-10-26 00:30:00,0,4
"26/10/2024","00:45:00",2024-10-26 00:45:00,0,4
"26/10/2024","01:00:00",2024-10-26 01:00:00,0,4
"26/10/2024","01:15:00",2024-10-26 01:15:00,0,4
"26/10/2024","01:30:00",2024-10-26 01:30:00,0,4
"26/10/2024","01:45:00",2024-10-26 01:45:00,0,4
"26/10/2024","02:00:00",2024-10-26 02:00:00,0,4
"26/10/2024","02:15:00",2024-10-26 02:15:00,0,4
"26/10/2024","02:30:00",2024-10-26 02:30:00,0,4
"26/10/2024","02:45:00",2024-10-26 02:45:00,0,4
"26/10/2024","03:00:00",2024-10-26 03:00:00,0,4
"26/10/2024","03:15:00",2024-10-26 03:15:00,0,4
"26/10/2024","03:30:00",2024-10-26 03:30:00,0,4
"26/10/2024","03:45:00",2024-10-26 03:45:00,0,4
"26/10/2024","04:00:00",2024-10-26 04:00:00,0,4
"26/10/2024","04:15:00",2024-10-26 04:15:00,0,4
"26/10/2024","04:30:00",2024-10-26 04:30:00,0,4
"26/10/2024","04:45:00",2024-10-26 04:45:00,0,4
"26/10/2024","05:00:00",2024-10-26 05:00:00,0,4
"26/10/2024","05:15:00",2024-10-26 05:15:00,0,4
"26/10/2024","05:30:00",2024-10-26 05:30:00,0,4
"26/10/2024","05:45:00",2024-10-26 05:45:00,0,4
"26/10/2024","06:00:00",2024-10-26 06:00:00,0,4
"26/10/2024","06:15:00",2024-10-26 06:15:00,0,4
"26/10/2024","06:30:00",2024-10-26 06:30:00,0,4
"26/10/2024","06:45:00",2024-10-26 06:45:00,0,4
"26/10/2024","07:00:00",2024-10-26 07:00:00,0,4
"26/10/2024","07:15:00",2024-10-26 07:15:00,0,4
"26/10/2024","07:30:00",2024-10-26 07:30:00,0,4
"26/10/2024","07:45:00",2024-10-26 07:45:00,0,4
"26/10/2024","08:00:00",2024-10-26 08:00:00,0,4
"26/10/2024","08:15:00",2024-10-26 08:15:00,0,4
"26/10/2024","08:30:00",2024-10-26 08:30:00,0,4
"26/10/2024","08:45:00",2024-10-26 08:45:00,0,4
"26/10/2024","09:00:00",2024-10-26 09:00:00,0,4
"26/10/2024","09:15:00",2024-10-26 09:15:00,0,4
"26/10/2024","09:30:00",2024-10-26 09:30:00,0,4
"26/10/2024","09:45:00",2024-10-26 09:45:00,0,4
"26/10/2024","10:00:00",2024-10-26 10:00:00,0,4
"26/10/2024","10:15:00",2024-10-26 10:15:00,0,4
"26/10/2024","10:30:00",2024-10-26 10:30:00,-0.02,4
"26/10/2024","10:45:00",2024-10-26 10:45:00,-0.03,4
"26/10/2024","11:00:00",2024-10-26 11:00:00,-0.03,4
"26/10/2024","11:15:00",2024-10-26 11:15:00,-0.08,4
"26/10/2024","11:30:00",2024-10-26 11:30:00,0,4
"26/10/2024","11:45:00",2024-10-26 11:45:00,-0.3,4
"26/10/2024","12:00:00",2024-10-26 12:00:00,0,4
"26/10/2024","12:15:00",2024-10-26 12:15:00,-0.15,4
"26/10/2024","12:30:00",2024-10-26 12:30:00,-0.17,4
"26/10/2024","12:45:00",2024-10-26 12:45:00,-0.3,4
"26/10/2024","13:00:00",2024-10-26 13:00:00,-0.25,4
"26/10/2024","13:15:00",2024-10-26 13:15:00,-0.3,4
"26/10/2024","13:30:00",2024-10-26 13:30:00,-0.24,4
"26/10/2024","13:45:00",2024-10-26 13:45:00,-0.35,4
"26/10/2024","14:00:00",2024-10-26 14:00:00,-0.42,4
"26/10/2024","14:15:00",2024-10-26 14:15:00,-0.43,4
"26/10/2024","14:30:00",2024-10-26 14:30:00,-0.29,4
"26/10/2024","14:45:00",2024-10-26 14:45:00,-0.41,4
"26/10/2024","15:00:00",2024-10-26 15:00:00,-0.15,4
"26/10/2024","15:15:00",2024-10-26 15:15:00,-0.26,4
"26/10/2024","15:30:00",2024-10-26 15:30:00,-0.29,4
"26/10/2024","15:45:00",2024-10-26 15:45:00,-0.42,4
"26/10/2024","16:00:00",2024-10-26 16:00:00,-0.14,4
"26/10/2024","16:15:00",2024-10-26 16:15:00,-0.18,4
"26/10/2024","16:30:00",2024-10-26 16:30:00,-0.23,4
"26/10/2024","16:45:00",2024-10-26 16:45:00,-0.19,4
"26/10/2024","17:00:00",2024-10-26 17:00:00,-0.21,4
"26/10/2024","17:15:00",2024-10-26 17:15:00,-0.21,4
"26/10/2024","17:30:00",2024-10-26 17:30:00,-0.31,4
"26/10/2024","17:45:00",2024-10-26 17:45:00,-0.25,4
"26/10/2024","18:00:00",2024-10-26 18:00:00,-0.19,4
"26/10/2024","18:15:00",2024-10-26 18:15:00,-0.24,4
"26/10/2024","18:30:00",2024-10-26 18:30:00,-0.27,4
"26/10/2024","18:45:00",2024-10-26 18:45:00,-0.31,4
"26/10/2024","19:00:00",2024-10-26 19:00:00,-0.33,4
"26/10/2024","19:15:00",2024-10-26 19:15:00,-0.34,4
"26/10/2024","19:30:00",2024-10-26 19:30:00,-0.35,4
"26/10/2024","19:45:00",2024-10-26 19:45:00,-0.34,4
"26/10/2024","20:00:00",2024-10-26 20:00:00,-0.36,4
"26/10/2024","20:15:00",2024-10-26 20:15:00,-0.36,4
"26/10/2024","20:30:00",2024-10-26 20:30:00,-0.32,4
"26/10/2024","20:45:00",2024-10-26 20:45:00,-0.32,4
"26/10/2024","21:00:00",2024-10-26 21:00:00,-0.31,4
"26/10/2024","21:15:00",2024-10-26 21:15:00,-0.31,4
"26/10/2024","21:30:00",2024-10-26 21:30:00,-0.33,4
"26/10/2024","21:45:00",2024-10-26 21:45:00,-0.31,4
"26/10/2024","22:00:00",2024-10-26 22:00:00,-0.31,4
"26/10/2024","22:15:00",2024-10-26 22:15:00,-0.29,4
"26/10/2024","22:30:00",2024-10-26 22:30:00,-0.3,4
"26/10/2024","22:45:00",2024-10-26 22:45:00,-0.32,4
"26/10/2024","23:00:00",2024-10-26 23:00:00,-0.19,4
"26/10/2024","23:15:00",2024-10-26 23:15:00,-0.09,4
"26/10/2024","23:30:00",2024-10-26 23:30:00,-0.01,4
"26/10/2024","23:45:00",2024-10-26 23:45:00,0,4
"27/10/2024","00:00:00",2024-10-27,0,4
"27/10/2024","00:15:00",2024-10-27 00:15:00,0,4
"27/10/2024","00:30:00",2024-10-27 00:30:00,0,4
"27/10/2024","00:45:00",2024-10-27 00:45:00,0,4
"27/10/2024","01:00:00",2024-10-27 01:00:00,0,4
"27/10/2024","01:15:00",2024-10-27 01:15:00,0,4
"27/10/2024","01:30:00",2024-10-27 01:30:00,0,4
"27/10/2024","01:45:00",2024-10-27 01:45:00,0,4
"27/10/2024","02:00:00",2024-10-27 02:00:00,0,4
"27/10/2024","02:15:00",2024-10-27 02:15:00,0,4
"27/10/2024","02:30:00",2024-10-27 02:30:00,0,4
"27/10/2024","02:45:00",2024-10-27 02:45:00,0,4
"27/10/2024","03:00:00",2024-10-27 03:00:00,0,4
"27/10/2024","03:15:00",2024-10-27 03:15:00,0,4
"27/10/2024","03:30:00",2024-10-27 03:30:00,0,4
"27/10/2024","03:45:00",2024-10-27 03:45:00,0,4
"27/10/2024","04:00:00",2024-10-27 04:00:00,0,4
"27/10/2024","04:15:00",2024-10-27 04:15:00,0,4
"27/10/2024","04:30:00",2024-10-27 04:30:00,0,4
"27/10/2024","04:45:00",2024-10-27 04:45:00,0,4
"27/10/2024","05:00:00",2024-10-27 05:00:00,0,4
"27/10/2024","05:15:00",2024-10-27 05:15:00,0,4
"27/10/2024","05:30:00",2024-10-27 05:30:00,0,4
"27/10/2024","05:45:00",2024-10-27 05:45:00,0,4
"27/10/2024","06:00:00",2024-10-27 06:00:00,0,4
"27/10/2024","06:15:00",2024-10-27 06:15:00,0,4
"27/10/2024","06:30:00",2024-10-27 06:30:00,0,4
"27/10/2024","06:45:00",2024-10-27 06:45:00,0,4
"27/10/2024","07:00:00",2024-10-27 07:00:00,0,4
"27/10/2024","07:15:00",2024-10-27 07:15:00,0,4
"27/10/2024","07:30:00",2024-10-27 07:30:00,0,4
"27/10/2024","07:45:00",2024-10-27 07:45:00,0,4
"27/10/2024","08:00:00",2024-10-27 08:00:00,0,4
"27/10/2024","08:15:00",2024-10-27 08:15:00,0,4
"27/10/2024","08:30:00",2024-10-27 08:30:00,0,4
"27/10/2024","08:45:00",2024-10-27 08:45:00,0,4
"27/10/2024","09:00:00",2024-10-27 09:00:00,0,4
"27/10/2024","09:15:00",2024-10-27 09:15:00,0,4
"27/10/2024","09:30:00",2024-10-27 09:30:00,0,4
"27/10/2024","09:45:00",2024-10-27 09:45:00,-0.02,4
"27/10/2024","10:00:00",2024-10-27 10:00:00,-0.02,4
"27/10/2024","10:15:00",2024-10-27 10:15:00,-0.01,4
"27/10/2024","10:30:00",2024-10-27 10:30:00,-0.02,4
"27/10/2024","10:45:00",2024-10-27 10:45:00,-0.11,4
"27/10/2024","11:00:00",2024-10-27 11:00:00,-0.11,4
"27/10/2024","11:15:00",2024-10-27 11:15:00,-0.14,4
"27/10/2024","11:30:00",2024-10-27 11:30:00,-0.22,4
"27/10/2024","11:45:00",2024-10-27 11:45:00,-0.29,4
"27/10/2024","12:00:00",2024-10-27 12:00:00,-0.29,4
"27/10/2024","12:15:00",2024-10-27 12:15:00,-0.31,4
"27/10/2024","12:30:00",2024-10-27 12:30:00,-0.35,4
"27/10/2024","12:45:00",2024-10-27 12:45:00,-0.31,4
"27/10/2024","13:00:00",2024-10-27 13:00:00,-0.37,4
"27/10/2024","13:15:00",2024-10-27 13:15:00,-0.34,4
"27/10/2024","13:30:00",2024-10-27 13:30:00,-0.36,4
"27/10/2024","13:45:00",2024-10-27 13:45:00,-0.34,4
"27/10/2024","14:00:00",2024-10-27 14:00:00,-0.41,4
"27/10/2024","14:15:00",2024-10-27 14:15:00,-0.43,4
"27/10/2024","14:30:00",2024-10-27 14:30:00,-0.39,4
"27/10/2024","14:45:59",2024-10-27 14:45:59,-0.42,4
"27/10/2024","15:00:00",2024-10-27 15:00:00,-0.38,4
"27/10/2024","15:15:00",2024-10-27 15:15:00,-0.39,4
"27/10/2024","15:30:00",2024-10-27 15:30:00,-0.4,4
"27/10/2024","15:45:00",2024-10-27 15:45:00,-0.37,4
"27/10/2024","16:00:00",2024-10-27 16:00:00,-0.47,4
"27/10/2024","16:15:00",2024-10-27 16:15:00,-0.42,4
"27/10/2024","16:30:00",2024-10-27 16:30:00,-0.46,4
"27/10/2024","16:45:00",2024-10-27 16:45:00,-0.46,4
"27/10/2024","17:00:00",2024-10-27 17:00:00,-0.44,4
"27/10/2024","17:15:00",2024-10-27 17:15:00,-0.47,4
"27/10/2024","17:30:00",2024-10-27 17:30:00,-0.45,4
"27/10/2024","17:45:00",2024-10-27 17:45:00,-0.46,4
"27/10/2024","18:00:00",2024-10-27 18:00:00,-0.47,4
"27/10/2024","18:15:00",2024-10-27 18:15:00,-0.46,4
"27/10/2024","18:30:00",2024-10-27 18:30:00,-0.44,4
"27/10/2024","18:45:00",2024-10-27 18:45:00,-0.43,4
"27/10/2024","19:00:00",2024-10-27 19:00:00,-0.43,4
"27/10/2024","19:15:00",2024-10-27 19:15:00,-0.44,4
"27/10/2024","19:30:00",2024-10-27 19:30:00,-0.45,4
"27/10/2024","19:45:00",2024-10-27 19:45:00,-0.46,4
"27/10/2024","20:00:00",2024-10-27 20:00:00,-0.48,4
"27/10/2024","20:15:00",2024-10-27 20:15:00,-0.47,4
"27/10/2024","20:30:00",2024-10-27 20:30:00,-0.45,4
"27/10/2024","20:45:00",2024-10-27 20:45:00,-0.47,4
"27/10/2024","21:00:00",2024-10-27 21:00:00,-0.51,4
"27/10/2024","21:15:00",2024-10-27 21:15:00,-0.47,4
"27/10/2024","21:30:00",2024-10-27 21:30:00,-0.46,4
"27/10/2024","21:45:00",2024-10-27 21:45:00,-0.47,4
"27/10/2024","22:00:00",2024-10-27 22:00:00,-0.48,4
"27/10/2024","22:15:00",2024-10-27 22:15:00,-0.45,4
"27/10/2024","22:30:00",2024-10-27 22:30:00,-0.49,4
"27/10/2024","22:45:00",2024-10-27 22:45:00,-0.43,4
"27/10/2024","23:00:00",2024-10-27 23:00:00,-0.42,4
"27/10/2024","23:15:00",2024-10-27 23:15:00,-0.44,4
"27/10/2024","23:30:00",2024-10-27 23:30:00,-0.45,4
"27/10/2024","23:45:00",2024-10-27 23:45:00,-0.45,4
"28/10/2024","00:00:00",2024-10-28,-0.29,4
"28/10/2024","00:15:00",2024-10-28 00:15:00,-0.21,4
"28/10/2024","00:30:00",2024-10-28 00:30:00,-0.13,4
"28/10/2024","00:45:00",2024-10-28 00:45:00,-0.07,4
"28/10/2024","01:00:00",2024-10-28 01:00:00,-0.07,4
"28/10/2024","01:15:00",2024-10-28 01:15:00,-0.03,4
"28/10/2024","01:30:00",2024-10-28 01:30:00,-0.02,4
"28/10/2024","01:45:00",2024-10-28 01:45:00,0,4
"28/10/2024","02:00:00",2024-10-28 02:00:00,0,4
"28/10/2024","02:15:00",2024-10-28 02:15:00,0,4
"28/10/2024","02:30:00",2024-10-28 02:30:00,0,4
"28/10/2024","02:45:00",2024-10-28 02:45:00,0,4
"28/10/2024","03:00:00",2024-10-28 03:00:00,0,4
"28/10/2024","03:15:00",2024-10-28 03:15:00,0,4
"28/10/2024","03:30:00",2024-10-28 03:30:00,0,4
"28/10/2024","03:45:00",2024-10-28 03:45:00,0,4
"28/10/2024","04:00:00",2024-10-28 04:00:00,0,4
"28/10/2024","04:15:00",2024-10-28 04:15:00,0,4
"28/10/2024","04:30:00",2024-10-28 04:30:00,0,4
"28/10/2024","04:45:00",2024-10-28 04:45:00,0,4
"28/10/2024","05:00:00",2024-10-28 05:00:00,0,4
"28/10/2024","05:15:00",2024-10-28 05:15:00,0,4
"28/10/2024","05:30:00",2024-10-28 05:30:00,0,4
"28/10/2024","05:45:00",2024-10-28 05:45:00,0,4
"28/10/2024","06:00:00",2024-10-28 06:00:00,0,4
"28/10/2024","06:15:00",2024-10-28 06:15:00,0,4
"28/10/2024","06:30:00",2024-10-28 06:30:00,0,4
"28/10/2024","06:45:00",2024-10-28 06:45:00,0,4
"28/10/2024","07:00:00",2024-10-28 07:00:00,0,4
"28/10/2024","07:15:00",2024-10-28 07:15:00,0,4
"28/10/2024","07:30:00",2024-10-28 07:30:00,0,4
"28/10/2024","07:45:00",2024-10-28 07:45:00,0,4
"28/10/2024","08:00:00",2024-10-28 08:00:00,0,4
"28/10/2024","08:15:00",2024-10-28 08:15:00,-0.06,4
"28/10/2024","08:30:00",2024-10-28 08:30:00,-0.17,4
"28/10/2024","08:45:00",2024-10-28 08:45:00,-0.25,4
"28/10/2024","09:00:00",2024-10-28 09:00:00,-0.32,4
"28/10/2024","09:15:00",2024-10-28 09:15:00,-0.32,4
"28/10/2024","09:30:00",2024-10-28 09:30:00,-0.31,4
"28/10/2024","09:45:00",2024-10-28 09:45:00,-0.29,4
"28/10/2024","10:00:00",2024-10-28 10:00:00,-0.25,4
"28/10/2024","10:15:00",2024-10-28 10:15:00,-0.21,4
"28/10/2024","10:30:00",2024-10-28 10:30:00,-0.18,4
"28/10/2024","10:45:00",2024-10-28 10:45:00,-0.18,4
"28/10/2024","11:00:00",2024-10-28 11:00:00,-0.18,4
"28/10/2024","11:15:00",2024-10-28 11:15:00,-0.22,4
"28/10/2024","11:30:00",2024-10-28 11:30:00,-0.22,4
"28/10/2024","11:45:00",2024-10-28 11:45:00,-0.3,4
"28/10/2024","12:00:00",2024-10-28 12:00:00,-0.34,4
"28/10/2024","12:15:00",2024-10-28 12:15:00,-0.35,4
"28/10/2024","12:30:00",2024-10-28 12:30:00,-0.39,4
"28/10/2024","12:45:00",2024-10-28 12:45:00,-0.37,4
"28/10/2024","13:00:00",2024-10-28 13:00:00,-0.43,4
"28/10/2024","13:15:00",2024-10-28 13:15:00,-0.41,4
"28/10/2024","13:30:00",2024-10-28 13:30:00,-0.42,4
"28/10/2024","13:45:00",2024-10-28 13:45:00,-0.42,4
"28/10/2024","14:00:00",2024-10-28 14:00:00,-0.43,4
"28/10/2024","14:15:00",2024-10-28 14:15:00,-0.4,4
"28/10/2024","14:30:00",2024-10-28 14:30:00,-0.4,4
"28/10/2024","14:45:00",2024-10-28 14:45:00,-0.39,4
"28/10/2024","15:00:00",2024-10-28 15:00:00,-0.37,4
"28/10/2024","15:15:00",2024-10-28 15:15:00,-0.32,4
"28/10/2024","15:30:00",2024-10-28 15:30:00,-0.28,4
"28/10/2024","15:45:00",2024-10-28 15:45:00,-0.26,4
"28/10/2024","16:00:00",2024-10-28 16:00:00,-0.26,4
"28/10/2024","16:15:00",2024-10-28 16:15:00,-0.28,4
"28/10/2024","16:30:00",2024-10-28 16:30:00,-0.26,4
"28/10/2024","16:45:00",2024-10-28 16:45:00,-0.26,4
"28/10/2024","17:00:00",2024-10-28 17:00:00,-0.24,4
"28/10/2024","17:15:00",2024-10-28 17:15:00,-0.27,4
"28/10/2024","17:30:00",2024-10-28 17:30:00,-0.31,4
"28/10/2024","17:45:00",2024-10-28 17:45:00,-0.25,4
"28/10/2024","18:00:00",2024-10-28 18:00:00,-0.31,4
"28/10/2024","18:15:00",2024-10-28 18:15:00,-0.29,4
"28/10/2024","18:30:00",2024-10-28 18:30:00,-0.31,4
"28/10/2024","18:45:00",2024-10-28 18:45:00,-0.36,4
"28/10/2024","19:00:00",2024-10-28 19:00:00,-0.39,4
"28/10/2024","19:15:00",2024-10-28 19:15:00,-0.36,4
"28/10/2024","19:30:00",2024-10-28 19:30:00,-0.38,4
"28/10/2024","19:45:00",2024-10-28 19:45:00,-0.4,4
"28/10/2024","20:00:00",2024-10-28 20:00:00,-0.4,4
"28/10/2024","20:15:00",2024-10-28 20:15:00,-0.37,4
"28/10/2024","20:30:00",2024-10-28 20:30:00,-0.39,4
"28/10/2024","20:45:00",2024-10-28 20:45:00,-0.41,4
"28/10/2024","21:00:00",2024-10-28 21:00:00,-0.37,4
"28/10/2024","21:15:00",2024-10-28 21:15:00,-0.38,4
"28/10/2024","21:30:00",2024-10-28 21:30:00,-0.38,4
"28/10/2024","21:45:00",2024-10-28 21:45:00,-0.37,4
"28/10/2024","22:00:00",2024-10-28 22:00:00,-0.38,4
"28/10/2024","22:15:00",2024-10-28 22:15:00,-0.38,4
"28/10/2024","22:30:00",2024-10-28 22:30:00,-0.38,4
"28/10/2024","22:45:00",2024-10-28 22:45:00,-0.37,4
"28/10/2024","23:00:00",2024-10-28 23:00:00,-0.35,4
"28/10/2024","23:15:00",2024-10-28 23:15:00,-0.38,4
"28/10/2024","23:30:00",2024-10-28 23:30:00,-0.35,4
"28/10/2024","23:45:00",2024-10-28 23:45:00,-0.36,4
"29/10/2024","00:00:00",2024-10-29,-0.2,4
"29/10/2024","00:15:00",2024-10-29 00:15:00,-0.1,4
"29/10/2024","00:30:00",2024-10-29 00:30:00,-0.05,4
"29/10/2024","00:45:00",2024-10-29 00:45:00,-0.01,4
"29/10/2024","01:00:00",2024-10-29 01:00:00,0,4
"29/10/2024","01:15:00",2024-10-29 01:15:00,0,4
"29/10/2024","01:30:00",2024-10-29 01:30:00,0,4
"29/10/2024","01:45:00",2024-10-29 01:45:00,0,4
"29/10/2024","02:00:00",2024-10-29 02:00:00,0,4
"29/10/2024","02:15:00",2024-10-29 02:15:00,0,4
"29/10/2024","02:30:00",2024-10-29 02:30:00,0,4
"29/10/2024","02:45:00",2024-10-29 02:45:00,0,4
"29/10/2024","03:00:00",2024-10-29 03:00:00,0,4
"29/10/2024","03:15:00",2024-10-29 03:15:00,0,4
"29/10/2024","03:30:00",2024-10-29 03:30:00,0,4
"29/10/2024","03:45:00",2024-10-29 03:45:00,0,4
"29/10/2024","04:00:00",2024-10-29 04:00:00,0,4
"29/10/2024","04:15:00",2024-10-29 04:15:00,0,4
"29/10/2024","04:30:00",2024-10-29 04:30:00,0,4
"29/10/2024","04:45:00",2024-10-29 04:45:00,0,4
"29/10/2024","05:00:00",2024-10-29 05:00:00,0,4
"29/10/2024","05:15:00",2024-10-29 05:15:00,0,4
"29/10/2024","05:30:00",2024-10-29 05:30:00,0,4
"29/10/2024","05:45:00",2024-10-29 05:45:00,0,4
"29/10/2024","06:00:00",2024-10-29 06:00:00,0,4
"29/10/2024","06:15:00",2024-10-29 06:15:00,0,4
"29/10/2024","06:30:00",2024-10-29 06:30:00,0,4
"29/10/2024","06:45:00",2024-10-29 06:45:00,0,4
"29/10/2024","07:00:00",2024-10-29 07:00:00,0,4
"29/10/2024","07:15:00",2024-10-29 07:15:00,0,4
"29/10/2024","07:30:00",2024-10-29 07:30:00,0,4
"29/10/2024","07:45:00",2024-10-29 07:45:00,0,4
"29/10/2024","08:00:00",2024-10-29 08:00:00,0,4
"29/10/2024","08:15:00",2024-10-29 08:15:00,0,4
"29/10/2024","08:30:00",2024-10-29 08:30:00,-0.01,4
"29/10/2024","08:45:00",2024-10-29 08:45:00,-0.03,4
"29/10/2024","09:00:00",2024-10-29 09:00:00,-0.07,4
"29/10/2024","09:15:00",2024-10-29 09:15:00,-0.11,4
"29/10/2024","09:30:00",2024-10-29 09:30:00,-0.1,4
"29/10/2024","09:45:00",2024-10-29 09:45:00,-0.12,4
"29/10/2024","10:00:00",2024-10-29 10:00:00,-0.21,4
"29/10/2024","10:15:00",2024-10-29 10:15:00,-0.21,4
"29/10/2024","10:30:00",2024-10-29 10:30:00,-0.22,4
"29/10/2024","10:45:00",2024-10-29 10:45:00,-0.25,4
"29/10/2024","11:00:00",2024-10-29 11:00:00,-0.2,4
"29/10/2024","11:15:00",2024-10-29 11:15:00,-0.26,4
"29/10/2024","11:30:00",2024-10-29 11:30:00,-0.28,4
"29/10/2024","11:45:00",2024-10-29 11:45:00,-0.29,4
"29/10/2024","12:00:00",2024-10-29 12:00:00,-0.28,4
"29/10/2024","12:15:00",2024-10-29 12:15:00,-0.65,4
"29/10/2024","12:30:00",2024-10-29 12:30:00,-0.36,4
"29/10/2024","12:45:00",2024-10-29 12:45:00,-0.37,4
"29/10/2024","13:00:00",2024-10-29 13:00:00,-0.4,4
"29/10/2024","13:15:00",2024-10-29 13:15:00,-0.41,4
"29/10/2024","13:30:00",2024-10-29 13:30:00,-0.58,4
"29/10/2024","13:45:00",2024-10-29 13:45:00,-0.5,4
"29/10/2024","14:00:00",2024-10-29 14:00:00,-0.44,4
"29/10/2024","14:15:00",2024-10-29 14:15:00,-0.44,4
"29/10/2024","14:30:00",2024-10-29 14:30:00,-0.46,4
"29/10/2024","14:45:00",2024-10-29 14:45:00,-0.41,4
"29/10/2024","15:00:00",2024-10-29 15:00:00,-0.46,4
"29/10/2024","15:15:00",2024-10-29 15:15:00,-0.43,4
"29/10/2024","15:30:00",2024-10-29 15:30:00,-0.39,4
"29/10/2024","15:45:00",2024-10-29 15:45:00,-0.38,4
"29/10/2024","16:00:00",2024-10-29 16:00:00,-0.36,4
"29/10/2024","16:15:00",2024-10-29 16:15:00,-0.42,4
"29/10/2024","16:30:00",2024-10-29 16:30:00,-0.34,4
"29/10/2024","16:45:00",2024-10-29 16:45:00,-0.49,4
"29/10/2024","17:00:00",2024-10-29 17:00:00,-0.28,4
"29/10/2024","17:15:00",2024-10-29 17:15:00,-0.27,4
"29/10/2024","17:30:00",2024-10-29 17:30:00,-0.25,4
"29/10/2024","17:45:00",2024-10-29 17:45:00,-0.28,4
"29/10/2024","18:00:00",2024-10-29 18:00:00,-0.29,4
"29/10/2024","18:15:00",2024-10-29 18:15:00,-0.29,4
"29/10/2024","18:30:00",2024-10-29 18:30:00,-0.29,4
"29/10/2024","18:45:00",2024-10-29 18:45:00,-0.31,4
"29/10/2024","19:00:00",2024-10-29 19:00:00,-0.33,4
"29/10/2024","19:15:00",2024-10-29 19:15:00,-0.37,4
"29/10/2024","19:30:00",2024-10-29 19:30:00,-0.32,4
"29/10/2024","19:45:00",2024-10-29 19:45:00,-0.34,4
"29/10/2024","20:00:00",2024-10-29 20:00:00,-0.34,4
"29/10/2024","20:15:00",2024-10-29 20:15:00,-0.36,4
"29/10/2024","20:30:00",2024-10-29 20:30:00,-0.38,4
"29/10/2024","20:45:00",2024-10-29 20:45:00,-0.38,4
"29/10/2024","21:00:00",2024-10-29 21:00:00,-0.38,4
"29/10/2024","21:15:00",2024-10-29 21:15:00,-0.39,4
"29/10/2024","21:30:00",2024-10-29 21:30:00,-0.39,4
"29/10/2024","21:45:00",2024-10-29 21:45:00,-0.37,4
"29/10/2024","22:00:00",2024-10-29 22:00:00,-0.35,4
"29/10/2024","22:15:00",2024-10-29 22:15:00,-0.37,4
"29/10/2024","22:30:00",2024-10-29 22:30:00,-0.37,4
"29/10/2024","22:45:00",2024-10-29 22:45:00,-0.33,4
"29/10/2024","23:00:00",2024-10-29 23:00:00,-0.34,4
"29/10/2024","23:15:00",2024-10-29 23:15:00,-0.31,4
"29/10/2024","23:30:00",2024-10-29 23:30:00,-0.35,4
"29/10/2024","23:45:00",2024-10-29 23:45:00,-0.33,4
"30/10/2024","00:00:00",2024-10-30,-0.21,4
"30/10/2024","00:15:00",2024-10-30 00:15:00,-0.1,4
"30/10/2024","00:30:00",2024-10-30 00:30:00,-0.04,4
"30/10/2024","00:45:00",2024-10-30 00:45:00,-0.05,4
"30/10/2024","01:00:00",2024-10-30 01:00:00,-0.02,4
"30/10/2024","01:15:00",2024-10-30 01:15:00,0,4
"30/10/2024","01:30:00",2024-10-30 01:30:00,0,4
"30/10/2024","01:45:00",2024-10-30 01:45:00,0,4
"30/10/2024","02:00:00",2024-10-30 02:00:00,0,4
"30/10/2024","02:15:00",2024-10-30 02:15:00,0,4
"30/10/2024","02:30:00",2024-10-30 02:30:00,0,4
"30/10/2024","02:45:00",2024-10-30 02:45:00,0,4
"30/10/2024","03:00:00",2024-10-30 03:00:00,0,4
"30/10/2024","03:15:00",2024-10-30 03:15:00,0,4
"30/10/2024","03:30:00",2024-10-30 03:30:00,0,4
"30/10/2024","03:45:00",2024-10-30 03:45:00,0,4
"30/10/2024","04:00:00",2024-10-30 04:00:00,0,4
"30/10/2024","04:15:00",2024-10-30 04:15:00,0,4
"30/10/2024","04:30:00",2024-10-30 04:30:00,0,4
"30/10/2024","04:45:00",2024-10-30 04:45:00,0,4
"30/10/2024","05:00:00",2024-10-30 05:00:00,0,4
"30/10/2024","05:15:00",2024-10-30 05:15:00,0,4
"30/10/2024","05:30:00",2024-10-30 05:30:00,0,4
"30/10/2024","05:45:00",2024-10-30 05:45:00,0,4
"30/10/2024","06:00:00",2024-10-30 06:00:00,0,4
"30/10/2024","06:15:00",2024-10-30 06:15:00,0,4
"30/10/2024","06:30:00",2024-10-30 06:30:00,0,4
"30/10/2024","06:45:00",2024-10-30 06:45:00,0,4
"30/10/2024","07:00:00",2024-10-30 07:00:00,0,4
"30/10/2024","07:15:00",2024-10-30 07:15:00,0,4
"30/10/2024","07:30:00",2024-10-30 07:30:00,0,4
"30/10/2024","07:45:00",2024-10-30 07:45:00,0,4
"30/10/2024","08:00:00",2024-10-30 08:00:00,0,4
"30/10/2024","08:15:00",2024-10-30 08:15:00,0,4
"30/10/2024","08:30:00",2024-10-30 08:30:00,0,4
"30/10/2024","08:45:00",2024-10-30 08:45:00,-0.03,4
"30/10/2024","09:00:00",2024-10-30 09:00:00,-0.06,4
"30/10/2024","09:15:00",2024-10-30 09:15:00,-0.08,4
"30/10/2024","09:30:00",2024-10-30 09:30:00,-0.09,4
"30/10/2024","09:45:00",2024-10-30 09:45:00,-0.14,4
"30/10/2024","10:00:00",2024-10-30 10:00:00,-0.18,4
"30/10/2024","10:15:00",2024-10-30 10:15:00,-0.16,4
"30/10/2024","10:30:00",2024-10-30 10:30:00,-0.17,4
"30/10/2024","10:45:00",2024-10-30 10:45:00,-0.21,4
"30/10/2024","11:00:00",2024-10-30 11:00:00,-0.21,4
"30/10/2024","11:15:00",2024-10-30 11:15:00,-0.21,4
"30/10/2024","11:30:00",2024-10-30 11:30:00,-0.21,4
"30/10/2024","11:45:00",2024-10-30 11:45:00,-0.2,4
"30/10/2024","12:00:00",2024-10-30 12:00:00,-0.22,4
"30/10/2024","12:15:00",2024-10-30 12:15:00,-0.24,4
"30/10/2024","12:30:00",2024-10-30 12:30:00,-0.24,4
"30/10/2024","12:45:00",2024-10-30 12:45:00,-0.23,4
"30/10/2024","13:00:00",2024-10-30 13:00:00,-0.25,4
"30/10/2024","13:15:00",2024-10-30 13:15:00,-0.28,4
"30/10/2024","13:30:00",2024-10-30 13:30:00,-0.31,4
"30/10/2024","13:45:00",2024-10-30 13:45:00,-0.22,4
"30/10/2024","14:00:00",2024-10-30 14:00:00,-0.33,4
"30/10/2024","14:15:00",2024-10-30 14:15:00,-0.32,4
"30/10/2024","14:30:00",2024-10-30 14:30:00,-0.32,4
"30/10/2024","14:45:00",2024-10-30 14:45:00,-0.4,4
"30/10/2024","15:00:00",2024-10-30 15:00:00,-0.38,4
"30/10/2024","15:15:00",2024-10-30 15:15:00,-0.39,4
"30/10/2024","15:30:00",2024-10-30 15:30:00,-0.44,4
"30/10/2024","15:45:00",2024-10-30 15:45:00,-0.44,4
"30/10/2024","16:00:00",2024-10-30 16:00:00,-0.42,4
"30/10/2024","16:15:00",2024-10-30 16:15:00,-0.32,4
"30/10/2024","16:30:00",2024-10-30 16:30:00,-0.35,4
"30/10/2024","16:45:00",2024-10-30 16:45:00,-0.39,4
"30/10/2024","17:00:00",2024-10-30 17:00:00,-0.33,4
"30/10/2024","17:15:00",2024-10-30 17:15:00,-0.33,4
"30/10/2024","17:30:00",2024-10-30 17:30:00,-0.26,4
"30/10/2024","17:45:00",2024-10-30 17:45:00,-0.28,4
"30/10/2024","18:00:00",2024-10-30 18:00:00,-0.28,4
"30/10/2024","18:15:00",2024-10-30 18:15:00,-0.26,4
"30/10/2024","18:30:00",2024-10-30 18:30:00,-0.26,4
"30/10/2024","18:45:00",2024-10-30 18:45:00,-0.29,4
"30/10/2024","19:00:00",2024-10-30 19:00:00,-0.34,4
"30/10/2024","19:15:00",2024-10-30 19:15:00,-0.32,4
"30/10/2024","19:30:00",2024-10-30 19:30:00,-0.35,4
"30/10/2024","19:45:00",2024-10-30 19:45:00,-0.36,4
"30/10/2024","20:00:00",2024-10-30 20:00:00,-0.35,4
"30/10/2024","20:15:00",2024-10-30 20:15:00,-0.35,4
"30/10/2024","20:30:00",2024-10-30 20:30:00,-0.37,4
"30/10/2024","20:45:00",2024-10-30 20:45:00,-0.36,4
"30/10/2024","21:00:00",2024-10-30 21:00:00,-0.35,4
"30/10/2024","21:15:00",2024-10-30 21:15:00,-0.36,4
"30/10/2024","21:30:00",2024-10-30 21:30:00,-0.36,4
"30/10/2024","21:45:00",2024-10-30 21:45:00,-0.32,4
"30/10/2024","22:00:00",2024-10-30 22:00:00,-0.38,4
"30/10/2024","22:15:00",2024-10-30 22:15:00,-0.32,4
"30/10/2024","22:30:00",2024-10-30 22:30:00,-0.34,4
"30/10/2024","22:45:00",2024-10-30 22:45:00,-0.34,4
"30/10/2024","23:00:00",2024-10-30 23:00:00,-0.3,4
"30/10/2024","23:15:00",2024-10-30 23:15:00,-0.28,4
"30/10/2024","23:30:00",2024-10-30 23:30:00,-0.29,4
"30/10/2024","23:45:00",2024-10-30 23:45:00,-0.3,4
"31/10/2024","00:00:00",2024-10-31,-0.15,4
"31/10/2024","00:15:00",2024-10-31 00:15:00,-0.06,4
"31/10/2024","00:30:00",2024-10-31 00:30:00,-0.02,4
"31/10/2024","00:45:00",2024-10-31 00:45:00,-0.01,4
"31/10/2024","01:00:00",2024-10-31 01:00:00,0,4
"31/10/2024","01:15:00",2024-10-31 01:15:00,0,4
"31/10/2024","01:30:00",2024-10-31 01:30:00,0,4
"31/10/2024","01:45:00",2024-10-31 01:45:00,0,4
"31/10/2024","02:00:00",2024-10-31 02:00:00,0,4
"31/10/2024","02:15:00",2024-10-31 02:15:00,0,4
"31/10/2024","02:30:00",2024-10-31 02:30:00,0,4
"31/10/2024","02:45:00",2024-10-31 02:45:00,0,4
"31/10/2024","03:00:00",2024-10-31 03:00:00,0,4
"31/10/2024","03:15:00",2024-10-31 03:15:00,0,4
"31/10/2024","03:30:00",2024-10-31 03:30:00,0,4
"31/10/2024","03:45:00",2024-10-31 03:45:00,0,4
"31/10/2024","04:00:00",2024-10-31 04:00:00,0,4
"31/10/2024","04:15:00",2024-10-31 04:15:00,0,4
"31/10/2024","04:30:00",2024-10-31 04:30:00,0,4
"31/10/2024","04:45:00",2024-10-31 04:45:00,0,4
"31/10/2024","05:00:00",2024-10-31 05:00:00,0,4
"31/10/2024","05:15:00",2024-10-31 05:15:00,0,4
"31/10/2024","05:30:00",2024-10-31 05:30:00,0,4
"31/10/2024","05:45:00",2024-10-31 05:45:00,0,4
"31/10/2024","06:00:00",2024-10-31 06:00:00,0,4
"31/10/2024","06:15:00",2024-10-31 06:15:00,0,4
"31/10/2024","06:30:00",2024-10-31 06:30:00,0,4
"31/10/2024","06:45:00",2024-10-31 06:45:00,0,4
"31/10/2024","07:00:00",2024-10-31 07:00:00,0,4
"31/10/2024","07:15:00",2024-10-31 07:15:00,0,4
"31/10/2024","07:30:00",2024-10-31 07:30:00,0,4
"31/10/2024","07:45:00",2024-10-31 07:45:00,0,4
"31/10/2024","08:00:00",2024-10-31 08:00:00,0,4
"31/10/2024","08:15:00",2024-10-31 08:15:00,0,4
"31/10/2024","08:30:00",2024-10-31 08:30:00,-0.02,4
"31/10/2024","08:45:00",2024-10-31 08:45:00,-0.01,4
"31/10/2024","09:00:00",2024-10-31 09:00:00,-0.03,4
"31/10/2024","09:15:00",2024-10-31 09:15:00,-0.09,4
"31/10/2024","09:30:00",2024-10-31 09:30:00,-0.04,4
"31/10/2024","09:45:00",2024-10-31 09:45:00,-0.11,4
"31/10/2024","10:00:00",2024-10-31 10:00:00,-0.13,4
"31/10/2024","10:15:00",2024-10-31 10:15:00,-0.11,4
"31/10/2024","10:30:00",2024-10-31 10:30:00,-0.16,4
"31/10/2024","10:45:00",2024-10-31 10:45:00,-0.18,4
"31/10/2024","11:00:00",2024-10-31 11:00:00,-0.21,4
"31/10/2024","11:15:00",2024-10-31 11:15:00,-0.24,4
"31/10/2024","11:30:00",2024-10-31 11:30:00,-0.24,4
"31/10/2024","11:45:00",2024-10-31 11:45:00,-0.13,4
"31/10/2024","12:00:00",2024-10-31 12:00:00,-0.37,4
"31/10/2024","12:15:00",2024-10-31 12:15:00,-0.26,4
"31/10/2024","12:30:00",2024-10-31 12:30:00,-0.17,4
"31/10/2024","12:45:00",2024-10-31 12:45:00,-0.26,4
"31/10/2024","13:00:00",2024-10-31 13:00:00,-0.26,4
"31/10/2024","13:15:00",2024-10-31 13:15:00,-0.31,4
"31/10/2024","13:30:00",2024-10-31 13:30:00,-0.35,4
"31/10/2024","13:45:00",2024-10-31 13:45:00,-0.33,4
"31/10/2024","14:00:00",2024-10-31 14:00:00,-0.55,4
"31/10/2024","14:15:00",2024-10-31 14:15:00,-0.34,4
"31/10/2024","14:30:00",2024-10-31 14:30:00,-0.25,4
"31/10/2024","14:45:00",2024-10-31 14:45:00,-0.32,4
"31/10/2024","15:00:00",2024-10-31 15:00:00,-0.37,4
"31/10/2024","15:15:00",2024-10-31 15:15:00,-0.32,4
"31/10/2024","15:30:00",2024-10-31 15:30:00,-0.18,4
"31/10/2024","15:45:00",2024-10-31 15:45:00,-0.28,4
"31/10/2024","16:00:00",2024-10-31 16:00:00,-0.26,4
"31/10/2024","16:15:00",2024-10-31 16:15:00,-0.22,4
"31/10/2024","16:30:00",2024-10-31 16:30:00,-0.23,4
"31/10/2024","16:45:00",2024-10-31 16:45:00,-0.31,4
"31/10/2024","17:00:00",2024-10-31 17:00:00,-0.32,4
"31/10/2024","17:15:00",2024-10-31 17:15:00,-0.36,4
"31/10/2024","17:30:00",2024-10-31 17:30:00,-0.32,4
"31/10/2024","17:45:00",2024-10-31 17:45:00,-0.33,4
"31/10/2024","18:00:00",2024-10-31 18:00:00,-0.34,4
"31/10/2024","18:15:00",2024-10-31 18:15:00,-0.37,4
"31/10/2024","18:30:00",2024-10-31 18:30:00,-0.34,4
"31/10/2024","18:45:00",2024-10-31 18:45:00,-0.32,4
"31/10/2024","19:00:00",2024-10-31 19:00:00,-0.34,4
"31/10/2024","19:15:00",2024-10-31 19:15:00,-0.36,4
"31/10/2024","19:30:00",2024-10-31 19:30:00,-0.38,4
"31/10/2024","19:45:00",2024-10-31 19:45:00,-0.27,4
"31/10/2024","20:00:00",2024-10-31 20:00:00,-0.3,4
"31/10/2024","20:15:00",2024-10-31 20:15:00,-0.33,4
"31/10/2024","20:30:00",2024-10-31 20:30:00,-0.41,4
"31/10/2024","20:45:00",2024-10-31 20:45:00,-0.38,4
"31/10/2024","21:00:00",2024-10-31 21:00:00,-0.39,4
"31/10/2024","21:15:00",2024-10-31 21:15:00,-0.4,4
"31/10/2024","21:30:00",2024-10-31 21:30:00,-0.37,4
"31/10/2024","21:45:00",2024-10-31 21:45:00,-0.41,4
"31/10/2024","22:00:00",2024-10-31 22:00:00,-0.38,4
"31/10/2024","22:15:00",2024-10-31 22:15:00,-0.34,4
"31/10/2024","22:30:00",2024-10-31 22:30:00,-0.39,4
"31/10/2024","22:45:00",2024-10-31 22:45:00,-0.36,4
"31/10/2024","23:00:00",2024-10-31 23:00:00,-0.37,4
"31/10/2024","23:15:00",2024-10-31 23:15:00,-0.36,4
"31/10/2024","23:30:00",2024-10-31 23:30:00,-0.35,4
"31/10/2024","23:45:00",2024-10-31 23:45:00,-0.36,4
"01/11/2024","00:00:00",2024-11-01,-0.23,4
"01/11/2024","00:15:00",2024-11-01 00:15:00,-0.13,4
"01/11/2024","00:30:00",2024-11-01 00:30:00,-0.09,4
"01/11/2024","00:45:00",2024-11-01 00:45:00,-0.05,4
"01/11/2024","01:00:00",2024-11-01 01:00:00,-0.04,4
"01/11/2024","01:15:00",2024-11-01 01:15:00,-0.01,4
"01/11/2024","01:30:00",2024-11-01 01:30:00,-0.01,4
"01/11/2024","01:45:00",2024-11-01 01:45:00,0,4
"01/11/2024","02:00:00",2024-11-01 02:00:00,0,4
"01/11/2024","02:15:00",2024-11-01 02:15:00,0,4
"01/11/2024","02:30:00",2024-11-01 02:30:00,0,4
"01/11/2024","02:45:00",2024-11-01 02:45:00,0,4
"01/11/2024","03:00:00",2024-11-01 03:00:00,0,4
"01/11/2024","03:15:00",2024-11-01 03:15:00,0,4
"01/11/2024","03:30:00",2024-11-01 03:30:00,0,4
"01/11/2024","03:45:00",2024-11-01 03:45:00,0,4
"01/11/2024","04:00:00",2024-11-01 04:00:00,0,4
"01/11/2024","04:15:00",2024-11-01 04:15:00,0,4
"01/11/2024","04:30:00",2024-11-01 04:30:00,0,4
"01/11/2024","04:45:00",2024-11-01 04:45:00,0,4
"01/11/2024","05:00:00",2024-11-01 05:00:00,0,4
"01/11/2024","05:15:00",2024-11-01 05:15:00,0,4
"01/11/2024","05:30:00",2024-11-01 05:30:00,0,4
"01/11/2024","05:45:00",2024-11-01 05:45:00,0,4
"01/11/2024","06:00:00",2024-11-01 06:00:00,0,4
"01/11/2024","06:15:00",2024-11-01 06:15:00,0,4
"01/11/2024","06:30:00",2024-11-01 06:30:00,0,4
"01/11/2024","06:45:00",2024-11-01 06:45:00,0,4
"01/11/2024","07:00:00",2024-11-01 07:00:00,0,4
"01/11/2024","07:15:00",2024-11-01 07:15:00,0,4
"01/11/2024","07:30:00",2024-11-01 07:30:00,0,4
"01/11/2024","07:45:00",2024-11-01 07:45:00,0,4
"01/11/2024","08:00:00",2024-11-01 08:00:00,0,4
"01/11/2024","08:15:00",2024-11-01 08:15:00,-0.07,4
"01/11/2024","08:30:00",2024-11-01 08:30:00,-0.16,4
"01/11/2024","08:45:00",2024-11-01 08:45:00,-0.24,4
"01/11/2024","09:00:00",2024-11-01 09:00:00,-0.27,4
"01/11/2024","09:15:00",2024-11-01 09:15:00,-0.27,4
"01/11/2024","09:30:00",2024-11-01 09:30:00,-0.3,4
"01/11/2024","09:45:00",2024-11-01 09:45:00,-0.29,4
"01/11/2024","10:00:00",2024-11-01 10:00:00,-0.26,4
"01/11/2024","10:15:00",2024-11-01 10:15:00,-0.27,4
"01/11/2024","10:30:00",2024-11-01 10:30:00,-0.31,4
"01/11/2024","10:45:00",2024-11-01 10:45:00,-0.27,4
"01/11/2024","11:00:00",2024-11-01 11:00:00,-0.3,4
"01/11/2024","11:15:00",2024-11-01 11:15:00,-0.3,4
"01/11/2024","11:30:00",2024-11-01 11:30:00,-0.29,4
"01/11/2024","11:45:00",2024-11-01 11:45:00,-0.33,4
"01/11/2024","12:00:00",2024-11-01 12:00:00,-0.34,4
"01/11/2024","12:15:00",2024-11-01 12:15:00,-0.36,4
"01/11/2024","12:30:00",2024-11-01 12:30:00,-0.38,4
"01/11/2024","12:45:00",2024-11-01 12:45:00,-0.36,4
"01/11/2024","13:00:00",2024-11-01 13:00:00,-0.4,4
"01/11/2024","13:15:00",2024-11-01 13:15:00,-0.39,4
"01/11/2024","13:30:00",2024-11-01 13:30:00,-0.41,4
"01/11/2024","13:45:00",2024-11-01 13:45:00,-0.42,4
"01/11/2024","14:00:00",2024-11-01 14:00:00,-0.46,4
"01/11/2024","14:15:00",2024-11-01 14:15:00,-0.43,4
"01/11/2024","14:30:00",2024-11-01 14:30:00,-0.42,4
"01/11/2024","14:45:00",2024-11-01 14:45:00,-0.41,4
"01/11/2024","15:00:00",2024-11-01 15:00:00,-0.5,4
"01/11/2024","15:15:00",2024-11-01 15:15:00,-0.47,4
"01/11/2024","15:30:00",2024-11-01 15:30:00,-0.46,4
"01/11/2024","15:45:00",2024-11-01 15:45:00,-0.46,4
"01/11/2024","16:00:00",2024-11-01 16:00:00,-0.47,4
"01/11/2024","16:15:00",2024-11-01 16:15:00,-0.48,4
"01/11/2024","16:30:00",2024-11-01 16:30:00,-0.48,4
"01/11/2024","16:45:00",2024-11-01 16:45:00,-0.5,4
"01/11/2024","17:00:00",2024-11-01 17:00:00,-0.49,4
"01/11/2024","17:15:00",2024-11-01 17:15:00,-0.48,4
"01/11/2024","17:30:00",2024-11-01 17:30:00,-0.5,4
"01/11/2024","17:45:00",2024-11-01 17:45:00,-0.48,4
"01/11/2024","18:00:00",2024-11-01 18:00:00,-0.49,4
"01/11/2024","18:15:00",2024-11-01 18:15:00,-0.52,4
"01/11/2024","18:30:00",2024-11-01 18:30:00,-0.52,4
"01/11/2024","18:45:00",2024-11-01 18:45:00,-0.53,4
"01/11/2024","19:00:00",2024-11-01 19:00:00,-0.54,4
"01/11/2024","19:15:00",2024-11-01 19:15:00,-0.53,4
"01/11/2024","19:30:00",2024-11-01 19:30:00,-0.53,4
"01/11/2024","19:45:00",2024-11-01 19:45:00,-0.57,4
"01/11/2024","20:00:00",2024-11-01 20:00:00,-0.55,4
"01/11/2024","20:15:00",2024-11-01 20:15:00,-0.53,4
"01/11/2024","20:30:00",2024-11-01 20:30:00,-0.56,4
"01/11/2024","20:45:00",2024-11-01 20:45:00,-0.59,4
"01/11/2024","21:00:00",2024-11-01 21:00:00,-0.58,4
"01/11/2024","21:15:00",2024-11-01 21:15:00,-0.62,4
"01/11/2024","21:30:00",2024-11-01 21:30:00,-0.55,4
"01/11/2024","21:45:00",2024-11-01 21:45:00,-0.59,4
"01/11/2024","22:00:00",2024-11-01 22:00:00,-0.58,4
"01/11/2024","22:15:00",2024-11-01 22:15:00,-0.58,4
"01/11/2024","22:30:00",2024-11-01 22:30:00,-0.56,4
"01/11/2024","22:45:00",2024-11-01 22:45:00,-0.61,4
"01/11/2024","23:00:00",2024-11-01 23:00:00,-0.56,4
"01/11/2024","23:15:00",2024-11-01 23:15:00,-0.55,4
"01/11/2024","23:30:00",2024-11-01 23:30:00,-0.56,4
"01/11/2024","23:45:00",2024-11-01 23:45:00,-0.58,4
"02/11/2024","00:00:00",2024-11-02,-0.45,4
"02/11/2024","00:15:00",2024-11-02 00:15:00,-0.34,4
"02/11/2024","00:30:00",2024-11-02 00:30:00,-0.27,4
"02/11/2024","00:45:00",2024-11-02 00:45:00,-0.23,4
"02/11/2024","01:00:00",2024-11-02 01:00:00,-0.22,4
"02/11/2024","01:15:00",2024-11-02 01:15:00,-0.2,4
"02/11/2024","01:30:00",2024-11-02 01:30:00,-0.18,4
"02/11/2024","01:45:00",2024-11-02 01:45:00,-0.18,4
"02/11/2024","02:00:00",2024-11-02 02:00:00,-0.16,4
"02/11/2024","02:15:00",2024-11-02 02:15:00,-0.15,4
"02/11/2024","02:30:00",2024-11-02 02:30:00,-0.16,4
"02/11/2024","02:45:00",2024-11-02 02:45:00,-0.16,4
"02/11/2024","03:00:00",2024-11-02 03:00:00,-0.16,4
"02/11/2024","03:15:00",2024-11-02 03:15:00,-0.16,4
"02/11/2024","03:30:00",2024-11-02 03:30:00,-0.14,4
"02/11/2024","03:45:00",2024-11-02 03:45:00,-0.15,4
"02/11/2024","04:00:00",2024-11-02 04:00:00,-0.14,4
"02/11/2024","04:15:00",2024-11-02 04:15:00,-0.14,4
"02/11/2024","04:30:00",2024-11-02 04:30:00,-0.11,4
"02/11/2024","04:45:00",2024-11-02 04:45:00,-0.11,4
"02/11/2024","05:00:00",2024-11-02 05:00:00,-0.12,4
"02/11/2024","05:15:00",2024-11-02 05:15:00,-0.08,4
"02/11/2024","05:30:00",2024-11-02 05:30:00,-0.1,4
"02/11/2024","05:45:00",2024-11-02 05:45:00,-0.08,4
"02/11/2024","06:00:00",2024-11-02 06:00:00,-0.1,4
"02/11/2024","06:15:00",2024-11-02 06:15:00,-0.09,4
"02/11/2024","06:30:00",2024-11-02 06:30:00,-0.1,4
"02/11/2024","06:45:00",2024-11-02 06:45:00,-0.07,4
"02/11/2024","07:00:00",2024-11-02 07:00:00,-0.07,4
"02/11/2024","07:15:00",2024-11-02 07:15:00,-0.1,4
"02/11/2024","07:30:00",2024-11-02 07:30:00,-0.09,4
"02/11/2024","07:45:00",2024-11-02 07:45:00,-0.12,4
"02/11/2024","08:00:00",2024-11-02 08:00:00,-0.18,4
"02/11/2024","08:15:00",2024-11-02 08:15:00,-0.33,4
"02/11/2024","08:30:00",2024-11-02 08:30:00,-0.44,4
"02/11/2024","08:45:00",2024-11-02 08:45:00,-0.48,4
"02/11/2024","09:00:00",2024-11-02 09:00:00,-0.53,4
"02/11/2024","09:15:00",2024-11-02 09:15:00,-0.54,4
"02/11/2024","09:30:00",2024-11-02 09:30:00,-0.58,4
"02/11/2024","09:45:00",2024-11-02 09:45:00,-0.56,4
"02/11/2024","10:00:00",2024-11-02 10:00:00,-0.59,4
"02/11/2024","10:15:00",2024-11-02 10:15:00,-0.57,4
"02/11/2024","10:30:00",2024-11-02 10:30:00,-0.61,4
"02/11/2024","10:45:00",2024-11-02 10:45:00,-0.58,4
"02/11/2024","11:00:00",2024-11-02 11:00:00,-0.62,4
"02/11/2024","11:15:00",2024-11-02 11:15:00,-0.65,4
"02/11/2024","11:30:00",2024-11-02 11:30:00,-0.59,4
"02/11/2024","11:45:00",2024-11-02 11:45:00,-0.6,4
"02/11/2024","12:00:00",2024-11-02 12:00:00,-0.58,4
"02/11/2024","12:15:00",2024-11-02 12:15:00,-0.62,4
"02/11/2024","12:30:00",2024-11-02 12:30:00,-0.65,4
"02/11/2024","12:45:00",2024-11-02 12:45:00,-0.62,4
"02/11/2024","13:00:00",2024-11-02 13:00:00,-0.7,4
"02/11/2024","13:15:00",2024-11-02 13:15:00,-0.7,4
"02/11/2024","13:30:00",2024-11-02 13:30:00,-0.75,4
"02/11/2024","13:45:00",2024-11-02 13:45:00,-0.78,4
"02/11/2024","14:00:00",2024-11-02 14:00:00,-0.73,4
"02/11/2024","14:15:00",2024-11-02 14:15:00,-0.75,4
"02/11/2024","14:30:00",2024-11-02 14:30:00,-0.71,4
"02/11/2024","14:45:00",2024-11-02 14:45:00,-0.76,4
"02/11/2024","15:00:00",2024-11-02 15:00:00,-0.74,4
"02/11/2024","15:15:00",2024-11-02 15:15:00,-0.77,4
"02/11/2024","15:30:00",2024-11-02 15:30:00,-0.77,4
"02/11/2024","15:45:00",2024-11-02 15:45:00,-0.78,4
"02/11/2024","16:00:00",2024-11-02 16:00:00,-0.8,4
"02/11/2024","16:15:00",2024-11-02 16:15:00,-0.8,4
"02/11/2024","16:30:00",2024-11-02 16:30:00,-0.76,4
"02/11/2024","16:45:00",2024-11-02 16:45:00,-0.79,4
"02/11/2024","17:00:00",2024-11-02 17:00:00,-0.78,4
"02/11/2024","17:15:00",2024-11-02 17:15:00,-0.8,4
"02/11/2024","17:30:00",2024-11-02 17:30:00,-0.8,4
"02/11/2024","17:45:00",2024-11-02 17:45:00,-0.82,4
"02/11/2024","18:00:00",2024-11-02 18:00:00,-0.81,4
"02/11/2024","18:15:00",2024-11-02 18:15:00,-0.81,4
"02/11/2024","18:30:00",2024-11-02 18:30:00,-0.83,4
"02/11/2024","18:45:00",2024-11-02 18:45:00,-0.84,4
"02/11/2024","19:00:00",2024-11-02 19:00:00,-0.82,4
"02/11/2024","19:15:00",2024-11-02 19:15:00,-0.85,4
"02/11/2024","19:30:00",2024-11-02 19:30:00,-0.83,4
"02/11/2024","19:45:00",2024-11-02 19:45:00,-0.88,4
"02/11/2024","20:00:00",2024-11-02 20:00:00,-0.86,4
"02/11/2024","20:15:00",2024-11-02 20:15:00,-0.84,4
"02/11/2024","20:30:00",2024-11-02 20:30:00,-0.85,4
"02/11/2024","20:45:00",2024-11-02 20:45:00,-0.87,4
"02/11/2024","21:00:00",2024-11-02 21:00:00,-0.88,4
"02/11/2024","21:15:00",2024-11-02 21:15:00,-0.87,4
"02/11/2024","21:30:00",2024-11-02 21:30:00,-0.88,4
"02/11/2024","21:45:00",2024-11-02 21:45:00,-0.84,4
"02/11/2024","22:00:00",2024-11-02 22:00:00,-0.86,4
"02/11/2024","22:15:00",2024-11-02 22:15:00,-0.89,4
"02/11/2024","22:30:00",2024-11-02 22:30:00,-0.86,4
"02/11/2024","22:45:00",2024-11-02 22:45:00,-0.88,4
"02/11/2024","23:00:00",2024-11-02 23:00:00,-0.84,4
"02/11/2024","23:15:00",2024-11-02 23:15:00,-0.86,4
"02/11/2024","23:30:00",2024-11-02 23:30:00,-0.86,4
"02/11/2024","23:45:00",2024-11-02 23:45:00,-0.86,4
"03/11/2024","00:00:00",2024-11-03,-0.82,4
"03/11/2024","00:15:00",2024-11-03 00:15:00,-0.76,4
"03/11/2024","00:30:00",2024-11-03 00:30:00,-0.7,4
"03/11/2024","00:45:00",2024-11-03 00:45:00,-0.65,4
"03/11/2024","01:00:00",2024-11-03 01:00:00,-0.59,4
"03/11/2024","01:15:00",2024-11-03 01:15:00,-0.58,4
"03/11/2024","01:30:00",2024-11-03 01:30:00,-0.54,4
"03/11/2024","01:45:00",2024-11-03 01:45:00,-0.52,4
"03/11/2024","02:00:00",2024-11-03 02:00:00,-0.49,4
"03/11/2024","02:15:00",2024-11-03 02:15:00,-0.48,4
"03/11/2024","02:30:00",2024-11-03 02:30:00,-0.48,4
"03/11/2024","02:45:00",2024-11-03 02:45:00,-0.46,4
"03/11/2024","03:00:00",2024-11-03 03:00:00,-0.45,4
"03/11/2024","03:15:00",2024-11-03 03:15:00,-0.42,4
"03/11/2024","03:30:00",2024-11-03 03:30:00,-0.42,4
"03/11/2024","03:45:00",2024-11-03 03:45:00,-0.41,4
"03/11/2024","04:00:00",2024-11-03 04:00:00,-0.4,4
"03/11/2024","04:15:00",2024-11-03 04:15:00,-0.4,4
"03/11/2024","04:30:00",2024-11-03 04:30:00,-0.39,4
"03/11/2024","04:45:00",2024-11-03 04:45:00,-0.4,4
"03/11/2024","05:00:00",2024-11-03 05:00:00,-0.39,4
"03/11/2024","05:15:00",2024-11-03 05:15:00,-0.37,4
"03/11/2024","05:30:00",2024-11-03 05:30:00,-0.37,4
"03/11/2024","05:45:00",2024-11-03 05:45:00,-0.35,4
"03/11/2024","06:00:00",2024-11-03 06:00:00,-0.34,4
"03/11/2024","06:15:00",2024-11-03 06:15:00,-0.35,4
"03/11/2024","06:30:00",2024-11-03 06:30:00,-0.35,4
"03/11/2024","06:45:00",2024-11-03 06:45:00,-0.33,4
"03/11/2024","07:00:00",2024-11-03 07:00:00,-0.31,4
"03/11/2024","07:15:00",2024-11-03 07:15:00,-0.31,4
"03/11/2024","07:30:00",2024-11-03 07:30:00,-0.35,4
"03/11/2024","07:45:00",2024-11-03 07:45:00,-0.38,4
"03/11/2024","08:00:00",2024-11-03 08:00:00,-0.41,4
"03/11/2024","08:15:00",2024-11-03 08:15:00,-0.52,4
"03/11/2024","08:30:00",2024-11-03 08:30:00,-0.62,4
"03/11/2024","08:45:00",2024-11-03 08:45:00,-0.68,4
"03/11/2024","09:00:00",2024-11-03 09:00:00,-0.74,4
"03/11/2024","09:15:00",2024-11-03 09:15:00,-0.74,4
"03/11/2024","09:30:00",2024-11-03 09:30:00,-0.76,4
"03/11/2024","09:45:00",2024-11-03 09:45:00,-0.81,4
"03/11/2024","10:00:00",2024-11-03 10:00:00,-0.82,4
"03/11/2024","10:15:00",2024-11-03 10:15:00,-0.85,4
"03/11/2024","10:30:00",2024-11-03 10:30:00,-0.89,4
"03/11/2024","10:45:00",2024-11-03 10:45:00,-0.87,4
"03/11/2024","11:00:00",2024-11-03 11:00:00,-0.87,4
"03/11/2024","11:15:00",2024-11-03 11:15:00,-0.82,4
"03/11/2024","11:30:00",2024-11-03 11:30:00,-0.67,4
"03/11/2024","11:45:00",2024-11-03 11:45:00,-0.59,4
"03/11/2024","12:00:00",2024-11-03 12:00:00,-0.53,4
"03/11/2024","12:15:00",2024-11-03 12:15:00,-0.49,4
"03/11/2024","12:30:00",2024-11-03 12:30:00,-0.5,4
"03/11/2024","12:45:00",2024-11-03 12:45:00,-0.47,4
"03/11/2024","13:00:00",2024-11-03 13:00:00,-0.48,4
"03/11/2024","13:15:00",2024-11-03 13:15:00,-0.49,4
"03/11/2024","13:30:00",2024-11-03 13:30:00,-0.46,4
"03/11/2024","13:45:00",2024-11-03 13:45:00,-0.46,4
"03/11/2024","14:00:00",2024-11-03 14:00:00,-0.46,4
"03/11/2024","14:15:00",2024-11-03 14:15:00,-0.47,4
"03/11/2024","14:30:00",2024-11-03 14:30:00,-0.49,4
"03/11/2024","14:45:00",2024-11-03 14:45:00,-0.52,4
"03/11/2024","15:00:00",2024-11-03 15:00:00,-0.47,4
"03/11/2024","15:15:00",2024-11-03 15:15:00,-0.48,4
"03/11/2024","15:30:00",2024-11-03 15:30:00,-0.46,4
"03/11/2024","15:45:00",2024-11-03 15:45:00,-0.48,4
"03/11/2024","16:00:00",2024-11-03 16:00:00,-0.52,4
"03/11/2024","16:15:00",2024-11-03 16:15:00,-0.45,4
"03/11/2024","16:30:00",2024-11-03 16:30:00,-0.48,4
"03/11/2024","16:45:00",2024-11-03 16:45:00,-0.48,4
"03/11/2024","17:00:00",2024-11-03 17:00:00,-0.5,4
"03/11/2024","17:15:00",2024-11-03 17:15:00,-0.47,4
"03/11/2024","17:30:00",2024-11-03 17:30:00,-0.47,4
"03/11/2024","17:45:00",2024-11-03 17:45:00,-0.43,4
"03/11/2024","18:00:00",2024-11-03 18:00:00,-0.44,4
"03/11/2024","18:15:00",2024-11-03 18:15:00,-0.43,4
"03/11/2024","18:30:00",2024-11-03 18:30:00,-0.45,4
"03/11/2024","18:45:00",2024-11-03 18:45:00,-0.43,4
"03/11/2024","19:00:00",2024-11-03 19:00:00,-0.45,4
"03/11/2024","19:15:00",2024-11-03 19:15:00,-0.43,4
"03/11/2024","19:30:00",2024-11-03 19:30:00,-0.46,4
"03/11/2024","19:45:00",2024-11-03 19:45:00,-0.44,4
"03/11/2024","20:00:00",2024-11-03 20:00:00,-0.42,4
"03/11/2024","20:15:00",2024-11-03 20:15:00,-0.47,4
"03/11/2024","20:30:00",2024-11-03 20:30:00,-0.45,4
"03/11/2024","20:45:00",2024-11-03 20:45:00,-0.47,4
"03/11/2024","21:00:00",2024-11-03 21:00:00,-0.47,4
"03/11/2024","21:15:00",2024-11-03 21:15:00,-0.46,4
"03/11/2024","21:30:00",2024-11-03 21:30:00,-0.47,4
"03/11/2024","21:45:00",2024-11-03 21:45:00,-0.47,4
"03/11/2024","22:00:00",2024-11-03 22:00:00,-0.43,4
"03/11/2024","22:15:00",2024-11-03 22:15:00,-0.46,4
"03/11/2024","22:30:00",2024-11-03 22:30:00,-0.49,4
"03/11/2024","22:45:00",2024-11-03 22:45:00,-0.44,4
"03/11/2024","23:00:00",2024-11-03 23:00:00,-0.44,4
"03/11/2024","23:15:00",2024-11-03 23:15:00,-0.47,4
"03/11/2024","23:30:00",2024-11-03 23:30:00,-0.49,4
"03/11/2024","23:45:00",2024-11-03 23:45:00,-0.46,4
"04/11/2024","00:00:00",2024-11-04,-0.38,4
"04/11/2024","00:15:00",2024-11-04 00:15:00,-0.28,4
"04/11/2024","00:30:00",2024-11-04 00:30:00,-0.26,4
"04/11/2024","00:45:00",2024-11-04 00:45:00,-0.22,4
"04/11/2024","01:00:00",2024-11-04 01:00:00,-0.21,4
"04/11/2024","01:15:00",2024-11-04 01:15:00,-0.18,4
"04/11/2024","01:30:00",2024-11-04 01:30:00,-0.17,4
"04/11/2024","01:45:00",2024-11-04 01:45:00,-0.15,4
"04/11/2024","02:59:59",2024-11-04 02:59:59,-0.15,4
"04/11/2024","03:00:00",2024-11-04 03:00:00,-0.13,4
"04/11/2024","03:15:00",2024-11-04 03:15:00,-0.11,4
"04/11/2024","03:30:00",2024-11-04 03:30:00,-0.12,4
"04/11/2024","03:45:00",2024-11-04 03:45:00,-0.1,4
"04/11/2024","04:00:00",2024-11-04 04:00:00,-0.11,4
"04/11/2024","04:15:00",2024-11-04 04:15:00,-0.1,4
"04/11/2024","04:30:00",2024-11-04 04:30:00,-0.1,4
"04/11/2024","04:45:00",2024-11-04 04:45:00,-0.09,4
"04/11/2024","05:00:00",2024-11-04 05:00:00,-0.09,4
"04/11/2024","05:15:00",2024-11-04 05:15:00,-0.09,4
"04/11/2024","05:30:00",2024-11-04 05:30:00,-0.09,4
"04/11/2024","05:45:00",2024-11-04 05:45:00,-0.07,4
"04/11/2024","06:00:00",2024-11-04 06:00:00,-0.08,4
"04/11/2024","06:15:00",2024-11-04 06:15:00,-0.07,4
"04/11/2024","06:30:00",2024-11-04 06:30:00,-0.08,4
"04/11/2024","06:45:00",2024-11-04 06:45:00,-0.07,4
"04/11/2024","07:00:00",2024-11-04 07:00:00,-0.07,4
"04/11/2024","07:15:00",2024-11-04 07:15:00,-0.07,4
"04/11/2024","07:30:00",2024-11-04 07:30:00,-0.09,4
"04/11/2024","07:45:00",2024-11-04 07:45:00,-0.12,4
"04/11/2024","08:00:00",2024-11-04 08:00:00,-0.12,4
"04/11/2024","08:15:00",2024-11-04 08:15:00,-0.21,4
"04/11/2024","08:30:00",2024-11-04 08:30:00,-0.28,4
"04/11/2024","08:45:00",2024-11-04 08:45:00,-0.33,4
"04/11/2024","09:00:00",2024-11-04 09:00:00,-0.39,4
"04/11/2024","09:15:00",2024-11-04 09:15:00,-0.35,4
"04/11/2024","09:30:00",2024-11-04 09:30:00,-0.38,4
"04/11/2024","09:45:00",2024-11-04 09:45:00,-0.34,4
"04/11/2024","10:00:00",2024-11-04 10:00:00,-0.42,4
"04/11/2024","10:15:00",2024-11-04 10:15:00,-0.42,4
"04/11/2024","10:30:00",2024-11-04 10:30:00,-0.35,4
"04/11/2024","10:45:00",2024-11-04 10:45:00,-0.47,4
"04/11/2024","11:00:00",2024-11-04 11:00:00,-0.27,4
"04/11/2024","11:15:00",2024-11-04 11:15:00,-0.46,4
"04/11/2024","11:30:00",2024-11-04 11:30:00,-0.43,4
"04/11/2024","11:45:00",2024-11-04 11:45:00,-0.39,4
"04/11/2024","12:00:00",2024-11-04 12:00:00,-0.39,4
"04/11/2024","12:15:00",2024-11-04 12:15:00,-0.51,4
"04/11/2024","12:30:00",2024-11-04 12:30:00,-0.42,4
"25/10/2024","00:00:00",2024-10-25,-0.14,1
"25/10/2024","00:15:00",2024-10-25 00:15:00,-0.1,1
"25/10/2024","00:30:00",2024-10-25 00:30:00,-0.08,1
"25/10/2024","00:45:00",2024-10-25 00:45:00,-0.06,1
"25/10/2024","01:00:00",2024-10-25 01:00:00,-0.07,1
"25/10/2024","01:15:00",2024-10-25 01:15:00,-0.06,1
"25/10/2024","01:30:00",2024-10-25 01:30:00,-0.05,1
"25/10/2024","01:45:00",2024-10-25 01:45:00,-0.06,1
"25/10/2024","02:00:00",2024-10-25 02:00:00,-0.04,1
"25/10/2024","02:15:00",2024-10-25 02:15:00,-0.05,1
"25/10/2024","02:30:00",2024-10-25 02:30:00,-0.04,1
"25/10/2024","02:45:00",2024-10-25 02:45:00,-0.04,1
"25/10/2024","03:00:00",2024-10-25 03:00:00,-0.04,1
"25/10/2024","03:15:00",2024-10-25 03:15:00,-0.03,1
"25/10/2024","03:30:00",2024-10-25 03:30:00,-0.01,1
"25/10/2024","03:45:00",2024-10-25 03:45:00,-0.01,1
"25/10/2024","04:00:00",2024-10-25 04:00:00,0,1
"25/10/2024","04:15:00",2024-10-25 04:15:00,0,1
"25/10/2024","04:30:00",2024-10-25 04:30:00,0,1
"25/10/2024","04:45:00",2024-10-25 04:45:00,0,1
"25/10/2024","05:00:00",2024-10-25 05:00:00,0,1
"25/10/2024","05:15:00",2024-10-25 05:15:00,0,1
"25/10/2024","05:30:00",2024-10-25 05:30:00,0,1
"25/10/2024","05:45:00",2024-10-25 05:45:00,0,1
"25/10/2024","06:00:00",2024-10-25 06:00:00,0,1
"25/10/2024","06:15:00",2024-10-25 06:15:00,0,1
"25/10/2024","06:30:00",2024-10-25 06:30:00,0,1
"25/10/2024","06:45:00",2024-10-25 06:45:00,0,1
"25/10/2024","07:00:00",2024-10-25 07:00:00,0,1
"25/10/2024","07:15:00",2024-10-25 07:15:00,-0.01,1
"25/10/2024","07:30:00",2024-10-25 07:30:00,-0.31,1
"25/10/2024","07:45:00",2024-10-25 07:45:00,-0.33,1
"25/10/2024","08:00:00",2024-10-25 08:00:00,-0.38,1
"25/10/2024","08:15:00",2024-10-25 08:15:00,-0.43,1
"25/10/2024","08:30:00",2024-10-25 08:30:00,-0.44,1
"25/10/2024","08:45:00",2024-10-25 08:45:00,-0.41,1
"25/10/2024","09:00:00",2024-10-25 09:00:00,-0.52,1
"25/10/2024","09:15:00",2024-10-25 09:15:00,-0.44,1
"25/10/2024","09:30:00",2024-10-25 09:30:00,-0.57,1
"25/10/2024","09:45:00",2024-10-25 09:45:00,-0.5,1
"25/10/2024","10:00:00",2024-10-25 10:00:00,-0.43,1
"25/10/2024","10:15:00",2024-10-25 10:15:00,-0.58,1
"25/10/2024","10:30:00",2024-10-25 10:30:00,-0.51,1
"25/10/2024","10:45:00",2024-10-25 10:45:00,-0.75,1
"25/10/2024","11:00:00",2024-10-25 11:00:00,-0.54,1
"25/10/2024","11:15:00",2024-10-25 11:15:00,-0.59,1
"25/10/2024","11:30:00",2024-10-25 11:30:00,-0.63,1
"25/10/2024","11:45:00",2024-10-25 11:45:00,-0.6,1
"25/10/2024","12:00:00",2024-10-25 12:00:00,-0.49,1
"25/10/2024","12:15:00",2024-10-25 12:15:00,-0.62,1
"25/10/2024","12:30:00",2024-10-25 12:30:00,-0.6,1
"25/10/2024","12:45:00",2024-10-25 12:45:00,-0.5,1
"25/10/2024","13:00:00",2024-10-25 13:00:00,-0.52,1
"25/10/2024","13:15:00",2024-10-25 13:15:00,-0.44,1
"25/10/2024","13:30:00",2024-10-25 13:30:00,-0.45,1
"25/10/2024","13:45:00",2024-10-25 13:45:00,-0.5,1
"25/10/2024","14:00:00",2024-10-25 14:00:00,-0.58,1
"25/10/2024","14:15:00",2024-10-25 14:15:00,-0.56,1
"25/10/2024","14:30:00",2024-10-25 14:30:00,-0.59,1
"25/10/2024","14:45:00",2024-10-25 14:45:00,-0.6,1
"25/10/2024","15:00:00",2024-10-25 15:00:00,-0.85,1
"25/10/2024","15:15:00",2024-10-25 15:15:00,-0.59,1
"25/10/2024","15:30:14",2024-10-25 15:30:14,-0.95,1
"25/10/2024","15:45:00",2024-10-25 15:45:00,-0.67,1
"25/10/2024","16:00:00",2024-10-25 16:00:00,-0.6,1
"25/10/2024","16:15:00",2024-10-25 16:15:00,-0.59,1
"25/10/2024","16:30:00",2024-10-25 16:30:00,-0.65,1
"25/10/2024","16:45:00",2024-10-25 16:45:00,-0.81,1
"25/10/2024","17:00:00",2024-10-25 17:00:00,-0.71,1
"25/10/2024","17:15:00",2024-10-25 17:15:00,-0.68,1
"25/10/2024","17:30:00",2024-10-25 17:30:00,-0.67,1
"25/10/2024","17:45:00",2024-10-25 17:45:00,-0.71,1
"25/10/2024","18:00:00",2024-10-25 18:00:00,-0.73,1
"25/10/2024","18:15:00",2024-10-25 18:15:00,-0.68,1
"25/10/2024","18:30:00",2024-10-25 18:30:00,-0.74,1
"25/10/2024","18:45:00",2024-10-25 18:45:00,-0.7,1
"25/10/2024","19:00:00",2024-10-25 19:00:00,-0.68,1
"25/10/2024","19:15:00",2024-10-25 19:15:00,-0.66,1
"25/10/2024","19:30:00",2024-10-25 19:30:00,-0.68,1
"25/10/2024","19:45:00",2024-10-25 19:45:00,-0.78,1
"25/10/2024","20:00:00",2024-10-25 20:00:00,-0.72,1
"25/10/2024","20:15:00",2024-10-25 20:15:00,-0.64,1
"25/10/2024","20:30:00",2024-10-25 20:30:00,-0.73,1
"25/10/2024","20:45:00",2024-10-25 20:45:00,-0.72,1
"25/10/2024","21:00:00",2024-10-25 21:00:00,-0.72,1
"25/10/2024","21:15:00",2024-10-25 21:15:00,-0.75,1
"25/10/2024","21:30:00",2024-10-25 21:30:00,-0.76,1
"25/10/2024","21:45:00",2024-10-25 21:45:00,-0.75,1
"25/10/2024","22:00:00",2024-10-25 22:00:00,-0.82,1
"25/10/2024","22:15:00",2024-10-25 22:15:00,-0.67,1
"25/10/2024","22:30:00",2024-10-25 22:30:00,-0.66,1
"25/10/2024","22:45:00",2024-10-25 22:45:00,-0.68,1
"25/10/2024","23:00:00",2024-10-25 23:00:00,-0.68,1
"25/10/2024","23:15:00",2024-10-25 23:15:00,-0.57,1
"25/10/2024","23:30:00",2024-10-25 23:30:00,-0.5,1
"25/10/2024","23:45:00",2024-10-25 23:45:00,-0.44,1
"26/10/2024","00:00:00",2024-10-26,-0.38,1
"26/10/2024","00:15:00",2024-10-26 00:15:00,-0.33,1
"26/10/2024","00:30:00",2024-10-26 00:30:00,-0.28,1
"26/10/2024","00:45:00",2024-10-26 00:45:00,-0.26,1
"26/10/2024","01:00:00",2024-10-26 01:00:00,-0.26,1
"26/10/2024","01:15:00",2024-10-26 01:15:00,-0.2,1
"26/10/2024","01:30:00",2024-10-26 01:30:00,-0.23,1
"26/10/2024","01:45:00",2024-10-26 01:45:00,-0.18,1
"26/10/2024","02:00:00",2024-10-26 02:00:00,-0.17,1
"26/10/2024","02:15:00",2024-10-26 02:15:00,-0.15,1
"26/10/2024","02:30:00",2024-10-26 02:30:00,-0.17,1
"26/10/2024","02:45:00",2024-10-26 02:45:00,-0.14,1
"26/10/2024","03:00:00",2024-10-26 03:00:00,-0.15,1
"26/10/2024","03:15:00",2024-10-26 03:15:00,-0.13,1
"26/10/2024","03:30:00",2024-10-26 03:30:00,-0.12,1
"26/10/2024","03:45:00",2024-10-26 03:45:00,-0.14,1
"26/10/2024","04:00:00",2024-10-26 04:00:00,-0.13,1
"26/10/2024","04:15:00",2024-10-26 04:15:00,-0.12,1
"26/10/2024","04:30:00",2024-10-26 04:30:00,-0.11,1
"26/10/2024","04:45:00",2024-10-26 04:45:00,-0.1,1
"26/10/2024","05:00:00",2024-10-26 05:00:00,-0.11,1
"26/10/2024","05:15:00",2024-10-26 05:15:00,-0.09,1
"26/10/2024","05:30:00",2024-10-26 05:30:00,-0.09,1
"26/10/2024","05:45:00",2024-10-26 05:45:00,-0.06,1
"26/10/2024","06:00:00",2024-10-26 06:00:00,-0.08,1
"26/10/2024","06:15:00",2024-10-26 06:15:00,-0.08,1
"26/10/2024","06:30:00",2024-10-26 06:30:00,-0.1,1
"26/10/2024","06:45:00",2024-10-26 06:45:00,-0.12,1
"26/10/2024","07:00:00",2024-10-26 07:00:00,-0.17,1
"26/10/2024","07:15:00",2024-10-26 07:15:00,-0.29,1
"26/10/2024","07:30:00",2024-10-26 07:30:00,-0.4,1
"26/10/2024","07:45:00",2024-10-26 07:45:00,-0.5,1
"26/10/2024","08:00:00",2024-10-26 08:00:00,-0.57,1
"26/10/2024","08:15:00",2024-10-26 08:15:00,-0.54,1
"26/10/2024","08:30:00",2024-10-26 08:30:00,-0.54,1
"26/10/2024","08:45:00",2024-10-26 08:45:00,-0.58,1
"26/10/2024","09:00:00",2024-10-26 09:00:00,-0.54,1
"26/10/2024","09:15:00",2024-10-26 09:15:00,-0.63,1
"26/10/2024","09:30:00",2024-10-26 09:30:00,-0.73,1
"26/10/2024","09:45:00",2024-10-26 09:45:00,-0.7,1
"26/10/2024","10:00:00",2024-10-26 10:00:00,-0.66,1
"26/10/2024","10:15:00",2024-10-26 10:15:00,-0.72,1
"26/10/2024","10:30:00",2024-10-26 10:30:00,-0.67,1
"26/10/2024","10:45:00",2024-10-26 10:45:00,-0.76,1
"26/10/2024","11:00:00",2024-10-26 11:00:00,-0.71,1
"26/10/2024","11:15:00",2024-10-26 11:15:00,-0.8,1
"26/10/2024","11:30:00",2024-10-26 11:30:00,-1.28,1
"26/10/2024","11:45:00",2024-10-26 11:45:00,-0.79,1
"26/10/2024","12:00:00",2024-10-26 12:00:00,-0.71,1
"26/10/2024","12:15:00",2024-10-26 12:15:00,-0.57,1
"26/10/2024","12:30:00",2024-10-26 12:30:00,-0.65,1
"26/10/2024","12:45:00",2024-10-26 12:45:00,-0.79,1
"26/10/2024","13:00:00",2024-10-26 13:00:00,-0.78,1
"26/10/2024","13:15:00",2024-10-26 13:15:00,-0.81,1
"26/10/2024","13:30:00",2024-10-26 13:30:00,-0.77,1
"26/10/2024","13:45:00",2024-10-26 13:45:00,-0.83,1
"26/10/2024","14:00:00",2024-10-26 14:00:00,-0.8,1
"26/10/2024","14:15:00",2024-10-26 14:15:00,-1.03,1
"26/10/2024","14:30:00",2024-10-26 14:30:00,-1.16,1
"26/10/2024","14:45:00",2024-10-26 14:45:00,-0.83,1
"26/10/2024","15:00:00",2024-10-26 15:00:00,-1.04,1
"26/10/2024","15:15:00",2024-10-26 15:15:00,-0.98,1
"26/10/2024","15:30:00",2024-10-26 15:30:00,-0.82,1
"26/10/2024","15:45:00",2024-10-26 15:45:00,-1.4,1
"26/10/2024","16:00:00",2024-10-26 16:00:00,-0.96,1
"26/10/2024","16:15:00",2024-10-26 16:15:00,-0.8,1
"26/10/2024","16:30:00",2024-10-26 16:30:00,-0.75,1
"26/10/2024","16:45:00",2024-10-26 16:45:00,-0.82,1
"26/10/2024","17:00:00",2024-10-26 17:00:00,-0.78,1
"26/10/2024","17:15:00",2024-10-26 17:15:00,-0.84,1
"26/10/2024","17:30:00",2024-10-26 17:30:00,-0.88,1
"26/10/2024","17:45:00",2024-10-26 17:45:00,-0.86,1
"26/10/2024","18:00:00",2024-10-26 18:00:00,-0.86,1
"26/10/2024","18:15:00",2024-10-26 18:15:00,-0.83,1
"26/10/2024","18:30:00",2024-10-26 18:30:00,-0.85,1
"26/10/2024","18:45:00",2024-10-26 18:45:00,-0.86,1
"26/10/2024","19:00:00",2024-10-26 19:00:00,-0.94,1
"26/10/2024","19:15:00",2024-10-26 19:15:00,-0.87,1
"26/10/2024","19:30:00",2024-10-26 19:30:00,-0.93,1
"26/10/2024","19:45:00",2024-10-26 19:45:00,-0.89,1
"26/10/2024","20:00:00",2024-10-26 20:00:00,-0.95,1
"26/10/2024","20:15:00",2024-10-26 20:15:00,-0.91,1
"26/10/2024","20:30:00",2024-10-26 20:30:00,-0.84,1
"26/10/2024","20:45:00",2024-10-26 20:45:00,-0.92,1
"26/10/2024","21:00:00",2024-10-26 21:00:00,-0.91,1
"26/10/2024","21:15:00",2024-10-26 21:15:00,-0.86,1
"26/10/2024","21:30:00",2024-10-26 21:30:00,-0.84,1
"26/10/2024","21:45:00",2024-10-26 21:45:00,-0.88,1
"26/10/2024","22:00:00",2024-10-26 22:00:00,-0.87,1
"26/10/2024","22:15:00",2024-10-26 22:15:00,-0.86,1
"26/10/2024","22:30:00",2024-10-26 22:30:00,-0.87,1
"26/10/2024","22:45:00",2024-10-26 22:45:00,-0.86,1
"26/10/2024","23:00:00",2024-10-26 23:00:00,-0.96,1
"26/10/2024","23:15:00",2024-10-26 23:15:00,-0.79,1
"26/10/2024","23:30:00",2024-10-26 23:30:00,-0.77,1
"26/10/2024","23:45:00",2024-10-26 23:45:00,-0.72,1
"27/10/2024","00:00:00",2024-10-27,-0.68,1
"27/10/2024","00:15:00",2024-10-27 00:15:00,-0.61,1
"27/10/2024","00:30:00",2024-10-27 00:30:00,-0.6,1
"27/10/2024","00:45:00",2024-10-27 00:45:00,-0.57,1
"27/10/2024","01:00:00",2024-10-27 01:00:00,-0.56,1
"27/10/2024","01:15:00",2024-10-27 01:15:00,-0.53,1
"27/10/2024","01:30:00",2024-10-27 01:30:00,-0.49,1
"27/10/2024","01:45:00",2024-10-27 01:45:00,-0.48,1
"27/10/2024","02:00:00",2024-10-27 02:00:00,-0.45,1
"27/10/2024","02:15:00",2024-10-27 02:15:00,-0.45,1
"27/10/2024","02:30:00",2024-10-27 02:30:00,-0.4,1
"27/10/2024","02:45:00",2024-10-27 02:45:00,-0.4,1
"27/10/2024","03:00:00",2024-10-27 03:00:00,-0.4,1
"27/10/2024","03:15:00",2024-10-27 03:15:00,-0.4,1
"27/10/2024","03:30:00",2024-10-27 03:30:00,-0.4,1
"27/10/2024","03:45:00",2024-10-27 03:45:00,-0.35,1
"27/10/2024","04:00:00",2024-10-27 04:00:00,-0.35,1
"27/10/2024","04:15:00",2024-10-27 04:15:00,-0.33,1
"27/10/2024","04:30:00",2024-10-27 04:30:00,-0.34,1
"27/10/2024","04:45:00",2024-10-27 04:45:00,-0.33,1
"27/10/2024","05:00:00",2024-10-27 05:00:00,-0.31,1
"27/10/2024","05:15:00",2024-10-27 05:15:00,-0.31,1
"27/10/2024","05:30:00",2024-10-27 05:30:00,-0.28,1
"27/10/2024","05:45:00",2024-10-27 05:45:00,-0.31,1
"27/10/2024","06:00:00",2024-10-27 06:00:00,-0.29,1
"27/10/2024","06:15:00",2024-10-27 06:15:00,-0.26,1
"27/10/2024","06:30:00",2024-10-27 06:30:00,-0.25,1
"27/10/2024","06:45:00",2024-10-27 06:45:00,-0.26,1
"27/10/2024","07:00:00",2024-10-27 07:00:00,-0.25,1
"27/10/2024","07:15:00",2024-10-27 07:15:00,-0.24,1
"27/10/2024","07:30:00",2024-10-27 07:30:00,-0.26,1
"27/10/2024","07:45:00",2024-10-27 07:45:00,-0.28,1
"27/10/2024","08:00:00",2024-10-27 08:00:00,-0.32,1
"27/10/2024","08:15:00",2024-10-27 08:15:00,-0.42,1
"27/10/2024","08:30:00",2024-10-27 08:30:00,-0.45,1
"27/10/2024","08:45:00",2024-10-27 08:45:00,-0.58,1
"27/10/2024","09:00:00",2024-10-27 09:00:00,-0.61,1
"27/10/2024","09:15:00",2024-10-27 09:15:00,-0.73,1
"27/10/2024","09:30:00",2024-10-27 09:30:00,-0.66,1
"27/10/2024","09:45:00",2024-10-27 09:45:00,-0.74,1
"27/10/2024","10:00:00",2024-10-27 10:00:00,-0.79,1
"27/10/2024","10:15:00",2024-10-27 10:15:00,-0.8,1
"27/10/2024","10:30:00",2024-10-27 10:30:00,-0.79,1
"27/10/2024","10:45:00",2024-10-27 10:45:00,-0.75,1
"27/10/2024","11:00:00",2024-10-27 11:00:00,-0.85,1
"27/10/2024","11:15:00",2024-10-27 11:15:00,-0.86,1
"27/10/2024","11:30:00",2024-10-27 11:30:00,-0.9,1
"27/10/2024","11:45:00",2024-10-27 11:45:00,-0.83,1
"27/10/2024","12:00:00",2024-10-27 12:00:00,-0.96,1
"27/10/2024","12:15:00",2024-10-27 12:15:00,-0.82,1
"27/10/2024","12:30:00",2024-10-27 12:30:00,-0.95,1
"27/10/2024","12:45:00",2024-10-27 12:45:00,-0.95,1
"27/10/2024","13:00:00",2024-10-27 13:00:00,-0.98,1
"27/10/2024","13:15:00",2024-10-27 13:15:00,-0.97,1
"27/10/2024","13:30:00",2024-10-27 13:30:00,-1.09,1
"27/10/2024","13:45:00",2024-10-27 13:45:00,-0.99,1
"27/10/2024","14:00:00",2024-10-27 14:00:00,-0.92,1
"27/10/2024","14:15:00",2024-10-27 14:15:00,-0.97,1
"27/10/2024","14:30:00",2024-10-27 14:30:00,-0.98,1
"27/10/2024","14:45:00",2024-10-27 14:45:00,-1.07,1
"27/10/2024","15:00:00",2024-10-27 15:00:00,-1.03,1
"27/10/2024","15:15:00",2024-10-27 15:15:00,-0.95,1
"27/10/2024","15:30:00",2024-10-27 15:30:00,-1.04,1
"27/10/2024","15:45:01",2024-10-27 15:45:01,-0.96,1
"27/10/2024","16:00:00",2024-10-27 16:00:00,-0.88,1
"27/10/2024","16:15:00",2024-10-27 16:15:00,-0.86,1
"27/10/2024","16:30:00",2024-10-27 16:30:00,-0.81,1
"27/10/2024","16:45:00",2024-10-27 16:45:00,-0.77,1
"27/10/2024","17:00:00",2024-10-27 17:00:00,-0.73,1
"27/10/2024","17:15:00",2024-10-27 17:15:00,-0.69,1
"27/10/2024","17:30:00",2024-10-27 17:30:00,-0.63,1
"27/10/2024","17:45:00",2024-10-27 17:45:00,-0.67,1
"27/10/2024","18:00:00",2024-10-27 18:00:00,-0.72,1
"27/10/2024","18:15:00",2024-10-27 18:15:00,-0.68,1
"27/10/2024","18:30:00",2024-10-27 18:30:00,-0.63,1
"27/10/2024","18:45:00",2024-10-27 18:45:00,-0.58,1
"27/10/2024","19:00:00",2024-10-27 19:00:00,-0.65,1
"27/10/2024","19:15:00",2024-10-27 19:15:00,-0.59,1
"27/10/2024","19:30:00",2024-10-27 19:30:00,-0.52,1
"27/10/2024","19:45:00",2024-10-27 19:45:00,-0.53,1
"27/10/2024","20:00:00",2024-10-27 20:00:00,-0.63,1
"27/10/2024","20:15:00",2024-10-27 20:15:00,-0.5,1
"27/10/2024","20:30:00",2024-10-27 20:30:00,-0.51,1
"27/10/2024","20:45:00",2024-10-27 20:45:00,-0.54,1
"27/10/2024","21:00:00",2024-10-27 21:00:00,-0.57,1
"27/10/2024","21:15:00",2024-10-27 21:15:00,-0.57,1
"27/10/2024","21:30:00",2024-10-27 21:30:00,-0.51,1
"27/10/2024","21:45:00",2024-10-27 21:45:00,-0.51,1
"27/10/2024","22:00:00",2024-10-27 22:00:00,-0.5,1
"27/10/2024","22:15:00",2024-10-27 22:15:00,-0.54,1
"27/10/2024","22:30:00",2024-10-27 22:30:00,-0.49,1
"27/10/2024","22:45:00",2024-10-27 22:45:00,-0.47,1
"27/10/2024","23:00:00",2024-10-27 23:00:00,-0.54,1
"27/10/2024","23:15:00",2024-10-27 23:15:00,-0.54,1
"27/10/2024","23:30:00",2024-10-27 23:30:00,-0.54,1
"27/10/2024","23:45:00",2024-10-27 23:45:00,-0.59,1
"28/10/2024","00:00:00",2024-10-28,-0.42,1
"28/10/2024","00:15:00",2024-10-28 00:15:00,-0.29,1
"28/10/2024","00:30:00",2024-10-28 00:30:00,-0.22,1
"28/10/2024","00:45:00",2024-10-28 00:45:00,-0.19,1
"28/10/2024","01:00:00",2024-10-28 01:00:00,-0.14,1
"28/10/2024","01:15:00",2024-10-28 01:15:00,-0.11,1
"28/10/2024","01:30:00",2024-10-28 01:30:00,-0.1,1
"28/10/2024","01:45:00",2024-10-28 01:45:00,-0.11,1
"28/10/2024","02:00:00",2024-10-28 02:00:00,-0.08,1
"28/10/2024","02:15:00",2024-10-28 02:15:00,-0.07,1
"28/10/2024","02:30:00",2024-10-28 02:30:00,-0.05,1
"28/10/2024","02:45:00",2024-10-28 02:45:00,-0.05,1
"28/10/2024","03:00:00",2024-10-28 03:00:00,-0.04,1
"28/10/2024","03:15:00",2024-10-28 03:15:00,-0.01,1
"28/10/2024","03:30:00",2024-10-28 03:30:00,0,1
"28/10/2024","03:45:00",2024-10-28 03:45:00,0,1
"28/10/2024","04:00:00",2024-10-28 04:00:00,0,1
"28/10/2024","04:15:00",2024-10-28 04:15:00,0,1
"28/10/2024","04:30:00",2024-10-28 04:30:00,0,1
"28/10/2024","04:45:00",2024-10-28 04:45:00,0,1
"28/10/2024","05:00:00",2024-10-28 05:00:00,0,1
"28/10/2024","05:15:00",2024-10-28 05:15:00,0,1
"28/10/2024","05:30:00",2024-10-28 05:30:00,0,1
"28/10/2024","05:45:00",2024-10-28 05:45:00,0,1
"28/10/2024","06:00:00",2024-10-28 06:00:00,0,1
"28/10/2024","06:15:00",2024-10-28 06:15:00,0,1
"28/10/2024","06:30:00",2024-10-28 06:30:00,0,1
"28/10/2024","06:45:00",2024-10-28 06:45:00,0,1
"28/10/2024","07:00:00",2024-10-28 07:00:00,0,1
"28/10/2024","07:15:00",2024-10-28 07:15:00,0,1
"28/10/2024","07:30:00",2024-10-28 07:30:00,0,1
"28/10/2024","07:45:00",2024-10-28 07:45:00,0,1
"28/10/2024","08:00:00",2024-10-28 08:00:00,-0.05,1
"28/10/2024","08:15:00",2024-10-28 08:15:00,-0.14,1
"28/10/2024","08:30:00",2024-10-28 08:30:00,-0.17,1
"28/10/2024","08:45:00",2024-10-28 08:45:00,-0.3,1
"28/10/2024","09:00:00",2024-10-28 09:00:00,-0.39,1
"28/10/2024","09:15:00",2024-10-28 09:15:00,-0.52,1
"28/10/2024","09:30:00",2024-10-28 09:30:00,-0.31,1
"28/10/2024","09:45:00",2024-10-28 09:45:00,-0.38,1
"28/10/2024","10:00:00",2024-10-28 10:00:00,-0.37,1
"28/10/2024","10:15:00",2024-10-28 10:15:00,-0.47,1
"28/10/2024","10:30:00",2024-10-28 10:30:00,-0.42,1
"28/10/2024","10:45:00",2024-10-28 10:45:00,-0.46,1
"28/10/2024","11:00:00",2024-10-28 11:00:00,-0.58,1
"28/10/2024","11:15:00",2024-10-28 11:15:00,-0.52,1
"28/10/2024","11:30:00",2024-10-28 11:30:00,-0.66,1
"28/10/2024","11:45:00",2024-10-28 11:45:00,-0.63,1
"28/10/2024","12:00:00",2024-10-28 12:00:00,-0.6,1
"28/10/2024","12:15:00",2024-10-28 12:15:00,-0.66,1
"28/10/2024","12:30:00",2024-10-28 12:30:00,-0.7,1
"28/10/2024","12:45:00",2024-10-28 12:45:00,-0.68,1
"28/10/2024","13:00:00",2024-10-28 13:00:00,-0.75,1
"28/10/2024","13:15:00",2024-10-28 13:15:00,-0.84,1
"28/10/2024","13:30:00",2024-10-28 13:30:00,-0.68,1
"28/10/2024","13:45:00",2024-10-28 13:45:00,-0.68,1
"28/10/2024","14:00:00",2024-10-28 14:00:00,-0.65,1
"28/10/2024","14:15:00",2024-10-28 14:15:00,-0.65,1
"28/10/2024","14:30:00",2024-10-28 14:30:00,-0.68,1
"28/10/2024","14:45:00",2024-10-28 14:45:00,-0.86,1
"28/10/2024","15:00:00",2024-10-28 15:00:00,-0.77,1
"28/10/2024","15:15:00",2024-10-28 15:15:00,-0.66,1
"28/10/2024","15:30:00",2024-10-28 15:30:00,-0.7,1
"28/10/2024","15:45:00",2024-10-28 15:45:00,-0.71,1
"28/10/2024","16:00:00",2024-10-28 16:00:00,-0.68,1
"28/10/2024","16:15:00",2024-10-28 16:15:00,-0.6,1
"28/10/2024","16:30:00",2024-10-28 16:30:00,-0.75,1
"28/10/2024","16:45:00",2024-10-28 16:45:00,-0.75,1
"28/10/2024","17:00:00",2024-10-28 17:00:00,-0.74,1
"28/10/2024","17:15:00",2024-10-28 17:15:00,-0.63,1
"28/10/2024","17:30:00",2024-10-28 17:30:00,-0.66,1
"28/10/2024","17:45:00",2024-10-28 17:45:00,-0.87,1
"28/10/2024","18:00:00",2024-10-28 18:00:00,-0.68,1
"28/10/2024","18:15:00",2024-10-28 18:15:00,-0.68,1
"28/10/2024","18:30:00",2024-10-28 18:30:00,-0.72,1
"28/10/2024","18:45:00",2024-10-28 18:45:00,-0.73,1
"28/10/2024","19:00:00",2024-10-28 19:00:00,-0.76,1
"28/10/2024","19:15:00",2024-10-28 19:15:00,-0.77,1
"28/10/2024","19:30:00",2024-10-28 19:30:00,-0.87,1
"28/10/2024","19:45:00",2024-10-28 19:45:00,-0.75,1
"28/10/2024","20:00:00",2024-10-28 20:00:00,-0.74,1
"28/10/2024","20:15:00",2024-10-28 20:15:00,-1.03,1
"28/10/2024","20:30:00",2024-10-28 20:30:00,-0.84,1
"28/10/2024","20:45:00",2024-10-28 20:45:00,-0.83,1
"28/10/2024","21:00:00",2024-10-28 21:00:00,-0.76,1
"28/10/2024","21:15:00",2024-10-28 21:15:00,-0.94,1
"28/10/2024","21:30:00",2024-10-28 21:30:00,-0.9,1
"28/10/2024","21:45:00",2024-10-28 21:45:00,-0.84,1
"28/10/2024","22:00:00",2024-10-28 22:00:00,-0.86,1
"28/10/2024","22:15:00",2024-10-28 22:15:00,-0.84,1
"28/10/2024","22:30:00",2024-10-28 22:30:00,-0.9,1
"28/10/2024","22:45:00",2024-10-28 22:45:00,-0.87,1
"28/10/2024","23:00:00",2024-10-28 23:00:00,-0.96,1
"28/10/2024","23:15:00",2024-10-28 23:15:00,-0.84,1
"28/10/2024","23:30:00",2024-10-28 23:30:00,-0.85,1
"28/10/2024","23:45:00",2024-10-28 23:45:00,-0.9,1
"29/10/2024","00:00:00",2024-10-29,-0.83,1
"29/10/2024","00:15:00",2024-10-29 00:15:00,-0.64,1
"29/10/2024","00:30:00",2024-10-29 00:30:00,-0.51,1
"29/10/2024","00:45:00",2024-10-29 00:45:00,-0.45,1
"29/10/2024","01:00:00",2024-10-29 01:00:00,-0.44,1
"29/10/2024","01:15:00",2024-10-29 01:15:00,-0.31,1
"29/10/2024","01:30:00",2024-10-29 01:30:00,-0.3,1
"29/10/2024","01:45:00",2024-10-29 01:45:00,-0.28,1
"29/10/2024","02:00:00",2024-10-29 02:00:00,-0.27,1
"29/10/2024","02:15:00",2024-10-29 02:15:00,-0.27,1
"29/10/2024","02:30:00",2024-10-29 02:30:00,-0.26,1
"29/10/2024","02:45:00",2024-10-29 02:45:00,-0.22,1
"29/10/2024","03:00:00",2024-10-29 03:00:00,-0.23,1
"29/10/2024","03:15:00",2024-10-29 03:15:00,-0.21,1
"29/10/2024","03:30:00",2024-10-29 03:30:00,-0.24,1
"29/10/2024","03:45:00",2024-10-29 03:45:00,-0.16,1
"29/10/2024","04:00:00",2024-10-29 04:00:00,-0.17,1
"29/10/2024","04:15:00",2024-10-29 04:15:00,-0.15,1
"29/10/2024","04:30:00",2024-10-29 04:30:00,-0.18,1
"29/10/2024","04:45:00",2024-10-29 04:45:00,-0.16,1
"29/10/2024","05:00:00",2024-10-29 05:00:00,-0.16,1
"29/10/2024","05:15:00",2024-10-29 05:15:00,-0.14,1
"29/10/2024","05:30:00",2024-10-29 05:30:00,-0.16,1
"29/10/2024","05:45:00",2024-10-29 05:45:00,-0.16,1
"29/10/2024","06:00:00",2024-10-29 06:00:00,-0.14,1
"29/10/2024","06:15:00",2024-10-29 06:15:00,-0.14,1
"29/10/2024","06:30:00",2024-10-29 06:30:00,-0.12,1
"29/10/2024","06:45:00",2024-10-29 06:45:00,-0.12,1
"29/10/2024","07:00:00",2024-10-29 07:00:00,-0.11,1
"29/10/2024","07:15:00",2024-10-29 07:15:00,-0.12,1
"29/10/2024","07:30:00",2024-10-29 07:30:00,-0.16,1
"29/10/2024","07:45:00",2024-10-29 07:45:00,-0.22,1
"29/10/2024","08:00:00",2024-10-29 08:00:00,-0.18,1
"29/10/2024","08:15:00",2024-10-29 08:15:00,-0.32,1
"29/10/2024","08:30:00",2024-10-29 08:30:00,-0.47,1
"29/10/2024","08:45:00",2024-10-29 08:45:00,-0.64,1
"29/10/2024","09:00:00",2024-10-29 09:00:00,-0.71,1
"29/10/2024","09:15:00",2024-10-29 09:15:00,-0.71,1
"29/10/2024","09:30:00",2024-10-29 09:30:00,-0.66,1
"29/10/2024","09:45:00",2024-10-29 09:45:00,-0.7,1
"29/10/2024","10:00:00",2024-10-29 10:00:00,-0.81,1
"29/10/2024","10:15:00",2024-10-29 10:15:00,-0.72,1
"29/10/2024","10:30:00",2024-10-29 10:30:00,-0.74,1
"29/10/2024","10:45:00",2024-10-29 10:45:00,-0.84,1
"29/10/2024","11:00:00",2024-10-29 11:00:00,-1.04,1
"29/10/2024","11:15:00",2024-10-29 11:15:00,-0.84,1
"29/10/2024","11:30:00",2024-10-29 11:30:00,-0.79,1
"29/10/2024","11:45:00",2024-10-29 11:45:00,-0.78,1
"29/10/2024","12:00:00",2024-10-29 12:00:00,-0.83,1
"29/10/2024","12:15:00",2024-10-29 12:15:00,-1.14,1
"29/10/2024","12:30:00",2024-10-29 12:30:00,-0.82,1
"29/10/2024","12:45:00",2024-10-29 12:45:00,-0.89,1
"29/10/2024","13:00:00",2024-10-29 13:00:00,-0.93,1
"29/10/2024","13:15:00",2024-10-29 13:15:00,-0.95,1
"29/10/2024","13:30:00",2024-10-29 13:30:00,-0.81,1
"29/10/2024","13:45:00",2024-10-29 13:45:00,-0.86,1
"29/10/2024","14:00:00",2024-10-29 14:00:00,-0.99,1
"29/10/2024","14:15:00",2024-10-29 14:15:00,-1.05,1
"29/10/2024","14:30:00",2024-10-29 14:30:00,-1.01,1
"29/10/2024","14:45:00",2024-10-29 14:45:00,-1.06,1
"29/10/2024","15:00:00",2024-10-29 15:00:00,-1.11,1
"29/10/2024","15:15:00",2024-10-29 15:15:00,-0.95,1
"29/10/2024","15:30:00",2024-10-29 15:30:00,-0.93,1
"29/10/2024","15:45:00",2024-10-29 15:45:00,-0.97,1
"29/10/2024","16:00:00",2024-10-29 16:00:00,-0.99,1
"29/10/2024","16:15:00",2024-10-29 16:15:00,-1.05,1
"29/10/2024","16:30:00",2024-10-29 16:30:00,-1.12,1
"29/10/2024","16:45:00",2024-10-29 16:45:00,-1,1
"29/10/2024","17:00:00",2024-10-29 17:00:00,-0.89,1
"29/10/2024","17:15:00",2024-10-29 17:15:00,-0.91,1
"29/10/2024","17:30:00",2024-10-29 17:30:00,-0.87,1
"29/10/2024","17:45:00",2024-10-29 17:45:00,-0.88,1
"29/10/2024","18:00:00",2024-10-29 18:00:00,-0.9,1
"29/10/2024","18:15:00",2024-10-29 18:15:00,-0.89,1
"29/10/2024","18:30:00",2024-10-29 18:30:00,-0.97,1
"29/10/2024","18:45:00",2024-10-29 18:45:00,-0.93,1
"29/10/2024","19:00:00",2024-10-29 19:00:00,-0.97,1
"29/10/2024","19:15:00",2024-10-29 19:15:00,-0.82,1
"29/10/2024","19:30:00",2024-10-29 19:30:00,-0.84,1
"29/10/2024","19:45:00",2024-10-29 19:45:00,-0.74,1
"29/10/2024","20:00:00",2024-10-29 20:00:00,-0.65,1
"29/10/2024","20:15:00",2024-10-29 20:15:00,-0.61,1
"29/10/2024","20:30:00",2024-10-29 20:30:00,-0.67,1
"29/10/2024","20:45:00",2024-10-29 20:45:00,-0.64,1
"29/10/2024","21:00:00",2024-10-29 21:00:00,-0.59,1
"29/10/2024","21:15:00",2024-10-29 21:15:00,-0.61,1
"29/10/2024","21:30:00",2024-10-29 21:30:00,-0.62,1
"29/10/2024","21:45:00",2024-10-29 21:45:00,-0.63,1
"29/10/2024","22:00:00",2024-10-29 22:00:00,-0.63,1
"29/10/2024","22:15:00",2024-10-29 22:15:00,-0.59,1
"29/10/2024","22:30:00",2024-10-29 22:30:00,-0.6,1
"29/10/2024","22:45:00",2024-10-29 22:45:00,-0.59,1
"29/10/2024","23:00:00",2024-10-29 23:00:00,-0.61,1
"29/10/2024","23:15:00",2024-10-29 23:15:00,-0.57,1
"29/10/2024","23:30:00",2024-10-29 23:30:00,-0.57,1
"29/10/2024","23:45:00",2024-10-29 23:45:00,-0.56,1
"30/10/2024","00:00:00",2024-10-30,-0.38,1
"30/10/2024","00:15:00",2024-10-30 00:15:00,-0.2,1
"30/10/2024","00:30:00",2024-10-30 00:30:00,-0.16,1
"30/10/2024","00:45:00",2024-10-30 00:45:00,-0.13,1
"30/10/2024","01:00:00",2024-10-30 01:00:00,-0.1,1
"30/10/2024","01:15:00",2024-10-30 01:15:00,-0.09,1
"30/10/2024","01:30:00",2024-10-30 01:30:00,-0.09,1
"30/10/2024","01:45:00",2024-10-30 01:45:00,-0.05,1
"30/10/2024","02:00:00",2024-10-30 02:00:00,-0.06,1
"30/10/2024","02:15:00",2024-10-30 02:15:00,-0.07,1
"30/10/2024","02:30:00",2024-10-30 02:30:00,-0.04,1
"30/10/2024","02:45:00",2024-10-30 02:45:00,-0.05,1
"30/10/2024","03:00:00",2024-10-30 03:00:00,-0.03,1
"30/10/2024","03:15:00",2024-10-30 03:15:00,0,1
"30/10/2024","03:30:00",2024-10-30 03:30:00,-0.01,1
"30/10/2024","03:45:00",2024-10-30 03:45:00,0,1
"30/10/2024","04:00:00",2024-10-30 04:00:00,0,1
"30/10/2024","04:15:00",2024-10-30 04:15:00,-0.01,1
"30/10/2024","04:30:00",2024-10-30 04:30:00,0,1
"30/10/2024","04:45:00",2024-10-30 04:45:00,0,1
"30/10/2024","05:00:00",2024-10-30 05:00:00,0,1
"30/10/2024","05:15:00",2024-10-30 05:15:00,0,1
"30/10/2024","05:30:00",2024-10-30 05:30:00,0,1
"30/10/2024","05:45:00",2024-10-30 05:45:00,0,1
"30/10/2024","06:00:00",2024-10-30 06:00:00,0,1
"30/10/2024","06:15:00",2024-10-30 06:15:00,0,1
"30/10/2024","06:30:00",2024-10-30 06:30:00,0,1
"30/10/2024","06:45:00",2024-10-30 06:45:00,0,1
"30/10/2024","07:00:00",2024-10-30 07:00:00,0,1
"30/10/2024","07:15:00",2024-10-30 07:15:00,0,1
"30/10/2024","07:30:00",2024-10-30 07:30:00,0,1
"30/10/2024","07:45:00",2024-10-30 07:45:00,0,1
"30/10/2024","08:00:00",2024-10-30 08:00:00,-0.05,1
"30/10/2024","08:15:00",2024-10-30 08:15:00,-0.06,1
"30/10/2024","08:30:00",2024-10-30 08:30:00,-0.21,1
"30/10/2024","08:45:00",2024-10-30 08:45:00,-0.32,1
"30/10/2024","09:00:00",2024-10-30 09:00:00,-0.42,1
"30/10/2024","09:15:00",2024-10-30 09:15:00,-0.39,1
"30/10/2024","09:30:00",2024-10-30 09:30:00,-0.39,1
"30/10/2024","09:45:00",2024-10-30 09:45:00,-0.39,1
"30/10/2024","10:00:00",2024-10-30 10:00:00,-0.28,1
"30/10/2024","10:15:00",2024-10-30 10:15:00,-0.38,1
"30/10/2024","10:30:00",2024-10-30 10:30:00,-0.37,1
"30/10/2024","10:45:00",2024-10-30 10:45:00,-0.43,1
"30/10/2024","11:00:00",2024-10-30 11:00:00,-0.46,1
"30/10/2024","11:15:00",2024-10-30 11:15:00,-0.46,1
"30/10/2024","11:30:00",2024-10-30 11:30:00,-0.39,1
"30/10/2024","11:45:00",2024-10-30 11:45:00,-0.42,1
"30/10/2024","12:00:00",2024-10-30 12:00:00,-0.47,1
"30/10/2024","12:15:00",2024-10-30 12:15:00,-0.42,1
"30/10/2024","12:30:00",2024-10-30 12:30:00,-0.43,1
"30/10/2024","12:45:00",2024-10-30 12:45:00,-0.48,1
"30/10/2024","13:00:00",2024-10-30 13:00:00,-0.47,1
"30/10/2024","13:15:00",2024-10-30 13:15:00,-0.42,1
"30/10/2024","13:30:00",2024-10-30 13:30:00,-0.51,1
"30/10/2024","13:45:00",2024-10-30 13:45:00,-0.56,1
"30/10/2024","14:00:00",2024-10-30 14:00:00,-0.43,1
"30/10/2024","14:15:00",2024-10-30 14:15:00,-0.55,1
"30/10/2024","14:30:00",2024-10-30 14:30:00,-0.49,1
"30/10/2024","14:45:00",2024-10-30 14:45:00,-0.55,1
"30/10/2024","15:00:00",2024-10-30 15:00:00,-0.55,1
"30/10/2024","15:15:00",2024-10-30 15:15:00,-0.57,1
"30/10/2024","15:30:00",2024-10-30 15:30:00,-0.58,1
"30/10/2024","15:45:00",2024-10-30 15:45:00,-0.55,1
"30/10/2024","16:00:00",2024-10-30 16:00:00,-0.57,1
"30/10/2024","16:15:00",2024-10-30 16:15:00,-0.6,1
"30/10/2024","16:30:00",2024-10-30 16:30:00,-0.6,1
"30/10/2024","16:45:00",2024-10-30 16:45:00,-0.59,1
"30/10/2024","17:00:00",2024-10-30 17:00:00,-0.53,1
"30/10/2024","17:15:00",2024-10-30 17:15:00,-0.61,1
"30/10/2024","17:30:00",2024-10-30 17:30:00,-0.56,1
"30/10/2024","17:45:00",2024-10-30 17:45:00,-0.58,1
"30/10/2024","18:00:00",2024-10-30 18:00:00,-0.61,1
"30/10/2024","18:15:00",2024-10-30 18:15:00,-0.6,1
"30/10/2024","18:30:00",2024-10-30 18:30:00,-0.63,1
"30/10/2024","18:45:00",2024-10-30 18:45:00,-0.65,1
"30/10/2024","19:00:00",2024-10-30 19:00:00,-0.69,1
"30/10/2024","19:15:00",2024-10-30 19:15:00,-0.72,1
"30/10/2024","19:30:00",2024-10-30 19:30:00,-0.63,1
"30/10/2024","19:45:00",2024-10-30 19:45:00,-0.79,1
"30/10/2024","20:00:00",2024-10-30 20:00:00,-0.72,1
"30/10/2024","20:15:00",2024-10-30 20:15:00,-0.79,1
"30/10/2024","20:30:00",2024-10-30 20:30:00,-0.77,1
"30/10/2024","20:45:00",2024-10-30 20:45:00,-0.82,1
"30/10/2024","21:00:00",2024-10-30 21:00:00,-0.81,1
"30/10/2024","21:15:00",2024-10-30 21:15:00,-0.78,1
"30/10/2024","21:30:00",2024-10-30 21:30:00,-0.83,1
"30/10/2024","21:45:00",2024-10-30 21:45:00,-0.82,1
"30/10/2024","22:00:00",2024-10-30 22:00:00,-0.77,1
"30/10/2024","22:15:00",2024-10-30 22:15:00,-0.77,1
"30/10/2024","22:30:00",2024-10-30 22:30:00,-0.81,1
"30/10/2024","22:45:00",2024-10-30 22:45:00,-0.75,1
"30/10/2024","23:00:00",2024-10-30 23:00:00,-0.8,1
"30/10/2024","23:15:00",2024-10-30 23:15:00,-0.8,1
"30/10/2024","23:30:00",2024-10-30 23:30:00,-0.77,1
"30/10/2024","23:45:00",2024-10-30 23:45:00,-0.78,1
"31/10/2024","00:00:00",2024-10-31,-0.62,1
"31/10/2024","00:15:00",2024-10-31 00:15:00,-0.43,1
"31/10/2024","00:30:00",2024-10-31 00:30:00,-0.31,1
"31/10/2024","00:45:00",2024-10-31 00:45:00,-0.24,1
"31/10/2024","01:00:00",2024-10-31 01:00:00,-0.22,1
"31/10/2024","01:15:00",2024-10-31 01:15:00,-0.24,1
"31/10/2024","01:30:00",2024-10-31 01:30:00,-0.12,1
"31/10/2024","01:45:00",2024-10-31 01:45:00,-0.13,1
"31/10/2024","02:00:00",2024-10-31 02:00:00,-0.12,1
"31/10/2024","02:15:00",2024-10-31 02:15:00,-0.14,1
"31/10/2024","02:30:00",2024-10-31 02:30:00,-0.11,1
"31/10/2024","02:45:00",2024-10-31 02:45:00,-0.12,1
"31/10/2024","03:00:00",2024-10-31 03:00:00,-0.14,1
"31/10/2024","03:15:00",2024-10-31 03:15:00,-0.13,1
"31/10/2024","03:30:00",2024-10-31 03:30:00,-0.15,1
"31/10/2024","03:45:00",2024-10-31 03:45:00,-0.18,1
"31/10/2024","04:00:00",2024-10-31 04:00:00,-0.16,1
"31/10/2024","04:15:00",2024-10-31 04:15:00,-0.14,1
"31/10/2024","04:30:00",2024-10-31 04:30:00,-0.11,1
"31/10/2024","04:45:00",2024-10-31 04:45:00,-0.13,1
"31/10/2024","05:00:00",2024-10-31 05:00:00,-0.13,1
"31/10/2024","05:15:00",2024-10-31 05:15:00,-0.11,1
"31/10/2024","05:30:00",2024-10-31 05:30:00,-0.12,1
"31/10/2024","05:45:00",2024-10-31 05:45:00,-0.12,1
"31/10/2024","06:00:00",2024-10-31 06:00:00,-0.11,1
"31/10/2024","06:15:00",2024-10-31 06:15:00,-0.1,1
"31/10/2024","06:30:00",2024-10-31 06:30:00,-0.11,1
"31/10/2024","06:45:00",2024-10-31 06:45:00,-0.09,1
"31/10/2024","07:00:00",2024-10-31 07:00:00,-0.1,1
"31/10/2024","07:15:00",2024-10-31 07:15:00,-0.08,1
"31/10/2024","07:30:00",2024-10-31 07:30:00,-0.08,1
"31/10/2024","07:45:00",2024-10-31 07:45:00,-0.07,1
"31/10/2024","08:00:00",2024-10-31 08:00:00,-0.2,1
"31/10/2024","08:15:00",2024-10-31 08:15:00,-0.38,1
"31/10/2024","08:30:00",2024-10-31 08:30:00,-0.49,1
"31/10/2024","08:45:00",2024-10-31 08:45:00,-0.65,1
"31/10/2024","09:00:00",2024-10-31 09:00:00,-0.61,1
"31/10/2024","09:15:00",2024-10-31 09:15:00,-0.76,1
"31/10/2024","09:30:00",2024-10-31 09:30:00,-0.65,1
"31/10/2024","09:45:00",2024-10-31 09:45:00,-0.66,1
"31/10/2024","10:00:00",2024-10-31 10:00:00,-0.68,1
"31/10/2024","10:15:00",2024-10-31 10:15:00,-0.63,1
"31/10/2024","10:30:00",2024-10-31 10:30:00,-0.76,1
"31/10/2024","10:45:00",2024-10-31 10:45:00,-0.76,1
"31/10/2024","11:00:00",2024-10-31 11:00:00,-0.71,1
"31/10/2024","11:15:00",2024-10-31 11:15:00,-0.77,1
"31/10/2024","11:30:00",2024-10-31 11:30:00,-0.85,1
"31/10/2024","11:45:00",2024-10-31 11:45:00,-0.84,1
"31/10/2024","12:00:00",2024-10-31 12:00:00,-0.91,1
"31/10/2024","12:15:00",2024-10-31 12:15:00,-0.89,1
"31/10/2024","12:30:00",2024-10-31 12:30:00,-0.7,1
"31/10/2024","12:45:00",2024-10-31 12:45:00,-0.79,1
"31/10/2024","13:00:00",2024-10-31 13:00:00,-0.76,1
"31/10/2024","13:15:00",2024-10-31 13:15:00,-0.85,1
"31/10/2024","13:30:00",2024-10-31 13:30:00,-0.87,1
"31/10/2024","13:45:00",2024-10-31 13:45:00,-0.93,1
"31/10/2024","14:00:00",2024-10-31 14:00:00,-0.88,1
"31/10/2024","14:15:00",2024-10-31 14:15:00,-0.95,1
"31/10/2024","14:30:00",2024-10-31 14:30:00,-0.91,1
"31/10/2024","14:45:00",2024-10-31 14:45:00,-0.95,1
"31/10/2024","15:00:00",2024-10-31 15:00:00,-0.94,1
"31/10/2024","15:15:00",2024-10-31 15:15:00,-0.91,1
"31/10/2024","15:30:00",2024-10-31 15:30:00,-0.68,1
"31/10/2024","15:45:00",2024-10-31 15:45:00,-0.76,1
"31/10/2024","16:00:00",2024-10-31 16:00:00,-0.71,1
"31/10/2024","16:15:00",2024-10-31 16:15:00,-0.7,1
"31/10/2024","16:30:00",2024-10-31 16:30:00,-0.79,1
"31/10/2024","16:45:00",2024-10-31 16:45:00,-0.79,1
"31/10/2024","17:00:00",2024-10-31 17:00:00,-0.83,1
"31/10/2024","17:15:00",2024-10-31 17:15:00,-0.87,1
"31/10/2024","17:30:00",2024-10-31 17:30:00,-0.88,1
"31/10/2024","17:45:00",2024-10-31 17:45:00,-0.76,1
"31/10/2024","18:00:00",2024-10-31 18:00:00,-0.66,1
"31/10/2024","18:15:00",2024-10-31 18:15:00,-0.57,1
"31/10/2024","18:30:00",2024-10-31 18:30:00,-0.68,1
"31/10/2024","18:45:00",2024-10-31 18:45:00,-0.51,1
"31/10/2024","19:00:00",2024-10-31 19:00:00,-0.47,1
"31/10/2024","19:15:00",2024-10-31 19:15:00,-0.46,1
"31/10/2024","19:30:00",2024-10-31 19:30:00,-0.53,1
"31/10/2024","19:45:00",2024-10-31 19:45:00,-0.4,1
"31/10/2024","20:00:00",2024-10-31 20:00:00,-0.42,1
"31/10/2024","20:15:00",2024-10-31 20:15:00,-0.47,1
"31/10/2024","20:30:00",2024-10-31 20:30:00,-0.52,1
"31/10/2024","20:45:00",2024-10-31 20:45:00,-0.58,1
"31/10/2024","21:00:00",2024-10-31 21:00:00,-0.48,1
"31/10/2024","21:15:00",2024-10-31 21:15:00,-0.56,1
"31/10/2024","21:30:00",2024-10-31 21:30:00,-0.5,1
"31/10/2024","21:45:00",2024-10-31 21:45:00,-0.6,1
"31/10/2024","22:00:00",2024-10-31 22:00:00,-0.55,1
"31/10/2024","22:15:00",2024-10-31 22:15:00,-0.54,1
"31/10/2024","22:30:00",2024-10-31 22:30:00,-0.52,1
"31/10/2024","22:45:00",2024-10-31 22:45:00,-0.49,1
"31/10/2024","23:00:00",2024-10-31 23:00:00,-0.44,1
"31/10/2024","23:15:00",2024-10-31 23:15:00,-0.45,1
"31/10/2024","23:30:00",2024-10-31 23:30:00,-0.47,1
"31/10/2024","23:45:00",2024-10-31 23:45:00,-0.45,1
"01/11/2024","00:00:00",2024-11-01,-0.29,1
"01/11/2024","00:15:00",2024-11-01 00:15:00,-0.15,1
"01/11/2024","00:30:00",2024-11-01 00:30:00,-0.06,1
"01/11/2024","00:45:00",2024-11-01 00:45:00,-0.05,1
"01/11/2024","01:00:00",2024-11-01 01:00:00,-0.01,1
"01/11/2024","01:15:00",2024-11-01 01:15:00,-0.02,1
"01/11/2024","01:30:00",2024-11-01 01:30:00,0,1
"01/11/2024","01:45:00",2024-11-01 01:45:00,0,1
"01/11/2024","02:00:00",2024-11-01 02:00:00,0,1
"01/11/2024","02:15:00",2024-11-01 02:15:00,0,1
"01/11/2024","02:30:00",2024-11-01 02:30:00,0,1
"01/11/2024","02:45:00",2024-11-01 02:45:00,0,1
"01/11/2024","03:00:00",2024-11-01 03:00:00,0,1
"01/11/2024","03:15:00",2024-11-01 03:15:00,0,1
"01/11/2024","03:30:00",2024-11-01 03:30:00,0,1
"01/11/2024","03:45:00",2024-11-01 03:45:00,0,1
"01/11/2024","04:00:00",2024-11-01 04:00:00,0,1
"01/11/2024","04:15:00",2024-11-01 04:15:00,0,1
"01/11/2024","04:30:00",2024-11-01 04:30:00,-0.04,1
"01/11/2024","04:45:00",2024-11-01 04:45:00,0,1
"01/11/2024","05:00:00",2024-11-01 05:00:00,0,1
"01/11/2024","05:15:00",2024-11-01 05:15:00,0,1
"01/11/2024","05:30:00",2024-11-01 05:30:00,-0.01,1
"01/11/2024","05:45:00",2024-11-01 05:45:00,0,1
"01/11/2024","06:00:00",2024-11-01 06:00:00,0,1
"01/11/2024","06:15:00",2024-11-01 06:15:00,0,1
"01/11/2024","06:30:00",2024-11-01 06:30:00,0,1
"01/11/2024","06:45:00",2024-11-01 06:45:00,0,1
"01/11/2024","07:00:00",2024-11-01 07:00:00,0,1
"01/11/2024","07:15:00",2024-11-01 07:15:00,0,1
"01/11/2024","07:30:00",2024-11-01 07:30:00,0,1
"01/11/2024","07:45:00",2024-11-01 07:45:00,0,1
"01/11/2024","08:00:00",2024-11-01 08:00:00,-0.07,1
"01/11/2024","08:15:00",2024-11-01 08:15:00,-0.09,1
"01/11/2024","08:30:00",2024-11-01 08:30:00,-0.23,1
"01/11/2024","08:45:00",2024-11-01 08:45:00,-0.41,1
"01/11/2024","09:00:00",2024-11-01 09:00:00,-0.41,1
"01/11/2024","09:15:00",2024-11-01 09:15:00,-0.4,1
"01/11/2024","09:30:00",2024-11-01 09:30:00,-0.44,1
"01/11/2024","09:45:00",2024-11-01 09:45:00,-0.36,1
"01/11/2024","10:00:00",2024-11-01 10:00:00,-0.42,1
"01/11/2024","10:15:00",2024-11-01 10:15:00,-0.41,1
"01/11/2024","10:30:00",2024-11-01 10:30:00,-0.38,1
"01/11/2024","10:45:00",2024-11-01 10:45:00,-0.39,1
"01/11/2024","11:00:00",2024-11-01 11:00:00,-0.35,1
"01/11/2024","11:15:00",2024-11-01 11:15:00,-0.43,1
"01/11/2024","11:30:00",2024-11-01 11:30:00,-0.3,1
"01/11/2024","11:45:00",2024-11-01 11:45:00,-0.39,1
"01/11/2024","12:00:00",2024-11-01 12:00:00,-0.41,1
"01/11/2024","12:15:00",2024-11-01 12:15:00,-0.46,1
"01/11/2024","12:30:00",2024-11-01 12:30:00,-0.54,1
"01/11/2024","12:45:00",2024-11-01 12:45:00,-0.48,1
"01/11/2024","13:00:00",2024-11-01 13:00:00,-0.5,1
"01/11/2024","13:15:00",2024-11-01 13:15:00,-0.4,1
"01/11/2024","13:30:00",2024-11-01 13:30:00,-0.49,1
"01/11/2024","13:45:00",2024-11-01 13:45:00,-0.5,1
"01/11/2024","14:00:00",2024-11-01 14:00:00,-0.99,1
"01/11/2024","14:15:00",2024-11-01 14:15:00,-0.54,1
"01/11/2024","14:30:00",2024-11-01 14:30:00,-0.51,1
"01/11/2024","14:45:00",2024-11-01 14:45:00,-0.48,1
"01/11/2024","15:00:00",2024-11-01 15:00:00,-0.4,1
"01/11/2024","15:15:00",2024-11-01 15:15:00,-0.55,1
"01/11/2024","15:30:00",2024-11-01 15:30:00,-0.49,1
"01/11/2024","15:45:00",2024-11-01 15:45:00,-0.51,1
"01/11/2024","16:00:00",2024-11-01 16:00:00,-0.58,1
"01/11/2024","16:15:00",2024-11-01 16:15:00,-0.5,1
"01/11/2024","16:30:00",2024-11-01 16:30:00,-0.49,1
"01/11/2024","16:45:00",2024-11-01 16:45:00,-0.57,1
"01/11/2024","17:00:00",2024-11-01 17:00:00,-0.52,1
"01/11/2024","17:15:00",2024-11-01 17:15:00,-0.63,1
"01/11/2024","17:30:00",2024-11-01 17:30:00,-0.5,1
"01/11/2024","17:45:00",2024-11-01 17:45:00,-0.54,1
"01/11/2024","18:00:00",2024-11-01 18:00:00,-0.6,1
"01/11/2024","18:15:00",2024-11-01 18:15:00,-0.6,1
"01/11/2024","18:30:00",2024-11-01 18:30:00,-0.73,1
"01/11/2024","18:45:00",2024-11-01 18:45:00,-0.66,1
"01/11/2024","19:00:00",2024-11-01 19:00:00,-0.66,1
"01/11/2024","19:15:00",2024-11-01 19:15:00,-0.6,1
"01/11/2024","19:30:00",2024-11-01 19:30:00,-0.58,1
"01/11/2024","19:45:00",2024-11-01 19:45:00,-0.7,1
"01/11/2024","20:00:00",2024-11-01 20:00:00,-0.72,1
"01/11/2024","20:15:00",2024-11-01 20:15:00,-0.71,1
"01/11/2024","20:30:00",2024-11-01 20:30:00,-0.8,1
"01/11/2024","20:45:00",2024-11-01 20:45:00,-0.64,1
"01/11/2024","21:00:00",2024-11-01 21:00:00,-0.74,1
"01/11/2024","21:15:00",2024-11-01 21:15:00,-0.75,1
"01/11/2024","21:30:00",2024-11-01 21:30:00,-0.78,1
"01/11/2024","21:45:00",2024-11-01 21:45:00,-0.7,1
"01/11/2024","22:00:00",2024-11-01 22:00:00,-0.75,1
"01/11/2024","22:15:00",2024-11-01 22:15:00,-0.76,1
"01/11/2024","22:30:00",2024-11-01 22:30:00,-0.72,1
"01/11/2024","22:45:00",2024-11-01 22:45:00,-0.84,1
"01/11/2024","23:00:00",2024-11-01 23:00:00,-0.68,1
"01/11/2024","23:15:00",2024-11-01 23:15:00,-0.76,1
"01/11/2024","23:30:00",2024-11-01 23:30:00,-0.78,1
"01/11/2024","23:45:00",2024-11-01 23:45:00,-0.79,1
"02/11/2024","00:00:00",2024-11-02,-0.6,1
"02/11/2024","00:15:00",2024-11-02 00:15:00,-0.36,1
"02/11/2024","00:30:00",2024-11-02 00:30:00,-0.28,1
"02/11/2024","00:45:00",2024-11-02 00:45:00,-0.23,1
"02/11/2024","01:00:00",2024-11-02 01:00:00,-0.18,1
"02/11/2024","01:15:00",2024-11-02 01:15:00,-0.15,1
"02/11/2024","01:30:00",2024-11-02 01:30:00,-0.15,1
"02/11/2024","01:45:00",2024-11-02 01:45:00,-0.16,1
"02/11/2024","02:00:00",2024-11-02 02:00:00,-0.13,1
"02/11/2024","02:15:00",2024-11-02 02:15:00,-0.14,1
"02/11/2024","02:30:00",2024-11-02 02:30:00,-0.13,1
"02/11/2024","02:45:00",2024-11-02 02:45:00,-0.14,1
"02/11/2024","03:00:00",2024-11-02 03:00:00,-0.12,1
"02/11/2024","03:15:00",2024-11-02 03:15:00,-0.13,1
"02/11/2024","03:30:00",2024-11-02 03:30:00,-0.13,1
"02/11/2024","03:45:00",2024-11-02 03:45:00,-0.15,1
"02/11/2024","04:00:00",2024-11-02 04:00:00,-0.13,1
"02/11/2024","04:15:00",2024-11-02 04:15:00,-0.11,1
"02/11/2024","04:30:00",2024-11-02 04:30:00,-0.11,1
"02/11/2024","04:45:00",2024-11-02 04:45:00,-0.11,1
"02/11/2024","05:00:00",2024-11-02 05:00:00,-0.1,1
"02/11/2024","05:15:00",2024-11-02 05:15:00,-0.08,1
"02/11/2024","05:30:00",2024-11-02 05:30:00,-0.09,1
"02/11/2024","05:45:00",2024-11-02 05:45:00,-0.1,1
"02/11/2024","06:00:00",2024-11-02 06:00:00,-0.08,1
"02/11/2024","06:15:00",2024-11-02 06:15:00,-0.07,1
"02/11/2024","06:30:00",2024-11-02 06:30:00,-0.06,1
"02/11/2024","06:45:00",2024-11-02 06:45:00,-0.07,1
"02/11/2024","07:00:00",2024-11-02 07:00:00,-0.07,1
"02/11/2024","07:15:00",2024-11-02 07:15:00,-0.03,1
"02/11/2024","07:30:00",2024-11-02 07:30:00,-0.06,1
"02/11/2024","07:45:00",2024-11-02 07:45:00,-0.06,1
"02/11/2024","08:00:00",2024-11-02 08:00:00,-0.2,1
"02/11/2024","08:15:00",2024-11-02 08:15:00,-0.33,1
"02/11/2024","08:30:00",2024-11-02 08:30:00,-0.45,1
"02/11/2024","08:45:00",2024-11-02 08:45:00,-0.48,1
"02/11/2024","09:00:00",2024-11-02 09:00:00,-0.59,1
"02/11/2024","09:15:00",2024-11-02 09:15:00,-0.63,1
"02/11/2024","09:30:00",2024-11-02 09:30:00,-0.64,1
"02/11/2024","09:45:00",2024-11-02 09:45:00,-0.65,1
"02/11/2024","10:00:00",2024-11-02 10:00:00,-0.6,1
"02/11/2024","10:15:00",2024-11-02 10:15:00,-0.58,1
"02/11/2024","10:30:00",2024-11-02 10:30:00,-0.59,1
"02/11/2024","10:45:00",2024-11-02 10:45:00,-0.66,1
"02/11/2024","11:00:00",2024-11-02 11:00:00,-0.75,1
"02/11/2024","11:15:00",2024-11-02 11:15:00,-0.71,1
"02/11/2024","11:30:00",2024-11-02 11:30:00,-0.93,1
"02/11/2024","11:45:00",2024-11-02 11:45:00,-0.82,1
"02/11/2024","12:00:00",2024-11-02 12:00:00,-0.74,1
"02/11/2024","12:15:00",2024-11-02 12:15:00,-0.99,1
"02/11/2024","12:30:00",2024-11-02 12:30:00,-0.79,1
"02/11/2024","12:45:00",2024-11-02 12:45:00,-0.77,1
"02/11/2024","13:00:00",2024-11-02 13:00:00,-0.8,1
"02/11/2024","13:15:00",2024-11-02 13:15:00,-0.76,1
"02/11/2024","13:30:00",2024-11-02 13:30:00,-0.86,1
"02/11/2024","13:45:00",2024-11-02 13:45:00,-0.84,1
"02/11/2024","14:00:00",2024-11-02 14:00:00,-0.89,1
"02/11/2024","14:15:00",2024-11-02 14:15:00,-1.01,1
"02/11/2024","14:30:00",2024-11-02 14:30:00,-0.92,1
"02/11/2024","14:45:00",2024-11-02 14:45:00,-0.88,1
"02/11/2024","15:00:00",2024-11-02 15:00:00,-0.9,1
"02/11/2024","15:15:00",2024-11-02 15:15:00,-0.91,1
"02/11/2024","15:45:00",2024-11-02 15:45:00,-2.49,1
"02/11/2024","16:00:00",2024-11-02 16:00:00,-2.41,1
"02/11/2024","16:15:00",2024-11-02 16:15:00,-2.47,1
"02/11/2024","16:30:00",2024-11-02 16:30:00,-2.27,1
"02/11/2024","16:45:00",2024-11-02 16:45:00,-2.16,1
"02/11/2024","17:00:00",2024-11-02 17:00:00,-2.14,1
"02/11/2024","17:15:00",2024-11-02 17:15:00,-1.71,1
"02/11/2024","17:30:00",2024-11-02 17:30:00,-1.62,1
"02/11/2024","17:45:00",2024-11-02 17:45:00,-1.75,1
"02/11/2024","18:00:00",2024-11-02 18:00:00,-1.66,1
"02/11/2024","18:15:00",2024-11-02 18:15:00,-1.77,1
"02/11/2024","18:30:00",2024-11-02 18:30:00,-1.81,1
"02/11/2024","18:45:00",2024-11-02 18:45:00,-1.78,1
"02/11/2024","19:00:00",2024-11-02 19:00:00,-1.75,1
"02/11/2024","19:15:00",2024-11-02 19:15:00,-1.73,1
"02/11/2024","19:30:00",2024-11-02 19:30:00,-1.73,1
"02/11/2024","19:45:00",2024-11-02 19:45:00,-1.78,1
"02/11/2024","20:00:00",2024-11-02 20:00:00,-1.73,1
"02/11/2024","20:15:00",2024-11-02 20:15:00,-1.66,1
"02/11/2024","20:30:00",2024-11-02 20:30:00,-1.7,1
"02/11/2024","20:45:00",2024-11-02 20:45:00,-1.69,1
"02/11/2024","21:00:00",2024-11-02 21:00:00,-1.66,1
"02/11/2024","21:15:00",2024-11-02 21:15:00,-1.66,1
"02/11/2024","21:30:00",2024-11-02 21:30:00,-1.61,1
"02/11/2024","21:45:00",2024-11-02 21:45:00,-1.68,1
"02/11/2024","22:00:00",2024-11-02 22:00:00,-1.72,1
"02/11/2024","22:15:00",2024-11-02 22:15:00,-1.77,1
"02/11/2024","22:30:00",2024-11-02 22:30:00,-1.63,1
"02/11/2024","22:45:00",2024-11-02 22:45:00,-1.78,1
"02/11/2024","23:00:00",2024-11-02 23:00:00,-1.71,1
"02/11/2024","23:15:00",2024-11-02 23:15:00,-1.73,1
"02/11/2024","23:30:00",2024-11-02 23:30:00,-1.74,1
"02/11/2024","23:45:00",2024-11-02 23:45:00,-1.74,1
"03/11/2024","00:00:00",2024-11-03,-1.7,1
"03/11/2024","00:15:00",2024-11-03 00:15:00,-1.62,1
"03/11/2024","00:30:00",2024-11-03 00:30:00,-1.5,1
"03/11/2024","00:45:00",2024-11-03 00:45:00,-1.45,1
"03/11/2024","01:00:00",2024-11-03 01:00:00,-1.5,1
"03/11/2024","01:15:00",2024-11-03 01:15:00,-1.26,1
"03/11/2024","01:30:00",2024-11-03 01:30:00,-1.19,1
"03/11/2024","01:45:00",2024-11-03 01:45:00,-1.16,1
"03/11/2024","02:00:00",2024-11-03 02:00:00,-0.97,1
"03/11/2024","02:15:00",2024-11-03 02:15:00,-0.49,1
"03/11/2024","02:30:00",2024-11-03 02:30:00,-0.5,1
"03/11/2024","02:45:00",2024-11-03 02:45:00,-0.48,1
"03/11/2024","03:00:00",2024-11-03 03:00:00,-0.48,1
"03/11/2024","03:15:00",2024-11-03 03:15:00,-0.44,1
"03/11/2024","03:30:00",2024-11-03 03:30:00,-0.44,1
"03/11/2024","03:45:00",2024-11-03 03:45:00,-0.4,1
"03/11/2024","04:00:00",2024-11-03 04:00:00,-0.41,1
"03/11/2024","04:15:00",2024-11-03 04:15:00,-0.41,1
"03/11/2024","04:30:00",2024-11-03 04:30:00,-0.37,1
"03/11/2024","04:45:00",2024-11-03 04:45:00,-0.38,1
"03/11/2024","05:00:00",2024-11-03 05:00:00,-0.34,1
"03/11/2024","05:15:00",2024-11-03 05:15:00,-0.33,1
"03/11/2024","05:30:00",2024-11-03 05:30:00,-0.34,1
"03/11/2024","05:45:00",2024-11-03 05:45:00,-0.33,1
"03/11/2024","06:00:00",2024-11-03 06:00:00,-0.32,1
"03/11/2024","06:15:00",2024-11-03 06:15:00,-0.31,1
"03/11/2024","06:30:00",2024-11-03 06:30:00,-0.3,1
"03/11/2024","06:45:00",2024-11-03 06:45:00,-0.29,1
"03/11/2024","07:00:00",2024-11-03 07:00:00,-0.3,1
"03/11/2024","07:15:00",2024-11-03 07:15:00,-0.29,1
"03/11/2024","07:30:00",2024-11-03 07:30:00,-0.28,1
"03/11/2024","07:45:00",2024-11-03 07:45:00,-0.33,1
"03/11/2024","08:00:00",2024-11-03 08:00:00,-0.45,1
"03/11/2024","08:15:00",2024-11-03 08:15:00,-0.64,1
"03/11/2024","08:30:00",2024-11-03 08:30:00,-0.63,1
"03/11/2024","08:45:00",2024-11-03 08:45:00,-0.69,1
"03/11/2024","09:00:00",2024-11-03 09:00:00,-0.68,1
"03/11/2024","09:15:00",2024-11-03 09:15:00,-0.73,1
"03/11/2024","09:30:00",2024-11-03 09:30:00,-0.79,1
"03/11/2024","09:45:00",2024-11-03 09:45:00,-0.81,1
"03/11/2024","10:00:00",2024-11-03 10:00:00,-0.96,1
"03/11/2024","10:15:00",2024-11-03 10:15:00,-1.14,1
"03/11/2024","10:30:00",2024-11-03 10:30:00,-2.08,1
"03/11/2024","10:45:00",2024-11-03 10:45:00,-2.38,1
"03/11/2024","15:30:00",2024-11-03 15:30:00,-2.94,1
"03/11/2024","15:45:00",2024-11-03 15:45:00,-2.95,1
"03/11/2024","16:00:00",2024-11-03 16:00:00,-2.95,1
"03/11/2024","16:15:00",2024-11-03 16:15:00,-2.87,1
"03/11/2024","16:30:00",2024-11-03 16:30:00,-2.8,1
"03/11/2024","16:45:00",2024-11-03 16:45:00,-2.79,1
"03/11/2024","17:00:00",2024-11-03 17:00:00,-2.76,1
"03/11/2024","17:15:00",2024-11-03 17:15:00,-2.61,1
"03/11/2024","17:30:00",2024-11-03 17:30:00,-2.49,1
"03/11/2024","17:45:00",2024-11-03 17:45:00,-2.53,1
"03/11/2024","18:00:00",2024-11-03 18:00:00,-2.46,1
"03/11/2024","18:15:00",2024-11-03 18:15:00,-2.47,1
"03/11/2024","18:30:00",2024-11-03 18:30:00,-2.37,1
"03/11/2024","18:45:00",2024-11-03 18:45:00,-2.28,1
"03/11/2024","19:00:00",2024-11-03 19:00:00,-2.24,1
"03/11/2024","19:15:00",2024-11-03 19:15:00,-2.24,1
"03/11/2024","19:30:00",2024-11-03 19:30:00,-2.19,1
"03/11/2024","19:45:00",2024-11-03 19:45:00,-2.18,1
"03/11/2024","20:00:00",2024-11-03 20:00:00,-2.24,1
"03/11/2024","20:15:00",2024-11-03 20:15:00,-2.16,1
"03/11/2024","20:30:00",2024-11-03 20:30:00,-2.15,1
"03/11/2024","20:45:00",2024-11-03 20:45:00,-2.28,1
"03/11/2024","21:00:00",2024-11-03 21:00:00,-2.31,1
"03/11/2024","21:15:00",2024-11-03 21:15:00,-2.27,1
"03/11/2024","21:30:00",2024-11-03 21:30:00,-2.31,1
"03/11/2024","21:45:00",2024-11-03 21:45:00,-2.19,1
"03/11/2024","22:00:00",2024-11-03 22:00:00,-2.16,1
"03/11/2024","22:15:00",2024-11-03 22:15:00,-2.06,1
"03/11/2024","22:30:00",2024-11-03 22:30:00,-2.13,1
"03/11/2024","22:45:00",2024-11-03 22:45:00,-2.12,1
"03/11/2024","23:00:00",2024-11-03 23:00:00,-2.26,1
"03/11/2024","23:15:00",2024-11-03 23:15:00,-2.15,1
"03/11/2024","23:30:00",2024-11-03 23:30:00,-2.11,1
"03/11/2024","23:45:00",2024-11-03 23:45:00,-2.17,1
"04/11/2024","00:00:00",2024-11-04,-1.75,1
"04/11/2024","00:15:00",2024-11-04 00:15:00,-1.48,1
"04/11/2024","00:30:00",2024-11-04 00:30:00,-0.07,1
"04/11/2024","00:45:00",2024-11-04 00:45:00,-0.08,1
"04/11/2024","01:00:00",2024-11-04 01:00:00,-0.06,1
"04/11/2024","01:15:00",2024-11-04 01:15:00,-0.04,1
"04/11/2024","01:30:00",2024-11-04 01:30:00,-0.06,1
"04/11/2024","01:45:00",2024-11-04 01:45:00,-0.06,1
"04/11/2024","02:00:00",2024-11-04 02:00:00,-0.07,1
"04/11/2024","02:15:00",2024-11-04 02:15:00,-0.06,1
"04/11/2024","02:30:00",2024-11-04 02:30:00,-0.06,1
"04/11/2024","02:45:00",2024-11-04 02:45:00,-0.07,1
"04/11/2024","03:00:00",2024-11-04 03:00:00,-0.05,1
"04/11/2024","03:15:00",2024-11-04 03:15:00,-0.06,1
"04/11/2024","03:30:00",2024-11-04 03:30:00,-0.05,1
"04/11/2024","03:45:00",2024-11-04 03:45:00,-0.06,1
"04/11/2024","04:00:00",2024-11-04 04:00:00,-0.03,1
"04/11/2024","04:15:00",2024-11-04 04:15:00,-0.03,1
"04/11/2024","04:30:00",2024-11-04 04:30:00,-0.02,1
"04/11/2024","04:45:00",2024-11-04 04:45:00,-0.03,1
"04/11/2024","05:00:00",2024-11-04 05:00:00,-0.01,1
"04/11/2024","05:15:00",2024-11-04 05:15:00,-0.01,1
"04/11/2024","05:30:00",2024-11-04 05:30:00,-0.03,1
"04/11/2024","05:45:00",2024-11-04 05:45:00,-0.01,1
"04/11/2024","06:00:00",2024-11-04 06:00:00,0,1
"04/11/2024","06:15:00",2024-11-04 06:15:00,0,1
"04/11/2024","06:30:00",2024-11-04 06:30:00,0,1
"04/11/2024","06:45:00",2024-11-04 06:45:00,0,1
"04/11/2024","07:00:00",2024-11-04 07:00:00,0,1
"04/11/2024","07:15:00",2024-11-04 07:15:00,0,1
"04/11/2024","07:30:00",2024-11-04 07:30:00,0,1
"04/11/2024","07:45:00",2024-11-04 07:45:00,-0.03,1
"04/11/2024","08:00:00",2024-11-04 08:00:00,-0.11,1
"04/11/2024","08:15:00",2024-11-04 08:15:00,-0.19,1
"04/11/2024","08:30:00",2024-11-04 08:30:00,-0.29,1
"04/11/2024","08:45:00",2024-11-04 08:45:00,-0.38,1
"04/11/2024","09:00:00",2024-11-04 09:00:00,-0.39,1
"04/11/2024","09:15:00",2024-11-04 09:15:00,-0.4,1
"04/11/2024","09:30:00",2024-11-04 09:30:00,-0.43,1
"04/11/2024","09:45:00",2024-11-04 09:45:00,-0.42,1
"04/11/2024","10:00:00",2024-11-04 10:00:00,-0.44,1
"04/11/2024","10:15:00",2024-11-04 10:15:00,-0.53,1
"04/11/2024","10:30:00",2024-11-04 10:30:00,-0.22,1
"04/11/2024","10:45:00",2024-11-04 10:45:00,-0.55,1
"04/11/2024","11:00:00",2024-11-04 11:00:00,-0.47,1
"04/11/2024","11:15:00",2024-11-04 11:15:00,-0.77,1
"04/11/2024","11:30:00",2024-11-04 11:30:00,-0.65,1
"04/11/2024","11:45:00",2024-11-04 11:45:00,-0.35,1
"04/11/2024","12:00:00",2024-11-04 12:00:00,-0.54,1
"04/11/2024","12:15:00",2024-11-04 12:15:00,-0.49,1
"04/11/2024","12:30:00",2024-11-04 12:30:00,-0.52,1
"04/11/2024","12:45:00",2024-11-04 12:45:00,-0.39,1
