"DateTime","Plant_ID","Weight"
2024-10-24 11:03:30,1,13.8
2024-10-24 11:18:30,1,10.3
2024-10-24 11:33:30,1,13.3
2024-10-24 11:48:30,1,12.3
2024-10-24 12:03:30,1,11.3
2024-10-24 12:18:30,1,9.29999999999995
2024-10-24 12:33:30,1,8.29999999999995
2024-10-24 12:48:30,1,6.29999999999995
2024-10-24 13:03:30,1,5.29999999999995
2024-10-24 13:18:30,1,5.29999999999995
2024-10-24 13:33:30,1,3.20000000000005
2024-10-24 13:48:30,1,2.20000000000005
2024-10-24 14:03:30,1,1.20000000000005
2024-10-24 14:18:30,1,0.200000000000045
2024-10-24 14:33:30,1,-0.799999999999955
2024-10-24 14:48:30,1,-1.79999999999995
2024-10-24 15:03:30,1,-2.79999999999995
2024-10-24 15:18:30,1,-3.79999999999995
2024-10-24 15:33:30,1,-4.79999999999995
2024-10-24 15:48:30,1,-5.79999999999995
2024-10-24 16:03:30,1,-5.79999999999995
2024-10-24 16:18:30,1,-6.89999999999998
2024-10-24 16:33:30,1,-7.89999999999998
2024-10-24 16:48:30,1,-8.89999999999998
2024-10-24 17:03:30,1,-9.89999999999998
2024-10-24 17:18:30,1,-9.89999999999998
2024-10-24 17:33:30,1,-10.9
2024-10-24 17:48:30,1,-11.9
2024-10-24 18:03:30,1,-12.9
2024-10-25 13:35:53,1,-12.9
2024-10-25 13:50:53,1,-13.9
2024-10-25 14:05:53,1,-14.9
2024-10-25 14:20:53,1,-15.9
2024-10-25 14:35:53,1,-16.9
2024-10-25 14:50:53,1,-17.9
2024-10-25 15:05:53,1,-18.9
2024-10-25 15:20:53,1,-18.9
2024-10-25 15:35:53,1,-20
2024-10-25 15:50:53,1,-21
2024-10-25 16:05:53,1,-22
2024-10-25 16:20:53,1,-22
2024-10-25 16:35:53,1,-23
2024-10-25 16:50:53,1,-24
2024-10-25 17:05:53,1,-25
2024-10-25 17:20:53,1,-25
2024-10-25 17:35:53,1,-26
2024-10-25 17:50:53,1,-27
2024-10-25 18:05:53,1,-28
2024-10-25 18:20:53,1,-28
2024-10-25 18:35:53,1,-29
2024-10-25 18:50:53,1,-29
2024-10-25 19:05:53,1,-30.1
2024-10-25 19:20:53,1,-31.1
2024-10-25 19:35:53,1,-31.1
2024-10-25 19:50:53,1,-32.1
2024-10-25 20:05:53,1,-32.1
2024-10-25 20:20:53,1,-33.1
2024-10-25 20:35:53,1,-33.1
2024-10-25 20:50:53,1,-34.1
2024-10-25 21:05:53,1,-34.1
2024-10-25 21:20:53,1,-35.1
2024-10-25 21:35:53,1,-36.1
2024-10-25 21:50:53,1,-36.1
2024-10-25 22:05:53,1,-37.1
2024-10-25 22:20:53,1,-37.1
2024-10-25 22:35:53,1,-38.1
2024-10-25 22:50:53,1,-38.1
2024-10-25 23:05:53,1,-38.1
2024-10-25 23:20:53,1,-38.1
2024-10-25 23:35:53,1,-38.1
2024-10-25 23:50:53,1,-38.1
2024-10-26 00:05:53,1,-38.1
2024-10-26 00:20:53,1,-38.1
2024-10-26 00:35:53,1,-38.1
2024-10-26 00:50:53,1,-38.1
2024-10-26 01:05:53,1,-38.1
2024-10-26 01:20:53,1,-38.1
2024-10-26 01:35:53,1,-38.1
2024-10-26 01:50:53,1,-38.1
2024-10-26 02:05:53,1,-38.1
2024-10-26 02:20:53,1,-38.1
2024-10-26 02:35:54,1,-38.1
2024-10-26 02:50:53,1,-39.1
2024-10-26 03:05:53,1,-39.1
2024-10-26 03:20:53,1,-39.1
2024-10-26 03:35:54,1,-39.1
2024-10-26 03:50:53,1,-39.1
2024-10-26 04:05:53,1,-39.1
2024-10-26 04:20:54,1,-39.1
2024-10-26 04:35:53,1,-39.1
2024-10-26 04:50:54,1,-40.2
2024-10-26 05:05:54,1,-40.2
2024-10-26 05:20:54,1,-40.2
2024-10-26 05:35:54,1,-40.2
2024-10-26 05:50:54,1,-40.2
2024-10-26 06:05:54,1,-40.2
2024-10-26 06:20:54,1,-40.2
2024-10-26 06:35:54,1,-40.2
2024-10-26 06:50:54,1,-40.2
2024-10-26 07:05:54,1,-41.2
2024-10-26 07:20:54,1,-42.2
2024-10-26 07:35:54,1,-42.2
2024-10-26 07:50:54,1,-43.2
2024-10-26 08:05:54,1,-43.2
2024-10-26 08:20:54,1,-44.2
2024-10-26 08:35:54,1,-44.2
2024-10-26 08:50:54,1,-45.2
2024-10-26 09:05:54,1,-45.2
2024-10-26 09:20:54,1,-46.2
2024-10-26 09:35:54,1,-46.2
2024-10-26 09:50:54,1,-47.2
2024-10-26 10:05:54,1,-48.2
2024-10-26 10:20:54,1,-48.2
2024-10-26 10:35:54,1,-49.2
2024-10-26 10:50:54,1,-50.3000000000001
2024-10-26 11:05:54,1,-51.3000000000001
2024-10-26 11:20:54,1,-51.3000000000001
2024-10-26 11:35:54,1,-52.3000000000001
2024-10-26 11:50:54,1,-52.3000000000001
2024-10-26 12:05:54,1,-53.3000000000001
2024-10-26 12:20:54,1,-54.3000000000001
2024-10-26 12:35:54,1,-54.3000000000001
2024-10-26 12:50:54,1,-55.3000000000001
2024-10-26 13:05:54,1,-55.3000000000001
2024-10-26 13:20:54,1,-56.3000000000001
2024-10-26 13:35:54,1,-56.3000000000001
2024-10-26 13:50:54,1,-57.3000000000001
2024-10-26 14:05:54,1,-57.3000000000001
2024-10-26 14:20:54,1,-58.3000000000001
2024-10-26 14:35:54,1,-58.3000000000001
2024-10-26 14:50:54,1,-59.3000000000001
2024-10-26 15:05:54,1,-60.4
2024-10-26 15:20:03,1,-60.4
2024-10-26 15:35:03,1,-61.4
2024-10-26 15:50:03,1,-61.4
2024-10-26 16:05:03,1,-62.4
2024-10-26 16:20:03,1,-63.4
2024-10-26 16:35:03,1,-63.4
2024-10-26 16:50:03,1,-64.4
2024-10-26 17:05:03,1,-64.4
2024-10-26 17:20:03,1,-65.4
2024-10-26 17:35:03,1,-65.4
2024-10-26 17:50:03,1,-66.4
2024-10-26 18:05:03,1,-66.4
2024-10-26 18:20:03,1,-67.4
2024-10-26 18:35:03,1,-67.4
2024-10-26 18:50:03,1,-68.4
2024-10-26 19:05:03,1,-68.4
2024-10-26 19:20:03,1,-69.4
2024-10-26 19:35:03,1,-69.4
2024-10-26 19:50:03,1,-70.5
2024-10-26 20:05:03,1,-70.5
2024-10-26 20:20:03,1,-71.5
2024-10-26 20:35:03,1,-71.5
2024-10-26 20:50:03,1,-72.5
2024-10-26 21:05:03,1,-72.5
2024-10-26 21:20:03,1,-72.5
2024-10-26 21:35:03,1,-73.5
2024-10-26 21:50:03,1,-73.5
2024-10-26 22:05:03,1,-74.5
2024-10-26 22:20:03,1,-74.5
2024-10-26 22:35:03,1,-74.5
2024-10-26 22:50:03,1,-75.5
2024-10-26 23:05:03,1,-75.5
2024-10-26 23:20:03,1,-75.5
2024-10-26 23:35:03,1,-75.5
2024-10-26 23:50:03,1,-75.5
2024-10-27 00:05:03,1,-75.5
2024-10-27 00:20:03,1,-75.5
2024-10-27 00:35:03,1,-75.5
2024-10-27 00:50:03,1,-75.5
2024-10-27 01:05:03,1,-75.5
2024-10-27 01:20:03,1,-75.5
2024-10-27 01:35:03,1,-75.5
2024-10-27 01:50:03,1,-75.5
2024-10-27 02:05:03,1,-75.5
2024-10-27 02:20:03,1,-75.5
2024-10-27 02:20:03,1,-76.5
2024-10-27 02:35:03,1,-75.5
2024-10-27 02:35:03,1,-76.5
2024-10-27 02:50:03,1,-75.5
2024-10-27 02:50:03,1,-76.5
2024-10-27 03:05:03,1,-76.5
2024-10-27 03:20:03,1,-76.5
2024-10-27 03:35:03,1,-76.5
2024-10-27 03:50:03,1,-76.5
2024-10-27 04:05:03,1,-76.5
2024-10-27 04:20:03,1,-76.5
2024-10-27 04:35:03,1,-76.5
2024-10-27 04:50:03,1,-76.5
2024-10-27 05:05:03,1,-76.5
2024-10-27 05:20:03,1,-76.5
2024-10-27 05:35:03,1,-77.5
2024-10-27 05:50:03,1,-77.5
2024-10-27 06:05:03,1,-77.5
2024-10-27 06:20:03,1,-77.5
2024-10-27 06:35:03,1,-77.5
2024-10-27 06:50:03,1,-77.5
2024-10-27 07:05:03,1,-78.5
2024-10-27 07:20:03,1,-79.5
2024-10-27 07:35:03,1,-80.5
2024-10-27 07:50:03,1,-80.5
2024-10-27 08:05:03,1,-81.6
2024-10-27 08:20:03,1,-81.6
2024-10-27 08:35:03,1,-82.6
2024-10-27 08:50:03,1,-82.6
2024-10-27 09:05:03,1,-83.6
2024-10-27 09:20:03,1,-83.6
2024-10-27 09:35:03,1,-84.6
2024-10-27 09:50:03,1,-84.6
2024-10-27 10:05:03,1,-85.6
2024-10-27 10:20:03,1,-85.6
2024-10-27 10:35:03,1,-86.6
2024-10-27 10:50:03,1,-86.6
2024-10-27 11:05:03,1,-87.6
2024-10-27 11:20:03,1,-87.6
2024-10-27 11:35:03,1,-88.6
2024-10-27 11:50:03,1,-88.6
2024-10-27 12:05:03,1,-89.7
2024-10-27 12:20:03,1,-89.7
2024-10-27 12:35:03,1,-90.7
2024-10-27 12:50:03,1,-90.7
2024-10-27 13:05:03,1,-91.7
2024-10-27 13:20:03,1,-91.7
2024-10-27 13:35:03,1,-92.7
2024-10-27 13:50:03,1,-92.7
2024-10-27 14:05:03,1,-93.7
2024-10-27 14:20:03,1,-93.7
2024-10-27 14:35:03,1,-97.6
2024-10-27 14:50:03,1,-97.6
2024-10-27 15:05:03,1,-97.6
2024-10-27 15:20:03,1,-98.6
2024-10-27 15:35:03,1,-99.6
2024-10-27 15:50:03,1,-99.6
2024-10-27 16:05:03,1,-100.7
2024-10-27 16:20:03,1,-100.7
2024-10-27 16:35:03,1,-101.7
2024-10-27 16:50:03,1,-102.7
2024-10-27 17:05:03,1,-102.7
2024-10-27 17:20:03,1,-103.7
2024-10-27 17:35:03,1,-103.7
2024-10-27 17:50:03,1,-104.7
2024-10-27 18:05:03,1,-105.7
2024-10-27 18:20:03,1,-105.7
2024-10-27 18:35:03,1,-106.7
2024-10-27 18:50:03,1,-107.7
2024-10-27 19:05:03,1,-108.7
2024-10-27 19:20:03,1,-108.7
2024-10-27 19:35:03,1,-109.7
2024-10-27 19:50:03,1,-110.7
2024-10-27 20:05:03,1,-111.8
2024-10-27 20:20:03,1,-111.8
2024-10-27 20:35:03,1,-112.8
2024-10-27 20:50:03,1,-113.8
2024-10-27 21:05:03,1,-113.8
2024-10-27 21:20:03,1,-114.8
2024-10-27 21:35:03,1,-114.8
2024-10-27 21:50:03,1,-115.8
2024-10-27 22:05:03,1,-115.8
2024-10-27 22:20:03,1,-116.8
2024-10-27 22:35:03,1,-117.8
2024-10-27 22:50:03,1,-117.8
2024-10-27 23:05:03,1,-117.8
2024-10-27 23:20:03,1,-117.8
2024-10-27 23:35:03,1,-117.8
2024-10-27 23:50:03,1,-117.8
2024-10-28 00:05:03,1,-117.8
2024-10-28 00:20:03,1,-117.8
2024-10-28 00:35:03,1,-117.8
2024-10-28 00:50:03,1,-117.8
2024-10-28 01:05:03,1,-117.8
2024-10-28 01:20:03,1,-117.8
2024-10-28 01:35:03,1,-117.8
2024-10-28 01:50:03,1,-117.8
2024-10-28 02:05:03,1,-117.8
2024-10-28 02:20:03,1,-117.8
2024-10-28 02:35:03,1,-117.8
2024-10-28 02:50:03,1,-118.8
2024-10-28 03:05:03,1,-118.8
2024-10-28 03:20:03,1,-118.8
2024-10-28 03:35:03,1,-118.8
2024-10-28 03:50:03,1,-118.8
2024-10-28 04:05:03,1,-118.8
2024-10-28 04:20:03,1,-118.8
2024-10-28 04:35:03,1,-118.8
2024-10-28 04:50:03,1,-118.8
2024-10-28 05:05:03,1,-118.8
2024-10-28 05:20:03,1,-118.8
2024-10-28 05:35:03,1,-119.8
2024-10-28 05:50:03,1,-119.8
2024-10-28 06:05:03,1,-119.8
2024-10-28 06:20:03,1,-119.8
2024-10-28 06:35:03,1,-119.8
2024-10-28 06:50:03,1,-119.8
2024-10-28 07:05:03,1,-120.8
2024-10-28 07:20:03,1,-121.9
2024-10-28 07:35:03,1,-122.9
2024-10-28 07:50:03,1,-122.9
2024-10-28 08:05:03,1,-123.9
2024-10-28 08:20:03,1,-124.9
2024-10-28 08:35:03,1,-124.9
2024-10-28 08:50:03,1,-125.9
2024-10-28 09:05:03,1,-126.9
2024-10-28 09:20:03,1,-126.9
2024-10-28 09:35:03,1,-127.9
2024-10-28 09:50:03,1,-128.9
2024-10-28 10:05:03,1,-128.9
2024-10-28 10:20:03,1,-129.9
2024-10-28 10:35:03,1,-132
2024-10-28 10:50:03,1,-133
2024-10-28 11:05:03,1,-135
2024-10-28 11:20:03,1,-136
2024-10-28 11:35:03,1,-136
2024-10-28 11:50:03,1,-137
2024-10-28 12:05:03,1,-138
2024-10-28 12:20:03,1,-139
2024-10-28 12:35:03,1,-140
2024-10-28 12:50:03,1,-141
2024-10-28 13:05:03,1,-142.1
2024-10-28 13:20:03,1,-143.1
2024-10-28 13:35:03,1,-144.1
2024-10-28 13:50:03,1,-145.1
2024-10-28 14:05:03,1,-146.1
2024-10-28 14:20:03,1,-146.1
2024-10-28 14:35:03,1,-147.1
2024-10-28 14:50:03,1,-148.1
2024-10-28 15:05:03,1,-149.1
2024-10-28 15:20:03,1,-150.1
2024-10-28 15:35:03,1,-150.1
2024-10-28 15:50:03,1,-151.1
2024-10-28 16:05:03,1,-152.3
2024-10-28 16:20:03,1,-152.3
2024-10-28 16:35:03,1,-153.3
2024-10-28 16:50:03,1,-154.3
2024-10-28 17:05:03,1,-155.3
2024-10-28 17:20:03,1,-156.3
2024-10-28 17:35:03,1,-156.3
2024-10-28 17:50:03,1,-157.4
2024-10-28 18:05:03,1,-158.4
2024-10-28 18:20:03,1,-159.4
2024-10-28 18:35:03,1,-159.4
2024-10-28 18:50:03,1,-160.4
2024-10-28 19:05:03,1,-161.4
2024-10-28 19:20:03,1,-161.4
2024-10-28 19:35:03,1,-162.4
2024-10-28 19:50:03,1,-163.4
2024-10-28 20:05:03,1,-164.4
2024-10-28 20:20:03,1,-164.4
2024-10-28 20:35:03,1,-165.4
2024-10-28 20:50:03,1,-166.4
2024-10-28 21:05:03,1,-166.4
2024-10-28 21:20:03,1,-167.5
2024-10-28 21:35:03,1,-168.5
2024-10-28 21:50:03,1,-168.5
2024-10-28 22:05:03,1,-169.5
2024-10-28 22:20:03,1,-169.5
2024-10-28 22:35:03,1,-170.5
2024-10-28 22:50:03,1,-170.5
2024-10-28 23:05:03,1,-170.5
2024-10-28 23:20:03,1,-170.5
2024-10-28 23:35:03,1,-169.5
2024-10-28 23:50:03,1,-169.5
2024-10-29 00:05:03,1,-169.5
2024-10-29 00:20:03,1,-169.5
2024-10-29 00:35:03,1,-169.5
2024-10-29 00:50:03,1,-169.5
2024-10-29 01:05:03,1,-169.5
2024-10-29 01:20:03,1,-169.5
2024-10-29 01:35:03,1,-169.5
2024-10-29 01:50:03,1,-169.5
2024-10-29 02:05:03,1,-169.5
2024-10-29 02:20:03,1,-170.5
2024-10-29 02:35:03,1,-170.5
2024-10-29 02:50:03,1,-170.5
2024-10-29 03:05:03,1,-170.5
2024-10-29 03:20:03,1,-170.5
2024-10-29 03:35:03,1,-170.5
2024-10-29 03:50:03,1,-170.5
2024-10-29 04:05:03,1,-170.5
2024-10-29 04:20:03,1,-170.5
2024-10-29 04:35:03,1,-170.5
2024-10-29 04:50:03,1,-170.5
2024-10-29 05:05:03,1,-170.5
2024-10-29 05:20:03,1,-171.5
2024-10-29 05:35:03,1,-171.5
2024-10-29 05:50:03,1,-171.5
2024-10-29 06:05:03,1,-171.5
2024-10-29 06:20:03,1,-171.5
2024-10-29 06:35:03,1,-171.5
2024-10-29 06:50:03,1,-171.5
2024-10-29 07:05:03,1,-172.5
2024-10-29 07:20:03,1,-174.5
2024-10-29 07:35:03,1,-174.5
2024-10-29 07:50:03,1,-175.5
2024-10-29 08:05:03,1,-176.5
2024-10-29 08:20:03,1,-176.5
2024-10-29 08:35:03,1,-177.6
2024-10-29 08:50:03,1,-178.6
2024-10-29 09:05:03,1,-179.6
2024-10-29 09:20:03,1,-180.6
2024-10-29 09:35:03,1,-180.6
2024-10-29 09:50:03,1,-181.6
2024-10-29 10:05:03,1,-182.6
2024-10-29 10:20:03,1,-182.6
2024-10-29 10:35:03,1,-183.6
2024-10-29 10:50:03,1,-184.6
2024-10-29 11:05:03,1,-185.6
2024-10-29 11:20:03,1,-186.6
2024-10-29 11:35:03,1,-187.7
2024-10-29 11:50:03,1,-188.7
2024-10-29 12:05:03,1,-189.7
2024-10-29 12:20:03,1,-190.7
2024-10-29 12:35:03,1,-191.7
2024-10-29 12:50:03,1,-192.7
2024-10-29 13:05:03,1,-192.7
2024-10-29 13:20:03,1,-193.7
2024-10-29 13:35:03,1,-194.7
2024-10-29 13:50:03,1,-195.7
2024-10-29 14:05:03,1,-195.7
2024-10-29 14:20:03,1,-196.7
2024-10-29 14:35:03,1,-197.8
2024-10-29 14:50:03,1,-197.8
2024-10-29 15:05:03,1,-198.8
2024-10-29 15:20:03,1,-199.8
2024-10-29 15:35:03,1,-200.8
2024-10-29 15:50:03,1,-200.8
2024-10-29 16:05:03,1,-201.8
2024-10-29 16:20:03,1,-201.8
2024-10-29 16:35:03,1,-202.8
2024-10-29 16:50:03,1,-203.8
2024-10-29 17:05:03,1,-203.8
2024-10-29 17:20:03,1,-204.8
2024-10-29 17:35:03,1,-205.9
2024-10-29 17:50:03,1,-205.9
2024-10-29 18:05:03,1,-205.9
2024-10-29 18:20:03,1,-205.9
2024-10-29 18:35:03,1,-206.9
2024-10-29 18:50:03,1,-206.9
2024-10-29 19:05:03,1,-207.9
2024-10-29 19:20:03,1,-208.9
2024-10-29 19:35:03,1,-208.9
2024-10-29 19:50:03,1,-209.9
2024-10-29 20:05:03,1,-210.9
2024-10-29 20:20:03,1,-212
2024-10-29 20:35:03,1,-212
2024-10-29 20:50:03,1,-213
2024-10-29 21:05:03,1,-214
2024-10-29 21:20:03,1,-214
2024-10-29 21:35:03,1,-215
2024-10-29 21:50:03,1,-216
2024-10-29 22:05:03,1,-216
2024-10-29 22:20:03,1,-217
2024-10-29 22:35:03,1,-217
2024-10-29 22:50:03,1,-218
2024-10-29 23:05:03,1,-218
2024-10-29 23:20:03,1,-218
2024-10-29 23:35:03,1,-218
2024-10-29 23:50:03,1,-218
2024-10-30 00:05:03,1,-218
2024-10-30 00:20:03,1,-218
2024-10-30 00:35:03,1,-218
2024-10-30 00:50:03,1,-218
2024-10-30 01:05:03,1,-218
2024-10-30 01:20:03,1,-218
2024-10-30 01:35:03,1,-218
2024-10-30 01:50:03,1,-218
2024-10-30 02:05:03,1,-218
2024-10-30 02:20:03,1,-218
2024-10-30 02:35:03,1,-219
2024-10-30 02:50:03,1,-219
2024-10-30 03:05:03,1,-219
2024-10-30 03:20:03,1,-219
2024-10-30 03:35:03,1,-219
2024-10-30 03:50:03,1,-219
2024-10-30 04:05:03,1,-219
2024-10-30 04:20:03,1,-219
2024-10-30 04:35:03,1,-220
2024-10-30 04:50:03,1,-220
2024-10-30 05:05:03,1,-220
2024-10-30 05:20:03,1,-220
2024-10-30 05:35:03,1,-220
2024-10-30 05:50:03,1,-220
2024-10-30 06:05:03,1,-220
2024-10-30 06:20:03,1,-220
2024-10-30 06:35:03,1,-220
2024-10-30 06:50:03,1,-221
2024-10-30 07:05:03,1,-222.1
2024-10-30 07:20:03,1,-223.1
2024-10-30 07:35:03,1,-224.1
2024-10-30 07:50:03,1,-224.1
2024-10-30 08:05:03,1,-225.1
2024-10-30 08:20:03,1,-226.1
2024-10-30 08:35:03,1,-226.1
2024-10-30 08:50:03,1,-227.1
2024-10-30 09:05:03,1,-228.1
2024-10-30 09:20:03,1,-229.1
2024-10-30 09:35:03,1,-229.1
2024-10-30 09:50:03,1,-230.1
2024-10-30 10:05:03,1,-231.1
2024-10-30 10:20:03,1,-232.2
2024-10-30 10:35:03,1,-233.2
2024-10-30 10:50:03,1,-234.2
2024-10-30 11:05:03,1,-235.2
2024-10-30 11:20:03,1,-236.2
2024-10-30 11:35:03,1,-237.2
2024-10-30 11:50:03,1,-238.2
2024-10-30 12:05:03,1,-239.2
2024-10-30 12:20:03,1,-240.2
2024-10-30 12:35:03,1,-241.2
2024-10-30 12:50:03,1,-242.3
2024-10-30 13:05:03,1,-243.3
2024-10-30 13:20:03,1,-244.3
2024-10-30 13:35:03,1,-246.3
2024-10-30 13:50:03,1,-247.3
2024-10-30 14:05:03,1,-248.3
2024-10-30 14:20:03,1,-249.3
2024-10-30 14:35:03,1,-250.3
2024-10-30 14:50:03,1,-251.3
2024-10-30 15:05:03,1,-253.4
2024-10-30 15:20:03,1,-253.4
2024-10-30 15:35:03,1,-254.4
2024-10-30 15:50:03,1,-255.4
2024-10-30 16:05:03,1,-256.4
2024-10-30 16:20:03,1,-257.4
2024-10-30 16:35:03,1,-258.4
2024-10-30 16:50:03,1,-259.4
2024-10-30 17:05:03,1,-260.4
2024-10-30 17:20:03,1,-261.4
2024-10-30 17:35:03,1,-262.5
2024-10-30 17:50:03,1,-263.5
2024-10-30 18:05:03,1,-264.5
2024-10-30 18:20:03,1,-264.5
2024-10-30 18:35:03,1,-265.5
2024-10-30 18:50:03,1,-266.5
2024-10-30 19:05:03,1,-267.5
2024-10-30 19:20:03,1,-268.5
2024-10-30 19:35:03,1,-269.5
2024-10-30 19:50:03,1,-270.5
2024-10-30 20:05:03,1,-271.6
2024-10-30 20:20:03,1,-272.6
2024-10-30 20:35:03,1,-273.6
2024-10-30 20:50:03,1,-274.6
2024-10-30 21:05:03,1,-274.6
2024-10-30 21:20:03,1,-275.6
2024-10-30 21:35:03,1,-276.6
2024-10-30 21:50:03,1,-277.6
2024-10-30 22:05:03,1,-277.6
2024-10-30 22:20:03,1,-278.6
2024-10-30 22:35:03,1,-279.6
2024-10-30 22:50:03,1,-279.6
2024-10-30 23:05:03,1,-279.6
2024-10-30 23:20:03,1,-279.6
2024-10-30 23:35:03,1,-279.6
2024-10-30 23:50:03,1,-279.6
2024-10-31 00:05:03,1,-278.5
2024-10-31 00:20:03,1,-278.5
2024-10-31 00:35:03,1,-278.5
2024-10-31 00:50:03,1,-278.5
2024-10-31 01:05:03,1,-278.5
2024-10-31 01:20:03,1,-279.5
2024-10-31 01:35:03,1,-279.5
2024-10-31 01:50:03,1,-279.5
2024-10-31 02:05:03,1,-279.5
2024-10-31 02:20:03,1,-280.5
2024-10-31 02:35:03,1,-280.5
2024-10-31 02:50:03,1,-280.5
2024-10-31 03:05:03,1,-280.5
2024-10-31 03:20:03,1,-280.5
2024-10-31 03:35:03,1,-280.5
2024-10-31 03:50:03,1,-280.5
2024-10-31 04:05:03,1,-280.5
2024-10-31 04:20:03,1,-281.5
2024-10-31 04:35:03,1,-281.5
2024-10-31 04:50:03,1,-281.5
2024-10-31 05:05:03,1,-281.5
2024-10-31 05:20:03,1,-281.5
2024-10-31 05:35:03,1,-281.5
2024-10-31 05:50:03,1,-281.5
2024-10-31 06:05:03,1,-281.5
2024-10-31 06:20:03,1,-281.5
2024-10-31 06:35:03,1,-282.6
2024-10-31 06:50:03,1,-282.6
2024-10-31 07:05:03,1,-283.6
2024-10-31 07:20:03,1,-285.6
2024-10-31 07:35:03,1,-285.6
2024-10-31 07:50:03,1,-286.6
2024-10-31 08:05:03,1,-287.6
2024-10-31 08:20:03,1,-288.6
2024-10-31 08:35:03,1,-288.6
2024-10-31 08:50:03,1,-289.6
2024-10-31 09:05:03,1,-290.6
2024-10-31 09:20:03,1,-291.6
2024-10-31 09:35:03,1,-292.7
2024-10-31 09:50:03,1,-293.7
2024-10-31 10:05:03,1,-294.7
2024-10-31 10:20:03,1,-295.7
2024-10-31 10:35:03,1,-296.7
2024-10-31 10:50:03,1,-297.7
2024-10-31 11:05:03,1,-298.7
2024-10-31 11:20:03,1,-299.7
2024-10-31 11:35:03,1,-300.7
2024-10-31 11:50:03,1,-301.7
2024-10-31 12:05:03,1,-302.8
2024-10-31 12:20:03,1,-303.8
2024-10-31 12:35:03,1,-304.8
2024-10-31 12:50:03,1,-305.8
2024-10-31 13:05:03,1,-306.9
2024-10-31 13:20:03,1,-307.9
2024-10-31 13:35:03,1,-308.9
2024-10-31 13:50:03,1,-309.9
2024-10-31 14:05:03,1,-310.9
2024-10-31 14:20:03,1,-310.9
2024-10-31 14:35:03,1,-311.9
2024-10-31 14:50:03,1,-313
2024-10-31 15:05:03,1,-314
2024-10-31 15:20:03,1,-314
2024-10-31 15:35:03,1,-315
2024-10-31 15:50:03,1,-317
2024-10-31 16:05:03,1,-318
2024-10-31 16:20:03,1,-319
2024-10-31 16:35:03,1,-319
2024-10-31 16:50:03,1,-319
2024-10-31 17:05:03,1,-320
2024-10-31 17:20:03,1,-321
2024-10-31 17:35:03,1,-321
2024-10-31 17:50:03,1,-322
2024-10-31 18:05:03,1,-323
2024-10-31 18:20:03,1,-324
2024-10-31 18:35:03,1,-324
2024-10-31 18:50:03,1,-325
2024-10-31 19:05:03,1,-326
2024-10-31 19:20:03,1,-327
2024-10-31 19:35:03,1,-328.1
2024-10-31 19:50:03,1,-329.1
2024-10-31 20:05:03,1,-330.1
2024-10-31 20:20:03,1,-331.1
2024-10-31 20:35:03,1,-332.1
2024-10-31 20:50:03,1,-333.1
2024-10-31 21:05:03,1,-334.1
2024-10-31 21:20:03,1,-335.1
2024-10-31 21:35:03,1,-335.1
2024-10-31 21:50:03,1,-336.1
2024-10-31 22:05:03,1,-337.1
2024-10-31 22:20:03,1,-338.2
2024-10-31 22:35:03,1,-339.2
2024-10-31 22:50:03,1,-339.2
2024-10-31 23:05:03,1,-339.2
2024-10-31 23:20:03,1,-339.2
2024-10-31 23:35:03,1,-339.2
2024-10-31 23:50:03,1,-339.2
2024-11-01 00:05:03,1,-339.2
2024-11-01 00:20:03,1,-339.2
2024-11-01 00:35:03,1,-339.2
2024-11-01 00:50:03,1,-339.2
2024-11-01 01:05:03,1,-339.2
2024-11-01 01:20:03,1,-339.2
2024-11-01 01:35:03,1,-339.2
2024-11-01 01:50:03,1,-340.2
2024-11-01 02:05:03,1,-340.2
2024-11-01 02:20:03,1,-340.2
2024-11-01 02:35:03,1,-340.2
2024-11-01 02:50:03,1,-340.2
2024-11-01 03:05:03,1,-340.2
2024-11-01 03:20:03,1,-341.2
2024-11-01 03:35:03,1,-341.2
2024-11-01 03:50:03,1,-341.2
2024-11-01 04:05:03,1,-341.2
2024-11-01 04:20:03,1,-341.2
2024-11-01 04:35:03,1,-341.2
2024-11-01 04:50:03,1,-341.2
2024-11-01 05:05:03,1,-341.2
2024-11-01 05:20:03,1,-341.2
2024-11-01 05:35:03,1,-342.2
2024-11-01 05:50:03,1,-342.2
2024-11-01 06:05:03,1,-342.2
2024-11-01 06:20:03,1,-342.2
2024-11-01 06:35:03,1,-342.2
2024-11-01 06:50:03,1,-342.2
2024-11-01 07:05:03,1,-344.2
2024-11-01 07:20:03,1,-345.2
2024-11-01 07:35:03,1,-346.2
2024-11-01 07:50:03,1,-347.2
2024-11-01 08:05:03,1,-348.3
2024-11-01 08:20:03,1,-349.3
2024-11-01 08:35:03,1,-350.3
2024-11-01 08:50:03,1,-350.3
2024-11-01 09:05:03,1,-351.3
2024-11-01 09:20:03,1,-352.3
2024-11-01 09:35:03,1,-353.3
2024-11-01 09:50:03,1,-354.3
2024-11-01 10:05:03,1,-355.3
2024-11-01 10:20:03,1,-356.3
2024-11-01 10:35:03,1,-357.3
2024-11-01 10:50:03,1,-358.4
2024-11-01 11:05:03,1,-359.4
2024-11-01 11:20:03,1,-361.4
2024-11-01 11:35:03,1,-362.4
2024-11-01 11:50:03,1,-363.4
2024-11-01 12:05:03,1,-364.4
2024-11-01 12:20:03,1,-365.4
2024-11-01 12:35:03,1,-366.4
2024-11-01 12:50:03,1,-367.4
2024-11-01 13:05:03,1,-369.5
2024-11-01 13:20:03,1,-370.5
2024-11-01 13:35:03,1,-371.5
2024-11-01 13:50:03,1,-372.5
2024-11-01 14:05:03,1,-373.5
2024-11-01 14:20:03,1,-374.5
2024-11-01 14:35:03,1,-376.5
2024-11-01 14:50:03,1,-377.5
2024-11-01 15:05:03,1,-378.6
2024-11-01 15:20:03,1,-379.6
2024-11-01 15:35:03,1,-380.6
2024-11-01 15:50:03,1,-381.6
2024-11-01 16:05:03,1,-382.6
2024-11-01 16:20:03,1,-384.6
2024-11-01 16:35:03,1,-385.6
2024-11-01 16:50:03,1,-386.6
2024-11-01 17:05:03,1,-387.6
2024-11-01 17:20:03,1,-388.7
2024-11-01 17:35:03,1,-389.7
2024-11-01 17:50:03,1,-390.7
2024-11-01 18:05:03,1,-391.7
2024-11-01 18:20:03,1,-392.7
2024-11-01 18:35:03,1,-393.7
2024-11-01 18:50:03,1,-394.7
2024-11-01 19:05:03,1,-395.7
2024-11-01 19:20:03,1,-396.7
2024-11-01 19:35:03,1,-398.8
2024-11-01 19:50:03,1,-398.8
2024-11-01 20:05:03,1,-399.8
2024-11-01 20:20:03,1,-400.8
2024-11-01 20:35:03,1,-401.8
2024-11-01 20:50:03,1,-402.8
2024-11-01 21:05:03,1,-403.8
2024-11-01 21:20:03,1,-404.8
2024-11-01 21:35:03,1,-405.8
2024-11-01 21:50:03,1,-406.8
2024-11-01 22:05:03,1,-406.8
2024-11-01 22:20:03,1,-407.8
2024-11-01 22:35:03,1,-408.9
2024-11-01 22:50:03,1,-409.9
2024-11-01 23:05:03,1,-409.9
2024-11-01 23:20:03,1,-408.9
2024-11-01 23:35:03,1,-408.9
2024-11-01 23:50:03,1,-408.9
2024-11-02 00:05:03,1,-408.9
2024-11-02 00:20:03,1,-408.9
2024-11-02 00:35:03,1,-408.9
2024-11-02 00:50:03,1,-408.9
2024-11-02 01:05:03,1,-408.9
2024-11-02 01:20:03,1,-408.9
2024-11-02 01:35:03,1,-408.9
2024-11-02 01:50:03,1,-408.9
2024-11-02 02:05:03,1,-408.9
2024-11-02 02:20:03,1,-408.9
2024-11-02 02:35:03,1,-409.9
2024-11-02 02:50:03,1,-409.9
2024-11-02 03:05:03,1,-409.9
2024-11-02 03:20:03,1,-409.9
2024-11-02 03:35:03,1,-409.9
2024-11-02 03:50:03,1,-409.9
2024-11-02 04:05:03,1,-409.9
2024-11-02 04:20:03,1,-409.9
2024-11-02 04:35:03,1,-410.9
2024-11-02 04:50:03,1,-410.9
2024-11-02 05:05:03,1,-410.9
2024-11-02 05:20:03,1,-410.9
2024-11-02 05:35:03,1,-410.9
2024-11-02 05:50:03,1,-410.9
2024-11-02 06:05:03,1,-410.9
2024-11-02 06:20:03,1,-410.9
2024-11-02 06:35:03,1,-411.9
2024-11-02 06:50:03,1,-411.9
2024-11-02 07:05:03,1,-412.9
2024-11-02 07:20:03,1,-414.9
2024-11-02 07:35:03,1,-415.9
2024-11-02 07:50:03,1,-416.9
2024-11-02 08:05:03,1,-417.9
2024-11-02 08:20:03,1,-419
2024-11-02 08:35:03,1,-419
2024-11-02 08:50:03,1,-420
2024-11-02 09:05:03,1,-421
2024-11-02 09:20:03,1,-422
2024-11-02 09:35:03,1,-423
2024-11-02 09:50:03,1,-424
2024-11-02 10:05:03,1,-425
2024-11-02 10:20:03,1,-426
2024-11-02 10:35:03,1,-427
2024-11-02 10:50:03,1,-428
2024-11-02 11:05:03,1,-429.1
2024-11-02 11:20:03,1,-430.1
2024-11-02 11:35:03,1,-431.1
2024-11-02 11:50:03,1,-433.1
2024-11-02 12:05:03,1,-434.2
2024-11-02 12:20:03,1,-435.2
2024-11-02 12:35:03,1,-436.2
2024-11-02 12:50:03,1,-437.2
2024-11-02 13:05:03,1,-438.2
2024-11-02 13:20:03,1,-439.2
2024-11-02 13:35:03,1,-440.2
2024-11-02 13:50:03,1,-441.2
2024-11-02 14:05:03,1,-442.2
2024-11-02 14:20:03,1,-443.2
2024-11-02 14:35:03,1,-444.3
2024-11-02 14:50:03,1,-444.3
2024-11-02 15:05:03,1,-445.3
2024-11-02 15:20:03,1,-447.3
2024-11-02 15:35:03,1,-448.3
2024-11-02 15:50:03,1,-448.3
2024-11-02 16:05:03,1,-449.3
2024-11-02 16:20:03,1,-450.3
2024-11-02 16:35:03,1,-451.3
2024-11-02 16:50:03,1,-452.3
2024-11-02 17:05:03,1,-453.4
2024-11-02 17:20:03,1,-453.4
2024-11-02 17:35:03,1,-454.4
2024-11-02 17:50:03,1,-455.4
2024-11-02 18:05:03,1,-456.4
2024-11-02 18:20:03,1,-457.4
2024-11-02 18:35:03,1,-458.4
2024-11-02 18:50:03,1,-458.4
2024-11-02 19:05:03,1,-459.4
2024-11-02 19:20:03,1,-460.4
2024-11-02 19:35:03,1,-461.4
2024-11-02 19:50:03,1,-462.4
2024-11-02 20:05:03,1,-463.5
2024-11-02 20:20:03,1,-463.5
2024-11-02 20:35:03,1,-464.5
2024-11-02 20:50:03,1,-465.5
2024-11-02 21:05:03,1,-466.5
2024-11-02 21:20:03,1,-466.5
2024-11-02 21:35:03,1,-467.5
2024-11-02 21:50:03,1,-467.5
2024-11-02 22:05:03,1,-468.5
2024-11-02 22:20:03,1,-469.5
2024-11-02 22:35:03,1,-470.5
2024-11-02 22:50:03,1,-470.5
2024-11-02 23:05:03,1,-470.5
2024-11-02 23:20:03,1,-470.5
2024-11-02 23:35:03,1,-470.5
2024-11-02 23:50:03,1,-469.5
2024-11-03 00:05:03,1,-469.5
2024-11-03 00:20:03,1,-469.5
2024-11-03 00:35:03,1,-469.5
2024-11-03 00:50:03,1,-469.5
2024-11-03 01:05:03,1,-469.5
2024-11-03 01:20:03,1,-469.5
2024-11-03 01:35:03,1,-469.5
2024-11-03 01:50:03,1,-469.5
2024-11-03 02:05:03,1,-469.5
2024-11-03 02:20:03,1,-469.5
2024-11-03 02:35:03,1,-469.5
2024-11-03 02:50:03,1,-469.5
2024-11-03 03:05:03,1,-469.5
2024-11-03 03:20:03,1,-469.5
2024-11-03 03:35:03,1,-469.5
2024-11-03 03:50:03,1,-470.5
2024-11-03 04:05:03,1,-470.5
2024-11-03 04:20:03,1,-470.5
2024-11-03 04:35:03,1,-470.5
2024-11-03 04:50:03,1,-470.5
2024-11-03 05:05:03,1,-470.5
2024-11-03 05:20:03,1,-470.5
2024-11-03 05:35:03,1,-470.5
2024-11-03 05:50:03,1,-470.5
2024-11-03 06:05:03,1,-470.5
2024-11-03 06:20:03,1,-470.5
2024-11-03 06:35:03,1,-471.5
2024-11-03 06:50:03,1,-471.5
2024-11-03 07:05:03,1,-472.6
2024-11-03 07:20:03,1,-474.6
2024-11-03 07:35:03,1,-475.6
2024-11-03 07:50:03,1,-476.6
2024-11-03 08:05:03,1,-477.6
2024-11-03 08:20:03,1,-477.6
2024-11-03 08:35:03,1,-478.6
2024-11-03 08:50:03,1,-479.6
2024-11-03 09:05:03,1,-480.7
2024-11-03 09:20:03,1,-481.7
2024-11-03 09:35:03,1,-482.7
2024-11-03 09:50:03,1,-482.7
2024-11-03 10:05:03,1,-482.7
2024-11-03 10:20:03,1,-482.7
2024-11-03 10:35:03,1,-482.7
2024-11-03 10:50:03,1,-483.7
2024-11-03 11:05:03,1,-484.7
2024-11-03 11:20:03,1,-485.7
2024-11-03 11:35:03,1,-486.7
2024-11-03 11:50:03,1,-487.7
2024-11-03 12:05:03,1,-489.7
2024-11-03 12:20:03,1,-490.8
2024-11-03 12:35:03,1,-491.8
2024-11-03 12:50:03,1,-492.8
2024-11-03 13:05:03,1,-494.8
2024-11-03 13:20:03,1,-495.8
2024-11-03 13:35:03,1,-497.9
2024-11-03 13:50:03,1,-498.9
2024-11-03 14:05:03,1,-500.9
2024-11-03 14:20:03,1,-502.9
2024-11-03 14:35:03,1,-503.9
2024-11-03 14:50:03,1,-505.9
2024-11-03 15:05:03,1,-506.9
2024-11-03 15:20:03,1,-509
2024-11-03 15:35:03,1,-510
2024-11-03 15:50:03,1,-512
2024-11-03 16:05:03,1,-513
2024-11-03 16:20:03,1,-514
2024-11-03 16:35:03,1,-516
2024-11-03 16:50:03,1,-517
2024-11-03 17:05:03,1,-518.1
2024-11-03 17:20:03,1,-519.1
2024-11-03 17:35:03,1,-521.1
2024-11-03 17:50:03,1,-522.1
2024-11-03 18:05:03,1,-523.1
2024-11-03 18:20:03,1,-525.1
2024-11-03 18:35:03,1,-526.1
2024-11-03 18:50:03,1,-527.1
2024-11-03 19:05:03,1,-528.2
2024-11-03 19:20:03,1,-529.2
2024-11-03 19:35:03,1,-531.2
2024-11-03 19:50:03,1,-532.2
2024-11-03 20:05:03,1,-533.2
2024-11-03 20:20:03,1,-534.2
2024-11-03 20:35:03,1,-535.2
2024-11-03 20:50:03,1,-536.2
2024-11-03 21:05:03,1,-537.2
2024-11-03 21:20:03,1,-539.3
2024-11-03 21:35:03,1,-540.3
2024-11-03 21:50:03,1,-541.3
2024-11-03 22:05:03,1,-542.3
2024-11-03 22:20:03,1,-543.3
2024-11-03 22:35:03,1,-544.3
2024-11-03 22:50:03,1,-545.3
2024-11-03 23:05:03,1,-545.3
2024-11-03 23:20:03,1,-544.3
2024-11-03 23:35:03,1,-544.3
2024-11-03 23:50:03,1,-544.3
2024-11-04 00:05:03,1,-544.3
2024-11-04 00:20:03,1,-544.3
2024-11-04 00:35:03,1,-544.3
2024-11-04 00:50:03,1,-544.3
2024-11-04 01:05:03,1,-545.3
2024-11-04 01:20:03,1,-545.3
2024-11-04 01:35:03,1,-545.3
2024-11-04 01:50:03,1,-545.3
2024-11-04 02:05:03,1,-546.3
2024-11-04 02:20:03,1,-546.3
2024-11-04 02:35:03,1,-546.3
2024-11-04 02:50:03,1,-546.3
2024-11-04 03:05:03,1,-546.3
2024-11-04 03:20:03,1,-546.3
2024-11-04 03:35:03,1,-547.4
2024-11-04 03:50:03,1,-547.4
2024-11-04 04:05:03,1,-547.4
2024-11-04 04:20:03,1,-547.4
2024-11-04 04:35:03,1,-547.4
2024-11-04 04:50:03,1,-547.4
2024-11-04 05:05:03,1,-547.4
2024-11-04 05:20:03,1,-547.4
2024-11-04 05:35:03,1,-548.4
2024-11-04 05:50:03,1,-548.4
2024-11-04 06:05:03,1,-548.4
2024-11-04 06:20:03,1,-548.4
2024-11-04 06:35:03,1,-548.4
2024-11-04 06:50:03,1,-549.4
2024-11-04 07:05:03,1,-550.4
2024-11-04 07:20:03,1,-551.4
2024-11-04 07:35:03,1,-552.4
2024-11-04 07:50:03,1,-553.4
2024-11-04 08:05:03,1,-554.4
2024-11-04 08:20:03,1,-555.4
2024-11-04 08:35:03,1,-556.4
2024-11-04 08:50:03,1,-556.4
2024-11-04 09:05:03,1,-557.5
2024-11-04 09:20:03,1,-558.5
2024-11-04 09:35:03,1,-560.5
2024-11-04 09:50:03,1,-561.5
2024-11-04 10:05:03,1,-562.5
2024-11-04 10:20:03,1,-563.5
2024-11-04 10:35:03,1,-564.5
2024-11-04 10:50:03,1,-565.5
2024-11-04 11:05:03,1,-567.6
2024-11-04 11:20:03,1,-568.6
2024-11-04 11:35:03,1,-570.6
2024-10-24 11:02:49,2,-2.27373675443232e-13
2024-10-24 11:17:49,2,-2.27373675443232e-13
2024-10-24 11:32:49,2,-5.80000000000018
2024-10-24 11:47:49,2,-15.2
2024-10-24 12:02:49,2,-18.0000000000002
2024-10-24 12:17:49,2,-19.1000000000001
2024-10-24 12:32:49,2,-21.1000000000001
2024-10-24 12:47:49,2,-23.1000000000001
2024-10-24 13:02:49,2,-23.9000000000001
2024-10-24 13:17:49,2,-24.9000000000001
2024-10-24 13:32:49,2,-25.9000000000001
2024-10-24 13:47:49,2,-28.0000000000002
2024-10-24 14:02:49,2,-30.0000000000002
2024-10-24 14:17:49,2,-31.0000000000002
2024-10-24 14:32:49,2,-32.0000000000002
2024-10-24 14:47:49,2,-33.0000000000002
2024-10-24 15:02:49,2,-34.0000000000002
2024-10-24 15:17:49,2,-35.0000000000002
2024-10-24 15:32:49,2,-37.1000000000001
2024-10-24 15:47:49,2,-38.1000000000001
2024-10-24 16:02:49,2,-40.2
2024-10-24 16:17:49,2,-40.2
2024-10-24 16:32:49,2,-41.3000000000002
2024-10-24 16:47:49,2,-43.6000000000001
2024-10-24 17:02:49,2,-44.6000000000001
2024-10-24 17:17:49,2,-45.6000000000001
2024-10-24 17:32:49,2,-46.6000000000001
2024-10-24 17:47:49,2,-47.6000000000001
2024-10-24 18:02:49,2,-48.6000000000001
2024-10-25 13:35:12,2,-48.6000000000001
2024-10-25 13:50:12,2,-50.6000000000001
2024-10-25 14:05:12,2,-52.6000000000001
2024-10-25 14:20:12,2,-53.7
2024-10-25 14:35:12,2,-55.7
2024-10-25 14:50:12,2,-56.7
2024-10-25 15:05:12,2,-58.7
2024-10-25 15:20:12,2,-59.7
2024-10-25 15:35:12,2,-60.0000000000002
2024-10-25 15:50:12,2,-63.1000000000001
2024-10-25 16:05:12,2,-64.1000000000001
2024-10-25 16:20:12,2,-66.1000000000001
2024-10-25 16:35:12,2,-67.2
2024-10-25 16:50:12,2,-68.2
2024-10-25 17:05:12,2,-70.2
2024-10-25 17:20:12,2,-71.2
2024-10-25 17:35:12,2,-72.2
2024-10-25 17:50:12,2,-74.2
2024-10-25 18:05:12,2,-75.2
2024-10-25 18:20:12,2,-76.2
2024-10-25 18:35:12,2,-78.3000000000002
2024-10-25 18:50:12,2,-79.3000000000002
2024-10-25 19:05:12,2,-80.3000000000002
2024-10-25 19:20:12,2,-81.3000000000002
2024-10-25 19:35:12,2,-83.3000000000002
2024-10-25 19:50:12,2,-84.3000000000002
2024-10-25 20:05:12,2,-85.3000000000002
2024-10-25 20:20:12,2,-86.3000000000002
2024-10-25 20:35:12,2,-87.4000000000001
2024-10-25 20:50:12,2,-88.4000000000001
2024-10-25 21:05:12,2,-89.4000000000001
2024-10-25 21:20:12,2,-90.4000000000001
2024-10-25 21:35:12,2,-92.4000000000001
2024-10-25 21:50:12,2,-93.4000000000001
2024-10-25 22:05:12,2,-93.4000000000001
2024-10-25 22:20:12,2,-94.4000000000001
2024-10-25 22:35:12,2,-95.4000000000001
2024-10-25 22:50:12,2,-96.4000000000001
2024-10-25 23:05:12,2,-97.5000000000002
2024-10-25 23:20:12,2,-97.5000000000002
2024-10-25 23:35:12,2,-97.5000000000002
2024-10-25 23:50:12,2,-97.5000000000002
2024-10-26 00:05:12,2,-97.5000000000002
2024-10-26 00:20:12,2,-97.5000000000002
2024-10-26 00:35:12,2,-97.5000000000002
2024-10-26 00:50:12,2,-97.5000000000002
2024-10-26 01:05:12,2,-98.5000000000002
2024-10-26 01:20:12,2,-98.5000000000002
2024-10-26 01:35:12,2,-98.5000000000002
2024-10-26 01:50:12,2,-98.5000000000002
2024-10-26 02:05:12,2,-99.5000000000002
2024-10-26 02:20:12,2,-99.5000000000002
2024-10-26 02:35:12,2,-99.5000000000002
2024-10-26 02:50:12,2,-99.5000000000002
2024-10-26 03:05:12,2,-99.5000000000002
2024-10-26 03:20:12,2,-99.5000000000002
2024-10-26 03:35:12,2,-100.5
2024-10-26 03:50:12,2,-100.5
2024-10-26 04:05:12,2,-100.5
2024-10-26 04:20:12,2,-100.5
2024-10-26 04:35:12,2,-100.5
2024-10-26 04:50:12,2,-100.5
2024-10-26 05:05:12,2,-100.5
2024-10-26 05:20:12,2,-100.5
2024-10-26 05:35:12,2,-101.5
2024-10-26 05:50:12,2,-101.5
2024-10-26 06:05:12,2,-101.5
2024-10-26 06:20:12,2,-101.5
2024-10-26 06:35:12,2,-101.5
2024-10-26 06:50:12,2,-101.5
2024-10-26 07:05:12,2,-102.5
2024-10-26 07:20:12,2,-103.5
2024-10-26 07:35:12,2,-104.5
2024-10-26 07:50:12,2,-105.5
2024-10-26 08:05:12,2,-105.5
2024-10-26 08:20:12,2,-106.5
2024-10-26 08:35:12,2,-107.5
2024-10-26 08:50:12,2,-108.6
2024-10-26 09:05:12,2,-109.6
2024-10-26 09:20:12,2,-110.6
2024-10-26 09:35:12,2,-110.6
2024-10-26 09:50:12,2,-111.6
2024-10-26 10:05:12,2,-113.6
2024-10-26 10:20:12,2,-114.6
2024-10-26 10:35:12,2,-115.6
2024-10-26 10:50:12,2,-117.6
2024-10-26 11:05:12,2,-118.7
2024-10-26 11:20:12,2,-120.7
2024-10-26 11:35:12,2,-121.7
2024-10-26 11:50:12,2,-122.7
2024-10-26 12:05:12,2,-124.7
2024-10-26 12:20:12,2,-126.7
2024-10-26 12:35:12,2,-128.8
2024-10-26 12:50:12,2,-129.8
2024-10-26 13:05:12,2,-131.8
2024-10-26 13:20:12,2,-132.8
2024-10-26 13:35:12,2,-134.8
2024-10-26 13:50:12,2,-136.8
2024-10-26 14:05:12,2,-137.8
2024-10-26 14:20:12,2,-139.9
2024-10-26 14:35:12,2,-140.9
2024-10-26 14:50:12,2,-142.9
2024-10-26 15:05:12,2,-143.9
2024-10-26 15:19:21,2,-145.9
2024-10-26 15:34:21,2,-146.9
2024-10-26 15:49:21,2,-149
2024-10-26 16:04:21,2,-151
2024-10-26 16:19:21,2,-152
2024-10-26 16:34:21,2,-154
2024-10-26 16:49:21,2,-155
2024-10-26 17:04:21,2,-156
2024-10-26 17:19:21,2,-158
2024-10-26 17:34:21,2,-159.1
2024-10-26 17:49:21,2,-161.1
2024-10-26 18:04:21,2,-162.1
2024-10-26 18:19:21,2,-163.1
2024-10-26 18:34:21,2,-165.1
2024-10-26 18:49:21,2,-166.1
2024-10-26 19:04:21,2,-168.1
2024-10-26 19:19:21,2,-169.2
2024-10-26 19:34:21,2,-171.2
2024-10-26 19:49:21,2,-172.2
2024-10-26 20:04:21,2,-173.2
2024-10-26 20:19:21,2,-175.2
2024-10-26 20:34:21,2,-176.2
2024-10-26 20:49:21,2,-177.2
2024-10-26 21:04:21,2,-179.3
2024-10-26 21:19:21,2,-180.3
2024-10-26 21:34:21,2,-181.3
2024-10-26 21:49:21,2,-182.3
2024-10-26 22:04:21,2,-183.3
2024-10-26 22:19:21,2,-184.3
2024-10-26 22:34:21,2,-186.3
2024-10-26 22:49:21,2,-186.3
2024-10-26 23:04:21,2,-187.3
2024-10-26 23:19:21,2,-187.3
2024-10-26 23:34:21,2,-187.3
2024-10-26 23:49:21,2,-187.3
2024-10-27 00:04:21,2,-187.3
2024-10-27 00:19:21,2,-187.3
2024-10-27 00:34:21,2,-188.3
2024-10-27 00:49:21,2,-188.3
2024-10-27 01:04:21,2,-188.3
2024-10-27 01:19:21,2,-189.4
2024-10-27 01:34:21,2,-189.4
2024-10-27 01:49:21,2,-189.4
2024-10-27 02:04:21,2,-189.4
2024-10-27 02:04:21,2,-190.4
2024-10-27 02:19:21,2,-189.4
2024-10-27 02:19:21,2,-190.4
2024-10-27 02:34:21,2,-190.4
2024-10-27 02:49:21,2,-190.4
2024-10-27 03:04:21,2,-190.4
2024-10-27 03:19:21,2,-191.4
2024-10-27 03:34:21,2,-191.4
2024-10-27 03:49:21,2,-191.4
2024-10-27 04:04:21,2,-191.4
2024-10-27 04:19:21,2,-191.4
2024-10-27 04:34:21,2,-191.4
2024-10-27 04:49:21,2,-192.4
2024-10-27 05:04:21,2,-192.4
2024-10-27 05:19:21,2,-192.4
2024-10-27 05:34:21,2,-192.4
2024-10-27 05:49:21,2,-192.4
2024-10-27 06:04:21,2,-192.4
2024-10-27 06:19:21,2,-193.4
2024-10-27 06:34:21,2,-193.4
2024-10-27 06:49:21,2,-193.4
2024-10-27 07:04:21,2,-194.4
2024-10-27 07:19:21,2,-196.4
2024-10-27 07:34:21,2,-196.4
2024-10-27 07:49:21,2,-197.4
2024-10-27 08:04:21,2,-198.4
2024-10-27 08:19:21,2,-199.5
2024-10-27 08:34:21,2,-200.5
2024-10-27 08:49:21,2,-201.5
2024-10-27 09:04:21,2,-202.5
2024-10-27 09:19:21,2,-203.5
2024-10-27 09:34:21,2,-205.5
2024-10-27 09:49:21,2,-206.5
2024-10-27 10:04:21,2,-208.5
2024-10-27 10:19:21,2,-209.6
2024-10-27 10:34:21,2,-211.6
2024-10-27 10:49:21,2,-213.6
2024-10-27 11:04:21,2,-214.6
2024-10-27 11:19:21,2,-216.6
2024-10-27 11:34:21,2,-218.6
2024-10-27 11:49:21,2,-220.7
2024-10-27 12:04:21,2,-221.7
2024-10-27 12:19:21,2,-223.7
2024-10-27 12:34:21,2,-225.7
2024-10-27 12:49:21,2,-227.7
2024-10-27 13:04:21,2,-229.8
2024-10-27 13:19:21,2,-231.8
2024-10-27 13:34:21,2,-233.8
2024-10-27 13:49:21,2,-235.8
2024-10-27 14:04:21,2,-237.8
2024-10-27 14:19:21,2,-238.8
2024-10-27 14:34:21,2,-240.9
2024-10-27 14:49:21,2,-243
2024-10-27 15:04:21,2,-247
2024-10-27 15:19:21,2,-249.1
2024-10-27 15:34:21,2,-251.1
2024-10-27 15:49:21,2,-253.1
2024-10-27 16:04:21,2,-255.1
2024-10-27 16:19:21,2,-257.1
2024-10-27 16:34:21,2,-259.2
2024-10-27 16:49:21,2,-260.2
2024-10-27 17:04:21,2,-262.2
2024-10-27 17:19:21,2,-264.2
2024-10-27 17:34:21,2,-265.2
2024-10-27 17:49:21,2,-267.2
2024-10-27 18:04:21,2,-268.2
2024-10-27 18:19:21,2,-270.3
2024-10-27 18:34:21,2,-272.3
2024-10-27 18:49:21,2,-273.3
2024-10-27 19:04:21,2,-275.3
2024-10-27 19:19:21,2,-276.3
2024-10-27 19:34:21,2,-277.3
2024-10-27 19:49:21,2,-279.4
2024-10-27 20:04:21,2,-280.4
2024-10-27 20:19:21,2,-282.4
2024-10-27 20:34:21,2,-283.4
2024-10-27 20:49:21,2,-284.4
2024-10-27 21:04:21,2,-285.4
2024-10-27 21:19:21,2,-286.4
2024-10-27 21:34:21,2,-287.4
2024-10-27 21:49:21,2,-288.4
2024-10-27 22:04:21,2,-289.5
2024-10-27 22:19:21,2,-290.5
2024-10-27 22:34:21,2,-291.5
2024-10-27 22:49:21,2,-292.5
2024-10-27 23:04:21,2,-292.5
2024-10-27 23:19:21,2,-292.5
2024-10-27 23:34:21,2,-292.5
2024-10-27 23:49:21,2,-292.5
2024-10-28 00:04:21,2,-292.5
2024-10-28 00:19:21,2,-292.5
2024-10-28 00:34:21,2,-292.5
2024-10-28 00:49:21,2,-292.5
2024-10-28 01:04:21,2,-292.5
2024-10-28 01:19:21,2,-293.5
2024-10-28 01:34:21,2,-293.5
2024-10-28 01:49:21,2,-293.5
2024-10-28 02:04:21,2,-293.5
2024-10-28 02:19:21,2,-293.5
2024-10-28 02:34:21,2,-293.5
2024-10-28 02:49:21,2,-293.5
2024-10-28 03:04:21,2,-293.5
2024-10-28 03:19:21,2,-293.5
2024-10-28 03:34:21,2,-294.5
2024-10-28 03:49:21,2,-294.5
2024-10-28 04:04:21,2,-294.5
2024-10-28 04:19:21,2,-294.5
2024-10-28 04:34:21,2,-294.5
2024-10-28 04:49:21,2,-294.5
2024-10-28 05:04:21,2,-294.5
2024-10-28 05:19:21,2,-294.5
2024-10-28 05:34:21,2,-294.5
2024-10-28 05:49:21,2,-294.5
2024-10-28 06:04:21,2,-295.5
2024-10-28 06:19:21,2,-295.5
2024-10-28 06:34:21,2,-295.5
2024-10-28 06:49:21,2,-295.5
2024-10-28 07:04:21,2,-296.5
2024-10-28 07:19:21,2,-298.5
2024-10-28 07:34:21,2,-299.6
2024-10-28 07:49:21,2,-300.6
2024-10-28 08:04:21,2,-301.6
2024-10-28 08:19:21,2,-302.6
2024-10-28 08:34:21,2,-302.6
2024-10-28 08:49:21,2,-302.3
2024-10-28 09:04:21,2,-304.3
2024-10-28 09:19:21,2,-305.3
2024-10-28 09:34:21,2,-306.3
2024-10-28 09:49:21,2,-307.3
2024-10-28 10:04:21,2,-309.4
2024-10-28 10:19:21,2,-311.4
2024-10-28 10:34:21,2,-313.4
2024-10-28 10:49:21,2,-315.4
2024-10-28 11:04:21,2,-318.4
2024-10-28 11:19:21,2,-320.5
2024-10-28 11:34:21,2,-322.5
2024-10-28 11:49:21,2,-324.5
2024-10-28 12:04:21,2,-326.5
2024-10-28 12:19:21,2,-328.5
2024-10-28 12:34:21,2,-331.6
2024-10-28 12:49:21,2,-333.6
2024-10-28 13:04:21,2,-335.6
2024-10-28 13:19:21,2,-337.6
2024-10-28 13:34:21,2,-340.7
2024-10-28 13:49:21,2,-342.7
2024-10-28 14:04:21,2,-344.7
2024-10-28 14:19:21,2,-346.7
2024-10-28 14:34:21,2,-348.7
2024-10-28 14:49:21,2,-349.8
2024-10-28 15:04:21,2,-351.8
2024-10-28 15:19:21,2,-353.8
2024-10-28 15:34:21,2,-355.8
2024-10-28 15:49:21,2,-356.8
2024-10-28 16:04:21,2,-356.8
2024-10-28 16:19:21,2,-359.9
2024-10-28 16:34:21,2,-361.9
2024-10-28 16:49:21,2,-363.9
2024-10-28 17:04:21,2,-365.9
2024-10-28 17:19:21,2,-367.9
2024-10-28 17:34:21,2,-368.9
2024-10-28 17:49:21,2,-371
2024-10-28 18:04:21,2,-373
2024-10-28 18:19:21,2,-374
2024-10-28 18:34:21,2,-376
2024-10-28 18:49:21,2,-377
2024-10-28 19:04:21,2,-379
2024-10-28 19:19:21,2,-381.1
2024-10-28 19:34:21,2,-382.1
2024-10-28 19:49:21,2,-384.1
2024-10-28 20:04:21,2,-385.1
2024-10-28 20:19:21,2,-386.1
2024-10-28 20:34:21,2,-388.1
2024-10-28 20:49:21,2,-389.1
2024-10-28 21:04:21,2,-391.2
2024-10-28 21:19:21,2,-392.2
2024-10-28 21:34:21,2,-393.2
2024-10-28 21:49:21,2,-394.2
2024-10-28 22:04:21,2,-396.2
2024-10-28 22:19:21,2,-397.2
2024-10-28 22:34:21,2,-398.2
2024-10-28 22:49:21,2,-399.2
2024-10-28 23:04:21,2,-399.2
2024-10-28 23:19:21,2,-399.2
2024-10-28 23:34:21,2,-399.2
2024-10-28 23:49:21,2,-399.2
2024-10-29 00:04:21,2,-399.2
2024-10-29 00:19:21,2,-400.3
2024-10-29 00:34:21,2,-400.3
2024-10-29 00:49:21,2,-400.3
2024-10-29 01:04:21,2,-401.3
2024-10-29 01:19:21,2,-401.3
2024-10-29 01:34:21,2,-401.3
2024-10-29 01:49:21,2,-401.3
2024-10-29 02:04:21,2,-402.3
2024-10-29 02:19:21,2,-402.3
2024-10-29 02:34:21,2,-402.3
2024-10-29 02:49:21,2,-402.3
2024-10-29 03:04:21,2,-402.3
2024-10-29 03:19:21,2,-403.3
2024-10-29 03:34:21,2,-403.3
2024-10-29 03:49:21,2,-403.3
2024-10-29 04:04:21,2,-403.3
2024-10-29 04:19:21,2,-403.3
2024-10-29 04:34:21,2,-403.3
2024-10-29 04:49:21,2,-403.3
2024-10-29 05:04:21,2,-404.3
2024-10-29 05:19:21,2,-404.3
2024-10-29 05:34:21,2,-404.3
2024-10-29 05:49:21,2,-404.3
2024-10-29 06:04:21,2,-404.3
2024-10-29 06:19:21,2,-404.3
2024-10-29 06:34:21,2,-405.3
2024-10-29 06:49:21,2,-405.3
2024-10-29 07:04:21,2,-406.3
2024-10-29 07:19:21,2,-408.3
2024-10-29 07:34:21,2,-409.3
2024-10-29 07:49:21,2,-410.4
2024-10-29 08:04:21,2,-411.4
2024-10-29 08:19:21,2,-412.4
2024-10-29 08:34:21,2,-413.4
2024-10-29 08:49:21,2,-415.4
2024-10-29 09:04:21,2,-417.4
2024-10-29 09:19:21,2,-418.4
2024-10-29 09:34:21,2,-419.4
2024-10-29 09:49:21,2,-421.5
2024-10-29 10:04:21,2,-423.5
2024-10-29 10:19:21,2,-425.5
2024-10-29 10:34:21,2,-426.5
2024-10-29 10:49:21,2,-429.5
2024-10-29 11:04:21,2,-430.6
2024-10-29 11:19:21,2,-432.6
2024-10-29 11:34:21,2,-434.6
2024-10-29 11:49:21,2,-437.6
2024-10-29 12:04:21,2,-439.6
2024-10-29 12:19:21,2,-442.7
2024-10-29 12:34:21,2,-445.7
2024-10-29 12:49:21,2,-448.7
2024-10-29 13:04:21,2,-450.7
2024-10-29 13:19:21,2,-453.7
2024-10-29 13:34:21,2,-455.7
2024-10-29 13:49:21,2,-457.7
2024-10-29 14:04:21,2,-460.8
2024-10-29 14:19:21,2,-462.8
2024-10-29 14:34:21,2,-464.8
2024-10-29 14:49:21,2,-466.8
2024-10-29 15:04:21,2,-467.8
2024-10-29 15:19:21,2,-467.8
2024-10-29 15:34:21,2,-469.9
2024-10-29 15:49:21,2,-471.9
2024-10-29 16:04:21,2,-473.9
2024-10-29 16:19:21,2,-474.9
2024-10-29 16:34:21,2,-476.9
2024-10-29 16:49:21,2,-479
2024-10-29 17:04:21,2,-481
2024-10-29 17:19:21,2,-482
2024-10-29 17:34:21,2,-484
2024-10-29 17:49:21,2,-485
2024-10-29 18:04:21,2,-487
2024-10-29 18:19:21,2,-490.7
2024-10-29 18:34:21,2,-492.7
2024-10-29 18:49:21,2,-493.7
2024-10-29 19:04:21,2,-495.8
2024-10-29 19:19:21,2,-497.8
2024-10-29 19:34:21,2,-498.8
2024-10-29 19:49:21,2,-500.8
2024-10-29 20:04:21,2,-501.8
2024-10-29 20:19:21,2,-503.8
2024-10-29 20:34:21,2,-504.9
2024-10-29 20:49:21,2,-506.9
2024-10-29 21:04:21,2,-507.9
2024-10-29 21:19:21,2,-508.9
2024-10-29 21:34:21,2,-510.9
2024-10-29 21:49:21,2,-511.9
2024-10-29 22:04:21,2,-513.9
2024-10-29 22:19:21,2,-515
2024-10-29 22:34:21,2,-516
2024-10-29 22:49:21,2,-518
2024-10-29 23:04:21,2,-518
2024-10-29 23:19:21,2,-518
2024-10-29 23:34:21,2,-518
2024-10-29 23:49:21,2,-518
2024-10-30 00:04:21,2,-518
2024-10-30 00:19:21,2,-518
2024-10-30 00:34:21,2,-518
2024-10-30 00:49:21,2,-518
2024-10-30 01:04:21,2,-519
2024-10-30 01:19:21,2,-519
2024-10-30 01:34:21,2,-519
2024-10-30 01:49:21,2,-520
2024-10-30 02:04:21,2,-520
2024-10-30 02:19:21,2,-520
2024-10-30 02:34:21,2,-520
2024-10-30 02:49:21,2,-520
2024-10-30 03:04:21,2,-520
2024-10-30 03:19:21,2,-521
2024-10-30 03:34:21,2,-521
2024-10-30 03:49:21,2,-521
2024-10-30 04:04:21,2,-521
2024-10-30 04:19:21,2,-521
2024-10-30 04:34:21,2,-521
2024-10-30 04:49:21,2,-521
2024-10-30 05:04:21,2,-522
2024-10-30 05:19:21,2,-522
2024-10-30 05:34:21,2,-522
2024-10-30 05:49:21,2,-522
2024-10-30 06:04:21,2,-522
2024-10-30 06:19:21,2,-522
2024-10-30 06:34:21,2,-523
2024-10-30 06:49:21,2,-523
2024-10-30 07:04:21,2,-524
2024-10-30 07:19:21,2,-525.1
2024-10-30 07:34:21,2,-527.1
2024-10-30 07:49:21,2,-528.1
2024-10-30 08:04:21,2,-529.1
2024-10-30 08:19:21,2,-530.1
2024-10-30 08:34:21,2,-531.1
2024-10-30 08:49:21,2,-532.1
2024-10-30 09:04:21,2,-534.1
2024-10-30 09:19:21,2,-535.2
2024-10-30 09:34:21,2,-537.2
2024-10-30 09:49:21,2,-538.2
2024-10-30 10:04:21,2,-540.2
2024-10-30 10:19:21,2,-541.2
2024-10-30 10:34:21,2,-543.2
2024-10-30 10:49:21,2,-545.3
2024-10-30 11:04:21,2,-546.3
2024-10-30 11:19:21,2,-548.3
2024-10-30 11:34:21,2,-550.3
2024-10-30 11:49:21,2,-552.3
2024-10-30 12:04:21,2,-554.3
2024-10-30 12:19:21,2,-556.4
2024-10-30 12:34:21,2,-558.4
2024-10-30 12:49:21,2,-560.4
2024-10-30 13:04:21,2,-562.4
2024-10-30 13:19:21,2,-564.4
2024-10-30 13:34:21,2,-566.5
2024-10-30 13:49:21,2,-569.5
2024-10-30 14:04:21,2,-571.5
2024-10-30 14:19:21,2,-573.5
2024-10-30 14:34:21,2,-576.6
2024-10-30 14:49:21,2,-578.6
2024-10-30 15:04:21,2,-580.6
2024-10-30 15:19:21,2,-582.6
2024-10-30 15:34:21,2,-584.6
2024-10-30 15:49:21,2,-586.7
2024-10-30 16:04:21,2,-588.7
2024-10-30 16:19:21,2,-588.7
2024-10-30 16:34:21,2,-589.7
2024-10-30 16:49:21,2,-591.7
2024-10-30 17:04:21,2,-593.8
2024-10-30 17:19:21,2,-595.8
2024-10-30 17:34:21,2,-597.8
2024-10-30 17:49:21,2,-598.8
2024-10-30 18:04:21,2,-600.8
2024-10-30 18:19:21,2,-602.8
2024-10-30 18:34:21,2,-603.9
2024-10-30 18:49:21,2,-605.9
2024-10-30 19:04:21,2,-607.9
2024-10-30 19:19:21,2,-609.9
2024-10-30 19:34:21,2,-610.9
2024-10-30 19:49:21,2,-612.9
2024-10-30 20:04:21,2,-615
2024-10-30 20:19:21,2,-617
2024-10-30 20:34:21,2,-618
2024-10-30 20:49:21,2,-620
2024-10-30 21:04:21,2,-621
2024-10-30 21:19:21,2,-623
2024-10-30 21:34:21,2,-624.1
2024-10-30 21:49:21,2,-626.1
2024-10-30 22:04:21,2,-627.1
2024-10-30 22:19:21,2,-628.1
2024-10-30 22:34:21,2,-630.1
2024-10-30 22:49:21,2,-631.1
2024-10-30 23:04:21,2,-631.1
2024-10-30 23:19:21,2,-631.1
2024-10-30 23:34:21,2,-631.1
2024-10-30 23:49:21,2,-631.1
2024-10-31 00:04:21,2,-631.1
2024-10-31 00:19:21,2,-631.1
2024-10-31 00:34:21,2,-631.1
2024-10-31 00:49:21,2,-631.1
2024-10-31 01:04:21,2,-631.1
2024-10-31 01:19:21,2,-632.1
2024-10-31 01:34:21,2,-632.1
2024-10-31 01:49:21,2,-632.1
2024-10-31 02:04:21,2,-632.1
2024-10-31 02:19:21,2,-633.1
2024-10-31 02:34:21,2,-633.1
2024-10-31 02:49:21,2,-633.1
2024-10-31 03:04:21,2,-633.1
2024-10-31 03:19:21,2,-633.1
2024-10-31 03:34:21,2,-633.1
2024-10-31 03:49:21,2,-633.1
2024-10-31 04:04:21,2,-634.2
2024-10-31 04:19:21,2,-634.2
2024-10-31 04:34:21,2,-634.2
2024-10-31 04:49:21,2,-634.2
2024-10-31 05:04:21,2,-634.2
2024-10-31 05:19:21,2,-634.2
2024-10-31 05:34:21,2,-634.2
2024-10-31 05:49:21,2,-635.2
2024-10-31 06:04:21,2,-635.2
2024-10-31 06:19:21,2,-635.2
2024-10-31 06:34:21,2,-635.2
2024-10-31 06:49:21,2,-636.2
2024-10-31 07:04:21,2,-637.2
2024-10-31 07:19:21,2,-639.2
2024-10-31 07:34:21,2,-640.2
2024-10-31 07:49:21,2,-641.2
2024-10-31 08:04:21,2,-642.2
2024-10-31 08:19:21,2,-643.2
2024-10-31 08:34:21,2,-645.3
2024-10-31 08:49:21,2,-646.3
2024-10-31 09:04:21,2,-648.3
2024-10-31 09:19:21,2,-649.3
2024-10-31 09:34:21,2,-651.4
2024-10-31 09:49:21,2,-653.4
2024-10-31 10:04:21,2,-654.4
2024-10-31 10:19:21,2,-654.4
2024-10-31 10:34:21,2,-656.5
2024-10-31 10:49:21,2,-658.5
2024-10-31 11:04:21,2,-660.5
2024-10-31 11:19:21,2,-662.5
2024-10-31 11:34:21,2,-664.5
2024-10-31 11:49:21,2,-667.6
2024-10-31 12:04:21,2,-669.6
2024-10-31 12:19:21,2,-672.6
2024-10-31 12:34:21,2,-674.6
2024-10-31 12:49:21,2,-677.7
2024-10-31 13:04:21,2,-679
2024-10-31 13:19:21,2,-682.1
2024-10-31 13:34:21,2,-685.1
2024-10-31 13:49:21,2,-688.1
2024-10-31 14:04:21,2,-691.1
2024-10-31 14:19:21,2,-692.2
2024-10-31 14:34:21,2,-694.2
2024-10-31 14:49:21,2,-697.2
2024-10-31 15:04:21,2,-699.2
2024-10-31 15:19:21,2,-701.2
2024-10-31 15:34:21,2,-703.3
2024-10-31 15:49:21,2,-705.3
2024-10-31 16:04:21,2,-708.3
2024-10-31 16:19:21,2,-710.3
2024-10-31 16:34:21,2,-712.4
2024-10-31 16:49:21,2,-714.4
2024-10-31 17:04:21,2,-716.4
2024-10-31 17:19:21,2,-718.4
2024-10-31 17:34:21,2,-720.4
2024-10-31 17:49:21,2,-722.5
2024-10-31 18:04:21,2,-724.5
2024-10-31 18:19:21,2,-726.5
2024-10-31 18:34:21,2,-728.5
2024-10-31 18:49:21,2,-729.5
2024-10-31 19:04:21,2,-731.5
2024-10-31 19:19:21,2,-733.6
2024-10-31 19:34:21,2,-735.6
2024-10-31 19:49:21,2,-736.6
2024-10-31 20:04:21,2,-738.6
2024-10-31 20:19:21,2,-740.6
2024-10-31 20:34:21,2,-741.6
2024-10-31 20:49:21,2,-743.7
2024-10-31 21:04:21,2,-744.7
2024-10-31 21:19:21,2,-746.7
2024-10-31 21:34:21,2,-747.7
2024-10-31 21:49:21,2,-749.7
2024-10-31 22:04:21,2,-750.8
2024-10-31 22:19:21,2,-752.8
2024-10-31 22:34:21,2,-753.8
2024-10-31 22:49:21,2,-754.8
2024-10-31 23:04:21,2,-754.8
2024-10-31 23:19:21,2,-754.8
2024-10-31 23:34:21,2,-754.8
2024-10-31 23:49:21,2,-754.8
2024-11-01 00:04:21,2,-754.8
2024-11-01 00:19:21,2,-754.8
2024-11-01 00:34:21,2,-754.8
2024-11-01 00:49:21,2,-754.8
2024-11-01 01:04:21,2,-754.8
2024-11-01 01:19:21,2,-754.8
2024-11-01 01:34:21,2,-755.8
2024-11-01 01:49:21,2,-755.8
2024-11-01 02:04:21,2,-755.8
2024-11-01 02:19:21,2,-755.8
2024-11-01 02:34:21,2,-755.8
2024-11-01 02:49:21,2,-755.8
2024-11-01 03:04:21,2,-755.8
2024-11-01 03:19:21,2,-756.8
2024-11-01 03:34:21,2,-756.8
2024-11-01 03:49:21,2,-756.8
2024-11-01 04:04:21,2,-756.8
2024-11-01 04:19:21,2,-756.8
2024-11-01 04:34:21,2,-756.8
2024-11-01 04:49:21,2,-756.8
2024-11-01 05:04:21,2,-756.8
2024-11-01 05:19:21,2,-756.8
2024-11-01 05:34:21,2,-756.8
2024-11-01 05:49:21,2,-756.8
2024-11-01 06:04:21,2,-757.8
2024-11-01 06:19:21,2,-757.8
2024-11-01 06:34:21,2,-757.8
2024-11-01 06:49:21,2,-757.8
2024-11-01 07:04:21,2,-759.8
2024-11-01 07:19:21,2,-761.9
2024-11-01 07:34:21,2,-762.9
2024-11-01 07:49:21,2,-763.9
2024-11-01 08:04:21,2,-765.9
2024-11-01 08:19:21,2,-766.9
2024-11-01 08:34:21,2,-768.9
2024-11-01 08:49:21,2,-769.9
2024-11-01 09:04:21,2,-771
2024-11-01 09:19:21,2,-773
2024-11-01 09:34:21,2,-774
2024-11-01 09:49:21,2,-776
2024-11-01 10:04:21,2,-777
2024-11-01 10:19:21,2,-779
2024-11-01 10:34:21,2,-781.1
2024-11-01 10:49:21,2,-782.1
2024-11-01 11:04:21,2,-784.1
2024-11-01 11:19:21,2,-786.1
2024-11-01 11:34:21,2,-788.1
2024-11-01 11:49:21,2,-790.1
2024-11-01 12:04:21,2,-792.2
2024-11-01 12:19:21,2,-793.2
2024-11-01 12:34:21,2,-795.2
2024-11-01 12:49:21,2,-797.2
2024-11-01 13:04:21,2,-799.2
2024-11-01 13:19:21,2,-801.3
2024-11-01 13:34:21,2,-803.3
2024-11-01 13:49:21,2,-804.3
2024-11-01 14:04:21,2,-806.3
2024-11-01 14:19:21,2,-808.3
2024-11-01 14:34:21,2,-810.3
2024-11-01 14:49:21,2,-811.4
2024-11-01 15:04:21,2,-813.4
2024-11-01 15:19:21,2,-815.4
2024-11-01 15:34:21,2,-817.4
2024-11-01 15:49:21,2,-818.4
2024-11-01 16:04:21,2,-820.4
2024-11-01 16:19:21,2,-822.5
2024-11-01 16:34:21,2,-823.5
2024-11-01 16:49:21,2,-825.5
2024-11-01 17:04:21,2,-827.5
2024-11-01 17:19:21,2,-828.5
2024-11-01 17:34:21,2,-830.5
2024-11-01 17:49:21,2,-831.6
2024-11-01 18:04:21,2,-833.6
2024-11-01 18:19:21,2,-835.6
2024-11-01 18:34:21,2,-836.6
2024-11-01 18:49:21,2,-838.6
2024-11-01 19:04:21,2,-839.6
2024-11-01 19:19:21,2,-841.7
2024-11-01 19:34:21,2,-842.7
2024-11-01 19:49:21,2,-844.7
2024-11-01 20:04:21,2,-845.7
2024-11-01 20:19:21,2,-847.7
2024-11-01 20:34:21,2,-848.7
2024-11-01 20:49:21,2,-849.7
2024-11-01 21:04:21,2,-850.7
2024-11-01 21:19:21,2,-852.8
2024-11-01 21:34:21,2,-853.8
2024-11-01 21:49:21,2,-854.8
2024-11-01 22:04:21,2,-855.8
2024-11-01 22:19:21,2,-857.8
2024-11-01 22:34:21,2,-858.8
2024-11-01 22:49:21,2,-859.8
2024-11-01 23:04:21,2,-859.8
2024-11-01 23:19:21,2,-859.8
2024-11-01 23:34:21,2,-859.8
2024-11-01 23:49:21,2,-859.8
2024-11-02 00:04:21,2,-859.8
2024-11-02 00:19:21,2,-859.8
2024-11-02 00:34:21,2,-859.8
2024-11-02 00:49:21,2,-859.8
2024-11-02 01:04:21,2,-859.8
2024-11-02 01:19:21,2,-859.8
2024-11-02 01:34:21,2,-860.8
2024-11-02 01:49:21,2,-860.8
2024-11-02 02:04:21,2,-860.8
2024-11-02 02:19:21,2,-860.8
2024-11-02 02:34:21,2,-860.8
2024-11-02 02:49:21,2,-860.8
2024-11-02 03:04:21,2,-861.9
2024-11-02 03:19:21,2,-861.9
2024-11-02 03:34:21,2,-861.9
2024-11-02 03:49:21,2,-861.9
2024-11-02 04:04:21,2,-861.9
2024-11-02 04:19:21,2,-861.9
2024-11-02 04:34:21,2,-861.9
2024-11-02 04:49:21,2,-862.9
2024-11-02 05:04:21,2,-862.9
2024-11-02 05:19:21,2,-862.9
2024-11-02 05:34:21,2,-862.9
2024-11-02 05:49:21,2,-862.9
2024-11-02 06:04:21,2,-862.9
2024-11-02 06:19:21,2,-862.9
2024-11-02 06:34:21,2,-863.9
2024-11-02 06:49:21,2,-863.9
2024-11-02 07:04:21,2,-864.9
2024-11-02 07:19:21,2,-866.9
2024-11-02 07:34:21,2,-868.9
2024-11-02 07:49:21,2,-869.9
2024-11-02 08:04:21,2,-870.9
2024-11-02 08:19:21,2,-872
2024-11-02 08:34:21,2,-873
2024-11-02 08:49:21,2,-874
2024-11-02 09:04:21,2,-876
2024-11-02 09:19:21,2,-877
2024-11-02 09:34:21,2,-878
2024-11-02 09:49:21,2,-880
2024-11-02 10:04:21,2,-881
2024-11-02 10:19:21,2,-883.1
2024-11-02 10:34:21,2,-884.1
2024-11-02 10:49:21,2,-885.1
2024-11-02 11:04:21,2,-887.1
2024-11-02 11:19:21,2,-889.1
2024-11-02 11:34:21,2,-890.1
2024-11-02 11:49:21,2,-892.2
2024-11-02 12:04:21,2,-894.2
2024-11-02 12:19:21,2,-896.2
2024-11-02 12:34:21,2,-898.2
2024-11-02 12:49:21,2,-899.2
2024-11-02 13:04:21,2,-900.2
2024-11-02 13:19:21,2,-902.3
2024-11-02 13:34:21,2,-904.3
2024-11-02 13:49:21,2,-905.3
2024-11-02 14:04:21,2,-907.3
2024-11-02 14:19:21,2,-909.3
2024-11-02 14:34:21,2,-910.3
2024-11-02 14:49:21,2,-912.4
2024-11-02 15:04:21,2,-913.4
2024-11-02 15:19:21,2,-915.4
2024-11-02 15:34:21,2,-916.4
2024-11-02 15:49:21,2,-918.4
2024-11-02 16:04:21,2,-919.4
2024-11-02 16:19:21,2,-921.4
2024-11-02 16:34:21,2,-922.4
2024-11-02 16:49:21,2,-924.5
2024-11-02 17:04:21,2,-925.5
2024-11-02 17:19:21,2,-927.5
2024-11-02 17:34:21,2,-928.5
2024-11-02 17:49:21,2,-929.5
2024-11-02 18:04:21,2,-931.5
2024-11-02 18:19:21,2,-932.5
2024-11-02 18:34:21,2,-933.6
2024-11-02 18:49:21,2,-934.6
2024-11-02 19:04:21,2,-936.6
2024-11-02 19:19:21,2,-937.6
2024-11-02 19:34:21,2,-938.6
2024-11-02 19:49:21,2,-939.6
2024-11-02 20:04:21,2,-941.6
2024-11-02 20:19:21,2,-942.6
2024-11-02 20:34:21,2,-943.7
2024-11-02 20:49:21,2,-944.7
2024-11-02 21:04:21,2,-945.7
2024-11-02 21:19:21,2,-946.7
2024-11-02 21:34:21,2,-947.7
2024-11-02 21:49:21,2,-948.7
2024-11-02 22:04:21,2,-949.7
2024-11-02 22:19:21,2,-950.7
2024-11-02 22:34:21,2,-951.7
2024-11-02 22:49:21,2,-952.7
2024-11-02 23:04:21,2,-952.7
2024-11-02 23:19:21,2,-951.7
2024-11-02 23:34:21,2,-951.7
2024-11-02 23:49:21,2,-951.7
2024-11-03 00:04:21,2,-950.7
2024-11-03 00:19:21,2,-950.7
2024-11-03 00:34:21,2,-950.7
2024-11-03 00:49:21,2,-950.7
2024-11-03 01:04:21,2,-950.7
2024-11-03 01:19:21,2,-950.7
2024-11-03 01:34:21,2,-950.7
2024-11-03 01:49:21,2,-950.7
2024-11-03 02:04:21,2,-951.7
2024-11-03 02:19:21,2,-951.7
2024-11-03 02:34:21,2,-951.7
2024-11-03 02:49:21,2,-951.7
2024-11-03 03:04:21,2,-951.7
2024-11-03 03:19:21,2,-951.7
2024-11-03 03:34:21,2,-951.7
2024-11-03 03:49:21,2,-951.7
2024-11-03 04:04:21,2,-951.7
2024-11-03 04:19:21,2,-952.7
2024-11-03 04:34:21,2,-952.7
2024-11-03 04:49:21,2,-952.7
2024-11-03 05:04:21,2,-952.7
2024-11-03 05:19:21,2,-952.7
2024-11-03 05:34:21,2,-952.7
2024-11-03 05:49:21,2,-952.7
2024-11-03 06:04:21,2,-952.7
2024-11-03 06:19:21,2,-952.7
2024-11-03 06:34:21,2,-953.8
2024-11-03 06:49:21,2,-953.8
2024-11-03 07:04:21,2,-954.8
2024-11-03 07:19:21,2,-956.8
2024-11-03 07:34:21,2,-957.8
2024-11-03 07:49:21,2,-958.8
2024-11-03 08:04:21,2,-960.8
2024-11-03 08:19:21,2,-961.8
2024-11-03 08:34:21,2,-962.8
2024-11-03 08:49:21,2,-963.9
2024-11-03 09:04:21,2,-964.9
2024-11-03 09:19:21,2,-965.9
2024-11-03 09:34:21,2,-966.9
2024-11-03 09:49:21,2,-967.9
2024-11-03 10:04:21,2,-967.9
2024-11-03 10:19:21,2,-967.9
2024-11-03 10:34:21,2,-968.9
2024-11-03 10:49:21,2,-969.9
2024-11-03 11:04:21,2,-970.9
2024-11-03 11:19:21,2,-973
2024-11-03 11:34:21,2,-975
2024-11-03 11:49:21,2,-977
2024-11-03 12:04:21,2,-978
2024-11-03 12:19:21,2,-980
2024-11-03 12:34:21,2,-982
2024-11-03 12:49:21,2,-984.1
2024-11-03 13:04:21,2,-986.1
2024-11-03 13:19:21,2,-987.1
2024-11-03 13:34:21,2,-989.1
2024-11-03 13:49:21,2,-991.1
2024-11-03 14:04:21,2,-993.2
2024-11-03 14:19:21,2,-996.2
2024-11-03 14:34:21,2,-997.2
2024-11-03 14:49:21,2,-1000.2
2024-11-03 15:04:21,2,-1002.2
2024-11-03 15:19:21,2,-1004.3
2024-11-03 15:34:21,2,-1006.3
2024-11-03 15:49:21,2,-1008.3
2024-11-03 16:04:21,2,-1010.3
2024-11-03 16:19:21,2,-1011.3
2024-11-03 16:34:21,2,-1013.4
2024-11-03 16:49:21,2,-1015.4
2024-11-03 17:04:21,2,-1016.4
2024-11-03 17:19:21,2,-1018.4
2024-11-03 17:34:21,2,-1019.4
2024-11-03 17:49:21,2,-1021.4
2024-11-03 18:04:21,2,-1023.5
2024-11-03 18:19:21,2,-1024.5
2024-11-03 18:34:21,2,-1026.5
2024-11-03 18:49:21,2,-1027.5
2024-11-03 19:04:21,2,-1028.5
2024-11-03 19:19:21,2,-1030.5
2024-11-03 19:34:21,2,-1031.5
2024-11-03 19:49:21,2,-1033.6
2024-11-03 20:04:21,2,-1034.6
2024-11-03 20:19:21,2,-1035.6
2024-11-03 20:34:21,2,-1036.6
2024-11-03 20:49:21,2,-1038.6
2024-11-03 21:04:21,2,-1039.6
2024-11-03 21:19:21,2,-1040.6
2024-11-03 21:34:21,2,-1041.6
2024-11-03 21:49:21,2,-1042.6
2024-11-03 22:04:21,2,-1043.7
2024-11-03 22:19:21,2,-1045.7
2024-11-03 22:34:21,2,-1046.7
2024-11-03 22:49:21,2,-1047.7
2024-11-03 23:04:21,2,-1047.7
2024-11-03 23:19:21,2,-1047.7
2024-11-03 23:34:21,2,-1047.7
2024-11-03 23:49:21,2,-1047.7
2024-11-04 00:04:21,2,-1047.7
2024-11-04 00:19:21,2,-1047.7
2024-11-04 00:34:21,2,-1047.7
2024-11-04 00:49:21,2,-1047.7
2024-11-04 01:04:21,2,-1047.7
2024-11-04 01:19:21,2,-1047.7
2024-11-04 01:34:21,2,-1048.7
2024-11-04 01:49:21,2,-1048.7
2024-11-04 02:04:21,2,-1048.7
2024-11-04 02:19:21,2,-1048.7
2024-11-04 02:34:21,2,-1048.7
2024-11-04 02:49:21,2,-1049.7
2024-11-04 03:04:21,2,-1049.7
2024-11-04 03:19:21,2,-1049.7
2024-11-04 03:34:21,2,-1049.7
2024-11-04 03:49:21,2,-1049.7
2024-11-04 04:04:21,2,-1049.7
2024-11-04 04:19:21,2,-1049.7
2024-11-04 04:34:21,2,-1050.7
2024-11-04 04:49:21,2,-1050.7
2024-11-04 05:04:21,2,-1050.7
2024-11-04 05:19:21,2,-1050.7
2024-11-04 05:34:21,2,-1050.7
2024-11-04 05:49:21,2,-1050.7
2024-11-04 06:04:21,2,-1050.7
2024-11-04 06:19:21,2,-1050.7
2024-11-04 06:34:21,2,-1051.7
2024-11-04 06:49:21,2,-1051.7
2024-11-04 07:04:21,2,-1052.7
2024-11-04 07:19:21,2,-1053.8
2024-11-04 07:34:21,2,-1054.8
2024-11-04 07:49:21,2,-1055.8
2024-11-04 08:04:21,2,-1056.8
2024-11-04 08:19:21,2,-1057.8
2024-11-04 08:34:21,2,-1058.8
2024-11-04 08:49:21,2,-1059.8
2024-11-04 09:04:21,2,-1060.8
2024-11-04 09:19:21,2,-1061.8
2024-11-04 09:34:21,2,-1062.8
2024-11-04 09:49:21,2,-1064.9
2024-11-04 10:04:21,2,-1065.9
2024-11-04 10:19:21,2,-1066.9
2024-11-04 10:34:21,2,-1067.9
2024-11-04 10:49:21,2,-1069.9
2024-11-04 11:04:21,2,-1070.9
2024-11-04 11:19:21,2,-1072.9
2024-11-04 11:34:21,2,-1073.9
2024-10-24 11:14:32,3,-10.6
2024-10-24 11:29:32,3,-14.1
2024-10-24 11:44:32,3,-15.1
2024-10-24 11:59:32,3,-15.2
2024-10-24 12:14:32,3,-15.3
2024-10-24 12:29:32,3,-18.3
2024-10-24 12:44:32,3,-20.3
2024-10-24 12:59:32,3,-23.3
2024-10-24 13:14:32,3,-23.3
2024-10-24 13:29:32,3,-25.4
2024-10-24 13:44:32,3,-27.4
2024-10-24 13:59:32,3,-29.4
2024-10-24 14:14:32,3,-30.4
2024-10-24 14:29:32,3,-32.4
2024-10-24 14:44:32,3,-33.4
2024-10-24 14:59:32,3,-34.5
2024-10-24 15:14:32,3,-35.5
2024-10-24 15:29:32,3,-36.5
2024-10-24 15:44:32,3,-38.5
2024-10-24 15:59:32,3,-37
2024-10-24 16:14:32,3,-38
2024-10-24 16:29:32,3,-39
2024-10-24 16:44:32,3,-39.6
2024-10-24 16:59:32,3,-40.6
2024-10-24 17:14:32,3,-41.6
2024-10-24 17:29:32,3,-42.6
2024-10-24 17:44:32,3,-43.6
2024-10-24 17:59:32,3,-43.6
2024-10-25 12:22:03,3,-43.6
2024-10-25 13:46:55,3,-39.5000000000001
2024-10-25 14:01:55,3,-40.5000000000001
2024-10-25 14:16:55,3,-41.6
2024-10-25 14:31:55,3,-42.6
2024-10-25 14:46:55,3,-43.6
2024-10-25 15:01:55,3,-44.6
2024-10-25 15:16:55,3,-45.6
2024-10-25 15:31:55,3,-42.8000000000001
2024-10-25 15:46:55,3,-44.8000000000001
2024-10-25 16:01:55,3,-45.9000000000001
2024-10-25 16:16:55,3,-46.9000000000001
2024-10-25 16:31:56,3,-47.9000000000001
2024-10-25 16:46:55,3,-48.9000000000001
2024-10-25 17:01:56,3,-49.9000000000001
2024-10-25 17:16:55,3,-49.9000000000001
2024-10-25 17:31:56,3,-50.9000000000001
2024-10-25 17:46:55,3,-51.9000000000001
2024-10-25 18:01:56,3,-52.9000000000001
2024-10-25 18:16:56,3,-52.9000000000001
2024-10-25 18:31:56,3,-53.9000000000001
2024-10-25 18:46:55,3,-54.9000000000001
2024-10-25 19:01:56,3,-54.9000000000001
2024-10-25 19:16:56,3,-56.0000000000001
2024-10-25 19:31:56,3,-57.0000000000001
2024-10-25 19:46:56,3,-57.0000000000001
2024-10-25 20:01:56,3,-58.0000000000001
2024-10-25 20:16:56,3,-58.0000000000001
2024-10-25 20:31:56,3,-59.0000000000001
2024-10-25 20:46:56,3,-59.0000000000001
2024-10-25 21:01:56,3,-60.0000000000001
2024-10-25 21:16:56,3,-60.0000000000001
2024-10-25 21:31:56,3,-61.0000000000001
2024-10-25 21:46:56,3,-61.0000000000001
2024-10-25 22:01:56,3,-62.0000000000001
2024-10-25 22:16:56,3,-62.0000000000001
2024-10-25 22:31:56,3,-63.0000000000001
2024-10-25 22:46:56,3,-63.0000000000001
2024-10-25 23:01:56,3,-63.0000000000001
2024-10-25 23:16:56,3,-63.0000000000001
2024-10-25 23:31:56,3,-63.0000000000001
2024-10-25 23:46:56,3,-63.0000000000001
2024-10-26 00:01:56,3,-63.0000000000001
2024-10-26 00:16:56,3,-63.0000000000001
2024-10-26 00:31:56,3,-63.0000000000001
2024-10-26 00:46:56,3,-63.0000000000001
2024-10-26 01:01:56,3,-64.0000000000001
2024-10-26 01:16:56,3,-64.0000000000001
2024-10-26 01:31:56,3,-64.0000000000001
2024-10-26 01:46:56,3,-64.0000000000001
2024-10-26 02:01:56,3,-64.0000000000001
2024-10-26 02:16:56,3,-64.0000000000001
2024-10-26 02:31:56,3,-64.0000000000001
2024-10-26 02:46:56,3,-64.0000000000001
2024-10-26 03:01:56,3,-64.0000000000001
2024-10-26 03:16:56,3,-64.0000000000001
2024-10-26 03:31:56,3,-64.0000000000001
2024-10-26 03:46:56,3,-65.0000000000001
2024-10-26 04:01:56,3,-65.0000000000001
2024-10-26 04:16:56,3,-65.0000000000001
2024-10-26 04:31:56,3,-65.0000000000001
2024-10-26 04:46:56,3,-65.0000000000001
2024-10-26 05:01:56,3,-65.0000000000001
2024-10-26 05:16:56,3,-65.0000000000001
2024-10-26 05:31:56,3,-65.0000000000001
2024-10-26 05:46:56,3,-65.0000000000001
2024-10-26 06:01:56,3,-65.0000000000001
2024-10-26 06:16:56,3,-65.0000000000001
2024-10-26 06:31:56,3,-65.0000000000001
2024-10-26 06:46:56,3,-65.0000000000001
2024-10-26 07:01:56,3,-66.1
2024-10-26 07:16:56,3,-66.1
2024-10-26 07:31:56,3,-67.1
2024-10-26 07:46:56,3,-67.1
2024-10-26 08:01:56,3,-68.1
2024-10-26 08:16:56,3,-68.1
2024-10-26 08:31:56,3,-69.1
2024-10-26 08:46:56,3,-69.1
2024-10-26 09:01:56,3,-70.1
2024-10-26 09:16:56,3,-70.1
2024-10-26 09:31:56,3,-71.1
2024-10-26 09:46:56,3,-71.1
2024-10-26 10:01:56,3,-72.1
2024-10-26 10:16:56,3,-72.1
2024-10-26 10:31:56,3,-73.1
2024-10-26 10:46:56,3,-74.1
2024-10-26 11:01:56,3,-74.1
2024-10-26 11:16:56,3,-75.1
2024-10-26 11:31:56,3,-76.2
2024-10-26 11:46:56,3,-76.2
2024-10-26 12:01:56,3,-77.2
2024-10-26 12:16:56,3,-77.2
2024-10-26 12:31:56,3,-78.2
2024-10-26 12:46:56,3,-79.2
2024-10-26 13:01:56,3,-79.2
2024-10-26 13:16:56,3,-80.2
2024-10-26 13:31:56,3,-81.2
2024-10-26 13:46:56,3,-81.2
2024-10-26 14:01:56,3,-82.2
2024-10-26 14:16:56,3,-82.2
2024-10-26 14:31:56,3,-83.2
2024-10-26 14:46:56,3,-83.2
2024-10-26 15:01:56,3,-84.2
2024-10-26 15:17:08,3,-84.2
2024-10-26 15:32:08,3,-84.2
2024-10-26 15:47:08,3,-85.2
2024-10-26 16:02:08,3,-85.2
2024-10-26 16:17:08,3,-86.3000000000001
2024-10-26 16:32:08,3,-87.3000000000001
2024-10-26 16:47:08,3,-87.3000000000001
2024-10-26 17:02:08,3,-88.3000000000001
2024-10-26 17:17:08,3,-88.3000000000001
2024-10-26 17:32:08,3,-89.3000000000001
2024-10-26 17:47:08,3,-89.3000000000001
2024-10-26 18:02:08,3,-90.3000000000001
2024-10-26 18:17:08,3,-90.3000000000001
2024-10-26 18:32:08,3,-91.3000000000001
2024-10-26 18:47:08,3,-92.3000000000001
2024-10-26 19:02:08,3,-92.3000000000001
2024-10-26 19:17:08,3,-93.3000000000001
2024-10-26 19:32:08,3,-93.3000000000001
2024-10-26 19:47:08,3,-94.3000000000001
2024-10-26 20:02:08,3,-94.3000000000001
2024-10-26 20:17:08,3,-95.3000000000001
2024-10-26 20:32:08,3,-95.3000000000001
2024-10-26 20:47:08,3,-96.4000000000001
2024-10-26 21:02:08,3,-96.4000000000001
2024-10-26 21:17:08,3,-97.4000000000001
2024-10-26 21:32:08,3,-97.4000000000001
2024-10-26 21:47:08,3,-97.4000000000001
2024-10-26 22:02:08,3,-98.4000000000001
2024-10-26 22:17:08,3,-98.4000000000001
2024-10-26 22:32:08,3,-99.4000000000001
2024-10-26 22:47:08,3,-99.4000000000001
2024-10-26 23:02:08,3,-99.4000000000001
2024-10-26 23:17:08,3,-99.4000000000001
2024-10-26 23:32:08,3,-99.4000000000001
2024-10-26 23:47:08,3,-99.4000000000001
2024-10-27 00:02:08,3,-99.4000000000001
2024-10-27 00:17:08,3,-99.4000000000001
2024-10-27 00:32:08,3,-99.4000000000001
2024-10-27 00:47:08,3,-99.4000000000001
2024-10-27 01:02:08,3,-99.4000000000001
2024-10-27 01:17:08,3,-99.4000000000001
2024-10-27 01:32:08,3,-99.4000000000001
2024-10-27 01:47:08,3,-100.4
2024-10-27 02:02:08,3,-100.4
2024-10-27 02:17:08,3,-100.4
2024-10-27 02:32:08,3,-100.4
2024-10-27 02:47:08,3,-100.4
2024-10-27 03:02:08,3,-100.4
2024-10-27 03:17:08,3,-100.4
2024-10-27 03:32:08,3,-100.4
2024-10-27 03:47:08,3,-101.4
2024-10-27 04:02:08,3,-101.4
2024-10-27 04:17:08,3,-101.4
2024-10-27 04:32:08,3,-101.4
2024-10-27 04:47:08,3,-101.4
2024-10-27 05:02:08,3,-101.4
2024-10-27 05:17:08,3,-101.4
2024-10-27 05:32:08,3,-101.4
2024-10-27 05:47:08,3,-101.4
2024-10-27 06:02:08,3,-101.4
2024-10-27 06:17:08,3,-101.4
2024-10-27 06:32:08,3,-101.4
2024-10-27 06:47:08,3,-101.4
2024-10-27 07:02:08,3,-102.4
2024-10-27 07:17:08,3,-102.4
2024-10-27 07:32:08,3,-103.4
2024-10-27 07:47:08,3,-104.4
2024-10-27 08:02:08,3,-104.4
2024-10-27 08:17:08,3,-104.4
2024-10-27 08:32:08,3,-105.5
2024-10-27 08:47:08,3,-106.5
2024-10-27 09:02:08,3,-106.5
2024-10-27 09:17:08,3,-107.5
2024-10-27 09:32:08,3,-107.5
2024-10-27 09:47:08,3,-108.5
2024-10-27 10:02:08,3,-108.5
2024-10-27 10:17:08,3,-109.5
2024-10-27 10:32:08,3,-109.5
2024-10-27 10:47:08,3,-110.5
2024-10-27 11:02:08,3,-111.5
2024-10-27 11:17:08,3,-111.5
2024-10-27 11:32:08,3,-112.5
2024-10-27 11:47:08,3,-112.5
2024-10-27 12:02:08,3,-113.5
2024-10-27 12:17:08,3,-113.5
2024-10-27 12:32:08,3,-114.5
2024-10-27 12:47:08,3,-114.5
2024-10-27 13:02:08,3,-115.6
2024-10-27 13:17:08,3,-115.6
2024-10-27 13:32:08,3,-116.6
2024-10-27 13:47:08,3,-116.6
2024-10-27 14:02:08,3,-117.6
2024-10-27 14:17:08,3,-117.6
2024-10-27 14:32:08,3,-118.6
2024-10-27 14:47:08,3,-118.6
2024-10-27 15:02:08,3,-119.6
2024-10-27 15:17:08,3,-120.6
2024-10-27 15:32:08,3,-121.7
2024-10-27 15:47:08,3,-122.7
2024-10-27 16:02:08,3,-122.7
2024-10-27 16:17:08,3,-123.7
2024-10-27 16:32:08,3,-124.7
2024-10-27 16:47:08,3,-125.7
2024-10-27 17:02:08,3,-125.7
2024-10-27 17:17:08,3,-126.7
2024-10-27 17:32:08,3,-126.7
2024-10-27 17:47:08,3,-127.7
2024-10-27 18:02:08,3,-128.7
2024-10-27 18:17:08,3,-128.7
2024-10-27 18:32:08,3,-129.7
2024-10-27 18:47:08,3,-129.7
2024-10-27 19:02:08,3,-130.7
2024-10-27 19:17:08,3,-131.8
2024-10-27 19:32:08,3,-131.8
2024-10-27 19:47:08,3,-132.8
2024-10-27 20:02:08,3,-133.8
2024-10-27 20:17:08,3,-133.8
2024-10-27 20:32:08,3,-134.8
2024-10-27 20:47:08,3,-134.8
2024-10-27 21:02:08,3,-135.8
2024-10-27 21:17:08,3,-135.8
2024-10-27 21:32:08,3,-136.8
2024-10-27 21:47:08,3,-136.8
2024-10-27 22:02:08,3,-137.8
2024-10-27 22:17:08,3,-137.8
2024-10-27 22:32:08,3,-138.8
2024-10-27 22:47:08,3,-138.8
2024-10-27 23:02:08,3,-138.8
2024-10-27 23:17:08,3,-138.8
2024-10-27 23:32:08,3,-138.8
2024-10-27 23:47:08,3,-138.8
2024-10-28 00:02:08,3,-138.8
2024-10-28 00:17:08,3,-138.8
2024-10-28 00:32:08,3,-138.8
2024-10-28 00:47:08,3,-138.8
2024-10-28 01:02:08,3,-138.8
2024-10-28 01:17:08,3,-138.8
2024-10-28 01:32:08,3,-138.8
2024-10-28 01:47:08,3,-138.8
2024-10-28 02:02:08,3,-138.8
2024-10-28 02:17:08,3,-138.8
2024-10-28 02:32:08,3,-138.8
2024-10-28 02:47:08,3,-138.8
2024-10-28 03:02:08,3,-139.8
2024-10-28 03:17:08,3,-139.8
2024-10-28 03:32:08,3,-139.8
2024-10-28 03:47:08,3,-139.8
2024-10-28 04:02:08,3,-139.8
2024-10-28 04:17:08,3,-139.8
2024-10-28 04:32:08,3,-139.8
2024-10-28 04:47:08,3,-139.8
2024-10-28 05:02:08,3,-139.8
2024-10-28 05:17:08,3,-139.8
2024-10-28 05:32:08,3,-139.8
2024-10-28 05:47:08,3,-139.8
2024-10-28 06:02:08,3,-139.8
2024-10-28 06:17:08,3,-139.8
2024-10-28 06:32:08,3,-139.8
2024-10-28 06:47:08,3,-140.8
2024-10-28 07:02:08,3,-140.8
2024-10-28 07:17:08,3,-141.9
2024-10-28 07:32:08,3,-142.9
2024-10-28 07:47:08,3,-143.9
2024-10-28 08:02:08,3,-143.9
2024-10-28 08:17:08,3,-144.9
2024-10-28 08:32:08,3,-145.9
2024-10-28 08:47:08,3,-145.9
2024-10-28 09:02:08,3,-146.9
2024-10-28 09:17:08,3,-146.9
2024-10-28 09:32:08,3,-147.9
2024-10-28 09:47:08,3,-148.9
2024-10-28 10:02:08,3,-149.9
2024-10-28 10:17:08,3,-150.9
2024-10-28 10:32:08,3,-152
2024-10-28 10:47:08,3,-153
2024-10-28 11:02:08,3,-154
2024-10-28 11:17:08,3,-155
2024-10-28 11:32:08,3,-156
2024-10-28 11:47:08,3,-157
2024-10-28 12:02:08,3,-158
2024-10-28 12:17:08,3,-159
2024-10-28 12:32:08,3,-160
2024-10-28 12:47:08,3,-161
2024-10-28 13:02:08,3,-162.1
2024-10-28 13:17:08,3,-163.1
2024-10-28 13:32:08,3,-164.1
2024-10-28 13:47:08,3,-165.1
2024-10-28 14:02:08,3,-166.1
2024-10-28 14:17:08,3,-167.1
2024-10-28 14:32:08,3,-167.1
2024-10-28 14:47:08,3,-168.1
2024-10-28 15:02:08,3,-169.1
2024-10-28 15:17:08,3,-170.1
2024-10-28 15:32:08,3,-171.1
2024-10-28 15:47:08,3,-171.1
2024-10-28 16:02:08,3,-170.3
2024-10-28 16:17:08,3,-171.3
2024-10-28 16:32:08,3,-172.3
2024-10-28 16:47:08,3,-173.4
2024-10-28 17:02:08,3,-174.4
2024-10-28 17:17:08,3,-174.4
2024-10-28 17:32:08,3,-175.4
2024-10-28 17:47:08,3,-176.4
2024-10-28 18:02:08,3,-177.4
2024-10-28 18:17:08,3,-177.4
2024-10-28 18:32:08,3,-178.4
2024-10-28 18:47:08,3,-179.4
2024-10-28 19:02:08,3,-180.4
2024-10-28 19:17:08,3,-180.4
2024-10-28 19:32:08,3,-181.4
2024-10-28 19:47:08,3,-182.4
2024-10-28 20:02:08,3,-183.5
2024-10-28 20:17:08,3,-183.5
2024-10-28 20:32:08,3,-184.5
2024-10-28 20:47:08,3,-184.5
2024-10-28 21:02:08,3,-185.5
2024-10-28 21:17:08,3,-186.5
2024-10-28 21:32:08,3,-186.5
2024-10-28 21:47:08,3,-187.5
2024-10-28 22:02:08,3,-187.5
2024-10-28 22:17:08,3,-188.5
2024-10-28 22:32:08,3,-188.5
2024-10-28 22:47:08,3,-189.5
2024-10-28 23:02:08,3,-189.5
2024-10-28 23:17:08,3,-189.5
2024-10-28 23:32:08,3,-189.5
2024-10-28 23:47:08,3,-189.5
2024-10-29 00:02:08,3,-189.5
2024-10-29 00:17:08,3,-189.5
2024-10-29 00:32:08,3,-189.5
2024-10-29 00:47:08,3,-189.5
2024-10-29 01:02:08,3,-188.5
2024-10-29 01:17:08,3,-188.5
2024-10-29 01:32:08,3,-188.5
2024-10-29 01:47:08,3,-188.5
2024-10-29 02:02:08,3,-189.5
2024-10-29 02:17:08,3,-189.5
2024-10-29 02:32:08,3,-189.5
2024-10-29 02:47:08,3,-189.5
2024-10-29 03:02:08,3,-189.5
2024-10-29 03:17:08,3,-189.5
2024-10-29 03:32:08,3,-189.5
2024-10-29 03:47:08,3,-189.5
2024-10-29 04:02:08,3,-189.5
2024-10-29 04:17:08,3,-189.5
2024-10-29 04:32:08,3,-189.5
2024-10-29 04:47:08,3,-190.5
2024-10-29 05:02:08,3,-190.5
2024-10-29 05:17:08,3,-190.5
2024-10-29 05:32:08,3,-190.5
2024-10-29 05:47:08,3,-190.5
2024-10-29 06:02:08,3,-190.5
2024-10-29 06:17:08,3,-190.5
2024-10-29 06:32:08,3,-190.5
2024-10-29 06:47:08,3,-190.5
2024-10-29 07:02:08,3,-191.5
2024-10-29 07:17:08,3,-192.5
2024-10-29 07:32:08,3,-193.5
2024-10-29 07:47:08,3,-194.6
2024-10-29 08:02:08,3,-194.6
2024-10-29 08:17:08,3,-195.6
2024-10-29 08:32:08,3,-196.6
2024-10-29 08:47:08,3,-197.6
2024-10-29 09:02:08,3,-198.6
2024-10-29 09:17:08,3,-198.6
2024-10-29 09:32:08,3,-199.6
2024-10-29 09:47:08,3,-200.6
2024-10-29 10:02:08,3,-200.6
2024-10-29 10:17:08,3,-201.6
2024-10-29 10:32:08,3,-202.6
2024-10-29 10:47:08,3,-203.6
2024-10-29 11:02:08,3,-204.7
2024-10-29 11:17:08,3,-204.7
2024-10-29 11:32:08,3,-205.7
2024-10-29 11:47:08,3,-206.7
2024-10-29 12:02:08,3,-207.7
2024-10-29 12:17:08,3,-208.7
2024-10-29 12:32:08,3,-210.7
2024-10-29 12:47:08,3,-211.7
2024-10-29 13:02:08,3,-211.7
2024-10-29 13:17:08,3,-212.7
2024-10-29 13:32:08,3,-213.7
2024-10-29 13:47:08,3,-214.8
2024-10-29 14:02:08,3,-215.8
2024-10-29 14:17:08,3,-216.8
2024-10-29 14:32:08,3,-216.8
2024-10-29 14:47:08,3,-217.8
2024-10-29 15:02:08,3,-218.8
2024-10-29 15:17:08,3,-219.8
2024-10-29 15:32:08,3,-220.8
2024-10-29 15:47:08,3,-220.8
2024-10-29 16:02:08,3,-221.8
2024-10-29 16:17:08,3,-221.8
2024-10-29 16:32:08,3,-222.8
2024-10-29 16:47:08,3,-223.8
2024-10-29 17:02:08,3,-223.8
2024-10-29 17:17:08,3,-224.9
2024-10-29 17:32:08,3,-225.9
2024-10-29 17:47:08,3,-225.9
2024-10-29 18:02:08,3,-225.9
2024-10-29 18:17:08,3,-224.5
2024-10-29 18:32:08,3,-225.5
2024-10-29 18:47:08,3,-226.6
2024-10-29 19:02:08,3,-226.6
2024-10-29 19:17:08,3,-227.6
2024-10-29 19:32:08,3,-228.6
2024-10-29 19:47:08,3,-229.6
2024-10-29 20:02:08,3,-229.6
2024-10-29 20:17:08,3,-230.6
2024-10-29 20:32:08,3,-231.6
2024-10-29 20:47:08,3,-232.6
2024-10-29 21:02:08,3,-232.6
2024-10-29 21:17:08,3,-233.6
2024-10-29 21:32:08,3,-234.6
2024-10-29 21:47:08,3,-235.6
2024-10-29 22:02:08,3,-235.6
2024-10-29 22:17:08,3,-236.7
2024-10-29 22:32:08,3,-237.7
2024-10-29 22:47:08,3,-237.7
2024-10-29 23:02:08,3,-237.7
2024-10-29 23:17:08,3,-237.7
2024-10-29 23:32:08,3,-237.7
2024-10-29 23:47:08,3,-237.7
2024-10-30 00:02:08,3,-237.7
2024-10-30 00:17:08,3,-237.7
2024-10-30 00:32:08,3,-237.7
2024-10-30 00:47:08,3,-237.7
2024-10-30 01:02:08,3,-237.7
2024-10-30 01:17:08,3,-238.7
2024-10-30 01:32:08,3,-238.7
2024-10-30 01:47:08,3,-238.7
2024-10-30 02:02:08,3,-238.7
2024-10-30 02:17:08,3,-238.7
2024-10-30 02:32:08,3,-238.7
2024-10-30 02:47:08,3,-238.7
2024-10-30 03:02:08,3,-238.7
2024-10-30 03:17:08,3,-239.7
2024-10-30 03:32:08,3,-239.7
2024-10-30 03:47:08,3,-239.7
2024-10-30 04:02:08,3,-239.7
2024-10-30 04:17:08,3,-239.7
2024-10-30 04:32:08,3,-239.7
2024-10-30 04:47:08,3,-239.7
2024-10-30 05:02:08,3,-239.7
2024-10-30 05:17:08,3,-239.7
2024-10-30 05:32:08,3,-240.7
2024-10-30 05:47:08,3,-240.7
2024-10-30 06:02:08,3,-240.7
2024-10-30 06:17:08,3,-240.7
2024-10-30 06:32:08,3,-240.7
2024-10-30 06:47:08,3,-240.7
2024-10-30 07:02:08,3,-241.7
2024-10-30 07:17:08,3,-242.7
2024-10-30 07:32:08,3,-243.7
2024-10-30 07:47:08,3,-244.7
2024-10-30 08:02:08,3,-244.7
2024-10-30 08:17:08,3,-245.7
2024-10-30 08:32:08,3,-245.7
2024-10-30 08:47:08,3,-246.8
2024-10-30 09:02:08,3,-247.8
2024-10-30 09:17:08,3,-248.8
2024-10-30 09:32:08,3,-248.8
2024-10-30 09:47:08,3,-249.8
2024-10-30 10:02:08,3,-250.8
2024-10-30 10:17:08,3,-251.8
2024-10-30 10:32:08,3,-252.8
2024-10-30 10:47:08,3,-253.8
2024-10-30 11:02:08,3,-254.8
2024-10-30 11:17:08,3,-255.8
2024-10-30 11:32:08,3,-256.9
2024-10-30 11:47:08,3,-257.9
2024-10-30 12:02:08,3,-258.9
2024-10-30 12:17:08,3,-259.9
2024-10-30 12:32:08,3,-260.9
2024-10-30 12:47:08,3,-261.9
2024-10-30 13:02:08,3,-263.9
2024-10-30 13:17:08,3,-264.9
2024-10-30 13:32:08,3,-265.9
2024-10-30 13:47:08,3,-267
2024-10-30 14:02:08,3,-268
2024-10-30 14:17:08,3,-269
2024-10-30 14:32:08,3,-271
2024-10-30 14:47:08,3,-272
2024-10-30 15:02:08,3,-273
2024-10-30 15:17:08,3,-274
2024-10-30 15:32:08,3,-275
2024-10-30 15:47:08,3,-276
2024-10-30 16:02:08,3,-277.1
2024-10-30 16:17:08,3,-275.9
2024-10-30 16:32:08,3,-276.9
2024-10-30 16:47:08,3,-277.9
2024-10-30 17:02:08,3,-278.9
2024-10-30 17:17:08,3,-279.9
2024-10-30 17:32:08,3,-280.9
2024-10-30 17:47:08,3,-281.9
2024-10-30 18:02:08,3,-282.9
2024-10-30 18:17:08,3,-283.9
2024-10-30 18:32:08,3,-284.9
2024-10-30 18:47:08,3,-286
2024-10-30 19:02:08,3,-287
2024-10-30 19:17:08,3,-288
2024-10-30 19:32:08,3,-289
2024-10-30 19:47:08,3,-290
2024-10-30 20:02:08,3,-291
2024-10-30 20:17:08,3,-292
2024-10-30 20:32:08,3,-293
2024-10-30 20:47:08,3,-294
2024-10-30 21:02:08,3,-295
2024-10-30 21:17:08,3,-295
2024-10-30 21:32:08,3,-296.1
2024-10-30 21:47:08,3,-297.1
2024-10-30 22:02:08,3,-298.1
2024-10-30 22:17:08,3,-298.1
2024-10-30 22:32:08,3,-299.1
2024-10-30 22:47:08,3,-300.1
2024-10-30 23:02:08,3,-300.1
2024-10-30 23:17:08,3,-300.1
2024-10-30 23:32:08,3,-300.1
2024-10-30 23:47:08,3,-300.1
2024-10-31 00:02:08,3,-300.1
2024-10-31 00:17:08,3,-300.1
2024-10-31 00:32:08,3,-300.1
2024-10-31 00:47:08,3,-300.1
2024-10-31 01:02:08,3,-300.1
2024-10-31 01:17:08,3,-300.1
2024-10-31 01:32:08,3,-300.1
2024-10-31 01:47:08,3,-300.1
2024-10-31 02:02:08,3,-301.1
2024-10-31 02:17:08,3,-301.1
2024-10-31 02:32:08,3,-301.1
2024-10-31 02:47:08,3,-301.1
2024-10-31 03:02:08,3,-301.1
2024-10-31 03:17:08,3,-301.1
2024-10-31 03:32:08,3,-301.1
2024-10-31 03:47:08,3,-302.1
2024-10-31 04:02:08,3,-302.1
2024-10-31 04:17:08,3,-302.1
2024-10-31 04:32:08,3,-302.1
2024-10-31 04:47:08,3,-302.1
2024-10-31 05:02:08,3,-302.1
2024-10-31 05:17:08,3,-302.1
2024-10-31 05:32:08,3,-302.1
2024-10-31 05:47:08,3,-303.1
2024-10-31 06:02:08,3,-303.1
2024-10-31 06:17:08,3,-303.1
2024-10-31 06:32:08,3,-303.1
2024-10-31 06:47:08,3,-303.1
2024-10-31 07:02:08,3,-304.1
2024-10-31 07:17:08,3,-305.1
2024-10-31 07:32:08,3,-306.2
2024-10-31 07:47:08,3,-307.2
2024-10-31 08:02:08,3,-308.2
2024-10-31 08:17:08,3,-308.2
2024-10-31 08:32:08,3,-309.2
2024-10-31 08:47:08,3,-310.2
2024-10-31 09:02:08,3,-311.2
2024-10-31 09:17:08,3,-312.2
2024-10-31 09:32:08,3,-313.2
2024-10-31 09:47:08,3,-314.2
2024-10-31 10:02:08,3,-314.2
2024-10-31 10:17:08,3,-316.3
2024-10-31 10:32:08,3,-317.3
2024-10-31 10:47:08,3,-318.3
2024-10-31 11:02:08,3,-319.3
2024-10-31 11:17:08,3,-320.3
2024-10-31 11:32:08,3,-321.3
2024-10-31 11:47:08,3,-322.3
2024-10-31 12:02:08,3,-323.3
2024-10-31 12:17:08,3,-325.3
2024-10-31 12:32:08,3,-326.4
2024-10-31 12:47:08,3,-328.4
2024-10-31 13:02:08,3,-329.4
2024-10-31 13:17:08,3,-330.4
2024-10-31 13:32:08,3,-331.4
2024-10-31 13:47:08,3,-332.4
2024-10-31 14:02:08,3,-334.4
2024-10-31 14:17:08,3,-334.4
2024-10-31 14:32:08,3,-335.4
2024-10-31 14:47:08,3,-336.5
2024-10-31 15:02:08,3,-337.5
2024-10-31 15:17:08,3,-338.5
2024-10-31 15:32:08,3,-339.5
2024-10-31 15:47:08,3,-340.5
2024-10-31 16:02:08,3,-341.5
2024-10-31 16:17:08,3,-342.5
2024-10-31 16:32:08,3,-342.5
2024-10-31 16:47:08,3,-342.5
2024-10-31 17:02:08,3,-343.5
2024-10-31 17:17:08,3,-344.5
2024-10-31 17:32:08,3,-345.5
2024-10-31 17:47:08,3,-346.5
2024-10-31 18:02:08,3,-347.5
2024-10-31 18:17:08,3,-348.5
2024-10-31 18:32:08,3,-349.5
2024-10-31 18:47:08,3,-350.5
2024-10-31 19:02:08,3,-351.5
2024-10-31 19:17:08,3,-352.6
2024-10-31 19:32:08,3,-353.6
2024-10-31 19:47:08,3,-354.6
2024-10-31 20:02:08,3,-355.6
2024-10-31 20:17:08,3,-357.6
2024-10-31 20:32:08,3,-357.6
2024-10-31 20:47:08,3,-358.6
2024-10-31 21:02:08,3,-359.6
2024-10-31 21:17:08,3,-360.6
2024-10-31 21:32:08,3,-361.6
2024-10-31 21:47:08,3,-362.7
2024-10-31 22:02:08,3,-363.7
2024-10-31 22:17:08,3,-364.7
2024-10-31 22:32:08,3,-364.7
2024-10-31 22:47:08,3,-365.7
2024-10-31 23:02:08,3,-365.7
2024-10-31 23:17:08,3,-365.7
2024-10-31 23:32:08,3,-365.7
2024-10-31 23:47:08,3,-365.7
2024-11-01 00:02:08,3,-365.7
2024-11-01 00:17:08,3,-365.7
2024-11-01 00:32:08,3,-365.7
2024-11-01 00:47:08,3,-366.7
2024-11-01 01:02:08,3,-366.7
2024-11-01 01:17:08,3,-366.7
2024-11-01 01:32:08,3,-366.7
2024-11-01 01:47:08,3,-366.7
2024-11-01 02:02:08,3,-367.7
2024-11-01 02:17:08,3,-367.7
2024-11-01 02:32:08,3,-367.7
2024-11-01 02:47:08,3,-367.7
2024-11-01 03:02:08,3,-367.7
2024-11-01 03:17:08,3,-367.7
2024-11-01 03:32:08,3,-367.7
2024-11-01 03:47:08,3,-368.7
2024-11-01 04:02:08,3,-368.7
2024-11-01 04:17:08,3,-368.7
2024-11-01 04:32:08,3,-368.7
2024-11-01 04:47:08,3,-368.7
2024-11-01 05:02:08,3,-368.7
2024-11-01 05:17:08,3,-368.7
2024-11-01 05:32:08,3,-368.7
2024-11-01 05:47:08,3,-368.7
2024-11-01 06:02:08,3,-369.7
2024-11-01 06:17:08,3,-369.7
2024-11-01 06:32:08,3,-369.7
2024-11-01 06:47:08,3,-369.7
2024-11-01 07:02:08,3,-370.7
2024-11-01 07:17:08,3,-371.7
2024-11-01 07:32:08,3,-372.8
2024-11-01 07:47:08,3,-373.8
2024-11-01 08:02:08,3,-374.8
2024-11-01 08:17:08,3,-375.8
2024-11-01 08:32:08,3,-376.8
2024-11-01 08:47:08,3,-377.8
2024-11-01 09:02:08,3,-378.8
2024-11-01 09:17:08,3,-379.8
2024-11-01 09:32:08,3,-380.8
2024-11-01 09:47:08,3,-381.8
2024-11-01 10:02:08,3,-382.9
2024-11-01 10:17:08,3,-383.9
2024-11-01 10:32:08,3,-384.9
2024-11-01 10:47:08,3,-385.9
2024-11-01 11:02:08,3,-386.9
2024-11-01 11:17:08,3,-388.9
2024-11-01 11:32:08,3,-389.9
2024-11-01 11:47:08,3,-390.9
2024-11-01 12:02:08,3,-391.9
2024-11-01 12:17:08,3,-393
2024-11-01 12:32:08,3,-395
2024-11-01 12:47:08,3,-396
2024-11-01 13:02:08,3,-397
2024-11-01 13:17:08,3,-399
2024-11-01 13:32:08,3,-400
2024-11-01 13:47:08,3,-401
2024-11-01 14:02:08,3,-402
2024-11-01 14:17:08,3,-404.1
2024-11-01 14:32:08,3,-405.1
2024-11-01 14:47:08,3,-406.1
2024-11-01 15:02:08,3,-407.1
2024-11-01 15:17:08,3,-409.1
2024-11-01 15:32:08,3,-410.1
2024-11-01 15:47:08,3,-411.1
2024-11-01 16:02:08,3,-412.1
2024-11-01 16:17:08,3,-414.2
2024-11-01 16:32:08,3,-415.2
2024-11-01 16:47:08,3,-416.2
2024-11-01 17:02:08,3,-417.2
2024-11-01 17:17:08,3,-418.2
2024-11-01 17:32:08,3,-419.2
2024-11-01 17:47:08,3,-421.2
2024-11-01 18:02:08,3,-422.2
2024-11-01 18:17:08,3,-423.3
2024-11-01 18:32:08,3,-424.3
2024-11-01 18:47:08,3,-425.3
2024-11-01 19:02:08,3,-426.3
2024-11-01 19:17:08,3,-428.3
2024-11-01 19:32:08,3,-429.3
2024-11-01 19:47:08,3,-430.3
2024-11-01 20:02:08,3,-431.3
2024-11-01 20:17:08,3,-432.3
2024-11-01 20:32:08,3,-433.4
2024-11-01 20:47:08,3,-434.4
2024-11-01 21:02:08,3,-435.4
2024-11-01 21:17:08,3,-436.4
2024-11-01 21:32:08,3,-437.4
2024-11-01 21:47:08,3,-438.4
2024-11-01 22:02:08,3,-439.4
2024-11-01 22:17:08,3,-440.4
2024-11-01 22:32:08,3,-440.4
2024-11-01 22:47:08,3,-441.4
2024-11-01 23:02:08,3,-441.4
2024-11-01 23:17:08,3,-441.4
2024-11-01 23:32:08,3,-441.4
2024-11-01 23:47:08,3,-441.4
2024-11-02 00:02:08,3,-441.4
2024-11-02 00:17:08,3,-441.4
2024-11-02 00:32:08,3,-441.4
2024-11-02 00:47:08,3,-441.4
2024-11-02 01:02:08,3,-441.4
2024-11-02 01:17:08,3,-442.4
2024-11-02 01:32:08,3,-442.4
2024-11-02 01:47:08,3,-442.4
2024-11-02 02:02:08,3,-442.4
2024-11-02 02:17:08,3,-442.4
2024-11-02 02:32:08,3,-442.4
2024-11-02 02:47:08,3,-443.5
2024-11-02 03:02:08,3,-443.5
2024-11-02 03:17:08,3,-443.5
2024-11-02 03:32:08,3,-443.5
2024-11-02 03:47:08,3,-443.5
2024-11-02 04:02:08,3,-443.5
2024-11-02 04:17:08,3,-443.5
2024-11-02 04:32:08,3,-443.5
2024-11-02 04:47:08,3,-444.5
2024-11-02 05:02:08,3,-444.5
2024-11-02 05:17:08,3,-444.5
2024-11-02 05:32:08,3,-444.5
2024-11-02 05:47:08,3,-444.5
2024-11-02 06:02:08,3,-444.5
2024-11-02 06:17:08,3,-444.5
2024-11-02 06:32:08,3,-445.5
2024-11-02 06:47:08,3,-445.5
2024-11-02 07:02:08,3,-446.5
2024-11-02 07:17:08,3,-447.5
2024-11-02 07:32:08,3,-448.5
2024-11-02 07:47:08,3,-449.5
2024-11-02 08:02:08,3,-450.5
2024-11-02 08:17:08,3,-451.5
2024-11-02 08:32:08,3,-452.5
2024-11-02 08:47:08,3,-453.6
2024-11-02 09:02:08,3,-454.6
2024-11-02 09:17:08,3,-455.6
2024-11-02 09:32:08,3,-456.6
2024-11-02 09:47:08,3,-457.6
2024-11-02 10:02:08,3,-458.6
2024-11-02 10:17:08,3,-459.6
2024-11-02 10:32:08,3,-460.6
2024-11-02 10:47:08,3,-461.8
2024-11-02 11:02:08,3,-462.8
2024-11-02 11:17:08,3,-463.8
2024-11-02 11:32:08,3,-464.8
2024-11-02 11:47:08,3,-465.8
2024-11-02 12:02:08,3,-467.8
2024-11-02 12:17:08,3,-468.8
2024-11-02 12:32:08,3,-469.9
2024-11-02 12:47:08,3,-470.9
2024-11-02 13:02:08,3,-472.9
2024-11-02 13:17:08,3,-473.9
2024-11-02 13:32:08,3,-474.9
2024-11-02 13:47:08,3,-475.9
2024-11-02 14:02:08,3,-476.9
2024-11-02 14:17:08,3,-477.9
2024-11-02 14:32:08,3,-478.9
2024-11-02 14:47:08,3,-481
2024-11-02 15:02:08,3,-482
2024-11-02 15:17:08,3,-483
2024-11-02 15:32:08,3,-484
2024-11-02 15:47:08,3,-485
2024-11-02 16:02:08,3,-486
2024-11-02 16:17:08,3,-487
2024-11-02 16:32:08,3,-488
2024-11-02 16:47:08,3,-489
2024-11-02 17:02:08,3,-490.1
2024-11-02 17:17:08,3,-491.1
2024-11-02 17:32:08,3,-492.1
2024-11-02 17:47:08,3,-493.1
2024-11-02 18:02:08,3,-494.1
2024-11-02 18:17:08,3,-495.1
2024-11-02 18:32:08,3,-496.1
2024-11-02 18:47:08,3,-497.1
2024-11-02 19:02:08,3,-497.1
2024-11-02 19:17:08,3,-498.1
2024-11-02 19:32:08,3,-499.1
2024-11-02 19:47:08,3,-500.2
2024-11-02 20:02:08,3,-501.2
2024-11-02 20:17:08,3,-502.2
2024-11-02 20:32:08,3,-503.2
2024-11-02 20:47:08,3,-503.2
2024-11-02 21:02:08,3,-504.2
2024-11-02 21:17:08,3,-505.2
2024-11-02 21:32:08,3,-506.2
2024-11-02 21:47:08,3,-506.2
2024-11-02 22:02:08,3,-507.2
2024-11-02 22:17:08,3,-508.2
2024-11-02 22:32:08,3,-508.2
2024-11-02 22:47:08,3,-509.3
2024-11-02 23:02:08,3,-509.3
2024-11-02 23:17:08,3,-509.3
2024-11-02 23:32:08,3,-509.3
2024-11-02 23:47:08,3,-509.3
2024-11-03 00:02:08,3,-509.3
2024-11-03 00:17:08,3,-509.3
2024-11-03 00:32:08,3,-509.3
2024-11-03 00:47:08,3,-509.3
2024-11-03 01:02:08,3,-509.3
2024-11-03 01:17:08,3,-509.3
2024-11-03 01:32:08,3,-509.3
2024-11-03 01:47:08,3,-509.3
2024-11-03 02:02:08,3,-509.3
2024-11-03 02:17:08,3,-509.3
2024-11-03 02:32:08,3,-510.3
2024-11-03 02:47:08,3,-510.3
2024-11-03 03:02:08,3,-510.3
2024-11-03 03:17:08,3,-510.3
2024-11-03 03:32:08,3,-510.3
2024-11-03 03:47:08,3,-510.3
2024-11-03 04:02:08,3,-510.3
2024-11-03 04:17:08,3,-510.3
2024-11-03 04:32:08,3,-510.3
2024-11-03 04:47:08,3,-510.3
2024-11-03 05:02:08,3,-510.3
2024-11-03 05:17:08,3,-510.3
2024-11-03 05:32:08,3,-511.3
2024-11-03 05:47:08,3,-511.3
2024-11-03 06:02:08,3,-511.3
2024-11-03 06:17:08,3,-511.3
2024-11-03 06:32:08,3,-511.3
2024-11-03 06:47:08,3,-511.3
2024-11-03 07:02:08,3,-512.3
2024-11-03 07:17:08,3,-513.3
2024-11-03 07:32:08,3,-514.3
2024-11-03 07:47:08,3,-515.3
2024-11-03 08:02:08,3,-516.3
2024-11-03 08:17:08,3,-517.3
2024-11-03 08:32:08,3,-518.3
2024-11-03 08:47:08,3,-519.4
2024-11-03 09:02:08,3,-519.4
2024-11-03 09:17:08,3,-520.4
2024-11-03 09:32:08,3,-521.4
2024-11-03 09:47:08,3,-522.4
2024-11-03 10:02:08,3,-522.4
2024-11-03 10:17:08,3,-523.4
2024-11-03 10:32:08,3,-523.4
2024-11-03 10:47:08,3,-524.4
2024-11-03 11:02:08,3,-525.4
2024-11-03 11:17:08,3,-526.5
2024-11-03 11:32:08,3,-527.5
2024-11-03 11:47:08,3,-528.5
2024-11-03 12:02:08,3,-529.5
2024-11-03 12:17:08,3,-531.5
2024-11-03 12:32:08,3,-532.5
2024-11-03 12:47:08,3,-534.6
2024-11-03 13:02:08,3,-535.6
2024-11-03 13:17:08,3,-537.6
2024-11-03 13:32:08,3,-538.6
2024-11-03 13:47:08,3,-540.6
2024-11-03 14:02:08,3,-542.6
2024-11-03 14:17:08,3,-543.6
2024-11-03 14:32:08,3,-545.7
2024-11-03 14:47:08,3,-546.7
2024-11-03 15:02:08,3,-548.7
2024-11-03 15:17:08,3,-550.7
2024-11-03 15:32:08,3,-551.7
2024-11-03 15:47:08,3,-553.7
2024-11-03 16:02:08,3,-554.8
2024-11-03 16:17:08,3,-555.8
2024-11-03 16:32:08,3,-557.8
2024-11-03 16:47:08,3,-558.8
2024-11-03 17:02:08,3,-559.8
2024-11-03 17:17:08,3,-561.8
2024-11-03 17:32:08,3,-562.8
2024-11-03 17:47:08,3,-563.8
2024-11-03 18:02:08,3,-565.9
2024-11-03 18:17:08,3,-566.9
2024-11-03 18:32:08,3,-567.9
2024-11-03 18:47:08,3,-568.9
2024-11-03 19:02:08,3,-569.9
2024-11-03 19:17:08,3,-571.9
2024-11-03 19:32:08,3,-572.9
2024-11-03 19:47:08,3,-573.9
2024-11-03 20:02:08,3,-575
2024-11-03 20:17:08,3,-576
2024-11-03 20:32:08,3,-578
2024-11-03 20:47:08,3,-579
2024-11-03 21:02:08,3,-580
2024-11-03 21:17:08,3,-581
2024-11-03 21:32:08,3,-582
2024-11-03 21:47:08,3,-583
2024-11-03 22:02:08,3,-584
2024-11-03 22:17:08,3,-585.1
2024-11-03 22:32:08,3,-586.1
2024-11-03 22:47:08,3,-587.1
2024-11-03 23:02:08,3,-587.1
2024-11-03 23:17:08,3,-587.1
2024-11-03 23:32:08,3,-587.1
2024-11-03 23:47:08,3,-587.1
2024-11-04 00:02:08,3,-587.1
2024-11-04 00:17:08,3,-587.1
2024-11-04 00:32:08,3,-587.1
2024-11-04 00:47:08,3,-587.1
2024-11-04 01:02:08,3,-587.1
2024-11-04 01:17:08,3,-588.1
2024-11-04 01:32:08,3,-588.1
2024-11-04 01:47:08,3,-588.1
2024-11-04 02:02:08,3,-588.1
2024-11-04 02:17:08,3,-588.1
2024-11-04 02:32:08,3,-588.1
2024-11-04 02:47:08,3,-589.1
2024-11-04 03:02:08,3,-589.1
2024-11-04 03:17:08,3,-589.1
2024-11-04 03:32:08,3,-589.1
2024-11-04 03:47:08,3,-589.1
2024-11-04 04:02:08,3,-589.1
2024-11-04 04:17:08,3,-589.1
2024-11-04 04:32:08,3,-589.1
2024-11-04 04:47:08,3,-590.1
2024-11-04 05:02:08,3,-590.1
2024-11-04 05:17:08,3,-590.1
2024-11-04 05:32:08,3,-590.1
2024-11-04 05:47:08,3,-590.1
2024-11-04 06:02:08,3,-590.1
2024-11-04 06:17:08,3,-590.1
2024-11-04 06:32:08,3,-590.1
2024-11-04 06:47:08,3,-591.1
2024-11-04 07:02:08,3,-591.1
2024-11-04 07:17:08,3,-592.1
2024-11-04 07:32:08,3,-593.1
2024-11-04 07:47:08,3,-594.1
2024-11-04 08:02:08,3,-595.2
2024-11-04 08:17:08,3,-596.2
2024-11-04 08:32:08,3,-597.2
2024-11-04 08:47:08,3,-598.2
2024-11-04 09:02:08,3,-599.2
2024-11-04 09:17:08,3,-600.2
2024-11-04 09:32:08,3,-601.2
2024-11-04 09:47:08,3,-602.2
2024-11-04 10:02:08,3,-603.2
2024-11-04 10:17:08,3,-604.2
2024-11-04 10:32:08,3,-606.3
2024-11-04 10:47:08,3,-607.3
2024-11-04 11:02:08,3,-608.3
2024-11-04 11:17:08,3,-609.3
2024-11-04 11:32:08,3,-611.3
2024-10-24 11:01:51,4,1156.1
2024-10-24 11:16:51,4,1161.6
2024-10-24 11:31:51,4,1161.8
2024-10-24 11:46:51,4,1165.8
2024-10-24 12:01:52,4,1163
2024-10-24 12:16:52,4,1162
2024-10-24 12:31:51,4,1162
2024-10-24 12:46:51,4,1160
2024-10-24 13:01:51,4,1158.5
2024-10-24 13:16:52,4,1159.4
2024-10-24 13:31:52,4,1157.4
2024-10-24 13:46:52,4,1156.4
2024-10-24 14:01:52,4,1155.4
2024-10-24 14:16:52,4,1154.4
2024-10-24 14:31:52,4,1152.4
2024-10-24 14:46:52,4,1151.4
2024-10-24 15:01:51,4,1150.3
2024-10-24 15:16:52,4,1149.3
2024-10-24 15:31:52,4,1148.3
2024-10-24 15:46:52,4,1146.3
2024-10-24 16:01:52,4,1143.3
2024-10-24 16:16:52,4,1143.2
2024-10-24 16:31:52,4,1142.2
2024-10-24 16:46:52,4,1142.1
2024-10-24 17:01:52,4,1141.1
2024-10-24 17:16:52,4,1140.1
2024-10-24 17:31:52,4,1138.1
2024-10-24 17:46:52,4,1137.1
2024-10-24 18:01:52,4,1136.1
2024-10-25 13:34:14,4,1136.1
2024-10-25 13:49:15,4,1134
2024-10-25 14:04:15,4,1133
2024-10-25 14:19:15,4,1131
2024-10-25 14:34:15,4,1130
2024-10-25 14:49:15,4,1128
2024-10-25 15:04:15,4,1126.9
2024-10-25 15:19:15,4,1124.9
2024-10-25 15:34:15,4,1127.9
2024-10-25 15:49:15,4,1123.7
2024-10-25 16:04:15,4,1122.7
2024-10-25 16:19:15,4,1121.7
2024-10-25 16:34:15,4,1119.6
2024-10-25 16:49:15,4,1118.6
2024-10-25 17:04:15,4,1116.6
2024-10-25 17:19:15,4,1115.6
2024-10-25 17:34:15,4,1114.6
2024-10-25 17:49:15,4,1112.6
2024-10-25 18:04:15,4,1111.6
2024-10-25 18:19:15,4,1110.5
2024-10-25 18:34:15,4,1108.5
2024-10-25 18:49:15,4,1107.5
2024-10-25 19:04:15,4,1106.5
2024-10-25 19:19:15,4,1104.5
2024-10-25 19:34:15,4,1103.5
2024-10-25 19:49:15,4,1102.5
2024-10-25 20:04:15,4,1101.5
2024-10-25 20:19:15,4,1100.4
2024-10-25 20:34:15,4,1099.4
2024-10-25 20:49:15,4,1098.4
2024-10-25 21:04:15,4,1097.4
2024-10-25 21:19:15,4,1096.4
2024-10-25 21:34:15,4,1095.4
2024-10-25 21:49:15,4,1094.4
2024-10-25 22:04:15,4,1093.4
2024-10-25 22:19:15,4,1092.4
2024-10-25 22:34:15,4,1091.4
2024-10-25 22:49:15,4,1090.3
2024-10-25 23:04:15,4,1090.3
2024-10-25 23:19:15,4,1090.3
2024-10-25 23:34:15,4,1089.3
2024-10-25 23:49:15,4,1089.3
2024-10-26 00:04:15,4,1089.3
2024-10-26 00:19:15,4,1089.3
2024-10-26 00:34:15,4,1089.3
2024-10-26 00:49:15,4,1088.3
2024-10-26 01:04:15,4,1088.3
2024-10-26 01:19:15,4,1088.3
2024-10-26 01:34:15,4,1088.3
2024-10-26 01:49:15,4,1088.3
2024-10-26 02:04:15,4,1087.3
2024-10-26 02:19:15,4,1087.3
2024-10-26 02:34:15,4,1087.3
2024-10-26 02:49:15,4,1087.3
2024-10-26 03:04:15,4,1087.3
2024-10-26 03:19:15,4,1087.3
2024-10-26 03:34:15,4,1086.3
2024-10-26 03:49:15,4,1086.3
2024-10-26 04:04:15,4,1086.3
2024-10-26 04:19:15,4,1086.3
2024-10-26 04:34:15,4,1086.3
2024-10-26 04:49:15,4,1086.3
2024-10-26 05:04:15,4,1085.3
2024-10-26 05:19:15,4,1085.3
2024-10-26 05:34:15,4,1085.3
2024-10-26 05:49:15,4,1085.3
2024-10-26 06:04:15,4,1085.3
2024-10-26 06:19:15,4,1084.3
2024-10-26 06:34:15,4,1084.3
2024-10-26 06:49:15,4,1084.3
2024-10-26 07:04:15,4,1083.3
2024-10-26 07:19:15,4,1082.3
2024-10-26 07:34:15,4,1082.3
2024-10-26 07:49:15,4,1081.3
2024-10-26 08:04:15,4,1080.2
2024-10-26 08:19:15,4,1079.2
2024-10-26 08:34:15,4,1078.2
2024-10-26 08:49:15,4,1077.2
2024-10-26 09:04:15,4,1076.2
2024-10-26 09:19:15,4,1075.2
2024-10-26 09:34:15,4,1075.2
2024-10-26 09:49:15,4,1074.2
2024-10-26 10:04:15,4,1073.2
2024-10-26 10:19:15,4,1071.2
2024-10-26 10:34:15,4,1070.1
2024-10-26 10:49:15,4,1069.1
2024-10-26 11:04:15,4,1067.1
2024-10-26 11:19:15,4,1066.1
2024-10-26 11:34:15,4,1065.1
2024-10-26 11:49:15,4,1063.1
2024-10-26 12:04:15,4,1062.1
2024-10-26 12:19:15,4,1060
2024-10-26 12:34:15,4,1058
2024-10-26 12:49:15,4,1057
2024-10-26 13:04:15,4,1055
2024-10-26 13:19:15,4,1053
2024-10-26 13:34:15,4,1052
2024-10-26 13:49:15,4,1049.9
2024-10-26 14:04:15,4,1048.9
2024-10-26 14:19:15,4,1046.9
2024-10-26 14:34:15,4,1045.9
2024-10-26 14:49:15,4,1043.9
2024-10-26 15:04:15,4,1042.9
2024-10-26 15:17:58,4,1040.9
2024-10-26 15:32:58,4,1038.7
2024-10-26 15:47:58,4,1037.7
2024-10-26 16:02:58,4,1035.7
2024-10-26 16:17:58,4,1034.7
2024-10-26 16:32:58,4,1033.7
2024-10-26 16:47:58,4,1031.7
2024-10-26 17:02:58,4,1030.7
2024-10-26 17:17:58,4,1028.6
2024-10-26 17:32:58,4,1027.6
2024-10-26 17:47:58,4,1026.6
2024-10-26 18:02:58,4,1024.6
2024-10-26 18:17:58,4,1023.6
2024-10-26 18:32:58,4,1022.6
2024-10-26 18:47:58,4,1020.6
2024-10-26 19:02:58,4,1019.6
2024-10-26 19:17:58,4,1017.5
2024-10-26 19:32:58,4,1016.5
2024-10-26 19:47:58,4,1014.5
2024-10-26 20:02:58,4,1013.5
2024-10-26 20:17:58,4,1012.5
2024-10-26 20:32:58,4,1010.5
2024-10-26 20:47:58,4,1009.5
2024-10-26 21:02:58,4,1008.4
2024-10-26 21:17:58,4,1007.4
2024-10-26 21:32:58,4,1006.4
2024-10-26 21:47:58,4,1005.4
2024-10-26 22:02:58,4,1004.4
2024-10-26 22:17:58,4,1003.4
2024-10-26 22:32:58,4,1002.4
2024-10-26 22:47:58,4,1001.4
2024-10-26 23:02:58,4,1000.4
2024-10-26 23:17:58,4,1000.4
2024-10-26 23:32:58,4,1000.4
2024-10-26 23:47:58,4,1000.4
2024-10-27 00:02:58,4,1000.4
2024-10-27 00:17:58,4,999.4
2024-10-27 00:32:58,4,999.4
2024-10-27 00:47:58,4,999.4
2024-10-27 01:02:58,4,999.4
2024-10-27 01:17:58,4,999.4
2024-10-27 01:32:58,4,998.3
2024-10-27 01:47:58,4,998.3
2024-10-27 02:02:58,4,998.3
2024-10-27 02:02:58,4,997.3
2024-10-27 02:17:58,4,998.3
2024-10-27 02:17:58,4,997.3
2024-10-27 02:32:58,4,998.3
2024-10-27 02:32:58,4,997.3
2024-10-27 02:47:58,4,998.3
2024-10-27 02:47:58,4,997.3
2024-10-27 03:02:58,4,997.3
2024-10-27 03:17:58,4,997.3
2024-10-27 03:32:58,4,996.3
2024-10-27 03:47:58,4,996.3
2024-10-27 04:02:58,4,996.3
2024-10-27 04:17:58,4,996.3
2024-10-27 04:32:58,4,996.3
2024-10-27 04:47:58,4,996.3
2024-10-27 05:02:58,4,995.3
2024-10-27 05:17:58,4,995.3
2024-10-27 05:32:58,4,995.3
2024-10-27 05:47:58,4,995.3
2024-10-27 06:02:58,4,995.3
2024-10-27 06:17:58,4,994.3
2024-10-27 06:32:58,4,994.3
2024-10-27 06:47:58,4,994.3
2024-10-27 07:02:58,4,993.3
2024-10-27 07:17:58,4,992.3
2024-10-27 07:32:58,4,991.3
2024-10-27 07:47:58,4,990.3
2024-10-27 08:02:58,4,989.3
2024-10-27 08:17:58,4,988.2
2024-10-27 08:32:58,4,987.2
2024-10-27 08:47:58,4,986.2
2024-10-27 09:02:58,4,985.2
2024-10-27 09:17:58,4,984.2
2024-10-27 09:32:58,4,983.2
2024-10-27 09:47:58,4,981.2
2024-10-27 10:02:58,4,980.2
2024-10-27 10:17:58,4,978.1
2024-10-27 10:32:58,4,977.1
2024-10-27 10:47:58,4,975.1
2024-10-27 11:02:58,4,973.1
2024-10-27 11:17:58,4,971.1
2024-10-27 11:32:58,4,969.1
2024-10-27 11:47:58,4,968
2024-10-27 12:02:58,4,966
2024-10-27 12:17:58,4,965
2024-10-27 12:32:58,4,963
2024-10-27 12:47:58,4,961
2024-10-27 13:02:58,4,960
2024-10-27 13:17:58,4,957.9
2024-10-27 13:32:58,4,955.9
2024-10-27 13:47:58,4,953.9
2024-10-27 14:02:58,4,951.9
2024-10-27 14:17:58,4,950.9
2024-10-27 14:32:58,4,948.9
2024-10-27 14:47:58,4,949.1
2024-10-27 15:02:58,4,949.1
2024-10-27 15:17:58,4,947.1
2024-10-27 15:32:58,4,945.1
2024-10-27 15:47:58,4,943.1
2024-10-27 16:02:58,4,941
2024-10-27 16:17:58,4,939
2024-10-27 16:32:58,4,938
2024-10-27 16:47:58,4,936
2024-10-27 17:02:58,4,934
2024-10-27 17:17:58,4,933
2024-10-27 17:32:58,4,930.9
2024-10-27 17:47:58,4,929.9
2024-10-27 18:02:58,4,927.9
2024-10-27 18:17:58,4,926.9
2024-10-27 18:32:58,4,925.9
2024-10-27 18:47:58,4,923.9
2024-10-27 19:02:58,4,922.9
2024-10-27 19:17:58,4,921.8
2024-10-27 19:32:58,4,920.8
2024-10-27 19:47:58,4,919.8
2024-10-27 20:02:58,4,917.8
2024-10-27 20:17:58,4,916.8
2024-10-27 20:32:58,4,915.8
2024-10-27 20:47:58,4,914.8
2024-10-27 21:02:58,4,913.8
2024-10-27 21:17:58,4,912.8
2024-10-27 21:32:58,4,911.7
2024-10-27 21:47:58,4,910.7
2024-10-27 22:02:58,4,909.7
2024-10-27 22:17:58,4,908.7
2024-10-27 22:32:58,4,907.7
2024-10-27 22:47:58,4,906.7
2024-10-27 23:02:58,4,906.7
2024-10-27 23:17:58,4,906.7
2024-10-27 23:32:58,4,906.7
2024-10-27 23:47:58,4,906.7
2024-10-28 00:02:58,4,906.7
2024-10-28 00:17:58,4,906.7
2024-10-28 00:32:58,4,906.7
2024-10-28 00:47:58,4,906.7
2024-10-28 01:02:58,4,906.7
2024-10-28 01:17:58,4,906.7
2024-10-28 01:32:58,4,905.7
2024-10-28 01:47:58,4,905.7
2024-10-28 02:02:58,4,905.7
2024-10-28 02:17:58,4,905.7
2024-10-28 02:32:58,4,905.7
2024-10-28 02:47:58,4,905.7
2024-10-28 03:02:58,4,904.7
2024-10-28 03:17:58,4,904.7
2024-10-28 03:32:58,4,904.7
2024-10-28 03:47:58,4,904.7
2024-10-28 04:02:58,4,904.7
2024-10-28 04:17:58,4,904.7
2024-10-28 04:32:58,4,903.7
2024-10-28 04:47:58,4,903.7
2024-10-28 05:02:58,4,903.7
2024-10-28 05:17:58,4,903.7
2024-10-28 05:32:58,4,903.7
2024-10-28 05:47:58,4,903.7
2024-10-28 06:02:58,4,902.7
2024-10-28 06:17:58,4,902.7
2024-10-28 06:32:58,4,902.7
2024-10-28 06:47:58,4,902.7
2024-10-28 07:02:58,4,901.6
2024-10-28 07:17:58,4,899.6
2024-10-28 07:32:58,4,898.6
2024-10-28 07:47:58,4,897.6
2024-10-28 08:02:58,4,896.6
2024-10-28 08:17:58,4,895.6
2024-10-28 08:32:58,4,894.6
2024-10-28 08:47:58,4,894.6
2024-10-28 09:02:58,4,893.6
2024-10-28 09:17:58,4,892.6
2024-10-28 09:32:58,4,891.6
2024-10-28 09:47:58,4,889.5
2024-10-28 10:02:58,4,888.5
2024-10-28 10:17:58,4,886.5
2024-10-28 10:32:58,4,885.5
2024-10-28 10:47:58,4,883.5
2024-10-28 11:02:58,4,880.4
2024-10-28 11:17:58,4,878.4
2024-10-28 11:32:58,4,876.4
2024-10-28 11:47:58,4,874.4
2024-10-28 12:02:58,4,872.4
2024-10-28 12:17:58,4,869.3
2024-10-28 12:32:58,4,867.3
2024-10-28 12:47:58,4,865.3
2024-10-28 13:02:58,4,863.3
2024-10-28 13:17:58,4,860.2
2024-10-28 13:32:58,4,858.2
2024-10-28 13:47:58,4,856.2
2024-10-28 14:02:58,4,854.2
2024-10-28 14:17:58,4,852.2
2024-10-28 14:32:58,4,851.2
2024-10-28 14:47:58,4,849.1
2024-10-28 15:02:58,4,847.1
2024-10-28 15:17:58,4,846.1
2024-10-28 15:32:58,4,844.1
2024-10-28 15:47:58,4,843.1
2024-10-28 16:02:58,4,843.1
2024-10-28 16:17:58,4,841.1
2024-10-28 16:32:58,4,839.1
2024-10-28 16:47:58,4,838.1
2024-10-28 17:02:58,4,836
2024-10-28 17:17:58,4,835
2024-10-28 17:32:58,4,833
2024-10-28 17:47:58,4,832
2024-10-28 18:02:58,4,830
2024-10-28 18:17:58,4,829
2024-10-28 18:32:58,4,827
2024-10-28 18:47:58,4,825.9
2024-10-28 19:02:58,4,823.9
2024-10-28 19:17:58,4,822.9
2024-10-28 19:32:58,4,820.9
2024-10-28 19:47:58,4,819.9
2024-10-28 20:02:58,4,817.9
2024-10-28 20:17:58,4,816.9
2024-10-28 20:32:58,4,815.8
2024-10-28 20:47:58,4,814.8
2024-10-28 21:02:58,4,812.8
2024-10-28 21:17:58,4,811.8
2024-10-28 21:32:58,4,810.8
2024-10-28 21:47:58,4,809.8
2024-10-28 22:02:58,4,807.8
2024-10-28 22:17:58,4,806.8
2024-10-28 22:32:58,4,805.7
2024-10-28 22:47:58,4,804.7
2024-10-28 23:02:58,4,804.7
2024-10-28 23:17:58,4,804.7
2024-10-28 23:32:58,4,804.7
2024-10-28 23:47:58,4,804.7
2024-10-29 00:02:58,4,804.7
2024-10-29 00:17:58,4,804.7
2024-10-29 00:32:58,4,803.7
2024-10-29 00:47:58,4,803.7
2024-10-29 01:02:58,4,803.7
2024-10-29 01:17:58,4,803.7
2024-10-29 01:32:58,4,802.7
2024-10-29 01:47:58,4,802.7
2024-10-29 02:02:58,4,802.7
2024-10-29 02:17:58,4,802.7
2024-10-29 02:32:58,4,802.7
2024-10-29 02:47:58,4,801.7
2024-10-29 03:02:58,4,801.7
2024-10-29 03:17:58,4,801.7
2024-10-29 03:32:58,4,801.7
2024-10-29 03:47:58,4,801.7
2024-10-29 04:02:58,4,801.7
2024-10-29 04:17:58,4,800.7
2024-10-29 04:32:58,4,800.7
2024-10-29 04:47:58,4,800.7
2024-10-29 05:02:58,4,800.7
2024-10-29 05:17:58,4,800.7
2024-10-29 05:32:58,4,799.7
2024-10-29 05:47:58,4,799.7
2024-10-29 06:02:58,4,799.7
2024-10-29 06:17:58,4,799.7
2024-10-29 06:32:58,4,798.7
2024-10-29 06:47:58,4,798.7
2024-10-29 07:02:58,4,797.7
2024-10-29 07:17:58,4,796.7
2024-10-29 07:32:58,4,795.7
2024-10-29 07:47:58,4,794.6
2024-10-29 08:02:58,4,792.6
2024-10-29 08:17:58,4,791.6
2024-10-29 08:32:58,4,790.6
2024-10-29 08:47:58,4,789.6
2024-10-29 09:02:58,4,787.6
2024-10-29 09:17:58,4,785.6
2024-10-29 09:32:58,4,784.5
2024-10-29 09:47:58,4,782.5
2024-10-29 10:02:58,4,781.5
2024-10-29 10:17:58,4,779.5
2024-10-29 10:32:58,4,777.5
2024-10-29 10:47:58,4,775.5
2024-10-29 11:02:58,4,774.4
2024-10-29 11:17:58,4,772.4
2024-10-29 11:32:58,4,770.4
2024-10-29 11:47:58,4,767.4
2024-10-29 12:02:58,4,765.4
2024-10-29 12:17:58,4,763.3
2024-10-29 12:32:58,4,760.3
2024-10-29 12:47:58,4,757.3
2024-10-29 13:02:58,4,754.2
2024-10-29 13:17:58,4,752.2
2024-10-29 13:32:58,4,750.2
2024-10-29 13:47:58,4,748.2
2024-10-29 14:02:58,4,745.2
2024-10-29 14:17:58,4,743.1
2024-10-29 14:32:58,4,742.1
2024-10-29 14:47:58,4,740.1
2024-10-29 15:02:58,4,738.1
2024-10-29 15:17:58,4,738.1
2024-10-29 15:32:58,4,736
2024-10-29 15:47:58,4,734
2024-10-29 16:02:58,4,733
2024-10-29 16:17:58,4,731
2024-10-29 16:32:58,4,729
2024-10-29 16:47:58,4,728
2024-10-29 17:02:58,4,725.9
2024-10-29 17:17:58,4,724.9
2024-10-29 17:32:58,4,722.9
2024-10-29 17:47:58,4,720.9
2024-10-29 18:02:58,4,722
2024-10-29 18:17:58,4,719
2024-10-29 18:32:58,4,717
2024-10-29 18:47:58,4,716
2024-10-29 19:02:58,4,713.9
2024-10-29 19:17:58,4,712.9
2024-10-29 19:32:58,4,710.9
2024-10-29 19:47:58,4,708.9
2024-10-29 20:02:58,4,707.9
2024-10-29 20:17:58,4,705.9
2024-10-29 20:32:58,4,704.9
2024-10-29 20:47:58,4,702.8
2024-10-29 21:02:58,4,701.8
2024-10-29 21:17:58,4,699.8
2024-10-29 21:32:58,4,698.8
2024-10-29 21:47:58,4,697.8
2024-10-29 22:02:58,4,695.8
2024-10-29 22:17:58,4,694.8
2024-10-29 22:32:58,4,693.7
2024-10-29 22:47:58,4,691.7
2024-10-29 23:02:58,4,691.7
2024-10-29 23:17:58,4,691.7
2024-10-29 23:32:58,4,691.7
2024-10-29 23:47:58,4,691.7
2024-10-30 00:02:58,4,691.7
2024-10-30 00:17:58,4,690.7
2024-10-30 00:32:58,4,690.7
2024-10-30 00:47:58,4,690.7
2024-10-30 01:02:58,4,689.7
2024-10-30 01:17:58,4,689.7
2024-10-30 01:32:58,4,689.7
2024-10-30 01:47:58,4,689.7
2024-10-30 02:02:58,4,688.7
2024-10-30 02:17:58,4,688.7
2024-10-30 02:32:58,4,688.7
2024-10-30 02:47:58,4,688.7
2024-10-30 03:02:58,4,687.7
2024-10-30 03:17:58,4,687.7
2024-10-30 03:32:58,4,687.7
2024-10-30 03:47:58,4,687.7
2024-10-30 04:02:58,4,687.7
2024-10-30 04:17:58,4,686.7
2024-10-30 04:32:58,4,686.7
2024-10-30 04:47:58,4,686.7
2024-10-30 05:02:58,4,686.7
2024-10-30 05:17:58,4,686.7
2024-10-30 05:32:58,4,685.7
2024-10-30 05:47:58,4,685.7
2024-10-30 06:02:58,4,685.7
2024-10-30 06:17:58,4,685.7
2024-10-30 06:32:58,4,684.7
2024-10-30 06:47:58,4,684.7
2024-10-30 07:02:58,4,683.6
2024-10-30 07:17:58,4,682.6
2024-10-30 07:32:58,4,680.6
2024-10-30 07:47:58,4,679.6
2024-10-30 08:02:58,4,678.6
2024-10-30 08:17:58,4,677.6
2024-10-30 08:32:58,4,675.6
2024-10-30 08:47:58,4,674.6
2024-10-30 09:02:58,4,673.5
2024-10-30 09:17:58,4,671.5
2024-10-30 09:32:58,4,670.5
2024-10-30 09:47:58,4,668.5
2024-10-30 10:02:58,4,666.5
2024-10-30 10:17:58,4,665.5
2024-10-30 10:32:58,4,663.4
2024-10-30 10:47:58,4,662.4
2024-10-30 11:02:58,4,660.4
2024-10-30 11:17:58,4,658.4
2024-10-30 11:32:58,4,656.4
2024-10-30 11:47:58,4,654.4
2024-10-30 12:02:58,4,652.3
2024-10-30 12:17:58,4,650.3
2024-10-30 12:32:58,4,648.3
2024-10-30 12:47:58,4,646.3
2024-10-30 13:02:58,4,644.3
2024-10-30 13:17:58,4,642.2
2024-10-30 13:32:58,4,639.2
2024-10-30 13:47:58,4,637.2
2024-10-30 14:02:58,4,635.2
2024-10-30 14:17:58,4,633.1
2024-10-30 14:32:58,4,630.1
2024-10-30 14:47:58,4,628.1
2024-10-30 15:02:58,4,626.1
2024-10-30 15:17:58,4,624.1
2024-10-30 15:32:58,4,622
2024-10-30 15:47:58,4,620
2024-10-30 16:02:58,4,618
2024-10-30 16:17:58,4,618
2024-10-30 16:32:58,4,616.5
2024-10-30 16:47:58,4,614.5
2024-10-30 17:02:58,4,612.4
2024-10-30 17:17:58,4,610.4
2024-10-30 17:32:58,4,609.4
2024-10-30 17:47:58,4,607.4
2024-10-30 18:02:58,4,605.4
2024-10-30 18:17:58,4,603.4
2024-10-30 18:32:58,4,602.3
2024-10-30 18:47:58,4,600.3
2024-10-30 19:02:58,4,598.3
2024-10-30 19:17:58,4,596.3
2024-10-30 19:32:58,4,595.3
2024-10-30 19:47:58,4,593.3
2024-10-30 20:02:58,4,591.2
2024-10-30 20:17:58,4,589.2
2024-10-30 20:32:58,4,588.2
2024-10-30 20:47:58,4,586.2
2024-10-30 21:02:58,4,585.2
2024-10-30 21:17:58,4,583.2
2024-10-30 21:32:58,4,582.1
2024-10-30 21:47:58,4,580.1
2024-10-30 22:02:58,4,579.1
2024-10-30 22:17:58,4,578.1
2024-10-30 22:32:58,4,576.1
2024-10-30 22:47:58,4,575.1
2024-10-30 23:02:58,4,575.1
2024-10-30 23:17:58,4,575.1
2024-10-30 23:32:58,4,575.1
2024-10-30 23:47:58,4,575.1
2024-10-31 00:02:58,4,574.1
2024-10-31 00:17:58,4,574.1
2024-10-31 00:32:58,4,574.1
2024-10-31 00:47:58,4,574.1
2024-10-31 01:02:58,4,573.1
2024-10-31 01:17:58,4,573.1
2024-10-31 01:32:58,4,573.1
2024-10-31 01:47:58,4,573.1
2024-10-31 02:02:58,4,572.1
2024-10-31 02:17:58,4,572.1
2024-10-31 02:32:58,4,572.1
2024-10-31 02:47:58,4,572.1
2024-10-31 03:02:58,4,572.1
2024-10-31 03:17:58,4,571
2024-10-31 03:32:58,4,571
2024-10-31 03:47:58,4,571
2024-10-31 04:02:58,4,571
2024-10-31 04:17:58,4,571
2024-10-31 04:32:58,4,570
2024-10-31 04:47:58,4,570
2024-10-31 05:02:58,4,570
2024-10-31 05:17:58,4,570
2024-10-31 05:32:58,4,570
2024-10-31 05:47:58,4,570
2024-10-31 06:02:58,4,569
2024-10-31 06:17:58,4,569
2024-10-31 06:32:58,4,569
2024-10-31 06:47:58,4,569
2024-10-31 07:02:58,4,567
2024-10-31 07:17:58,4,566
2024-10-31 07:32:58,4,565
2024-10-31 07:47:58,4,563
2024-10-31 08:02:58,4,562
2024-10-31 08:17:58,4,560.9
2024-10-31 08:32:58,4,559.9
2024-10-31 08:47:58,4,557.9
2024-10-31 09:02:58,4,556.9
2024-10-31 09:17:58,4,554.9
2024-10-31 09:32:58,4,552.9
2024-10-31 09:47:58,4,551.9
2024-10-31 10:02:58,4,549.8
2024-10-31 10:17:58,4,549.8
2024-10-31 10:32:58,4,547.8
2024-10-31 10:47:58,4,546.8
2024-10-31 11:02:58,4,544.8
2024-10-31 11:17:58,4,542.8
2024-10-31 11:32:58,4,540.8
2024-10-31 11:47:58,4,537.7
2024-10-31 12:02:58,4,535.7
2024-10-31 12:17:58,4,532.7
2024-10-31 12:32:58,4,529.6
2024-10-31 12:47:58,4,527.6
2024-10-31 13:02:58,4,523.8
2024-10-31 13:17:58,4,520.8
2024-10-31 13:32:58,4,518.8
2024-10-31 13:47:58,4,515.7
2024-10-31 14:02:58,4,513.7
2024-10-31 14:17:58,4,510.7
2024-10-31 14:32:58,4,508.7
2024-10-31 14:47:58,4,506.6
2024-10-31 15:02:58,4,504.6
2024-10-31 15:17:58,4,502.6
2024-10-31 15:32:58,4,500.6
2024-10-31 15:47:58,4,498.6
2024-10-31 16:02:58,4,495.5
2024-10-31 16:17:58,4,493.5
2024-10-31 16:32:58,4,491.5
2024-10-31 16:47:58,4,489.5
2024-10-31 17:02:58,4,487.4
2024-10-31 17:17:58,4,485.4
2024-10-31 17:32:58,4,482.4
2024-10-31 17:47:58,4,480.4
2024-10-31 18:02:58,4,479.4
2024-10-31 18:17:58,4,477.3
2024-10-31 18:32:58,4,475.3
2024-10-31 18:47:58,4,473.3
2024-10-31 19:02:58,4,472.3
2024-10-31 19:17:58,4,470.3
2024-10-31 19:32:58,4,468.3
2024-10-31 19:47:58,4,467.2
2024-10-31 20:02:58,4,465.2
2024-10-31 20:17:58,4,463.2
2024-10-31 20:32:58,4,462.2
2024-10-31 20:47:58,4,460.2
2024-10-31 21:02:58,4,459.2
2024-10-31 21:17:58,4,457.1
2024-10-31 21:32:58,4,456.1
2024-10-31 21:47:58,4,455.1
2024-10-31 22:02:58,4,453.1
2024-10-31 22:17:58,4,452.1
2024-10-31 22:32:58,4,451.1
2024-10-31 22:47:58,4,449.1
2024-10-31 23:02:58,4,449.1
2024-10-31 23:17:58,4,449.1
2024-10-31 23:32:58,4,449.1
2024-10-31 23:47:58,4,449.1
2024-11-01 00:02:58,4,449.1
2024-11-01 00:17:58,4,449.1
2024-11-01 00:32:58,4,449.1
2024-11-01 00:47:58,4,449.1
2024-11-01 01:02:58,4,449.1
2024-11-01 01:17:58,4,448.1
2024-11-01 01:32:58,4,448.1
2024-11-01 01:47:58,4,448.1
2024-11-01 02:02:58,4,448.1
2024-11-01 02:17:58,4,448.1
2024-11-01 02:32:58,4,447
2024-11-01 02:47:58,4,447
2024-11-01 03:02:58,4,447
2024-11-01 03:17:58,4,447
2024-11-01 03:32:58,4,447
2024-11-01 03:47:58,4,447
2024-11-01 04:02:58,4,446
2024-11-01 04:17:58,4,446
2024-11-01 04:32:58,4,446
2024-11-01 04:47:58,4,446
2024-11-01 05:02:58,4,446
2024-11-01 05:17:58,4,446
2024-11-01 05:32:58,4,445
2024-11-01 05:47:58,4,445
2024-11-01 06:02:58,4,445
2024-11-01 06:17:58,4,445
2024-11-01 06:32:58,4,445
2024-11-01 06:47:58,4,444
2024-11-01 07:02:58,4,443
2024-11-01 07:17:58,4,441
2024-11-01 07:32:58,4,440
2024-11-01 07:47:58,4,439
2024-11-01 08:02:58,4,436.9
2024-11-01 08:17:58,4,435.9
2024-11-01 08:32:58,4,433.9
2024-11-01 08:47:58,4,432.9
2024-11-01 09:02:58,4,430.9
2024-11-01 09:17:58,4,429.9
2024-11-01 09:32:58,4,427.9
2024-11-01 09:47:58,4,426.8
2024-11-01 10:02:58,4,424.8
2024-11-01 10:17:58,4,423.8
2024-11-01 10:32:58,4,421.7
2024-11-01 10:47:58,4,420.7
2024-11-01 11:02:58,4,418.7
2024-11-01 11:17:58,4,416.6
2024-11-01 11:32:58,4,414.6
2024-11-01 11:47:58,4,412.6
2024-11-01 12:02:58,4,411.6
2024-11-01 12:17:58,4,409.6
2024-11-01 12:32:58,4,407.5
2024-11-01 12:47:58,4,405.5
2024-11-01 13:02:58,4,403.5
2024-11-01 13:17:58,4,401.5
2024-11-01 13:32:58,4,400.5
2024-11-01 13:47:58,4,398.5
2024-11-01 14:02:58,4,396.4
2024-11-01 14:17:58,4,395.4
2024-11-01 14:32:58,4,393.4
2024-11-01 14:47:58,4,391.4
2024-11-01 15:02:58,4,389.3
2024-11-01 15:17:58,4,387.3
2024-11-01 15:32:58,4,386.3
2024-11-01 15:47:58,4,384.3
2024-11-01 16:02:58,4,382.3
2024-11-01 16:17:58,4,381.3
2024-11-01 16:32:58,4,379.2
2024-11-01 16:47:58,4,377.2
2024-11-01 17:02:58,4,376.2
2024-11-01 17:17:58,4,374.2
2024-11-01 17:32:58,4,373.2
2024-11-01 17:47:58,4,371.2
2024-11-01 18:02:58,4,370.1
2024-11-01 18:17:58,4,368.1
2024-11-01 18:32:58,4,367.1
2024-11-01 18:47:58,4,365.1
2024-11-01 19:02:58,4,364.1
2024-11-01 19:17:58,4,362.1
2024-11-01 19:32:58,4,361.1
2024-11-01 19:47:58,4,359
2024-11-01 20:02:58,4,358
2024-11-01 20:17:58,4,357
2024-11-01 20:32:58,4,355
2024-11-01 20:47:58,4,354
2024-11-01 21:02:58,4,353
2024-11-01 21:17:58,4,351
2024-11-01 21:32:58,4,349.9
2024-11-01 21:47:58,4,348.9
2024-11-01 22:02:58,4,347.9
2024-11-01 22:17:58,4,346.9
2024-11-01 22:32:58,4,345.9
2024-11-01 22:47:58,4,344.9
2024-11-01 23:02:58,4,344.9
2024-11-01 23:17:58,4,344.9
2024-11-01 23:32:58,4,344.9
2024-11-01 23:47:58,4,344.9
2024-11-02 00:02:58,4,344.9
2024-11-02 00:17:58,4,344.9
2024-11-02 00:32:58,4,344.9
2024-11-02 00:47:58,4,344.9
2024-11-02 01:02:58,4,343.9
2024-11-02 01:17:58,4,343.9
2024-11-02 01:32:58,4,343.9
2024-11-02 01:47:58,4,343.9
2024-11-02 02:02:58,4,343.9
2024-11-02 02:17:58,4,343.9
2024-11-02 02:32:58,4,342.9
2024-11-02 02:47:58,4,342.9
2024-11-02 03:02:58,4,342.9
2024-11-02 03:17:58,4,342.9
2024-11-02 03:32:58,4,342.9
2024-11-02 03:47:58,4,342.9
2024-11-02 04:02:58,4,342.9
2024-11-02 04:17:58,4,341.9
2024-11-02 04:32:58,4,341.9
2024-11-02 04:47:58,4,341.9
2024-11-02 05:02:58,4,341.9
2024-11-02 05:17:58,4,341.9
2024-11-02 05:32:58,4,341.9
2024-11-02 05:47:58,4,341.9
2024-11-02 06:02:58,4,340.9
2024-11-02 06:17:58,4,340.9
2024-11-02 06:32:58,4,340.9
2024-11-02 06:47:58,4,340.9
2024-11-02 07:02:58,4,339.8
2024-11-02 07:17:58,4,337.8
2024-11-02 07:32:58,4,336.8
2024-11-02 07:47:58,4,335.8
2024-11-02 08:02:58,4,333.8
2024-11-02 08:17:58,4,332.8
2024-11-02 08:32:58,4,331.8
2024-11-02 08:47:58,4,330.8
2024-11-02 09:02:58,4,328.7
2024-11-02 09:17:58,4,327.7
2024-11-02 09:32:58,4,326.7
2024-11-02 09:47:58,4,324.7
2024-11-02 10:02:58,4,323.7
2024-11-02 10:17:58,4,321.7
2024-11-02 10:32:58,4,320.7
2024-11-02 10:47:58,4,319.6
2024-11-02 11:02:58,4,317.6
2024-11-02 11:17:58,4,316.6
2024-11-02 11:32:58,4,314.6
2024-11-02 11:47:58,4,312.6
2024-11-02 12:02:58,4,311.6
2024-11-02 12:17:58,4,309.5
2024-11-02 12:32:58,4,307.5
2024-11-02 12:47:58,4,306.5
2024-11-02 13:02:58,4,305.5
2024-11-02 13:17:58,4,303.5
2024-11-02 13:32:58,4,302.5
2024-11-02 13:47:58,4,300.5
2024-11-02 14:02:58,4,298.4
2024-11-02 14:17:58,4,297.4
2024-11-02 14:32:58,4,295.4
2024-11-02 14:47:58,4,294.4
2024-11-02 15:02:58,4,292.4
2024-11-02 15:17:58,4,291.4
2024-11-02 15:32:58,4,289.3
2024-11-02 15:47:58,4,288.3
2024-11-02 16:02:58,4,287.3
2024-11-02 16:17:58,4,285.3
2024-11-02 16:32:58,4,284.3
2024-11-02 16:47:58,4,283.3
2024-11-02 17:02:58,4,282.3
2024-11-02 17:17:58,4,280.2
2024-11-02 17:32:58,4,279.2
2024-11-02 17:47:58,4,277.2
2024-11-02 18:02:58,4,276.2
2024-11-02 18:17:58,4,275.2
2024-11-02 18:32:58,4,274.2
2024-11-02 18:47:58,4,273.2
2024-11-02 19:02:58,4,271.1
2024-11-02 19:17:58,4,270.1
2024-11-02 19:32:58,4,269.1
2024-11-02 19:47:58,4,268.1
2024-11-02 20:02:58,4,267.1
2024-11-02 20:17:58,4,266.1
2024-11-02 20:32:58,4,265.1
2024-11-02 20:47:58,4,264.1
2024-11-02 21:02:58,4,263.1
2024-11-02 21:17:58,4,262.1
2024-11-02 21:32:58,4,261
2024-11-02 21:47:58,4,260
2024-11-02 22:02:58,4,259
2024-11-02 22:17:58,4,259
2024-11-02 22:32:58,4,258
2024-11-02 22:47:58,4,257
2024-11-02 23:02:58,4,257
2024-11-02 23:17:58,4,257
2024-11-02 23:32:58,4,257
2024-11-02 23:47:58,4,257
2024-11-03 00:02:58,4,257
2024-11-03 00:17:58,4,257
2024-11-03 00:32:58,4,257
2024-11-03 00:47:58,4,257
2024-11-03 01:02:58,4,257
2024-11-03 01:17:58,4,257
2024-11-03 01:32:58,4,257
2024-11-03 01:47:58,4,256
2024-11-03 02:02:58,4,256
2024-11-03 02:17:58,4,256
2024-11-03 02:32:58,4,256
2024-11-03 02:47:58,4,256
2024-11-03 03:02:58,4,256
2024-11-03 03:17:58,4,256
2024-11-03 03:32:58,4,256
2024-11-03 03:47:58,4,256
2024-11-03 04:02:58,4,256
2024-11-03 04:17:58,4,255
2024-11-03 04:32:58,4,255
2024-11-03 04:47:58,4,255
2024-11-03 05:02:58,4,255
2024-11-03 05:17:58,4,255
2024-11-03 05:32:58,4,255
2024-11-03 05:47:58,4,255
2024-11-03 06:02:58,4,255
2024-11-03 06:17:58,4,254
2024-11-03 06:32:58,4,254
2024-11-03 06:47:58,4,254
2024-11-03 07:02:58,4,253
2024-11-03 07:17:58,4,252
2024-11-03 07:32:58,4,250.9
2024-11-03 07:47:58,4,249.9
2024-11-03 08:02:58,4,248.9
2024-11-03 08:17:58,4,247.9
2024-11-03 08:32:58,4,246.9
2024-11-03 08:47:58,4,245.9
2024-11-03 09:02:58,4,244.9
2024-11-03 09:17:58,4,243.9
2024-11-03 09:32:58,4,242.8
2024-11-03 09:47:58,4,241.8
2024-11-03 10:02:58,4,241.8
2024-11-03 10:17:58,4,240.7
2024-11-03 10:32:58,4,240.7
2024-11-03 10:47:58,4,238.6
2024-11-03 11:02:58,4,237.6
2024-11-03 11:17:58,4,236.6
2024-11-03 11:32:58,4,234.6
2024-11-03 11:47:58,4,232.6
2024-11-03 12:02:58,4,231.6
2024-11-03 12:17:58,4,229.5
2024-11-03 12:32:58,4,227.5
2024-11-03 12:47:58,4,226.5
2024-11-03 13:02:58,4,224.5
2024-11-03 13:17:58,4,222.5
2024-11-03 13:32:58,4,220.5
2024-11-03 13:47:58,4,218.4
2024-11-03 14:02:58,4,215.4
2024-11-03 14:17:58,4,213.4
2024-11-03 14:32:58,4,212.4
2024-11-03 14:47:58,4,209.3
2024-11-03 15:02:58,4,207.3
2024-11-03 15:17:58,4,205.3
2024-11-03 15:32:58,4,203.3
2024-11-03 15:47:58,4,201.3
2024-11-03 16:02:58,4,200.3
2024-11-03 16:17:58,4,198.2
2024-11-03 16:32:58,4,196.2
2024-11-03 16:47:58,4,194.2
2024-11-03 17:02:58,4,193.2
2024-11-03 17:17:58,4,191.2
2024-11-03 17:32:58,4,190.2
2024-11-03 17:47:58,4,188.1
2024-11-03 18:02:58,4,187.1
2024-11-03 18:17:58,4,185.1
2024-11-03 18:32:58,4,184.1
2024-11-03 18:47:58,4,182.1
2024-11-03 19:02:58,4,181.1
2024-11-03 19:17:58,4,180.1
2024-11-03 19:32:58,4,178
2024-11-03 19:47:58,4,177
2024-11-03 20:02:58,4,175
2024-11-03 20:17:58,4,174
2024-11-03 20:32:58,4,173
2024-11-03 20:47:58,4,172
2024-11-03 21:02:58,4,170
2024-11-03 21:17:58,4,168.9
2024-11-03 21:32:58,4,167.9
2024-11-03 21:47:58,4,166.9
2024-11-03 22:02:58,4,165.9
2024-11-03 22:17:58,4,164.9
2024-11-03 22:32:58,4,163.9
2024-11-03 22:47:58,4,162.9
2024-11-03 23:02:58,4,162.9
2024-11-03 23:17:58,4,162.9
2024-11-03 23:32:58,4,162.9
2024-11-03 23:47:58,4,161.9
2024-11-04 00:02:58,4,161.9
2024-11-04 00:17:58,4,161.9
2024-11-04 00:32:58,4,161.9
2024-11-04 00:47:58,4,161.9
2024-11-04 01:02:58,4,160.9
2024-11-04 01:17:58,4,160.9
2024-11-04 01:32:58,4,160.9
2024-11-04 01:47:58,4,160.9
2024-11-04 02:02:58,4,160.9
2024-11-04 02:17:58,4,160.9
2024-11-04 02:32:58,4,159.9
2024-11-04 02:47:58,4,159.9
2024-11-04 03:02:58,4,159.9
2024-11-04 03:17:58,4,159.9
2024-11-04 03:32:58,4,159.9
2024-11-04 03:47:58,4,159.9
2024-11-04 04:02:58,4,159.9
2024-11-04 04:17:58,4,158.8
2024-11-04 04:32:58,4,158.8
2024-11-04 04:47:58,4,158.8
2024-11-04 05:02:58,4,158.8
2024-11-04 05:17:58,4,158.8
2024-11-04 05:32:58,4,158.8
2024-11-04 05:47:58,4,158.8
2024-11-04 06:02:58,4,158.8
2024-11-04 06:17:58,4,158.8
2024-11-04 06:32:58,4,157.8
2024-11-04 06:47:58,4,157.8
2024-11-04 07:02:58,4,156.8
2024-11-04 07:17:58,4,155.8
2024-11-04 07:32:58,4,154.8
2024-11-04 07:47:58,4,153.8
2024-11-04 08:02:58,4,152.8
2024-11-04 08:17:58,4,151.8
2024-11-04 08:32:58,4,150.8
2024-11-04 08:47:58,4,149.8
2024-11-04 09:02:58,4,148.7
2024-11-04 09:17:58,4,147.7
2024-11-04 09:32:58,4,146.7
2024-11-04 09:47:58,4,144.7
2024-11-04 10:02:58,4,143.7
2024-11-04 10:17:58,4,142.4
2024-11-04 10:32:58,4,141.4
2024-11-04 10:47:58,4,139.3
2024-11-04 11:02:58,4,138.3
2024-11-04 11:17:58,4,136.3
2024-11-04 11:32:58,4,135.3
