24/10/2024,12:00:00,,,,,,,,,,0.00,25.00 ,present ,23.94 ,23.70 ,skipped: low power,
24/10/2024,12:15:00,,,,,,,,,,0.00,25.00 ,present ,23.94 ,23.70 ,skipped: low power,
24/10/2024,12:30:00,,,,,,,,,,0.00,25.00 ,present ,23.98 ,10.20 ,skipped: low power,
24/10/2024,12:45:00,,,,,,,,,,3.51,39.70 ,present ,23.88 ,102.00 ,skipped: low power,
Serial Number:,PSY1N906
APP Serial #:,03000C96
Head Serial #:,4070
App Ver:,R1-7-8
COM Ver:,R2-6-8
Instrument Name:,
Instrument Comment:,
Cooling Time:,10,seconds
Waiting Time:,6,seconds
Warming Duration:,0,seconds
Wait before measurement:,15,seconds
Chamber Heating Duration:,0,seconds
Chamber Heating Schedule:,continuous 
C1:,0.0270
C2:,0.3250
Date,Time,Chamber Temperature (°C),dT (µV),Wet Bulb Depression (µV),Corrected Water Potential (MPa),Intercept,Slope,EDBO,Correction for dT (MPa),Correction Factor,Internal Battery Voltage (V),Internal Battery Temperature (°C),External Power Supply Present,External Power Supply Voltage (V),External Power Supply Current (mA),Diagnostic Comment
24/10/2024,13:00:00,,,,,,,,,,3.67,44.60 ,present ,23.84 ,102.00 ,skipped: low power,
24/10/2024,13:15:00,23.95,-1.375,0.993,-0.19,1.00,-3.80,-0.680,-0.18,8.237,3.72,49.10 ,present ,23.93 ,122.40 ,
24/10/2024,13:30:00,25.07,-0.551,0.000,0.00,1.00,-3.80,0.645,-0.07,8.198,3.74,50.40 ,present ,23.86 ,122.40 ,
24/10/2024,13:45:00,25.69,-1.069,0.966,-0.12,1.00,-3.80,-0.117,-0.14,8.175,3.76,50.90 ,present ,23.90 ,122.70 ,
24/10/2024,14:00:00,25.81,-0.087,1.476,-0.12,1.00,-3.80,0.246,-0.01,8.168,3.77,51.50 ,present ,23.90 ,123.00 ,
24/10/2024,14:15:00,25.55,0.076,1.633,-0.15,1.00,-3.80,0.117,0.01,8.180,3.78,51.90 ,present ,23.86 ,123.00 ,
24/10/2024,14:30:00,25.62,-0.911,0.994,-0.11,1.00,-3.80,-0.061,-0.12,8.175,3.79,51.80 ,present ,23.79 ,122.70 ,
24/10/2024,14:45:00,25.69,-0.613,0.981,-0.07,1.00,-3.80,-0.054,-0.08,8.175,3.80,51.90 ,present ,23.82 ,122.40 ,
24/10/2024,15:00:00,25.35,0.206,1.220,-0.02,1.00,-3.80,0.209,0.02,8.187,3.83,51.80 ,present ,23.79 ,122.70 ,
24/10/2024,15:15:00,25.44,-0.831,1.403,-0.21,1.00,-3.80,-0.401,-0.11,8.184,3.86,51.60 ,present ,23.86 ,122.70 ,
24/10/2024,15:30:00,25.88,-1.571,0.803,-0.15,1.00,-3.80,-0.637,-0.21,8.168,3.89,51.80 ,present ,23.82 ,122.70 ,
24/10/2024,15:45:00,26.40,-1.274,0.654,-0.07,1.00,-3.80,-0.330,-0.17,8.148,3.92,52.00 ,present ,23.86 ,122.40 ,
24/10/2024,16:00:01,25.38,1.393,2.655,-0.24,1.00,-3.80,0.124,0.18,8.187,3.95,47.10 ,present ,12.34 ,168.30 ,
24/10/2024,16:15:00,24.29,-0.687,1.806,-0.31,1.00,-3.80,-0.397,-0.09,8.226,3.97,43.70 ,present ,12.35 ,168.90 ,
24/10/2024,16:30:00,24.32,0.623,1.806,-0.13,1.00,-3.80,0.096,0.08,8.222,3.96,33.00 ,not present ,0.00 ,0.00 ,
24/10/2024,16:45:00,24.24,0.133,1.575,-0.14,1.00,-3.80,0.157,0.01,8.226,4.00,40.09 ,present ,12.31 ,169.50 ,
24/10/2024,17:00:00,24.09,-0.687,1.239,-0.16,1.00,-3.80,-0.400,-0.09,8.233,4.04,40.90 ,present ,12.31 ,169.50 ,
24/10/2024,17:15:00,23.88,-1.048,1.083,-0.17,1.00,-3.80,-0.611,-0.14,8.240,4.06,41.10 ,present ,12.24 ,169.50 ,
24/10/2024,17:30:00,23.79,-0.960,1.155,-0.18,1.00,-3.80,-0.565,-0.12,8.244,4.09,41.50 ,present ,12.21 ,169.50 ,
24/10/2024,17:45:00,23.90,-0.825,1.291,-0.19,1.00,-3.80,-0.486,-0.11,8.237,4.12,41.40 ,present ,12.21 ,169.50 ,
24/10/2024,18:00:00,24.00,-0.707,1.387,-0.20,1.00,-3.80,-0.477,-0.09,8.233,4.15,39.59 ,present ,12.20 ,123.30 ,
24/10/2024,18:15:00,23.72,-0.060,2.042,-0.30,1.00,-3.80,-0.283,0.00,8.244,4.15,32.40 ,present ,12.26 ,48.60 ,
24/10/2024,18:30:00,23.47,0.328,1.900,-0.21,1.00,-3.80,0.165,0.04,8.254,4.15,29.20 ,present ,12.25 ,39.00 ,
24/10/2024,18:45:00,23.39,-0.512,1.089,-0.10,1.00,-3.80,-0.265,-0.06,8.258,4.15,27.50 ,present ,12.24 ,37.20 ,
24/10/2024,19:00:00,23.47,-0.605,1.209,-0.15,1.00,-3.80,-0.274,-0.08,8.254,4.15,26.90 ,present ,12.24 ,36.90 ,
24/10/2024,19:15:00,23.42,-0.472,1.356,-0.17,1.00,-3.80,-0.289,-0.06,8.254,4.15,26.70 ,present ,12.20 ,36.90 ,
24/10/2024,19:30:00,23.32,-0.391,1.324,-0.15,1.00,-3.80,-0.201,-0.05,8.258,4.15,26.40 ,present ,12.27 ,36.59 ,
24/10/2024,19:45:00,23.33,-0.461,1.304,-0.15,1.00,-3.80,-0.329,-0.06,8.258,4.15,26.20 ,present ,12.27 ,36.59 ,
24/10/2024,20:00:00,23.27,-0.513,1.395,-0.19,1.00,-3.80,-0.258,-0.06,8.262,4.15,26.00 ,present ,12.27 ,36.30 ,
24/10/2024,20:15:00,22.90,-0.380,1.446,-0.19,1.00,-3.80,-0.282,-0.05,8.272,4.15,25.80 ,present ,12.27 ,36.00 ,
24/10/2024,20:30:00,22.63,-0.498,1.316,-0.17,1.00,-3.80,-0.387,-0.06,8.283,4.15,25.50 ,present ,12.30 ,35.70 ,
24/10/2024,20:45:00,22.42,-0.515,1.258,-0.16,1.00,-3.80,-0.239,-0.07,8.290,4.15,25.00 ,present ,12.30 ,35.70 ,
24/10/2024,21:00:00,22.27,-0.485,1.405,-0.20,1.00,-3.80,-0.354,-0.06,8.297,4.15,24.90 ,present ,12.30 ,35.70 ,
24/10/2024,21:15:00,22.37,-0.660,1.057,-0.12,1.00,-3.80,-0.413,-0.08,8.294,4.15,24.80 ,present ,12.30 ,35.70 ,
24/10/2024,21:30:00,22.71,-0.634,1.099,-0.13,1.00,-3.80,-0.371,-0.08,8.279,4.14,24.90 ,present ,12.30 ,35.70 ,
24/10/2024,21:45:00,22.79,-0.612,1.165,-0.14,1.00,-3.80,-0.378,-0.08,8.279,4.15,25.20 ,present ,12.27 ,36.00 ,
24/10/2024,22:00:00,22.62,-0.453,1.253,-0.15,1.00,-3.80,-0.217,-0.06,8.283,4.14,25.10 ,present ,12.26 ,35.70 ,
24/10/2024,22:15:00,22.54,-0.556,1.100,-0.12,1.00,-3.80,-0.263,-0.07,8.287,4.15,25.10 ,present ,12.26 ,35.70 ,
24/10/2024,22:30:00,22.65,-0.677,1.084,-0.13,1.00,-3.80,-0.368,-0.09,8.283,4.15,25.10 ,present ,12.26 ,35.40 ,
24/10/2024,22:45:00,22.82,-0.669,1.066,-0.12,1.00,-3.80,-0.291,-0.09,8.276,4.15,24.90 ,present ,12.26 ,35.70 ,
24/10/2024,23:00:00,22.49,-0.136,1.103,-0.06,1.00,-3.80,-0.170,-0.01,8.290,4.15,24.70 ,present ,12.26 ,35.40 ,
24/10/2024,23:15:00,21.94,-0.233,0.000,0.00,1.00,-3.80,-0.046,-0.03,8.308,4.15,24.00 ,present ,12.26 ,35.09 ,
24/10/2024,23:30:00,21.49,-0.309,0.000,0.00,1.00,-3.80,0.179,-0.04,8.326,4.14,23.40 ,present ,12.26 ,34.80 ,
24/10/2024,23:45:00,21.12,-0.319,0.000,0.00,1.00,-3.80,0.131,-0.04,8.337,4.15,22.90 ,present ,12.25 ,34.50 ,
25/10/2024,00:00:00,20.85,-0.435,0.000,0.00,1.00,-3.80,0.135,-0.05,8.348,4.14,22.40 ,present ,12.26 ,35.09 ,
25/10/2024,00:15:00,20.64,-0.498,0.000,0.00,1.00,-3.80,0.088,-0.06,8.355,4.14,22.00 ,present ,12.26 ,34.80 ,
25/10/2024,00:30:00,20.46,-0.478,0.000,0.00,1.00,-3.80,0.190,-0.06,8.362,4.14,21.80 ,present ,12.26 ,34.80 ,
25/10/2024,00:45:00,20.33,-0.443,0.000,0.00,1.00,-3.80,0.140,-0.06,8.366,4.14,21.50 ,present ,12.25 ,34.50 ,
25/10/2024,01:00:00,20.20,-0.472,0.000,0.00,1.00,-3.80,0.112,-0.06,8.370,4.14,21.40 ,present ,12.26 ,34.80 ,
25/10/2024,01:15:00,20.11,-0.524,0.000,0.00,1.00,-3.80,0.168,-0.07,8.373,4.14,21.30 ,present ,12.22 ,35.09 ,
25/10/2024,01:30:00,20.04,-0.501,0.000,0.00,1.00,-3.80,0.112,-0.06,8.377,4.14,21.20 ,present ,12.22 ,34.80 ,
25/10/2024,01:45:00,19.95,-0.427,0.000,0.00,1.00,-3.80,-0.008,-0.05,8.381,4.14,21.10 ,present ,12.22 ,35.09 ,
25/10/2024,02:00:00,19.87,-0.590,0.000,0.00,1.00,-3.80,0.150,-0.08,8.384,4.15,21.00 ,present ,12.22 ,35.09 ,
25/10/2024,02:15:00,19.78,-0.457,0.000,0.00,1.00,-3.80,0.176,-0.06,8.388,4.14,20.90 ,present ,12.22 ,35.09 ,
25/10/2024,02:30:00,19.71,-0.397,0.000,0.00,1.00,-3.80,0.023,-0.05,8.388,4.14,20.80 ,present ,12.22 ,35.09 ,
25/10/2024,02:45:00,19.64,-0.504,0.000,0.00,1.00,-3.80,0.048,-0.06,8.392,4.14,20.70 ,present ,12.23 ,35.40 ,
25/10/2024,03:00:00,19.59,-0.532,0.000,0.00,1.00,-3.80,-0.064,-0.07,8.395,4.14,20.60 ,present ,12.23 ,35.40 ,
25/10/2024,03:15:00,19.55,-0.438,0.000,0.00,1.00,-3.80,0.148,-0.06,8.395,4.14,20.60 ,present ,12.22 ,35.09 ,
25/10/2024,03:30:00,19.54,-0.377,0.000,0.00,1.00,-3.80,0.048,-0.05,8.395,4.15,20.70 ,present ,12.22 ,35.09 ,
25/10/2024,03:45:00,19.52,-0.331,0.000,0.00,1.00,-3.80,0.077,-0.04,8.395,4.14,20.60 ,present ,12.19 ,35.09 ,
25/10/2024,04:00:00,19.49,-0.449,0.000,0.00,1.00,-3.80,0.076,-0.06,8.399,4.14,20.50 ,present ,12.19 ,35.09 ,
25/10/2024,04:15:00,19.49,-0.564,0.000,0.00,1.00,-3.80,0.045,-0.07,8.399,4.14,20.40 ,present ,12.19 ,35.09 ,
25/10/2024,04:30:00,19.45,-0.541,0.000,0.00,1.00,-3.80,0.026,-0.07,8.399,4.14,20.50 ,present ,12.19 ,34.80 ,
25/10/2024,04:45:00,19.39,-0.383,0.000,0.00,1.00,-3.80,0.014,-0.05,8.403,4.15,20.40 ,present ,12.19 ,35.09 ,
25/10/2024,05:00:00,19.31,-0.386,0.000,0.00,1.00,-3.80,0.038,-0.05,8.403,4.14,20.40 ,present ,12.19 ,35.09 ,
25/10/2024,05:15:00,19.26,-0.428,0.000,0.00,1.00,-3.80,0.026,-0.05,8.406,4.14,20.29 ,present ,12.19 ,34.80 ,
25/10/2024,05:30:00,19.20,-0.376,0.000,0.00,1.00,-3.80,-0.003,-0.05,8.406,4.15,20.29 ,present ,12.19 ,35.09 ,
25/10/2024,05:45:00,19.13,-0.355,0.000,0.00,1.00,-3.80,0.068,-0.04,8.410,4.15,20.10 ,present ,12.19 ,35.09 ,
25/10/2024,06:00:00,19.10,-0.380,0.000,0.00,1.00,-3.80,0.023,-0.05,8.410,4.14,20.20 ,present ,12.19 ,35.09 ,
25/10/2024,06:15:00,19.10,-0.325,0.000,0.00,1.00,-3.80,-0.033,-0.04,8.410,4.14,20.20 ,present ,12.19 ,34.80 ,
25/10/2024,06:30:00,19.13,-0.435,0.000,0.00,1.00,-3.80,0.178,-0.06,8.410,4.15,20.10 ,present ,12.19 ,34.80 ,
25/10/2024,06:45:00,19.15,-0.394,0.000,0.00,1.00,-3.80,0.028,-0.05,8.410,4.14,20.20 ,present ,12.15 ,35.40 ,
25/10/2024,07:00:00,19.19,-0.718,0.000,0.00,1.00,-3.80,-0.312,-0.09,8.410,4.14,20.29 ,present ,12.15 ,35.40 ,
25/10/2024,07:15:00,19.78,-0.699,0.000,0.00,1.00,-3.80,-0.177,-0.09,8.388,4.14,21.10 ,present ,12.16 ,35.70 ,
25/10/2024,07:30:00,20.24,-0.996,0.000,0.00,1.00,-3.80,0.117,-0.13,8.370,4.14,21.90 ,present ,12.16 ,36.00 ,
25/10/2024,07:45:00,20.62,-1.004,0.000,0.00,1.00,-3.80,0.129,-0.13,8.355,4.14,22.40 ,present ,12.16 ,35.70 ,
25/10/2024,08:00:00,20.81,-1.109,0.000,0.00,1.00,-3.80,0.192,-0.15,8.348,4.15,22.80 ,present ,12.16 ,36.00 ,
25/10/2024,08:15:00,20.86,-1.238,0.000,0.00,1.00,-3.80,0.344,-0.16,8.348,4.15,23.10 ,present ,12.16 ,36.00 ,
25/10/2024,08:30:00,20.88,-1.256,0.000,0.00,1.00,-3.80,0.427,-0.17,8.348,4.15,23.30 ,present ,12.16 ,35.70 ,
25/10/2024,08:45:00,20.98,-1.371,0.000,0.00,1.00,-3.80,0.405,-0.18,8.344,4.14,23.20 ,present ,12.16 ,35.70 ,
25/10/2024,09:00:00,21.18,-1.499,0.000,0.00,1.00,-3.80,0.182,-0.20,8.337,4.15,23.50 ,present ,12.15 ,35.09 ,
25/10/2024,09:15:00,21.41,-1.474,0.000,0.00,1.00,-3.80,0.259,-0.20,8.326,4.14,22.30 ,not present ,0.00 ,0.00 ,
25/10/2024,09:30:00,21.54,-1.400,0.000,0.00,1.00,-3.80,0.232,-0.19,8.323,4.13,22.40 ,not present ,0.00 ,0.00 ,
25/10/2024,09:45:00,21.72,-1.435,0.000,0.00,1.00,-3.80,0.286,-0.19,8.315,4.13,22.40 ,not present ,0.00 ,0.00 ,
25/10/2024,10:00:00,21.85,-1.334,0.000,0.00,1.00,-3.80,0.216,-0.18,8.312,4.13,22.60 ,not present ,0.00 ,0.00 ,
25/10/2024,10:15:00,22.35,-1.575,0.000,0.00,1.00,-3.80,0.036,-0.21,8.294,4.13,22.90 ,not present ,0.00 ,0.00 ,
25/10/2024,10:30:00,22.73,-1.528,0.000,0.00,1.00,-3.80,0.030,-0.20,8.279,4.13,23.50 ,not present ,0.00 ,0.00 ,
25/10/2024,10:45:00,22.87,-1.580,0.000,0.00,1.00,-3.80,-0.041,-0.21,8.276,4.13,23.80 ,not present ,0.00 ,0.00 ,
25/10/2024,11:00:00,23.26,-1.596,0.000,0.00,1.00,-3.80,-0.021,-0.21,8.262,4.13,24.20 ,not present ,0.00 ,0.00 ,
25/10/2024,11:15:00,23.88,-1.712,0.157,-0.01,1.00,-3.80,-0.054,-0.23,8.240,4.12,24.50 ,not present ,0.00 ,0.00 ,
25/10/2024,11:30:00,24.39,-1.515,0.297,-0.02,1.00,-3.80,0.265,-0.20,8.222,4.12,25.10 ,not present ,0.00 ,0.00 ,
25/10/2024,11:45:00,24.57,-1.524,0.000,0.00,1.00,-3.80,0.237,-0.20,8.215,4.12,25.50 ,not present ,0.00 ,0.00 ,
25/10/2024,12:00:00,24.86,-1.685,0.269,-0.03,1.00,-3.80,0.038,-0.22,8.205,4.12,26.00 ,not present ,0.00 ,0.00 ,
25/10/2024,12:15:00,24.93,-1.609,0.403,-0.05,1.00,-3.80,0.092,-0.21,8.201,4.12,26.30 ,not present ,0.00 ,0.00 ,
25/10/2024,12:30:00,24.87,-1.636,0.444,-0.07,1.00,-3.80,0.124,-0.22,8.205,4.12,26.40 ,not present ,0.00 ,0.00 ,
25/10/2024,12:45:00,24.91,-1.781,0.407,-0.08,1.00,-3.80,-0.207,-0.23,8.201,4.12,26.30 ,not present ,0.00 ,0.00 ,
25/10/2024,13:00:00,24.53,-1.054,1.230,-0.20,1.00,-3.80,0.759,-0.14,8.215,4.11,26.40 ,not present ,0.00 ,0.00 ,
25/10/2024,13:15:00,24.04,-0.822,0.000,0.00,1.00,-3.80,0.171,-0.11,8.233,4.13,26.10 ,present ,USB ,USB ,
25/10/2024,13:30:00,23.91,-0.744,0.668,-0.01,1.00,-3.80,-0.098,-0.10,8.237,4.14,32.09 ,present ,12.12 ,90.00 ,
25/10/2024,13:45:00,24.18,-1.041,0.000,0.00,1.00,-3.80,-0.251,-0.14,8.229,4.15,29.00 ,present ,12.18 ,43.20 ,
25/10/2024,14:00:00,24.91,-1.193,0.448,-0.01,1.00,-3.80,-0.127,-0.16,8.201,4.15,28.30 ,present ,12.20 ,36.90 ,
25/10/2024,14:15:00,25.48,-1.167,0.488,-0.02,1.00,-3.80,-0.098,-0.15,8.184,4.15,28.40 ,present ,12.19 ,36.00 ,
25/10/2024,14:30:00,25.42,-1.139,0.589,-0.04,1.00,-3.80,-0.203,-0.15,8.184,4.15,28.50 ,present ,12.19 ,36.00 ,
25/10/2024,14:45:00,25.84,-1.345,0.492,-0.04,1.00,-3.80,-0.272,-0.18,8.168,4.15,28.70 ,present ,12.19 ,35.70 ,
25/10/2024,15:00:00,25.74,-0.489,1.355,-0.15,1.00,-3.80,0.028,-0.06,8.173,4.15,28.80 ,present ,12.19 ,35.70 ,
25/10/2024,15:15:00,25.87,-0.961,0.958,-0.11,1.00,-3.80,-0.391,-0.12,8.168,4.15,29.00 ,present ,12.19 ,35.70 ,
25/10/2024,15:30:00,25.66,1.164,2.456,-0.21,1.00,-3.80,0.448,0.15,8.175,4.15,29.10 ,present ,12.19 ,35.70 ,
25/10/2024,15:45:00,25.75,-1.040,1.031,-0.14,1.00,-3.80,-0.587,-0.13,8.173,4.14,27.40 ,not present ,0.00 ,0.00 ,
25/10/2024,16:00:00,25.70,1.310,1.994,-0.07,1.00,-3.80,0.684,0.17,8.173,4.14,27.20 ,not present ,0.00 ,0.00 ,
25/10/2024,16:15:00,25.39,0.629,1.881,-0.14,1.00,-3.80,0.073,0.08,8.187,4.13,26.90 ,not present ,0.00 ,0.00 ,
25/10/2024,16:30:00,25.61,-0.896,1.143,-0.15,1.00,-3.80,-0.475,-0.12,8.175,4.13,26.80 ,not present ,0.00 ,0.00 ,
25/10/2024,16:45:00,25.60,-0.679,1.215,-0.14,1.00,-3.80,-0.434,-0.09,8.175,4.13,26.80 ,not present ,0.00 ,0.00 ,
25/10/2024,17:00:00,25.76,-0.602,1.249,-0.13,1.00,-3.80,-0.404,-0.08,8.173,4.13,26.80 ,not present ,0.00 ,0.00 ,
25/10/2024,17:15:00,25.71,-0.053,1.636,-0.16,1.00,-3.80,-0.027,0.00,8.173,4.13,26.80 ,not present ,0.00 ,0.00 ,
25/10/2024,17:30:00,25.58,-0.627,1.335,-0.16,1.00,-3.80,-0.430,-0.08,8.180,4.13,26.60 ,not present ,0.00 ,0.00 ,
25/10/2024,17:45:00,25.72,-0.614,1.278,-0.14,1.00,-3.80,-0.409,-0.08,8.173,4.13,26.60 ,not present ,0.00 ,0.00 ,
25/10/2024,18:00:00,25.65,-0.510,1.482,-0.18,1.00,-3.80,-0.202,-0.06,8.175,4.12,26.60 ,not present ,0.00 ,0.00 ,
25/10/2024,18:15:00,25.59,-0.504,1.385,-0.16,1.00,-3.80,-0.477,-0.06,8.180,4.12,26.50 ,not present ,0.00 ,0.00 ,
25/10/2024,18:30:00,25.57,-0.320,1.562,-0.18,1.00,-3.80,-0.207,-0.04,8.180,4.12,26.40 ,not present ,0.00 ,0.00 ,
25/10/2024,18:45:00,25.44,-0.303,1.534,-0.17,1.00,-3.80,-0.241,-0.04,8.184,4.12,26.30 ,not present ,0.00 ,0.00 ,
25/10/2024,19:00:00,25.28,-0.348,1.613,-0.20,1.00,-3.80,-0.324,-0.04,8.191,4.12,26.20 ,not present ,0.00 ,0.00 ,
25/10/2024,19:15:00,25.09,-0.323,1.518,-0.17,1.00,-3.80,-0.294,-0.04,8.198,4.12,26.00 ,not present ,0.00 ,0.00 ,
25/10/2024,19:30:00,24.93,-0.468,1.584,-0.21,1.00,-3.80,-0.308,-0.06,8.201,4.12,25.90 ,not present ,0.00 ,0.00 ,
25/10/2024,19:45:00,24.70,-0.373,1.600,-0.21,1.00,-3.80,-0.262,-0.05,8.208,4.12,25.60 ,not present ,0.00 ,0.00 ,
25/10/2024,20:00:00,24.49,-0.509,1.588,-0.22,1.00,-3.80,-0.379,-0.06,8.219,4.11,25.20 ,not present ,0.00 ,0.00 ,
25/10/2024,20:15:00,24.35,-0.389,1.641,-0.22,1.00,-3.80,-0.353,-0.05,8.222,4.11,25.20 ,not present ,0.00 ,0.00 ,
25/10/2024,20:30:00,24.15,-0.272,1.544,-0.18,1.00,-3.80,-0.220,-0.03,8.229,4.11,24.90 ,not present ,0.00 ,0.00 ,
25/10/2024,20:45:00,23.94,-0.435,1.536,-0.21,1.00,-3.80,-0.277,-0.05,8.237,4.11,24.60 ,not present ,0.00 ,0.00 ,
25/10/2024,21:00:00,23.77,-0.351,1.444,-0.17,1.00,-3.80,-0.220,-0.04,8.244,4.11,24.50 ,not present ,0.00 ,0.00 ,
25/10/2024,21:15:00,23.58,-0.468,1.469,-0.20,1.00,-3.80,-0.338,-0.06,8.251,4.11,24.20 ,not present ,0.00 ,0.00 ,
25/10/2024,21:30:00,23.48,-0.449,1.436,-0.19,1.00,-3.80,-0.306,-0.06,8.254,4.11,24.00 ,not present ,0.00 ,0.00 ,
25/10/2024,21:45:00,23.42,-0.397,1.477,-0.19,1.00,-3.80,-0.329,-0.05,8.254,4.11,24.00 ,not present ,0.00 ,0.00 ,
25/10/2024,22:00:00,23.30,-0.299,1.414,-0.16,1.00,-3.80,-0.195,-0.04,8.258,4.11,23.90 ,not present ,0.00 ,0.00 ,
25/10/2024,22:15:00,23.03,-0.490,1.506,-0.22,1.00,-3.80,-0.339,-0.06,8.269,4.10,23.80 ,not present ,0.00 ,0.00 ,
25/10/2024,22:30:00,23.15,-0.558,1.259,-0.16,1.00,-3.80,-0.309,-0.07,8.265,4.10,23.60 ,not present ,0.00 ,0.00 ,
25/10/2024,22:45:00,23.38,-0.784,1.253,-0.18,1.00,-3.80,-0.348,-0.10,8.258,4.10,23.70 ,not present ,0.00 ,0.00 ,
25/10/2024,23:00:00,23.09,0.095,1.286,-0.08,1.00,-3.80,-0.110,0.01,8.269,4.10,23.40 ,not present ,0.00 ,0.00 ,
25/10/2024,23:15:00,22.55,-0.012,0.000,0.00,1.00,-3.80,-0.098,0.00,8.287,4.10,22.80 ,not present ,0.00 ,0.00 ,
25/10/2024,23:30:00,22.10,-0.139,0.000,0.00,1.00,-3.80,-0.134,-0.01,8.301,4.10,22.00 ,not present ,0.00 ,0.00 ,
25/10/2024,23:45:00,21.73,-0.192,0.000,0.00,1.00,-3.80,0.127,-0.02,8.315,4.10,21.60 ,not present ,0.00 ,0.00 ,
26/10/2024,00:00:00,21.27,-0.135,0.000,0.00,1.00,-3.80,0.232,-0.01,8.333,4.10,21.10 ,not present ,0.00 ,0.00 ,
26/10/2024,00:15:00,20.68,-0.120,0.000,0.00,1.00,-3.80,0.130,-0.01,8.355,4.09,20.60 ,not present ,0.00 ,0.00 ,
26/10/2024,00:30:00,20.15,-0.203,0.000,0.00,1.00,-3.80,0.242,-0.02,8.373,4.09,20.20 ,not present ,0.00 ,0.00 ,
26/10/2024,00:45:00,19.76,-0.025,0.000,0.00,1.00,-3.80,0.271,0.00,8.388,4.09,19.70 ,not present ,0.00 ,0.00 ,
26/10/2024,01:00:00,19.52,-0.314,0.000,0.00,1.00,-3.80,0.171,-0.04,8.395,4.09,19.40 ,not present ,0.00 ,0.00 ,
26/10/2024,01:15:00,19.40,-0.281,0.000,0.00,1.00,-3.80,0.091,-0.03,8.399,4.09,19.00 ,not present ,0.00 ,0.00 ,
26/10/2024,01:30:00,19.31,-0.369,0.000,0.00,1.00,-3.80,0.151,-0.05,8.403,4.09,18.79 ,not present ,0.00 ,0.00 ,
26/10/2024,01:45:00,19.24,-0.340,0.000,0.00,1.00,-3.80,0.048,-0.04,8.406,4.09,18.70 ,not present ,0.00 ,0.00 ,
26/10/2024,02:00:00,19.13,-0.290,0.000,0.00,1.00,-3.80,0.212,-0.04,8.410,4.09,18.60 ,not present ,0.00 ,0.00 ,
26/10/2024,02:15:00,19.00,-0.327,0.000,0.00,1.00,-3.80,0.168,-0.04,8.414,4.09,18.40 ,not present ,0.00 ,0.00 ,
26/10/2024,02:30:00,18.90,-0.419,0.000,0.00,1.00,-3.80,0.159,-0.05,8.417,4.09,18.40 ,not present ,0.00 ,0.00 ,
26/10/2024,02:45:00,18.88,-0.444,0.000,0.00,1.00,-3.80,0.112,-0.06,8.421,4.08,18.20 ,not present ,0.00 ,0.00 ,
26/10/2024,03:00:00,18.82,-0.530,0.000,0.00,1.00,-3.80,0.012,-0.07,8.421,4.08,18.20 ,not present ,0.00 ,0.00 ,
26/10/2024,03:15:00,18.75,-0.397,0.000,0.00,1.00,-3.80,0.050,-0.05,8.425,4.08,18.20 ,not present ,0.00 ,0.00 ,
26/10/2024,03:30:00,18.71,-0.394,0.000,0.00,1.00,-3.80,0.121,-0.05,8.425,4.08,18.10 ,not present ,0.00 ,0.00 ,
26/10/2024,03:45:00,18.61,-0.360,0.000,0.00,1.00,-3.80,0.051,-0.04,8.428,4.08,17.90 ,not present ,0.00 ,0.00 ,
26/10/2024,04:00:00,18.58,-0.403,0.000,0.00,1.00,-3.80,0.104,-0.05,8.432,4.08,18.00 ,not present ,0.00 ,0.00 ,
26/10/2024,04:15:00,18.63,-0.352,0.000,0.00,1.00,-3.80,0.087,-0.04,8.428,4.08,17.79 ,not present ,0.00 ,0.00 ,
26/10/2024,04:30:00,18.65,-0.461,0.000,0.00,1.00,-3.80,0.118,-0.06,8.428,4.08,17.90 ,not present ,0.00 ,0.00 ,
26/10/2024,04:45:00,18.64,-0.404,0.000,0.00,1.00,-3.80,0.139,-0.05,8.428,4.08,17.79 ,not present ,0.00 ,0.00 ,
26/10/2024,05:00:00,18.61,-0.335,0.000,0.00,1.00,-3.80,0.192,-0.04,8.428,4.07,17.79 ,not present ,0.00 ,0.00 ,
26/10/2024,05:15:00,18.57,-0.395,0.000,0.00,1.00,-3.80,0.105,-0.05,8.432,4.07,17.79 ,not present ,0.00 ,0.00 ,
26/10/2024,05:30:00,18.56,-0.413,0.000,0.00,1.00,-3.80,0.119,-0.05,8.432,4.07,17.70 ,not present ,0.00 ,0.00 ,
26/10/2024,05:45:00,18.52,-0.279,0.000,0.00,1.00,-3.80,0.094,-0.03,8.432,4.07,17.79 ,not present ,0.00 ,0.00 ,
26/10/2024,06:00:00,18.67,-0.540,0.000,0.00,1.00,-3.80,0.050,-0.07,8.428,4.07,17.70 ,not present ,0.00 ,0.00 ,
26/10/2024,06:15:00,18.69,-0.284,0.000,0.00,1.00,-3.80,0.109,-0.03,8.428,4.07,17.90 ,not present ,0.00 ,0.00 ,
26/10/2024,06:30:00,18.57,-0.286,0.000,0.00,1.00,-3.80,0.126,-0.03,8.432,4.07,17.90 ,not present ,0.00 ,0.00 ,
26/10/2024,06:45:00,18.40,-0.352,0.000,0.00,1.00,-3.80,0.062,-0.04,8.436,4.07,17.90 ,not present ,0.00 ,0.00 ,
26/10/2024,07:00:00,18.50,-0.793,0.000,0.00,1.00,-3.80,-0.268,-0.10,8.432,4.07,17.79 ,not present ,0.00 ,0.00 ,
26/10/2024,07:15:00,19.15,-0.943,0.000,0.00,1.00,-3.80,-0.105,-0.13,8.410,4.06,18.50 ,not present ,0.00 ,0.00 ,
26/10/2024,07:30:00,19.74,-1.120,0.000,0.00,1.00,-3.80,0.111,-0.15,8.388,4.06,19.40 ,not present ,0.00 ,0.00 ,
26/10/2024,07:45:00,20.18,-1.228,0.000,0.00,1.00,-3.80,0.242,-0.16,8.373,4.06,19.79 ,not present ,0.00 ,0.00 ,
26/10/2024,08:00:00,20.44,-1.318,0.000,0.00,1.00,-3.80,0.338,-0.18,8.362,4.06,20.40 ,not present ,0.00 ,0.00 ,
26/10/2024,08:15:00,20.48,-1.377,0.000,0.00,1.00,-3.80,0.353,-0.18,8.362,4.06,20.70 ,not present ,0.00 ,0.00 ,
26/10/2024,08:30:00,20.38,-1.246,0.000,0.00,1.00,-3.80,0.383,-0.17,8.366,4.06,20.80 ,not present ,0.00 ,0.00 ,
26/10/2024,08:45:00,20.32,-1.282,0.000,0.00,1.00,-3.80,0.418,-0.17,8.366,4.06,20.90 ,not present ,0.00 ,0.00 ,
26/10/2024,09:00:00,20.52,-1.502,0.000,0.00,1.00,-3.80,0.176,-0.20,8.359,4.06,21.00 ,not present ,0.00 ,0.00 ,
26/10/2024,09:15:00,20.96,-1.385,0.000,0.00,1.00,-3.80,0.241,-0.18,8.344,4.06,21.10 ,not present ,0.00 ,0.00 ,
26/10/2024,09:30:00,21.32,-1.523,0.000,0.00,1.00,-3.80,0.217,-0.20,8.330,4.05,21.50 ,not present ,0.00 ,0.00 ,
26/10/2024,09:45:00,21.58,-1.443,0.000,0.00,1.00,-3.80,0.309,-0.19,8.323,4.05,21.90 ,not present ,0.00 ,0.00 ,
26/10/2024,10:00:00,22.03,-1.472,0.000,0.00,1.00,-3.80,0.285,-0.20,8.305,4.05,22.30 ,not present ,0.00 ,0.00 ,
26/10/2024,10:15:00,22.44,-1.487,0.000,0.00,1.00,-3.80,0.299,-0.20,8.290,4.05,22.80 ,not present ,0.00 ,0.00 ,
26/10/2024,10:30:00,22.99,-1.651,0.230,-0.02,1.00,-3.80,0.227,-0.22,8.272,4.05,23.30 ,not present ,0.00 ,0.00 ,
26/10/2024,10:45:00,23.45,-1.608,0.282,-0.03,1.00,-3.80,0.147,-0.21,8.254,4.05,23.90 ,not present ,0.00 ,0.00 ,
26/10/2024,11:00:00,23.91,-1.669,0.270,-0.03,1.00,-3.80,0.273,-0.22,8.237,4.05,24.30 ,not present ,0.00 ,0.00 ,
26/10/2024,11:15:00,24.15,-1.707,0.450,-0.08,1.00,-3.80,-0.020,-0.23,8.229,4.05,24.80 ,not present ,0.00 ,0.00 ,
26/10/2024,11:30:00,24.66,-0.968,0.000,0.00,1.00,-3.80,0.964,-0.13,8.212,4.04,25.20 ,not present ,0.00 ,0.00 ,
26/10/2024,11:45:00,25.14,-0.625,1.856,-0.30,1.00,-3.80,0.886,-0.08,8.194,4.04,25.90 ,not present ,0.00 ,0.00 ,
26/10/2024,12:00:00,25.49,-0.115,0.000,0.00,1.00,-3.80,1.075,-0.01,8.184,4.04,26.40 ,not present ,0.00 ,0.00 ,
26/10/2024,12:15:00,25.92,-0.623,1.297,-0.15,1.00,-3.80,0.083,-0.08,8.166,4.04,26.80 ,not present ,0.00 ,0.00 ,
26/10/2024,12:30:00,25.77,0.038,1.724,-0.17,1.00,-3.80,-0.123,0.00,8.173,4.04,27.00 ,not present ,0.00 ,0.00 ,
26/10/2024,12:45:00,26.10,-0.268,2.101,-0.30,1.00,-3.80,-0.305,-0.03,8.159,4.04,27.40 ,not present ,0.00 ,0.00 ,
26/10/2024,13:00:00,26.27,-0.087,2.000,-0.25,1.00,-3.80,-0.179,-0.01,8.154,4.04,27.80 ,not present ,0.00 ,0.00 ,
26/10/2024,13:15:00,26.29,0.198,2.326,-0.30,1.00,-3.80,-0.144,0.02,8.154,4.04,28.10 ,not present ,0.00 ,0.00 ,
26/10/2024,13:30:00,26.26,-0.424,1.768,-0.24,1.00,-3.80,-0.517,-0.05,8.154,4.04,28.10 ,not present ,0.00 ,0.00 ,
26/10/2024,13:45:00,26.10,-0.245,2.308,-0.35,1.00,-3.80,-0.331,-0.03,8.159,4.04,27.90 ,not present ,0.00 ,0.00 ,
26/10/2024,14:00:00,26.18,0.466,2.946,-0.42,1.00,-3.80,0.061,0.06,8.159,4.04,27.90 ,not present ,0.00 ,0.00 ,
26/10/2024,14:15:00,26.18,-0.094,2.691,-0.43,1.00,-3.80,-0.336,-0.01,8.159,4.04,27.80 ,not present ,0.00 ,0.00 ,
26/10/2024,14:30:00,26.08,0.241,2.308,-0.29,1.00,-3.80,-0.077,0.03,8.161,4.03,27.60 ,not present ,0.00 ,0.00 ,
26/10/2024,14:45:00,26.06,-0.408,2.441,-0.41,1.00,-3.80,-0.408,-0.05,8.161,4.03,27.50 ,not present ,0.00 ,0.00 ,
26/10/2024,15:00:00,26.21,0.395,1.853,-0.15,1.00,-3.80,0.068,0.05,8.154,4.03,27.60 ,not present ,0.00 ,0.00 ,
26/10/2024,15:15:00,26.05,0.535,2.327,-0.26,1.00,-3.80,-0.013,0.07,8.161,4.03,27.50 ,not present ,0.00 ,0.00 ,
26/10/2024,15:30:00,25.99,-1.006,1.665,-0.29,1.00,-3.80,-0.591,-0.13,8.166,4.06,34.20 ,present ,12.08 ,171.00 ,
26/10/2024,15:45:00,26.34,-0.279,2.578,-0.42,1.00,-3.80,-0.192,-0.03,8.152,4.09,40.50 ,present ,12.04 ,170.40 ,
26/10/2024,16:00:00,26.42,0.467,1.876,-0.14,1.00,-3.80,0.080,0.06,8.148,4.12,41.70 ,present ,12.04 ,170.10 ,
26/10/2024,16:15:00,26.47,0.504,2.035,-0.18,1.00,-3.80,0.242,0.06,8.148,4.15,39.90 ,present ,11.98 ,103.80 ,
26/10/2024,16:30:00,26.31,-0.206,1.867,-0.23,1.00,-3.80,-0.260,-0.02,8.152,4.15,33.80 ,present ,12.01 ,44.10 ,
26/10/2024,16:45:00,25.92,0.455,2.019,-0.19,1.00,-3.80,-0.061,0.06,8.166,4.15,31.20 ,present ,12.02 ,36.90 ,
26/10/2024,17:00:00,25.63,0.573,2.136,-0.21,1.00,-3.80,-0.062,0.07,8.175,4.15,30.00 ,present ,12.09 ,36.00 ,
26/10/2024,17:15:00,25.52,0.426,2.061,-0.21,1.00,-3.80,-0.204,0.05,8.180,4.15,29.30 ,present ,12.12 ,35.40 ,
26/10/2024,17:30:00,25.78,-0.339,2.069,-0.31,1.00,-3.80,-0.146,-0.04,8.173,4.15,28.80 ,present ,12.12 ,36.00 ,
26/10/2024,17:45:00,25.89,-0.665,1.664,-0.25,1.00,-3.80,-0.545,-0.08,8.168,4.15,28.80 ,present ,12.12 ,35.70 ,
26/10/2024,18:00:00,25.93,0.412,2.007,-0.19,1.00,-3.80,-0.031,0.05,8.166,4.15,28.80 ,present ,12.12 ,36.00 ,
26/10/2024,18:15:00,25.75,0.499,2.213,-0.24,1.00,-3.80,0.083,0.06,8.173,4.15,28.70 ,present ,12.12 ,35.70 ,
26/10/2024,18:30:00,25.44,-0.450,1.848,-0.27,1.00,-3.80,-0.519,-0.06,8.184,4.15,28.30 ,present ,12.12 ,35.40 ,
26/10/2024,18:45:00,25.70,-0.468,1.979,-0.31,1.00,-3.80,-0.340,-0.06,8.173,4.15,28.30 ,present ,12.12 ,35.70 ,
26/10/2024,19:00:00,25.61,-0.383,2.099,-0.33,1.00,-3.80,-0.213,-0.05,8.175,4.15,28.20 ,present ,12.12 ,35.40 ,
26/10/2024,19:15:00,25.49,-0.392,2.138,-0.34,1.00,-3.80,-0.344,-0.05,8.184,4.15,28.00 ,present ,12.12 ,35.40 ,
26/10/2024,19:30:00,25.29,-0.354,2.172,-0.35,1.00,-3.80,-0.255,-0.04,8.191,4.15,27.90 ,present ,12.08 ,35.40 ,
26/10/2024,19:45:00,25.17,-0.296,2.155,-0.34,1.00,-3.80,-0.204,-0.03,8.194,4.15,27.60 ,present ,12.12 ,35.09 ,
26/10/2024,20:00:00,25.10,-0.332,2.208,-0.36,1.00,-3.80,-0.231,-0.04,8.194,4.15,27.70 ,present ,12.12 ,35.09 ,
26/10/2024,20:15:00,25.03,-0.398,2.175,-0.36,1.00,-3.80,-0.278,-0.05,8.198,4.15,27.60 ,present ,12.12 ,35.40 ,
26/10/2024,20:30:00,25.08,-0.357,2.074,-0.32,1.00,-3.80,-0.203,-0.04,8.198,4.15,27.50 ,present ,12.11 ,34.80 ,
26/10/2024,20:45:00,24.98,-0.409,2.037,-0.32,1.00,-3.80,-0.335,-0.05,8.201,4.15,27.40 ,present ,12.12 ,35.09 ,
26/10/2024,21:00:00,24.90,-0.416,1.986,-0.31,1.00,-3.80,-0.213,-0.05,8.201,4.15,27.30 ,present ,12.11 ,34.80 ,
26/10/2024,21:15:00,24.74,-0.383,1.994,-0.31,1.00,-3.80,-0.363,-0.05,8.208,4.15,27.10 ,present ,12.08 ,35.09 ,
26/10/2024,21:30:00,24.58,-0.423,2.022,-0.33,1.00,-3.80,-0.270,-0.05,8.215,4.15,27.00 ,present ,12.08 ,35.40 ,
26/10/2024,21:45:00,24.49,-0.397,1.973,-0.31,1.00,-3.80,-0.296,-0.05,8.219,4.15,26.80 ,present ,12.11 ,34.80 ,
26/10/2024,22:00:00,24.42,-0.587,1.857,-0.31,1.00,-3.80,-0.254,-0.07,8.219,4.15,26.70 ,present ,12.08 ,34.80 ,
26/10/2024,22:15:00,24.45,-0.514,1.824,-0.29,1.00,-3.80,-0.335,-0.06,8.219,4.15,26.70 ,present ,12.08 ,35.40 ,
26/10/2024,22:30:00,24.42,-0.417,1.909,-0.30,1.00,-3.80,-0.281,-0.05,8.219,4.15,26.70 ,present ,12.08 ,35.40 ,
26/10/2024,22:45:00,24.23,-0.407,1.991,-0.32,1.00,-3.80,-0.398,-0.05,8.226,4.15,26.60 ,present ,12.08 ,34.80 ,
26/10/2024,23:00:00,23.70,0.256,1.813,-0.19,1.00,-3.80,-0.227,0.03,8.244,4.15,26.00 ,present ,12.08 ,35.09 ,
26/10/2024,23:15:00,22.91,0.130,1.331,-0.09,1.00,-3.80,-0.045,0.01,8.272,4.15,25.10 ,present ,12.07 ,34.20 ,
26/10/2024,23:30:00,22.26,0.081,1.033,-0.01,1.00,-3.80,-0.063,0.01,8.297,4.15,24.30 ,present ,12.08 ,34.50 ,
26/10/2024,23:45:00,21.81,-0.168,0.857,0.00,1.00,-3.80,-0.067,-0.02,8.312,4.15,23.80 ,present ,12.07 ,33.90 ,
27/10/2024,00:00:00,21.46,-0.041,0.000,0.00,1.00,-3.80,0.029,0.00,8.326,4.15,23.20 ,present ,12.08 ,34.50 ,
27/10/2024,00:15:00,21.13,-0.137,0.000,0.00,1.00,-3.80,0.097,-0.01,8.337,4.15,22.80 ,present ,12.07 ,34.20 ,
27/10/2024,00:30:00,20.84,-0.109,0.000,0.00,1.00,-3.80,0.138,-0.01,8.348,4.15,22.40 ,present ,12.08 ,34.50 ,
27/10/2024,00:45:00,20.57,-0.207,0.000,0.00,1.00,-3.80,0.081,-0.02,8.359,4.15,22.00 ,present ,12.08 ,34.50 ,
27/10/2024,01:00:00,20.35,-0.171,0.000,0.00,1.00,-3.80,0.059,-0.02,8.366,4.15,21.70 ,present ,12.07 ,34.20 ,
27/10/2024,01:15:00,20.16,-0.356,0.000,0.00,1.00,-3.80,0.038,-0.04,8.373,4.15,21.50 ,present ,12.07 ,34.20 ,
27/10/2024,01:30:00,20.00,-0.237,0.000,0.00,1.00,-3.80,0.161,-0.03,8.377,4.15,21.30 ,present ,12.08 ,34.50 ,
27/10/2024,01:45:00,19.89,-0.288,0.000,0.00,1.00,-3.80,0.114,-0.03,8.384,4.15,21.10 ,present ,12.04 ,34.50 ,
27/10/2024,02:00:00,19.78,-0.358,0.000,0.00,1.00,-3.80,0.066,-0.04,8.388,4.15,20.90 ,present ,12.04 ,34.50 ,
27/10/2024,02:15:00,19.69,-0.352,0.000,0.00,1.00,-3.80,0.201,-0.04,8.392,4.15,20.80 ,present ,12.04 ,34.20 ,
27/10/2024,02:30:00,19.57,-0.221,0.000,0.00,1.00,-3.80,0.184,-0.03,8.395,4.15,20.70 ,present ,12.04 ,34.20 ,
27/10/2024,02:45:00,19.47,-0.254,0.000,0.00,1.00,-3.80,0.046,-0.03,8.399,4.15,20.60 ,present ,12.04 ,34.50 ,
27/10/2024,03:00:00,19.44,-0.438,0.000,0.00,1.00,-3.80,0.098,-0.06,8.399,4.15,20.50 ,present ,12.04 ,34.20 ,
27/10/2024,03:15:00,19.35,-0.375,0.000,0.00,1.00,-3.80,0.045,-0.05,8.403,4.15,20.60 ,present ,12.04 ,33.90 ,
27/10/2024,03:30:00,19.28,-0.328,0.000,0.00,1.00,-3.80,0.160,-0.04,8.406,4.15,20.40 ,present ,12.04 ,34.20 ,
27/10/2024,03:45:00,19.25,-0.473,0.000,0.00,1.00,-3.80,0.089,-0.06,8.406,4.15,20.20 ,present ,12.04 ,34.20 ,
27/10/2024,04:00:00,19.24,-0.341,0.000,0.00,1.00,-3.80,0.210,-0.04,8.406,4.15,20.20 ,present ,12.04 ,34.50 ,
27/10/2024,04:15:00,19.21,-0.443,0.000,0.00,1.00,-3.80,0.117,-0.06,8.406,4.15,20.10 ,present ,12.04 ,34.50 ,
27/10/2024,04:30:00,19.19,-0.368,0.000,0.00,1.00,-3.80,0.159,-0.05,8.410,4.15,20.29 ,present ,12.04 ,34.50 ,
27/10/2024,04:45:00,19.12,-0.486,0.000,0.00,1.00,-3.80,0.070,-0.06,8.410,4.15,20.20 ,present ,12.01 ,34.80 ,
27/10/2024,05:00:00,19.08,-0.350,0.000,0.00,1.00,-3.80,0.082,-0.04,8.414,4.15,20.10 ,present ,12.01 ,35.09 ,
27/10/2024,05:15:00,19.09,-0.465,0.000,0.00,1.00,-3.80,0.159,-0.06,8.414,4.15,20.00 ,present ,12.01 ,35.09 ,
27/10/2024,05:30:00,19.08,-0.388,0.000,0.00,1.00,-3.80,0.083,-0.05,8.414,4.15,20.20 ,present ,12.01 ,35.09 ,
27/10/2024,05:45:00,19.07,-0.501,0.000,0.00,1.00,-3.80,0.195,-0.06,8.414,4.15,20.00 ,present ,12.01 ,35.09 ,
27/10/2024,06:00:00,19.07,-0.451,0.000,0.00,1.00,-3.80,0.090,-0.06,8.414,4.15,20.00 ,present ,12.01 ,35.09 ,
27/10/2024,06:15:00,19.05,-0.383,0.000,0.00,1.00,-3.80,0.080,-0.05,8.414,4.15,19.90 ,present ,12.01 ,35.09 ,
27/10/2024,06:30:00,19.03,-0.399,0.000,0.00,1.00,-3.80,0.168,-0.05,8.414,4.15,20.00 ,present ,12.01 ,34.80 ,
27/10/2024,06:45:00,19.03,-0.375,0.000,0.00,1.00,-3.80,0.111,-0.05,8.414,4.15,20.00 ,present ,12.01 ,34.80 ,
27/10/2024,07:00:00,19.04,-0.462,0.000,0.00,1.00,-3.80,0.126,-0.06,8.414,4.15,20.00 ,present ,12.01 ,34.80 ,
27/10/2024,07:15:00,19.06,-0.332,0.000,0.00,1.00,-3.80,0.071,-0.04,8.414,4.15,19.90 ,present ,12.01 ,34.80 ,
27/10/2024,07:30:00,19.10,-0.502,0.000,0.00,1.00,-3.80,0.151,-0.06,8.410,4.15,20.10 ,present ,12.01 ,34.80 ,
27/10/2024,07:45:00,19.16,-0.387,0.000,0.00,1.00,-3.80,0.077,-0.05,8.410,4.15,20.20 ,present ,12.01 ,35.09 ,
27/10/2024,08:00:00,19.62,-0.994,0.000,0.00,1.00,-3.80,-0.220,-0.13,8.392,4.15,20.50 ,present ,12.01 ,35.40 ,
27/10/2024,08:15:00,20.40,-1.298,0.000,0.00,1.00,-3.80,0.098,-0.17,8.362,4.14,21.40 ,present ,11.98 ,35.70 ,
27/10/2024,08:30:00,21.01,-1.439,0.000,0.00,1.00,-3.80,0.308,-0.19,8.341,4.15,22.30 ,present ,12.02 ,36.30 ,
27/10/2024,08:45:00,21.41,-1.469,0.000,0.00,1.00,-3.80,0.250,-0.20,8.326,4.15,23.10 ,present ,11.98 ,35.70 ,
27/10/2024,09:00:00,21.56,-1.586,0.000,0.00,1.00,-3.80,0.434,-0.21,8.323,4.15,23.30 ,present ,12.02 ,35.70 ,
27/10/2024,09:15:00,21.70,-1.521,0.000,0.00,1.00,-3.80,0.473,-0.20,8.315,4.15,23.60 ,present ,12.01 ,35.40 ,
27/10/2024,09:30:00,21.91,-1.527,0.000,0.00,1.00,-3.80,0.681,-0.20,8.308,4.15,23.90 ,present ,12.01 ,35.40 ,
27/10/2024,09:45:00,22.24,-1.669,0.227,-0.02,1.00,-3.80,0.325,-0.22,8.297,4.15,24.20 ,present ,12.01 ,35.40 ,
27/10/2024,10:00:00,22.74,-1.605,0.238,-0.02,1.00,-3.80,0.517,-0.21,8.279,4.15,24.60 ,present ,12.02 ,35.70 ,
27/10/2024,10:15:00,23.11,-1.483,0.267,-0.01,1.00,-3.80,0.404,-0.20,8.265,4.15,24.80 ,present ,11.98 ,35.70 ,
27/10/2024,10:30:00,23.33,-1.480,0.319,-0.02,1.00,-3.80,0.455,-0.20,8.258,4.15,25.30 ,present ,12.02 ,35.70 ,
27/10/2024,10:45:00,23.62,-1.707,0.538,-0.11,1.00,-3.80,0.267,-0.23,8.247,4.15,25.80 ,present ,12.02 ,36.00 ,
27/10/2024,11:00:00,23.98,-1.580,0.607,-0.11,1.00,-3.80,0.295,-0.21,8.237,4.15,26.20 ,present ,12.01 ,35.40 ,
27/10/2024,11:15:00,24.30,-1.192,0.908,-0.14,1.00,-3.80,0.271,-0.16,8.222,4.15,26.60 ,present ,12.02 ,35.70 ,
27/10/2024,11:30:00,24.67,-1.236,1.230,-0.22,1.00,-3.80,-0.209,-0.16,8.212,4.15,27.00 ,present ,11.98 ,36.00 ,
27/10/2024,11:45:00,25.05,-1.107,1.563,-0.29,1.00,-3.80,-0.354,-0.14,8.198,4.15,27.40 ,present ,11.98 ,36.00 ,
27/10/2024,12:00:00,25.23,-0.785,1.741,-0.29,1.00,-3.80,-0.473,-0.10,8.191,4.15,28.00 ,present ,11.98 ,36.00 ,
27/10/2024,12:15:00,25.59,-0.390,2.022,-0.31,1.00,-3.80,-0.082,-0.05,8.180,4.15,28.30 ,present ,11.98 ,36.30 ,
27/10/2024,12:30:00,25.67,-0.575,2.104,-0.35,1.00,-3.80,-0.485,-0.07,8.175,4.15,28.50 ,present ,11.98 ,36.00 ,
27/10/2024,12:45:00,25.69,-0.387,2.039,-0.31,1.00,-3.80,-0.244,-0.05,8.175,4.15,28.40 ,present ,12.01 ,35.40 ,
27/10/2024,13:00:00,25.64,-0.432,2.233,-0.37,1.00,-3.80,-0.367,-0.05,8.175,4.15,28.50 ,present ,12.01 ,35.09 ,
27/10/2024,13:15:00,25.40,-0.571,2.058,-0.34,1.00,-3.80,-0.317,-0.07,8.184,4.15,28.40 ,present ,11.98 ,35.09 ,
27/10/2024,13:30:00,25.53,-0.644,2.080,-0.36,1.00,-3.80,-0.366,-0.08,8.180,4.15,28.30 ,present ,12.01 ,35.09 ,
27/10/2024,13:45:00,25.61,-0.671,2.001,-0.34,1.00,-3.80,-0.502,-0.08,8.175,4.15,28.20 ,present ,11.98 ,35.40 ,
27/10/2024,14:00:00,25.60,-0.482,2.370,-0.41,1.00,-3.80,-0.360,-0.06,8.175,4.15,28.30 ,present ,11.98 ,35.40 ,
27/10/2024,14:15:00,25.79,-0.754,2.299,-0.43,1.00,-3.80,-0.375,-0.10,8.173,4.15,28.80 ,present ,11.98 ,35.70 ,
27/10/2024,14:30:00,26.06,-0.592,2.262,-0.39,1.00,-3.80,-0.264,-0.07,8.161,4.15,29.00 ,present ,11.98 ,35.70 ,
27/10/2024,14:45:59,26.36,-0.342,2.550,-0.42,1.00,-3.80,-0.387,-0.04,8.152,4.15,29.30 ,present ,11.98 ,36.00 ,
27/10/2024,15:00:00,26.23,-0.439,2.318,-0.38,1.00,-3.80,-0.387,-0.05,8.154,4.15,29.30 ,present ,11.98 ,35.70 ,
27/10/2024,15:15:00,26.19,-0.588,2.261,-0.39,1.00,-3.80,-0.413,-0.07,8.159,4.15,28.90 ,present ,12.01 ,34.80 ,
27/10/2024,15:30:00,26.26,-0.415,2.398,-0.40,1.00,-3.80,-0.268,-0.05,8.154,4.15,28.90 ,present ,11.98 ,35.09 ,
27/10/2024,15:45:00,26.21,-0.500,2.256,-0.37,1.00,-3.80,-0.343,-0.06,8.154,4.14,27.60 ,not present ,0.00 ,0.00 ,
27/10/2024,16:00:00,26.30,-0.700,2.526,-0.47,1.00,-3.80,-0.416,-0.09,8.152,4.14,27.30 ,not present ,0.00 ,0.00 ,
27/10/2024,16:15:00,26.19,-0.606,2.397,-0.42,1.00,-3.80,-0.426,-0.08,8.159,4.13,27.20 ,not present ,0.00 ,0.00 ,
27/10/2024,16:30:00,26.35,-0.720,2.491,-0.46,1.00,-3.80,-0.463,-0.09,8.152,4.13,27.20 ,not present ,0.00 ,0.00 ,
27/10/2024,16:45:00,26.51,-0.500,2.614,-0.46,1.00,-3.80,-0.264,-0.06,8.145,4.13,27.40 ,not present ,0.00 ,0.00 ,
27/10/2024,17:00:00,26.41,-0.301,2.617,-0.44,1.00,-3.80,-0.309,-0.04,8.148,4.13,27.30 ,not present ,0.00 ,0.00 ,
27/10/2024,17:15:00,26.23,-0.238,2.780,-0.47,1.00,-3.80,-0.356,-0.03,8.154,4.13,27.20 ,not present ,0.00 ,0.00 ,
27/10/2024,17:30:00,25.99,-0.344,2.622,-0.45,1.00,-3.80,-0.238,-0.04,8.166,4.13,27.00 ,not present ,0.00 ,0.00 ,
27/10/2024,17:45:00,25.80,-0.373,2.645,-0.46,1.00,-3.80,-0.401,-0.05,8.168,4.13,26.90 ,not present ,0.00 ,0.00 ,
27/10/2024,18:00:00,25.56,-0.184,2.771,-0.47,1.00,-3.80,-0.163,-0.02,8.180,4.13,26.60 ,not present ,0.00 ,0.00 ,
27/10/2024,18:15:00,25.26,-0.174,2.710,-0.46,1.00,-3.80,-0.294,-0.02,8.191,4.12,26.30 ,not present ,0.00 ,0.00 ,
27/10/2024,18:30:00,24.90,-0.148,2.621,-0.44,1.00,-3.80,-0.302,-0.01,8.201,4.12,26.10 ,not present ,0.00 ,0.00 ,
27/10/2024,18:45:00,24.55,-0.117,2.564,-0.43,1.00,-3.80,-0.138,-0.01,8.215,4.12,25.70 ,not present ,0.00 ,0.00 ,
27/10/2024,19:00:00,24.19,-0.053,2.581,-0.43,1.00,-3.80,-0.126,0.00,8.229,4.12,25.30 ,not present ,0.00 ,0.00 ,
27/10/2024,19:15:00,23.89,-0.208,2.508,-0.44,1.00,-3.80,-0.186,-0.02,8.240,4.12,25.10 ,not present ,0.00 ,0.00 ,
27/10/2024,19:30:00,23.60,-0.335,2.446,-0.45,1.00,-3.80,-0.427,-0.04,8.247,4.12,24.70 ,not present ,0.00 ,0.00 ,
27/10/2024,19:45:00,23.35,-0.204,2.536,-0.46,1.00,-3.80,-0.256,-0.02,8.258,4.12,24.40 ,not present ,0.00 ,0.00 ,
27/10/2024,20:00:00,23.09,-0.500,2.454,-0.48,1.00,-3.80,-0.394,-0.06,8.269,4.12,24.10 ,not present ,0.00 ,0.00 ,
27/10/2024,20:15:00,22.90,-0.233,2.532,-0.47,1.00,-3.80,-0.175,-0.03,8.272,4.12,23.90 ,not present ,0.00 ,0.00 ,
27/10/2024,20:30:00,22.66,-0.321,2.413,-0.45,1.00,-3.80,-0.186,-0.04,8.283,4.11,23.60 ,not present ,0.00 ,0.00 ,
27/10/2024,20:45:00,22.67,-0.348,2.455,-0.47,1.00,-3.80,-0.201,-0.04,8.283,4.11,23.50 ,not present ,0.00 ,0.00 ,
27/10/2024,21:00:00,22.66,-0.561,2.506,-0.51,1.00,-3.80,-0.314,-0.07,8.283,4.11,23.50 ,not present ,0.00 ,0.00 ,
27/10/2024,21:15:00,22.60,-0.394,2.441,-0.47,1.00,-3.80,-0.256,-0.05,8.283,4.11,23.40 ,not present ,0.00 ,0.00 ,
27/10/2024,21:30:00,22.55,-0.341,2.408,-0.46,1.00,-3.80,-0.188,-0.04,8.287,4.11,23.20 ,not present ,0.00 ,0.00 ,
27/10/2024,21:45:00,22.45,-0.457,2.392,-0.47,1.00,-3.80,-0.230,-0.06,8.290,4.11,23.10 ,not present ,0.00 ,0.00 ,
27/10/2024,22:00:00,22.40,-0.356,2.466,-0.48,1.00,-3.80,-0.218,-0.04,8.290,4.11,23.10 ,not present ,0.00 ,0.00 ,
27/10/2024,22:15:00,22.30,-0.330,2.376,-0.45,1.00,-3.80,-0.442,-0.04,8.294,4.11,22.90 ,not present ,0.00 ,0.00 ,
27/10/2024,22:30:00,22.29,-0.363,2.493,-0.49,1.00,-3.80,-0.362,-0.04,8.297,4.11,22.90 ,not present ,0.00 ,0.00 ,
27/10/2024,22:45:00,22.20,-0.313,2.299,-0.43,1.00,-3.80,-0.216,-0.04,8.297,4.10,22.80 ,not present ,0.00 ,0.00 ,
27/10/2024,23:00:00,22.15,-0.490,2.190,-0.42,1.00,-3.80,-0.333,-0.06,8.301,4.10,22.70 ,not present ,0.00 ,0.00 ,
27/10/2024,23:15:00,22.50,-0.569,2.253,-0.44,1.00,-3.80,-0.359,-0.07,8.287,4.10,22.80 ,not present ,0.00 ,0.00 ,
27/10/2024,23:30:00,22.75,-0.609,2.269,-0.45,1.00,-3.80,-0.352,-0.08,8.279,4.10,22.90 ,not present ,0.00 ,0.00 ,
27/10/2024,23:45:00,22.92,-0.431,2.353,-0.45,1.00,-3.80,-0.277,-0.05,8.272,4.10,23.10 ,not present ,0.00 ,0.00 ,
28/10/2024,00:00:00,22.49,0.212,2.096,-0.29,1.00,-3.80,-0.185,0.02,8.290,4.10,22.80 ,not present ,0.00 ,0.00 ,
28/10/2024,00:15:00,21.94,0.046,1.678,-0.21,1.00,-3.80,-0.065,0.00,8.308,4.10,22.00 ,not present ,0.00 ,0.00 ,
28/10/2024,00:30:00,21.46,0.065,1.406,-0.13,1.00,-3.80,-0.130,0.00,8.326,4.10,21.50 ,not present ,0.00 ,0.00 ,
28/10/2024,00:45:00,21.06,0.130,1.219,-0.07,1.00,-3.80,-0.023,0.01,8.341,4.09,20.90 ,not present ,0.00 ,0.00 ,
28/10/2024,01:00:00,20.76,0.045,1.157,-0.07,1.00,-3.80,-0.008,0.00,8.352,4.09,20.40 ,not present ,0.00 ,0.00 ,
28/10/2024,01:15:00,20.41,0.139,1.059,-0.03,1.00,-3.80,0.077,0.01,8.362,4.09,20.20 ,not present ,0.00 ,0.00 ,
28/10/2024,01:30:00,20.15,-0.146,0.888,-0.02,1.00,-3.80,0.010,-0.02,8.373,4.09,19.79 ,not present ,0.00 ,0.00 ,
28/10/2024,01:45:00,20.05,-0.104,0.000,0.00,1.00,-3.80,-0.028,-0.01,8.377,4.09,19.50 ,not present ,0.00 ,0.00 ,
28/10/2024,02:00:00,19.96,-0.077,0.000,0.00,1.00,-3.80,0.039,-0.01,8.381,4.09,19.50 ,not present ,0.00 ,0.00 ,
28/10/2024,02:15:00,19.88,-0.260,0.000,0.00,1.00,-3.80,-0.022,-0.03,8.384,4.09,19.20 ,not present ,0.00 ,0.00 ,
28/10/2024,02:30:00,19.83,-0.153,0.000,0.00,1.00,-3.80,0.072,-0.02,8.384,4.09,19.20 ,not present ,0.00 ,0.00 ,
28/10/2024,02:45:00,19.81,-0.321,0.000,0.00,1.00,-3.80,0.024,-0.04,8.384,4.09,19.00 ,not present ,0.00 ,0.00 ,
28/10/2024,03:00:00,19.83,-0.250,0.000,0.00,1.00,-3.80,0.000,-0.03,8.384,4.09,18.90 ,not present ,0.00 ,0.00 ,
28/10/2024,03:15:00,19.83,-0.251,0.000,0.00,1.00,-3.80,-0.003,-0.03,8.384,4.08,19.00 ,not present ,0.00 ,0.00 ,
28/10/2024,03:30:00,19.80,-0.191,0.000,0.00,1.00,-3.80,0.049,-0.02,8.384,4.08,19.00 ,not present ,0.00 ,0.00 ,
28/10/2024,03:45:00,19.69,-0.309,0.000,0.00,1.00,-3.80,0.008,-0.04,8.392,4.08,18.90 ,not present ,0.00 ,0.00 ,
28/10/2024,04:00:00,19.64,-0.229,0.000,0.00,1.00,-3.80,0.143,-0.03,8.392,4.08,18.79 ,not present ,0.00 ,0.00 ,
28/10/2024,04:15:00,19.59,-0.242,0.000,0.00,1.00,-3.80,0.102,-0.03,8.395,4.08,18.79 ,not present ,0.00 ,0.00 ,
28/10/2024,04:30:00,19.55,-0.256,0.000,0.00,1.00,-3.80,0.074,-0.03,8.395,4.08,18.70 ,not present ,0.00 ,0.00 ,
28/10/2024,04:45:00,19.48,-0.373,0.000,0.00,1.00,-3.80,0.131,-0.05,8.399,4.08,18.60 ,not present ,0.00 ,0.00 ,
28/10/2024,05:00:00,19.46,-0.408,0.000,0.00,1.00,-3.80,0.076,-0.05,8.399,4.08,18.70 ,not present ,0.00 ,0.00 ,
28/10/2024,05:15:00,19.45,-0.327,0.000,0.00,1.00,-3.80,0.118,-0.04,8.399,4.08,18.60 ,not present ,0.00 ,0.00 ,
28/10/2024,05:30:00,19.42,-0.508,0.000,0.00,1.00,-3.80,0.239,-0.07,8.399,4.08,18.60 ,not present ,0.00 ,0.00 ,
28/10/2024,05:45:00,19.40,-0.389,0.000,0.00,1.00,-3.80,0.188,-0.05,8.399,4.07,18.50 ,not present ,0.00 ,0.00 ,
28/10/2024,06:00:00,19.31,-0.309,0.000,0.00,1.00,-3.80,0.157,-0.04,8.403,4.07,18.50 ,not present ,0.00 ,0.00 ,
28/10/2024,06:15:00,19.17,-0.300,0.000,0.00,1.00,-3.80,0.187,-0.04,8.410,4.07,18.50 ,not present ,0.00 ,0.00 ,
28/10/2024,06:30:00,19.10,-0.411,0.000,0.00,1.00,-3.80,0.118,-0.05,8.410,4.07,18.40 ,not present ,0.00 ,0.00 ,
28/10/2024,06:45:00,19.05,-0.383,0.000,0.00,1.00,-3.80,0.090,-0.05,8.414,4.07,18.29 ,not present ,0.00 ,0.00 ,
28/10/2024,07:00:00,19.08,-0.396,0.000,0.00,1.00,-3.80,0.066,-0.05,8.414,4.07,18.40 ,not present ,0.00 ,0.00 ,
28/10/2024,07:15:00,18.98,-0.477,0.000,0.00,1.00,-3.80,0.129,-0.06,8.417,4.07,18.29 ,not present ,0.00 ,0.00 ,
28/10/2024,07:30:00,18.89,-0.397,0.000,0.00,1.00,-3.80,0.145,-0.05,8.421,4.07,18.20 ,not present ,0.00 ,0.00 ,
28/10/2024,07:45:00,18.86,-0.624,0.000,0.00,1.00,-3.80,0.194,-0.08,8.421,4.07,18.20 ,not present ,0.00 ,0.00 ,
28/10/2024,08:00:00,19.20,-1.140,0.000,0.00,1.00,-3.80,0.062,-0.15,8.406,4.06,18.50 ,not present ,0.00 ,0.00 ,
28/10/2024,08:15:00,19.90,-1.452,0.437,-0.06,1.00,-3.80,0.156,-0.19,8.381,4.06,19.50 ,not present ,0.00 ,0.00 ,
28/10/2024,08:30:00,20.41,-1.384,0.817,-0.17,1.00,-3.80,0.282,-0.18,8.362,4.06,20.00 ,not present ,0.00 ,0.00 ,
28/10/2024,08:45:00,20.86,-1.072,1.261,-0.25,1.00,-3.80,-0.002,-0.14,8.348,4.06,20.70 ,not present ,0.00 ,0.00 ,
28/10/2024,09:00:00,21.25,-0.788,1.635,-0.32,1.00,-3.80,-0.302,-0.10,8.333,4.06,21.10 ,not present ,0.00 ,0.00 ,
28/10/2024,09:15:00,21.58,-0.623,1.728,-0.32,1.00,-3.80,-0.283,-0.08,8.323,4.06,21.70 ,not present ,0.00 ,0.00 ,
28/10/2024,09:30:00,21.72,0.023,2.018,-0.31,1.00,-3.80,-0.192,0.00,8.315,4.06,22.00 ,not present ,0.00 ,0.00 ,
28/10/2024,09:45:00,21.64,-0.863,1.521,-0.29,1.00,-3.80,-0.504,-0.11,8.319,4.06,21.90 ,not present ,0.00 ,0.00 ,
28/10/2024,10:00:00,22.18,-0.850,1.425,-0.25,1.00,-3.80,-0.317,-0.11,8.301,4.06,22.50 ,not present ,0.00 ,0.00 ,
28/10/2024,10:15:00,22.56,-0.837,1.278,-0.21,1.00,-3.80,-0.425,-0.11,8.287,4.05,22.90 ,not present ,0.00 ,0.00 ,
28/10/2024,10:30:00,22.87,-0.666,1.285,-0.18,1.00,-3.80,-0.306,-0.09,8.276,4.05,23.20 ,not present ,0.00 ,0.00 ,
28/10/2024,10:45:00,23.13,-0.663,1.297,-0.18,1.00,-3.80,-0.255,-0.08,8.265,4.05,23.50 ,not present ,0.00 ,0.00 ,
28/10/2024,11:00:00,23.47,-0.655,1.292,-0.18,1.00,-3.80,-0.427,-0.08,8.254,4.05,23.90 ,not present ,0.00 ,0.00 ,
28/10/2024,11:15:00,23.95,-0.918,1.348,-0.22,1.00,-3.80,-0.384,-0.12,8.237,4.05,24.30 ,not present ,0.00 ,0.00 ,
28/10/2024,11:30:00,24.68,-0.956,1.348,-0.22,1.00,-3.80,-0.413,-0.12,8.212,4.05,24.90 ,not present ,0.00 ,0.00 ,
28/10/2024,11:45:00,25.48,-1.108,1.596,-0.30,1.00,-3.80,-0.547,-0.14,8.184,4.05,25.80 ,not present ,0.00 ,0.00 ,
28/10/2024,12:00:00,26.44,-0.864,1.925,-0.34,1.00,-3.80,-0.334,-0.11,8.148,4.05,26.90 ,not present ,0.00 ,0.00 ,
28/10/2024,12:15:00,26.66,-0.985,1.936,-0.35,1.00,-3.80,-0.553,-0.13,8.141,4.04,27.70 ,not present ,0.00 ,0.00 ,
28/10/2024,12:30:00,26.74,-0.784,2.204,-0.39,1.00,-3.80,-0.405,-0.10,8.137,4.04,28.10 ,not present ,0.00 ,0.00 ,
28/10/2024,12:45:00,26.70,-0.714,2.175,-0.37,1.00,-3.80,-0.418,-0.09,8.137,4.04,28.20 ,not present ,0.00 ,0.00 ,
28/10/2024,13:00:00,26.69,-0.755,2.354,-0.43,1.00,-3.80,-0.507,-0.10,8.141,4.04,28.30 ,not present ,0.00 ,0.00 ,
28/10/2024,13:15:00,26.89,-1.067,2.147,-0.41,1.00,-3.80,-0.584,-0.14,8.134,4.04,28.30 ,not present ,0.00 ,0.00 ,
28/10/2024,13:30:00,26.91,-0.481,2.484,-0.42,1.00,-3.80,-0.387,-0.06,8.130,4.04,28.40 ,not present ,0.00 ,0.00 ,
28/10/2024,13:45:00,26.82,-0.624,2.430,-0.42,1.00,-3.80,-0.602,-0.08,8.134,4.04,28.50 ,not present ,0.00 ,0.00 ,
28/10/2024,14:00:00,26.80,-0.658,2.420,-0.43,1.00,-3.80,-0.406,-0.08,8.134,4.04,28.40 ,not present ,0.00 ,0.00 ,
28/10/2024,14:15:00,26.60,-0.478,2.384,-0.40,1.00,-3.80,-0.367,-0.06,8.141,4.04,28.30 ,not present ,0.00 ,0.00 ,
28/10/2024,14:30:00,26.59,-0.533,2.378,-0.40,1.00,-3.80,-0.434,-0.07,8.145,4.04,28.30 ,not present ,0.00 ,0.00 ,
28/10/2024,14:45:00,26.40,-0.699,2.230,-0.39,1.00,-3.80,-0.350,-0.09,8.148,4.04,28.20 ,not present ,0.00 ,0.00 ,
28/10/2024,15:00:00,26.30,0.791,2.918,-0.37,1.00,-3.80,0.068,0.10,8.152,4.04,28.00 ,not present ,0.00 ,0.00 ,
28/10/2024,15:15:00,25.38,-0.343,2.070,-0.32,1.00,-3.80,-0.522,-0.04,8.187,4.03,27.70 ,not present ,0.00 ,0.00 ,
28/10/2024,15:30:00,25.00,-0.585,1.800,-0.28,1.00,-3.80,-0.609,-0.07,8.198,4.03,27.20 ,not present ,0.00 ,0.00 ,
28/10/2024,15:45:00,24.87,-0.489,1.749,-0.26,1.00,-3.80,-0.453,-0.06,8.205,4.03,26.70 ,not present ,0.00 ,0.00 ,
28/10/2024,16:00:00,24.60,-0.694,1.625,-0.26,1.00,-3.80,-0.547,-0.09,8.212,4.03,26.30 ,not present ,0.00 ,0.00 ,
28/10/2024,16:15:00,24.53,-0.723,1.676,-0.28,1.00,-3.80,-0.514,-0.09,8.215,4.03,26.10 ,not present ,0.00 ,0.00 ,
28/10/2024,16:30:00,24.60,-0.627,1.680,-0.26,1.00,-3.80,-0.379,-0.08,8.212,4.03,26.00 ,not present ,0.00 ,0.00 ,
28/10/2024,16:45:00,24.33,-0.512,1.729,-0.26,1.00,-3.80,-0.331,-0.06,8.222,4.03,25.90 ,not present ,0.00 ,0.00 ,
28/10/2024,17:00:00,23.19,0.638,2.137,-0.24,1.00,-3.80,0.021,0.08,8.265,4.06,30.90 ,present ,11.83 ,98.70 ,
28/10/2024,17:15:00,23.38,-0.871,1.541,-0.27,1.00,-3.80,-0.349,-0.11,8.258,4.07,31.30 ,present ,11.80 ,99.00 ,
28/10/2024,17:30:00,23.61,-0.741,1.765,-0.31,1.00,-3.80,-0.454,-0.10,8.247,4.09,31.60 ,present ,11.80 ,99.30 ,
28/10/2024,17:45:00,23.93,0.265,2.027,-0.25,1.00,-3.80,0.197,0.03,8.237,4.10,32.30 ,present ,11.77 ,99.90 ,
28/10/2024,18:00:00,23.70,-0.604,1.816,-0.31,1.00,-3.80,-0.234,-0.08,8.244,4.11,32.00 ,present ,11.79 ,97.80 ,
28/10/2024,18:15:00,23.75,0.165,2.137,-0.29,1.00,-3.80,0.092,0.02,8.244,4.13,32.00 ,present ,11.78 ,96.90 ,
28/10/2024,18:30:00,23.53,-0.593,1.831,-0.31,1.00,-3.80,-0.172,-0.08,8.251,4.15,31.90 ,present ,11.86 ,92.70 ,
28/10/2024,18:45:00,23.62,-0.503,2.052,-0.36,1.00,-3.80,-0.224,-0.06,8.247,4.15,28.90 ,present ,11.89 ,46.50 ,
28/10/2024,19:00:00,23.50,-0.425,2.205,-0.39,1.00,-3.80,-0.301,-0.05,8.251,4.15,27.40 ,present ,11.90 ,38.70 ,
28/10/2024,19:15:00,23.31,-0.325,2.122,-0.36,1.00,-3.80,-0.243,-0.04,8.258,4.15,26.80 ,present ,11.89 ,37.20 ,
28/10/2024,19:30:00,23.16,-0.414,2.148,-0.38,1.00,-3.80,-0.309,-0.05,8.265,4.15,26.20 ,present ,11.88 ,36.90 ,
28/10/2024,19:45:00,23.00,-0.421,2.179,-0.40,1.00,-3.80,-0.331,-0.05,8.269,4.15,25.90 ,present ,11.88 ,36.59 ,
28/10/2024,20:00:00,22.93,-0.483,2.145,-0.40,1.00,-3.80,-0.254,-0.06,8.272,4.15,25.80 ,present ,11.88 ,36.00 ,
28/10/2024,20:15:00,22.82,-0.417,2.095,-0.37,1.00,-3.80,-0.319,-0.05,8.276,4.15,25.60 ,present ,11.88 ,36.00 ,
28/10/2024,20:30:00,22.72,-0.282,2.207,-0.39,1.00,-3.80,-0.269,-0.03,8.279,4.15,25.30 ,present ,11.88 ,36.30 ,
28/10/2024,20:45:00,22.61,-0.434,2.210,-0.41,1.00,-3.80,-0.339,-0.05,8.283,4.15,25.30 ,present ,11.87 ,35.70 ,
28/10/2024,21:00:00,22.55,-0.264,2.148,-0.37,1.00,-3.80,-0.231,-0.03,8.287,4.15,25.10 ,present ,11.88 ,36.00 ,
28/10/2024,21:15:00,22.52,-0.174,2.228,-0.38,1.00,-3.80,-0.207,-0.02,8.287,4.15,25.00 ,present ,11.88 ,36.30 ,
28/10/2024,21:30:00,22.35,-0.245,2.165,-0.38,1.00,-3.80,-0.316,-0.03,8.294,4.15,25.00 ,present ,11.88 ,36.00 ,
28/10/2024,21:45:00,22.37,-0.567,1.968,-0.37,1.00,-3.80,-0.337,-0.07,8.294,4.15,24.70 ,present ,11.88 ,36.00 ,
28/10/2024,22:00:00,22.77,-0.534,2.041,-0.38,1.00,-3.80,-0.357,-0.07,8.279,4.15,24.80 ,present ,11.88 ,36.00 ,
28/10/2024,22:15:00,22.92,-0.406,2.119,-0.38,1.00,-3.80,-0.308,-0.05,8.272,4.15,25.10 ,present ,11.88 ,36.30 ,
28/10/2024,22:30:00,22.90,-0.369,2.139,-0.38,1.00,-3.80,-0.338,-0.05,8.272,4.15,25.00 ,present ,11.87 ,35.70 ,
28/10/2024,22:45:00,22.91,-0.447,2.085,-0.37,1.00,-3.80,-0.349,-0.06,8.272,4.15,25.00 ,present ,11.88 ,36.00 ,
28/10/2024,23:00:00,22.76,-0.257,2.086,-0.35,1.00,-3.80,-0.244,-0.03,8.279,4.15,25.00 ,present ,11.88 ,36.00 ,
28/10/2024,23:15:00,22.71,-0.522,2.059,-0.38,1.00,-3.80,-0.386,-0.07,8.279,4.15,25.00 ,present ,11.84 ,36.00 ,
28/10/2024,23:30:00,22.85,-0.523,1.964,-0.35,1.00,-3.80,-0.295,-0.07,8.276,4.15,25.00 ,present ,11.84 ,35.70 ,
28/10/2024,23:45:00,23.01,-0.620,1.952,-0.36,1.00,-3.80,-0.358,-0.08,8.269,4.15,25.10 ,present ,11.87 ,35.70 ,
29/10/2024,00:00:00,22.55,0.154,1.725,-0.20,1.00,-3.80,-0.169,0.02,8.287,4.15,24.70 ,present ,11.84 ,35.40 ,
29/10/2024,00:15:00,22.05,0.078,1.319,-0.10,1.00,-3.80,-0.025,0.01,8.305,4.15,23.90 ,present ,11.83 ,35.09 ,
29/10/2024,00:30:00,21.64,0.029,1.109,-0.05,1.00,-3.80,-0.121,0.00,8.319,4.15,23.50 ,present ,11.87 ,34.80 ,
29/10/2024,00:45:00,21.30,0.017,0.970,-0.01,1.00,-3.80,-0.081,0.00,8.330,4.15,22.80 ,present ,11.83 ,35.09 ,
29/10/2024,01:00:00,20.85,0.017,0.919,0.00,1.00,-3.80,-0.030,0.00,8.348,4.15,22.50 ,present ,11.83 ,35.09 ,
29/10/2024,01:15:00,20.47,0.055,0.000,0.00,1.00,-3.80,0.000,0.00,8.362,4.15,21.90 ,present ,11.83 ,35.09 ,
29/10/2024,01:30:00,20.21,-0.144,0.000,0.00,1.00,-3.80,0.049,-0.01,8.370,4.15,21.60 ,present ,11.83 ,35.09 ,
29/10/2024,01:45:00,19.97,-0.242,0.000,0.00,1.00,-3.80,-0.014,-0.03,8.381,4.15,21.40 ,present ,11.83 ,34.80 ,
29/10/2024,02:00:00,19.75,-0.201,0.000,0.00,1.00,-3.80,0.101,-0.02,8.388,4.15,21.10 ,present ,11.83 ,35.09 ,
29/10/2024,02:15:00,19.65,-0.300,0.000,0.00,1.00,-3.80,-0.005,-0.04,8.392,4.15,20.80 ,present ,11.83 ,35.09 ,
29/10/2024,02:30:00,19.56,-0.293,0.000,0.00,1.00,-3.80,0.044,-0.04,8.395,4.15,20.70 ,present ,11.83 ,34.80 ,
29/10/2024,02:45:00,19.47,-0.408,0.000,0.00,1.00,-3.80,0.129,-0.05,8.399,4.15,20.60 ,present ,11.83 ,35.09 ,
29/10/2024,03:00:00,19.42,-0.230,0.000,0.00,1.00,-3.80,0.070,-0.03,8.399,4.15,20.60 ,present ,11.80 ,35.09 ,
29/10/2024,03:15:00,19.30,-0.274,0.000,0.00,1.00,-3.80,0.201,-0.03,8.403,4.15,20.40 ,present ,11.83 ,35.09 ,
29/10/2024,03:30:00,19.25,-0.362,0.000,0.00,1.00,-3.80,0.149,-0.04,8.406,4.15,20.40 ,present ,11.83 ,35.09 ,
29/10/2024,03:45:00,19.20,-0.357,0.000,0.00,1.00,-3.80,0.199,-0.04,8.406,4.15,20.29 ,present ,11.83 ,35.09 ,
29/10/2024,04:00:00,19.12,-0.301,0.000,0.00,1.00,-3.80,0.330,-0.04,8.410,4.15,20.20 ,present ,11.80 ,35.09 ,
29/10/2024,04:15:00,18.99,-0.393,0.000,0.00,1.00,-3.80,0.085,-0.05,8.417,4.15,20.20 ,present ,11.80 ,34.80 ,
29/10/2024,04:30:00,18.89,-0.359,0.000,0.00,1.00,-3.80,0.189,-0.04,8.421,4.15,20.00 ,present ,11.83 ,34.50 ,
29/10/2024,04:45:00,18.82,-0.320,0.000,0.00,1.00,-3.80,0.073,-0.04,8.421,4.15,20.00 ,present ,11.80 ,34.80 ,
29/10/2024,05:00:00,18.74,-0.304,0.000,0.00,1.00,-3.80,0.228,-0.04,8.425,4.15,19.79 ,present ,11.80 ,35.09 ,
29/10/2024,05:15:00,18.67,-0.316,0.000,0.00,1.00,-3.80,0.168,-0.04,8.428,4.15,19.70 ,present ,11.80 ,35.40 ,
29/10/2024,05:30:00,18.55,-0.295,0.000,0.00,1.00,-3.80,0.192,-0.04,8.432,4.15,19.70 ,present ,11.80 ,35.09 ,
29/10/2024,05:45:00,18.43,-0.397,0.000,0.00,1.00,-3.80,0.233,-0.05,8.436,4.15,19.50 ,present ,11.80 ,35.40 ,
29/10/2024,06:00:00,18.37,-0.414,0.000,0.00,1.00,-3.80,0.176,-0.05,8.439,4.15,19.29 ,present ,11.80 ,35.09 ,
29/10/2024,06:15:00,18.35,-0.334,0.000,0.00,1.00,-3.80,0.047,-0.04,8.439,4.15,19.40 ,present ,11.80 ,35.09 ,
29/10/2024,06:30:00,18.34,-0.413,0.000,0.00,1.00,-3.80,0.201,-0.05,8.439,4.15,19.40 ,present ,11.80 ,35.09 ,
29/10/2024,06:45:00,18.29,-0.358,0.000,0.00,1.00,-3.80,0.255,-0.04,8.443,4.14,19.29 ,present ,11.80 ,35.09 ,
29/10/2024,07:00:00,18.27,-0.428,0.000,0.00,1.00,-3.80,0.040,-0.05,8.443,4.15,19.20 ,present ,11.80 ,35.09 ,
29/10/2024,07:15:00,18.20,-0.422,0.000,0.00,1.00,-3.80,0.209,-0.05,8.443,4.15,19.20 ,present ,11.77 ,35.70 ,
29/10/2024,07:30:00,18.05,-0.516,0.000,0.00,1.00,-3.80,0.315,-0.07,8.451,4.15,19.20 ,present ,11.77 ,35.70 ,
29/10/2024,07:45:00,17.90,-0.461,0.000,0.00,1.00,-3.80,0.311,-0.06,8.454,4.15,19.20 ,present ,11.76 ,35.40 ,
29/10/2024,08:00:00,18.21,-1.046,0.000,0.00,1.00,-3.80,-0.067,-0.14,8.443,4.15,19.29 ,present ,11.77 ,36.00 ,
29/10/2024,08:15:00,18.88,-1.306,0.000,0.00,1.00,-3.80,0.148,-0.18,8.421,4.15,20.10 ,present ,11.77 ,36.59 ,
29/10/2024,08:30:00,19.48,-1.379,0.278,-0.01,1.00,-3.80,0.274,-0.18,8.399,4.15,20.70 ,present ,11.77 ,36.59 ,
29/10/2024,08:45:00,19.92,-1.358,0.368,-0.03,1.00,-3.80,0.292,-0.18,8.381,4.15,21.60 ,present ,11.77 ,36.30 ,
29/10/2024,09:00:00,20.27,-1.287,0.540,-0.07,1.00,-3.80,0.150,-0.17,8.370,4.15,22.10 ,present ,11.77 ,36.00 ,
29/10/2024,09:15:00,20.58,-1.209,0.704,-0.11,1.00,-3.80,0.058,-0.16,8.359,4.15,22.50 ,present ,11.77 ,36.59 ,
29/10/2024,09:30:00,20.86,-0.919,0.801,-0.10,1.00,-3.80,-0.068,-0.12,8.348,4.15,22.90 ,present ,11.77 ,36.30 ,
29/10/2024,09:45:00,21.31,-1.067,0.836,-0.12,1.00,-3.80,-0.217,-0.14,8.330,4.15,23.40 ,present ,11.77 ,36.00 ,
29/10/2024,10:00:00,22.17,-1.312,1.043,-0.21,1.00,-3.80,-0.344,-0.17,8.301,4.15,24.20 ,present ,11.78 ,36.90 ,
29/10/2024,10:15:00,22.82,-0.876,1.287,-0.21,1.00,-3.80,-0.267,-0.11,8.276,4.15,24.70 ,present ,11.78 ,36.90 ,
29/10/2024,10:30:00,22.87,-0.727,1.393,-0.22,1.00,-3.80,-0.401,-0.09,8.276,4.15,25.30 ,present ,11.77 ,36.30 ,
29/10/2024,10:45:00,22.80,-1.050,1.343,-0.25,1.00,-3.80,-0.706,-0.14,8.276,4.15,25.50 ,present ,11.77 ,36.30 ,
29/10/2024,11:00:00,22.95,-0.204,1.592,-0.20,1.00,-3.80,-0.102,-0.02,8.272,4.15,25.90 ,present ,11.77 ,36.59 ,
29/10/2024,11:15:00,23.08,-0.211,1.784,-0.26,1.00,-3.80,-0.209,-0.02,8.269,4.15,26.20 ,present ,11.77 ,36.00 ,
29/10/2024,11:30:00,23.31,-0.752,1.612,-0.28,1.00,-3.80,-0.579,-0.10,8.258,4.15,26.30 ,present ,11.77 ,36.00 ,
29/10/2024,11:45:00,23.60,-1.087,1.507,-0.29,1.00,-3.80,-0.669,-0.14,8.247,4.15,26.80 ,present ,11.77 ,36.30 ,
29/10/2024,12:00:00,23.84,-0.926,1.550,-0.28,1.00,-3.80,-0.493,-0.12,8.240,4.15,26.90 ,present ,11.77 ,36.30 ,
29/10/2024,12:15:00,23.97,-0.007,3.393,-0.65,1.00,-3.80,-0.064,0.00,8.237,4.15,26.90 ,present ,11.77 ,36.59 ,
29/10/2024,12:30:00,24.09,-0.651,1.988,-0.36,1.00,-3.80,-0.532,-0.08,8.233,4.15,27.20 ,present ,11.77 ,36.30 ,
29/10/2024,12:45:00,24.77,-0.975,1.900,-0.37,1.00,-3.80,-0.500,-0.13,8.208,4.15,27.70 ,present ,11.77 ,36.59 ,
29/10/2024,13:00:00,25.19,-0.801,2.126,-0.40,1.00,-3.80,-0.419,-0.10,8.194,4.15,28.10 ,present ,11.77 ,36.59 ,
29/10/2024,13:15:00,25.56,-0.683,2.251,-0.41,1.00,-3.80,-0.478,-0.09,8.180,4.15,28.40 ,present ,11.77 ,36.30 ,
29/10/2024,13:30:00,26.31,-0.896,2.877,-0.58,1.00,-3.80,-0.463,-0.11,8.152,4.15,29.10 ,present ,11.78 ,36.90 ,
29/10/2024,13:45:00,26.57,-0.716,2.683,-0.50,1.00,-3.80,-0.407,-0.09,8.145,4.15,29.70 ,present ,11.77 ,36.59 ,
29/10/2024,14:00:00,25.89,-0.763,2.372,-0.44,1.00,-3.80,-0.640,-0.10,8.168,4.15,29.50 ,present ,11.77 ,36.30 ,
29/10/2024,14:15:00,26.47,-0.559,2.514,-0.44,1.00,-3.80,-0.463,-0.07,8.148,4.15,29.40 ,present ,11.77 ,36.30 ,
29/10/2024,14:30:00,26.33,-0.716,2.500,-0.46,1.00,-3.80,-0.582,-0.09,8.152,4.15,29.50 ,present ,11.77 ,36.30 ,
29/10/2024,14:45:00,26.28,-0.327,2.497,-0.41,1.00,-3.80,-0.253,-0.04,8.154,4.15,29.50 ,present ,11.77 ,36.00 ,
29/10/2024,15:00:00,26.17,-0.669,2.490,-0.46,1.00,-3.80,-0.469,-0.08,8.159,4.15,29.40 ,present ,11.73 ,36.00 ,
29/10/2024,15:15:00,25.60,0.360,2.867,-0.43,1.00,-3.80,-0.123,0.04,8.175,4.15,29.30 ,present ,11.74 ,36.30 ,
29/10/2024,15:30:00,25.09,-0.788,2.097,-0.39,1.00,-3.80,-0.590,-0.10,8.198,4.15,28.90 ,present ,11.76 ,35.40 ,
29/10/2024,15:45:00,25.18,-0.920,2.000,-0.38,1.00,-3.80,-0.503,-0.12,8.194,4.15,28.50 ,present ,11.76 ,35.09 ,
29/10/2024,16:00:00,24.83,-1.010,1.860,-0.36,1.00,-3.80,-0.580,-0.13,8.205,4.15,28.30 ,present ,11.73 ,35.40 ,
29/10/2024,16:15:00,25.36,-0.748,2.246,-0.42,1.00,-3.80,-0.566,-0.10,8.187,4.15,28.30 ,present ,11.73 ,36.00 ,
29/10/2024,16:30:00,25.60,-0.525,2.061,-0.34,1.00,-3.80,-0.346,-0.07,8.175,4.15,28.40 ,present ,11.74 ,36.30 ,
29/10/2024,16:45:00,24.95,1.366,3.563,-0.49,1.00,-3.80,0.253,0.18,8.201,4.15,28.10 ,present ,11.73 ,36.00 ,
29/10/2024,17:00:00,24.74,0.547,2.342,-0.28,1.00,-3.80,0.263,0.07,8.208,4.15,27.60 ,present ,11.73 ,35.70 ,
29/10/2024,17:15:00,24.49,0.328,2.189,-0.27,1.00,-3.80,0.046,0.04,8.219,4.15,27.40 ,present ,11.73 ,35.40 ,
29/10/2024,17:30:00,24.49,0.422,2.155,-0.25,1.00,-3.80,0.231,0.05,8.219,4.15,27.30 ,present ,11.73 ,35.70 ,
29/10/2024,17:45:00,24.34,-0.597,1.731,-0.28,1.00,-3.80,-0.384,-0.08,8.222,4.15,27.20 ,present ,11.73 ,35.70 ,
29/10/2024,18:00:00,23.95,-0.605,1.756,-0.29,1.00,-3.80,-0.364,-0.08,8.237,4.15,26.80 ,present ,11.73 ,35.40 ,
29/10/2024,18:15:00,23.74,-0.519,1.803,-0.29,1.00,-3.80,-0.488,-0.07,8.244,4.15,26.70 ,present ,11.73 ,35.40 ,
29/10/2024,18:30:00,23.91,-0.349,1.899,-0.29,1.00,-3.80,-0.295,-0.04,8.237,4.15,26.40 ,present ,11.73 ,35.70 ,
29/10/2024,18:45:00,23.49,-0.428,1.910,-0.31,1.00,-3.80,-0.451,-0.05,8.254,4.15,26.30 ,present ,11.73 ,35.09 ,
29/10/2024,19:00:00,23.51,-0.415,1.973,-0.33,1.00,-3.80,-0.334,-0.05,8.251,4.14,25.20 ,not present ,0.00 ,0.00 ,
29/10/2024,19:15:00,23.34,-0.189,2.230,-0.37,1.00,-3.80,-0.294,-0.02,8.258,4.14,24.80 ,not present ,0.00 ,0.00 ,
29/10/2024,19:30:00,23.53,-0.465,1.920,-0.32,1.00,-3.80,-0.205,-0.06,8.251,4.14,24.30 ,not present ,0.00 ,0.00 ,
29/10/2024,19:45:00,23.55,-0.427,2.010,-0.34,1.00,-3.80,-0.242,-0.05,8.251,4.13,24.30 ,not present ,0.00 ,0.00 ,
29/10/2024,20:00:00,23.52,-0.573,1.930,-0.34,1.00,-3.80,-0.357,-0.07,8.251,4.13,24.30 ,not present ,0.00 ,0.00 ,
29/10/2024,20:15:00,23.84,-0.467,2.091,-0.36,1.00,-3.80,-0.349,-0.06,8.240,4.13,24.30 ,not present ,0.00 ,0.00 ,
29/10/2024,20:30:00,23.95,-0.380,2.200,-0.38,1.00,-3.80,-0.276,-0.05,8.237,4.13,24.40 ,not present ,0.00 ,0.00 ,
29/10/2024,20:45:00,23.92,-0.263,2.277,-0.38,1.00,-3.80,-0.310,-0.03,8.237,4.13,24.40 ,not present ,0.00 ,0.00 ,
29/10/2024,21:00:00,23.90,-0.579,2.085,-0.38,1.00,-3.80,-0.417,-0.07,8.237,4.13,24.60 ,not present ,0.00 ,0.00 ,
29/10/2024,21:15:00,24.06,-0.514,2.162,-0.39,1.00,-3.80,-0.285,-0.06,8.233,4.13,24.60 ,not present ,0.00 ,0.00 ,
29/10/2024,21:30:00,24.15,-0.531,2.165,-0.39,1.00,-3.80,-0.298,-0.07,8.229,4.13,24.60 ,not present ,0.00 ,0.00 ,
29/10/2024,21:45:00,24.13,-0.492,2.139,-0.37,1.00,-3.80,-0.384,-0.06,8.229,4.12,24.60 ,not present ,0.00 ,0.00 ,
29/10/2024,22:00:00,24.09,-0.353,2.114,-0.35,1.00,-3.80,-0.441,-0.04,8.233,4.12,24.60 ,not present ,0.00 ,0.00 ,
29/10/2024,22:15:00,24.01,-0.462,2.132,-0.37,1.00,-3.80,-0.424,-0.06,8.233,4.12,24.40 ,not present ,0.00 ,0.00 ,
29/10/2024,22:30:00,24.01,-0.532,2.109,-0.37,1.00,-3.80,-0.496,-0.07,8.233,4.12,24.50 ,not present ,0.00 ,0.00 ,
29/10/2024,22:45:00,23.94,-0.293,2.070,-0.33,1.00,-3.80,-0.178,-0.03,8.237,4.12,24.40 ,not present ,0.00 ,0.00 ,
29/10/2024,23:00:00,23.86,-0.421,2.022,-0.34,1.00,-3.80,-0.353,-0.05,8.240,4.12,24.40 ,not present ,0.00 ,0.00 ,
29/10/2024,23:15:00,23.84,-0.344,1.968,-0.31,1.00,-3.80,-0.244,-0.04,8.240,4.12,24.30 ,not present ,0.00 ,0.00 ,
29/10/2024,23:30:00,23.90,-0.529,2.016,-0.35,1.00,-3.80,-0.368,-0.07,8.237,4.12,24.40 ,not present ,0.00 ,0.00 ,
29/10/2024,23:45:00,23.94,-0.437,1.973,-0.33,1.00,-3.80,-0.457,-0.05,8.237,4.11,24.30 ,not present ,0.00 ,0.00 ,
30/10/2024,00:00:00,23.37,0.130,1.788,-0.21,1.00,-3.80,-0.132,0.01,8.258,4.11,24.00 ,not present ,0.00 ,0.00 ,
30/10/2024,00:15:00,22.77,0.096,1.356,-0.10,1.00,-3.80,-0.050,0.01,8.279,4.11,23.20 ,not present ,0.00 ,0.00 ,
30/10/2024,00:30:00,22.28,0.184,1.171,-0.04,1.00,-3.80,-0.151,0.02,8.297,4.11,22.40 ,not present ,0.00 ,0.00 ,
30/10/2024,00:45:00,21.80,-0.097,1.067,-0.05,1.00,-3.80,-0.023,-0.01,8.312,4.11,21.80 ,not present ,0.00 ,0.00 ,
30/10/2024,01:00:00,21.46,-0.014,0.975,-0.02,1.00,-3.80,-0.088,0.00,8.326,4.11,21.40 ,not present ,0.00 ,0.00 ,
30/10/2024,01:15:00,21.14,-0.073,0.865,0.00,1.00,-3.80,-0.099,-0.01,8.337,4.11,21.00 ,not present ,0.00 ,0.00 ,
30/10/2024,01:30:00,20.92,-0.028,0.000,0.00,1.00,-3.80,0.050,0.00,8.344,4.11,20.60 ,not present ,0.00 ,0.00 ,
30/10/2024,01:45:00,20.61,0.048,0.000,0.00,1.00,-3.80,0.153,0.00,8.355,4.11,20.29 ,not present ,0.00 ,0.00 ,
30/10/2024,02:00:00,20.26,-0.111,0.000,0.00,1.00,-3.80,0.090,-0.01,8.370,4.11,20.00 ,not present ,0.00 ,0.00 ,
30/10/2024,02:15:00,19.96,-0.128,0.000,0.00,1.00,-3.80,-0.003,-0.01,8.381,4.10,19.70 ,not present ,0.00 ,0.00 ,
30/10/2024,02:30:00,19.95,-0.131,0.000,0.00,1.00,-3.80,0.032,-0.01,8.381,4.10,19.40 ,not present ,0.00 ,0.00 ,
30/10/2024,02:45:00,19.88,-0.242,0.000,0.00,1.00,-3.80,-0.012,-0.03,8.384,4.10,19.40 ,not present ,0.00 ,0.00 ,
30/10/2024,03:00:00,19.75,-0.183,0.000,0.00,1.00,-3.80,0.040,-0.02,8.388,4.10,19.00 ,not present ,0.00 ,0.00 ,
30/10/2024,03:15:00,19.65,-0.182,0.000,0.00,1.00,-3.80,0.180,-0.02,8.392,4.10,18.90 ,not present ,0.00 ,0.00 ,
30/10/2024,03:30:00,19.57,-0.166,0.000,0.00,1.00,-3.80,0.068,-0.02,8.395,4.10,18.79 ,not present ,0.00 ,0.00 ,
30/10/2024,03:45:00,19.47,-0.342,0.000,0.00,1.00,-3.80,0.155,-0.04,8.399,4.10,18.70 ,not present ,0.00 ,0.00 ,
30/10/2024,04:00:00,19.39,-0.275,0.000,0.00,1.00,-3.80,0.093,-0.03,8.403,4.10,18.60 ,not present ,0.00 ,0.00 ,
30/10/2024,04:15:00,19.25,-0.330,0.000,0.00,1.00,-3.80,0.143,-0.04,8.406,4.09,18.60 ,not present ,0.00 ,0.00 ,
30/10/2024,04:30:00,19.21,-0.372,0.000,0.00,1.00,-3.80,0.139,-0.05,8.406,4.09,18.50 ,not present ,0.00 ,0.00 ,
30/10/2024,04:45:00,19.20,-0.415,0.000,0.00,1.00,-3.80,0.140,-0.05,8.406,4.09,18.40 ,not present ,0.00 ,0.00 ,
30/10/2024,05:00:00,19.17,-0.293,0.000,0.00,1.00,-3.80,0.159,-0.04,8.410,4.09,18.40 ,not present ,0.00 ,0.00 ,
30/10/2024,05:15:00,19.17,-0.309,0.000,0.00,1.00,-3.80,0.165,-0.04,8.410,4.09,18.40 ,not present ,0.00 ,0.00 ,
30/10/2024,05:30:00,19.14,-0.381,0.000,0.00,1.00,-3.80,0.081,-0.05,8.410,4.09,18.29 ,not present ,0.00 ,0.00 ,
30/10/2024,05:45:00,19.15,-0.339,0.000,0.00,1.00,-3.80,0.180,-0.04,8.410,4.09,18.20 ,not present ,0.00 ,0.00 ,
30/10/2024,06:00:00,19.14,-0.361,0.000,0.00,1.00,-3.80,0.167,-0.04,8.410,4.09,18.20 ,not present ,0.00 ,0.00 ,
30/10/2024,06:15:00,19.11,-0.445,0.000,0.00,1.00,-3.80,0.140,-0.06,8.410,4.09,18.29 ,not present ,0.00 ,0.00 ,
30/10/2024,06:30:00,19.11,-0.393,0.000,0.00,1.00,-3.80,0.135,-0.05,8.410,4.09,18.29 ,not present ,0.00 ,0.00 ,
30/10/2024,06:45:00,19.09,-0.410,0.000,0.00,1.00,-3.80,0.145,-0.05,8.414,4.08,18.29 ,not present ,0.00 ,0.00 ,
30/10/2024,07:00:00,19.07,-0.400,0.000,0.00,1.00,-3.80,0.199,-0.05,8.414,4.08,18.20 ,not present ,0.00 ,0.00 ,
30/10/2024,07:15:00,19.11,-0.342,0.000,0.00,1.00,-3.80,0.181,-0.04,8.410,4.08,18.20 ,not present ,0.00 ,0.00 ,
30/10/2024,07:30:00,19.12,-0.465,0.000,0.00,1.00,-3.80,0.155,-0.06,8.410,4.08,18.40 ,not present ,0.00 ,0.00 ,
30/10/2024,07:45:00,18.99,-0.479,0.000,0.00,1.00,-3.80,0.382,-0.06,8.417,4.08,18.40 ,not present ,0.00 ,0.00 ,
30/10/2024,08:00:00,19.28,-1.163,0.000,0.00,1.00,-3.80,-0.096,-0.16,8.406,4.08,18.60 ,not present ,0.00 ,0.00 ,
30/10/2024,08:15:00,19.97,-1.247,0.000,0.00,1.00,-3.80,0.163,-0.17,8.381,4.08,19.50 ,not present ,0.00 ,0.00 ,
30/10/2024,08:30:00,20.53,-1.331,0.276,0.00,1.00,-3.80,0.300,-0.18,8.359,4.08,20.20 ,not present ,0.00 ,0.00 ,
30/10/2024,08:45:00,20.91,-1.400,0.365,-0.03,1.00,-3.80,0.211,-0.19,8.344,4.08,20.60 ,not present ,0.00 ,0.00 ,
30/10/2024,09:00:00,21.30,-1.388,0.468,-0.06,1.00,-3.80,0.230,-0.18,8.330,4.07,21.20 ,not present ,0.00 ,0.00 ,
30/10/2024,09:15:00,21.61,-1.268,0.600,-0.08,1.00,-3.80,0.204,-0.17,8.319,4.07,21.60 ,not present ,0.00 ,0.00 ,
30/10/2024,09:30:00,21.77,-1.056,0.754,-0.09,1.00,-3.80,-0.010,-0.14,8.315,4.07,21.90 ,not present ,0.00 ,0.00 ,
30/10/2024,09:45:00,22.00,-0.979,0.952,-0.14,1.00,-3.80,-0.113,-0.13,8.305,4.07,22.40 ,not present ,0.00 ,0.00 ,
30/10/2024,10:00:00,22.20,-0.913,1.153,-0.18,1.00,-3.80,-0.135,-0.12,8.297,4.07,22.70 ,not present ,0.00 ,0.00 ,
30/10/2024,10:15:00,22.35,-0.797,1.141,-0.16,1.00,-3.80,-0.276,-0.10,8.294,4.07,23.10 ,not present ,0.00 ,0.00 ,
30/10/2024,10:30:00,22.66,-0.770,1.189,-0.17,1.00,-3.80,-0.338,-0.10,8.283,4.07,23.40 ,not present ,0.00 ,0.00 ,
30/10/2024,10:45:00,22.76,-0.799,1.310,-0.21,1.00,-3.80,-0.374,-0.10,8.279,4.07,23.50 ,not present ,0.00 ,0.00 ,
30/10/2024,11:00:00,23.04,-0.847,1.314,-0.21,1.00,-3.80,-0.296,-0.11,8.269,4.07,23.80 ,not present ,0.00 ,0.00 ,
30/10/2024,11:15:00,23.26,-0.798,1.335,-0.21,1.00,-3.80,-0.254,-0.10,8.262,4.06,24.00 ,not present ,0.00 ,0.00 ,
30/10/2024,11:30:00,23.57,-0.747,1.372,-0.21,1.00,-3.80,-0.330,-0.10,8.251,4.06,24.30 ,not present ,0.00 ,0.00 ,
30/10/2024,11:45:00,23.85,-0.681,1.386,-0.20,1.00,-3.80,-0.280,-0.09,8.240,4.06,24.40 ,not present ,0.00 ,0.00 ,
30/10/2024,12:00:00,23.92,-0.470,1.584,-0.22,1.00,-3.80,-0.140,-0.06,8.237,4.06,24.70 ,not present ,0.00 ,0.00 ,
30/10/2024,12:15:00,23.90,-0.753,1.495,-0.24,1.00,-3.80,-0.454,-0.10,8.237,4.06,24.70 ,not present ,0.00 ,0.00 ,
30/10/2024,12:30:00,24.18,-0.840,1.479,-0.24,1.00,-3.80,-0.463,-0.11,8.229,4.06,25.00 ,not present ,0.00 ,0.00 ,
30/10/2024,12:45:00,24.46,-0.597,1.550,-0.23,1.00,-3.80,-0.354,-0.08,8.219,4.06,25.10 ,not present ,0.00 ,0.00 ,
30/10/2024,13:00:00,24.68,-0.955,1.467,-0.25,1.00,-3.80,-0.581,-0.12,8.212,4.06,25.50 ,not present ,0.00 ,0.00 ,
30/10/2024,13:15:00,24.80,-0.762,1.681,-0.28,1.00,-3.80,-0.510,-0.10,8.205,4.06,26.00 ,not present ,0.00 ,0.00 ,
30/10/2024,13:30:00,24.98,-0.818,1.793,-0.31,1.00,-3.80,-0.488,-0.11,8.201,4.06,26.20 ,not present ,0.00 ,0.00 ,
30/10/2024,13:45:00,25.34,0.673,2.236,-0.22,1.00,-3.80,0.237,0.09,8.187,4.05,26.60 ,not present ,0.00 ,0.00 ,
30/10/2024,14:00:00,25.60,-0.682,1.966,-0.33,1.00,-3.80,-0.450,-0.09,8.175,4.05,26.90 ,not present ,0.00 ,0.00 ,
30/10/2024,14:15:00,25.54,-0.806,1.842,-0.32,1.00,-3.80,-0.402,-0.10,8.180,4.05,26.80 ,not present ,0.00 ,0.00 ,
30/10/2024,14:30:00,25.43,-0.148,2.181,-0.32,1.00,-3.80,-0.167,-0.01,8.184,4.05,26.90 ,not present ,0.00 ,0.00 ,
30/10/2024,14:45:00,25.70,-0.735,2.218,-0.40,1.00,-3.80,-0.454,-0.09,8.173,4.05,26.90 ,not present ,0.00 ,0.00 ,
30/10/2024,15:00:00,25.63,-0.600,2.176,-0.38,1.00,-3.80,-0.468,-0.08,8.175,4.05,27.00 ,not present ,0.00 ,0.00 ,
30/10/2024,15:15:00,25.71,-0.649,2.202,-0.39,1.00,-3.80,-0.491,-0.08,8.173,4.05,27.00 ,not present ,0.00 ,0.00 ,
30/10/2024,15:30:00,25.86,-0.640,2.434,-0.44,1.00,-3.80,-0.358,-0.08,8.168,4.05,27.10 ,not present ,0.00 ,0.00 ,
30/10/2024,15:45:00,25.94,-0.318,2.582,-0.44,1.00,-3.80,-0.304,-0.04,8.166,4.04,27.20 ,not present ,0.00 ,0.00 ,
30/10/2024,16:00:00,25.91,-0.546,2.403,-0.42,1.00,-3.80,-0.414,-0.07,8.166,4.04,27.20 ,not present ,0.00 ,0.00 ,
30/10/2024,16:15:00,25.64,1.118,2.843,-0.32,1.00,-3.80,0.232,0.14,8.175,4.04,27.00 ,not present ,0.00 ,0.00 ,
30/10/2024,16:30:00,25.34,-0.577,2.072,-0.35,1.00,-3.80,-0.479,-0.07,8.187,4.04,26.80 ,not present ,0.00 ,0.00 ,
30/10/2024,16:45:00,25.11,-0.628,2.177,-0.39,1.00,-3.80,-0.378,-0.08,8.194,4.04,26.50 ,not present ,0.00 ,0.00 ,
30/10/2024,17:00:00,24.93,-0.411,2.071,-0.33,1.00,-3.80,-0.220,-0.05,8.201,4.04,26.30 ,not present ,0.00 ,0.00 ,
30/10/2024,17:15:00,24.60,-0.593,1.950,-0.33,1.00,-3.80,-0.438,-0.07,8.212,4.04,26.00 ,not present ,0.00 ,0.00 ,
30/10/2024,17:30:00,24.10,-0.947,1.477,-0.26,1.00,-3.80,-0.421,-0.12,8.229,4.09,36.90 ,present ,12.42 ,169.50 ,
30/10/2024,17:45:00,24.81,-0.932,1.597,-0.28,1.00,-3.80,-0.305,-0.12,8.205,4.12,39.30 ,present ,12.42 ,169.50 ,
30/10/2024,18:00:00,25.15,-0.799,1.684,-0.28,1.00,-3.80,-0.174,-0.10,8.194,4.15,37.90 ,present ,12.57 ,102.90 ,
30/10/2024,18:15:00,24.85,-0.693,1.630,-0.26,1.00,-3.80,-0.555,-0.09,8.205,4.15,31.80 ,present ,12.61 ,43.20 ,
30/10/2024,18:30:00,25.09,-0.521,1.745,-0.26,1.00,-3.80,-0.292,-0.07,8.198,4.15,29.50 ,present ,12.62 ,35.70 ,
30/10/2024,18:45:00,24.59,-0.429,1.883,-0.29,1.00,-3.80,-0.342,-0.05,8.215,4.15,28.30 ,present ,12.60 ,33.90 ,
30/10/2024,19:00:00,24.57,-0.516,2.032,-0.34,1.00,-3.80,-0.226,-0.06,8.215,4.15,27.70 ,present ,12.61 ,34.50 ,
30/10/2024,19:15:00,24.12,-0.560,1.917,-0.32,1.00,-3.80,-0.468,-0.07,8.229,4.15,27.30 ,present ,12.64 ,33.59 ,
30/10/2024,19:30:00,24.24,-0.476,2.057,-0.35,1.00,-3.80,-0.239,-0.06,8.226,4.15,27.00 ,present ,12.64 ,34.20 ,
30/10/2024,19:45:00,24.12,-0.385,2.141,-0.36,1.00,-3.80,-0.231,-0.05,8.229,4.15,27.10 ,present ,12.64 ,34.20 ,
30/10/2024,20:00:00,24.18,-0.624,1.994,-0.35,1.00,-3.80,-0.319,-0.08,8.229,4.15,26.80 ,present ,12.64 ,33.90 ,
30/10/2024,20:15:00,24.37,-0.435,2.079,-0.35,1.00,-3.80,-0.376,-0.05,8.222,4.15,26.90 ,present ,12.64 ,34.20 ,
30/10/2024,20:30:00,24.29,-0.310,2.238,-0.37,1.00,-3.80,-0.282,-0.04,8.226,4.15,26.90 ,present ,12.64 ,34.20 ,
30/10/2024,20:45:00,24.24,-0.362,2.174,-0.36,1.00,-3.80,-0.366,-0.04,8.226,4.15,26.80 ,present ,12.64 ,34.20 ,
30/10/2024,21:00:00,24.19,-0.432,2.065,-0.35,1.00,-3.80,-0.342,-0.05,8.229,4.15,26.90 ,present ,12.64 ,33.59 ,
30/10/2024,21:15:00,24.22,-0.293,2.193,-0.36,1.00,-3.80,-0.241,-0.03,8.226,4.15,26.80 ,present ,12.64 ,34.20 ,
30/10/2024,21:30:00,24.20,-0.358,2.141,-0.36,1.00,-3.80,-0.326,-0.04,8.226,4.15,26.70 ,present ,12.64 ,33.90 ,
30/10/2024,21:45:00,24.00,-0.228,2.051,-0.32,1.00,-3.80,-0.229,-0.03,8.233,4.15,26.70 ,present ,12.64 ,33.90 ,
30/10/2024,22:00:00,23.83,-0.445,2.178,-0.38,1.00,-3.80,-0.300,-0.06,8.240,4.15,26.40 ,present ,12.64 ,33.59 ,
30/10/2024,22:15:00,23.72,-0.445,1.942,-0.32,1.00,-3.80,-0.363,-0.06,8.244,4.15,26.30 ,present ,12.64 ,33.90 ,
30/10/2024,22:30:00,23.72,-0.530,1.976,-0.34,1.00,-3.80,-0.398,-0.07,8.244,4.15,26.10 ,present ,12.63 ,33.30 ,
30/10/2024,22:45:00,23.67,-0.306,2.068,-0.34,1.00,-3.80,-0.271,-0.04,8.247,4.15,26.20 ,present ,12.63 ,33.30 ,
30/10/2024,23:00:00,23.51,-0.404,1.865,-0.30,1.00,-3.80,-0.379,-0.05,8.251,4.15,26.10 ,present ,12.64 ,33.90 ,
30/10/2024,23:15:00,23.53,-0.401,1.820,-0.28,1.00,-3.80,-0.348,-0.05,8.251,4.15,26.10 ,present ,12.63 ,33.30 ,
30/10/2024,23:30:00,23.58,-0.479,1.795,-0.29,1.00,-3.80,-0.422,-0.06,8.251,4.15,26.00 ,present ,12.61 ,34.20 ,
30/10/2024,23:45:00,23.55,-0.607,1.767,-0.30,1.00,-3.80,-0.435,-0.08,8.251,4.15,26.00 ,present ,12.64 ,33.59 ,
31/10/2024,00:00:00,23.10,0.228,1.621,-0.15,1.00,-3.80,-0.097,0.03,8.265,4.15,25.60 ,present ,12.63 ,33.00 ,
31/10/2024,00:15:00,22.60,0.132,1.228,-0.06,1.00,-3.80,-0.095,0.01,8.283,4.15,24.70 ,present ,12.63 ,32.70 ,
31/10/2024,00:30:00,22.18,0.064,1.049,-0.02,1.00,-3.80,-0.143,0.00,8.301,4.15,24.10 ,present ,12.63 ,33.30 ,
31/10/2024,00:45:00,21.78,-0.098,0.933,-0.01,1.00,-3.80,-0.052,-0.01,8.315,4.15,23.60 ,present ,12.63 ,33.00 ,
31/10/2024,01:00:00,21.35,0.057,0.000,0.00,1.00,-3.80,0.012,0.00,8.330,4.15,23.20 ,present ,12.63 ,32.70 ,
31/10/2024,01:15:00,20.85,-0.011,0.000,0.00,1.00,-3.80,0.108,0.00,8.348,4.15,22.70 ,present ,12.60 ,33.00 ,
31/10/2024,01:30:00,20.43,0.001,0.000,0.00,1.00,-3.80,0.097,0.00,8.362,4.15,22.30 ,present ,12.60 ,33.00 ,
31/10/2024,01:45:00,20.14,-0.141,0.000,0.00,1.00,-3.80,-0.028,-0.01,8.373,4.15,21.80 ,present ,12.59 ,32.40 ,
31/10/2024,02:00:00,19.91,-0.100,0.000,0.00,1.00,-3.80,0.094,-0.01,8.381,4.15,21.50 ,present ,12.59 ,32.70 ,
31/10/2024,02:15:00,19.70,-0.286,0.000,0.00,1.00,-3.80,0.002,-0.03,8.388,4.15,21.10 ,present ,12.59 ,32.70 ,
31/10/2024,02:30:00,19.56,-0.272,0.000,0.00,1.00,-3.80,0.041,-0.03,8.395,4.15,21.00 ,present ,12.60 ,33.00 ,
31/10/2024,02:45:00,19.52,-0.211,0.000,0.00,1.00,-3.80,0.121,-0.02,8.395,4.15,20.80 ,present ,12.60 ,33.00 ,
31/10/2024,03:00:00,19.52,-0.297,0.000,0.00,1.00,-3.80,0.027,-0.04,8.395,4.15,20.80 ,present ,12.60 ,33.00 ,
31/10/2024,03:15:00,19.51,-0.146,0.000,0.00,1.00,-3.80,0.252,-0.02,8.395,4.15,20.60 ,present ,12.59 ,32.70 ,
31/10/2024,03:30:00,19.38,-0.299,0.000,0.00,1.00,-3.80,-0.018,-0.04,8.403,4.15,20.50 ,present ,12.60 ,33.00 ,
31/10/2024,03:45:00,19.24,-0.295,0.000,0.00,1.00,-3.80,0.091,-0.04,8.406,4.15,20.50 ,present ,12.60 ,33.00 ,
31/10/2024,04:00:00,19.26,-0.372,0.000,0.00,1.00,-3.80,0.106,-0.05,8.406,4.15,20.40 ,present ,12.60 ,33.00 ,
31/10/2024,04:15:00,19.27,-0.290,0.000,0.00,1.00,-3.80,0.085,-0.04,8.406,4.15,20.40 ,present ,12.60 ,33.00 ,
31/10/2024,04:30:00,19.24,-0.385,0.000,0.00,1.00,-3.80,0.273,-0.05,8.406,4.15,20.20 ,present ,12.56 ,33.00 ,
31/10/2024,04:45:00,19.14,-0.176,0.000,0.00,1.00,-3.80,0.317,-0.02,8.410,4.15,20.20 ,present ,12.56 ,32.70 ,
31/10/2024,05:00:00,19.03,-0.430,0.000,0.00,1.00,-3.80,0.145,-0.05,8.414,4.15,20.20 ,present ,12.59 ,32.70 ,
31/10/2024,05:15:00,19.03,-0.449,0.000,0.00,1.00,-3.80,0.179,-0.06,8.414,4.15,20.00 ,present ,12.56 ,33.00 ,
31/10/2024,05:30:00,18.91,-0.423,0.000,0.00,1.00,-3.80,0.104,-0.05,8.417,4.15,20.00 ,present ,12.56 ,33.00 ,
31/10/2024,05:45:00,18.94,-0.336,0.000,0.00,1.00,-3.80,0.162,-0.04,8.417,4.15,20.00 ,present ,12.56 ,33.00 ,
31/10/2024,06:00:00,18.95,-0.444,0.000,0.00,1.00,-3.80,0.130,-0.06,8.417,4.15,20.00 ,present ,12.56 ,33.00 ,
31/10/2024,06:15:00,18.93,-0.428,0.000,0.00,1.00,-3.80,0.188,-0.05,8.417,4.15,20.00 ,present ,12.56 ,33.00 ,
31/10/2024,06:30:00,18.93,-0.265,0.000,0.00,1.00,-3.80,0.159,-0.03,8.417,4.15,19.90 ,present ,12.56 ,33.00 ,
31/10/2024,06:45:00,18.91,-0.414,0.000,0.00,1.00,-3.80,0.134,-0.05,8.417,4.15,19.79 ,present ,12.56 ,32.70 ,
31/10/2024,07:00:00,18.88,-0.418,0.000,0.00,1.00,-3.80,0.206,-0.05,8.421,4.15,19.90 ,present ,12.56 ,32.70 ,
31/10/2024,07:15:00,18.89,-0.423,0.000,0.00,1.00,-3.80,0.164,-0.05,8.421,4.15,20.00 ,present ,12.56 ,33.00 ,
31/10/2024,07:30:00,18.84,-0.442,0.000,0.00,1.00,-3.80,0.259,-0.06,8.421,4.15,20.00 ,present ,12.56 ,33.30 ,
31/10/2024,07:45:00,18.74,-0.399,0.000,0.00,1.00,-3.80,0.327,-0.05,8.425,4.15,19.90 ,present ,12.56 ,33.00 ,
31/10/2024,08:00:00,19.10,-1.319,0.000,0.00,1.00,-3.80,-0.090,-0.18,8.410,4.15,20.20 ,present ,12.56 ,33.30 ,
31/10/2024,08:15:00,19.87,-1.525,0.000,0.00,1.00,-3.80,0.173,-0.20,8.384,4.15,21.10 ,present ,12.57 ,34.20 ,
31/10/2024,08:30:00,20.38,-1.492,0.262,-0.02,1.00,-3.80,0.409,-0.20,8.366,4.15,21.80 ,present ,12.57 ,34.20 ,
31/10/2024,08:45:00,20.68,-1.305,0.329,-0.01,1.00,-3.80,0.410,-0.17,8.355,4.15,22.50 ,present ,12.57 ,33.90 ,
31/10/2024,09:00:00,20.80,-1.314,0.385,-0.03,1.00,-3.80,0.195,-0.17,8.348,4.15,22.80 ,present ,12.54 ,34.20 ,
31/10/2024,09:15:00,21.05,-1.420,0.559,-0.09,1.00,-3.80,0.048,-0.19,8.341,4.15,23.20 ,present ,12.57 ,33.90 ,
31/10/2024,09:30:00,21.33,-1.039,0.574,-0.04,1.00,-3.80,0.190,-0.14,8.330,4.15,23.70 ,present ,12.54 ,34.20 ,
31/10/2024,09:45:00,21.61,-1.213,0.726,-0.11,1.00,-3.80,-0.142,-0.16,8.319,4.15,23.90 ,present ,12.57 ,34.20 ,
31/10/2024,10:00:00,21.90,-1.281,0.765,-0.13,1.00,-3.80,-0.192,-0.17,8.308,4.15,24.20 ,present ,12.57 ,34.20 ,
31/10/2024,10:15:00,22.45,-0.911,0.882,-0.11,1.00,-3.80,-0.149,-0.12,8.290,4.15,24.80 ,present ,12.57 ,34.50 ,
31/10/2024,10:30:00,22.76,-1.031,1.030,-0.16,1.00,-3.80,-0.373,-0.14,8.279,4.15,25.30 ,present ,12.54 ,34.50 ,
31/10/2024,10:45:00,23.05,-0.971,1.125,-0.18,1.00,-3.80,-0.382,-0.13,8.269,4.15,25.70 ,present ,12.57 ,34.50 ,
31/10/2024,11:00:00,23.28,-1.095,1.211,-0.21,1.00,-3.80,-0.475,-0.14,8.262,4.15,25.90 ,present ,12.57 ,34.20 ,
31/10/2024,11:15:00,23.79,-0.974,1.393,-0.24,1.00,-3.80,-0.675,-0.13,8.244,4.15,26.30 ,present ,12.57 ,34.20 ,
31/10/2024,11:30:00,23.77,-1.013,1.366,-0.24,1.00,-3.80,-0.652,-0.13,8.244,4.15,26.60 ,present ,12.57 ,33.90 ,
31/10/2024,11:45:00,23.90,0.503,1.712,-0.13,1.00,-3.80,0.240,0.06,8.237,4.15,26.90 ,present ,12.57 ,34.20 ,
31/10/2024,12:00:00,24.05,-0.137,2.293,-0.37,1.00,-3.80,-0.055,-0.01,8.233,4.15,27.10 ,present ,12.57 ,34.20 ,
31/10/2024,12:15:00,24.30,-1.118,1.396,-0.26,1.00,-3.80,-0.553,-0.15,8.222,4.15,27.20 ,present ,12.57 ,34.20 ,
31/10/2024,12:30:00,24.25,0.176,1.704,-0.17,1.00,-3.80,-0.185,0.02,8.226,4.15,27.30 ,present ,12.57 ,34.20 ,
31/10/2024,12:45:00,24.61,-0.720,1.617,-0.26,1.00,-3.80,-0.487,-0.09,8.212,4.15,27.40 ,present ,12.57 ,34.50 ,
31/10/2024,13:00:00,25.81,-1.273,1.371,-0.26,1.00,-3.80,-0.537,-0.17,8.168,4.15,27.90 ,present ,12.57 ,34.50 ,
31/10/2024,13:15:00,26.79,-0.848,1.857,-0.31,1.00,-3.80,-0.357,-0.11,8.137,4.15,28.80 ,present ,12.58 ,34.80 ,
31/10/2024,13:30:00,27.37,-0.679,2.123,-0.35,1.00,-3.80,-0.416,-0.09,8.116,4.15,29.70 ,present ,12.54 ,34.80 ,
31/10/2024,13:45:00,27.67,-0.499,2.157,-0.33,1.00,-3.80,-0.490,-0.06,8.107,4.15,30.00 ,present ,12.57 ,34.50 ,
31/10/2024,14:00:00,27.59,0.666,3.706,-0.55,1.00,-3.80,0.056,0.08,8.109,4.15,30.00 ,present ,12.57 ,34.20 ,
31/10/2024,14:15:00,27.14,-0.709,2.084,-0.34,1.00,-3.80,-0.433,-0.09,8.123,4.15,29.70 ,present ,12.57 ,33.90 ,
31/10/2024,14:30:00,27.27,0.313,2.248,-0.25,1.00,-3.80,0.057,0.04,8.121,4.15,29.70 ,present ,12.57 ,34.20 ,
31/10/2024,14:45:00,27.40,-0.420,2.148,-0.32,1.00,-3.80,-0.379,-0.05,8.114,4.15,29.80 ,present ,12.57 ,34.20 ,
31/10/2024,15:00:00,27.04,0.869,3.009,-0.37,1.00,-3.80,0.096,0.11,8.128,4.15,29.90 ,present ,12.57 ,34.20 ,
31/10/2024,15:15:00,26.25,-0.062,2.294,-0.32,1.00,-3.80,-0.216,0.00,8.154,4.15,29.50 ,present ,12.56 ,33.30 ,
31/10/2024,15:30:00,25.39,0.141,1.786,-0.18,1.00,-3.80,-0.072,0.01,8.187,4.15,29.10 ,present ,12.56 ,33.00 ,
31/10/2024,15:45:00,25.41,-0.546,1.818,-0.28,1.00,-3.80,-0.531,-0.07,8.184,4.15,28.80 ,present ,12.57 ,33.59 ,
31/10/2024,16:00:00,25.33,0.001,2.028,-0.26,1.00,-3.80,-0.349,0.00,8.187,4.15,28.70 ,present ,12.57 ,33.59 ,
31/10/2024,16:15:00,24.99,0.906,2.326,-0.22,1.00,-3.80,0.044,0.12,8.201,4.15,28.30 ,present ,12.56 ,33.30 ,
31/10/2024,16:30:00,25.12,-0.155,1.801,-0.23,1.00,-3.80,-0.191,-0.02,8.194,4.15,28.00 ,present ,12.56 ,33.00 ,
31/10/2024,16:45:00,25.38,-0.452,1.968,-0.31,1.00,-3.80,-0.406,-0.06,8.187,4.15,28.00 ,present ,12.53 ,33.59 ,
31/10/2024,17:00:00,25.46,-0.448,2.046,-0.32,1.00,-3.80,-0.319,-0.06,8.184,4.15,28.00 ,present ,12.53 ,33.90 ,
31/10/2024,17:15:00,25.42,-0.433,2.195,-0.36,1.00,-3.80,-0.377,-0.05,8.184,4.15,28.00 ,present ,12.56 ,33.30 ,
31/10/2024,17:30:00,25.28,-0.243,2.137,-0.32,1.00,-3.80,-0.375,-0.03,8.191,4.14,26.80 ,not present ,0.00 ,0.00 ,
31/10/2024,17:45:00,25.13,-0.291,2.129,-0.33,1.00,-3.80,-0.371,-0.03,8.194,4.14,26.10 ,not present ,0.00 ,0.00 ,
31/10/2024,18:00:00,24.86,-0.131,2.225,-0.34,1.00,-3.80,-0.168,-0.01,8.205,4.13,26.00 ,not present ,0.00 ,0.00 ,
31/10/2024,18:15:00,24.55,-0.100,2.334,-0.37,1.00,-3.80,-0.264,-0.01,8.215,4.13,25.80 ,not present ,0.00 ,0.00 ,
31/10/2024,18:30:00,24.18,-0.143,2.175,-0.34,1.00,-3.80,-0.256,-0.01,8.229,4.13,25.30 ,not present ,0.00 ,0.00 ,
31/10/2024,18:45:00,23.81,-0.096,2.110,-0.32,1.00,-3.80,-0.185,-0.01,8.240,4.13,24.90 ,not present ,0.00 ,0.00 ,
31/10/2024,19:00:00,23.69,-0.361,2.056,-0.34,1.00,-3.80,-0.320,-0.04,8.247,4.13,24.80 ,not present ,0.00 ,0.00 ,
31/10/2024,19:15:00,23.62,-0.287,2.157,-0.36,1.00,-3.80,-0.298,-0.03,8.247,4.13,24.50 ,not present ,0.00 ,0.00 ,
31/10/2024,19:30:00,23.27,0.722,2.715,-0.38,1.00,-3.80,0.096,0.09,8.262,4.13,24.30 ,not present ,0.00 ,0.00 ,
31/10/2024,19:45:00,22.86,-0.445,1.701,-0.27,1.00,-3.80,-0.395,-0.06,8.276,4.13,24.00 ,not present ,0.00 ,0.00 ,
31/10/2024,20:00:00,23.10,-0.315,1.876,-0.30,1.00,-3.80,-0.253,-0.04,8.265,4.13,23.80 ,not present ,0.00 ,0.00 ,
31/10/2024,20:15:00,23.13,-0.231,2.062,-0.33,1.00,-3.80,-0.318,-0.03,8.265,4.12,23.90 ,not present ,0.00 ,0.00 ,
31/10/2024,20:30:00,23.03,-0.468,2.207,-0.41,1.00,-3.80,-0.413,-0.06,8.269,4.12,23.80 ,not present ,0.00 ,0.00 ,
31/10/2024,20:45:00,22.90,-0.262,2.205,-0.38,1.00,-3.80,-0.248,-0.03,8.272,4.12,23.70 ,not present ,0.00 ,0.00 ,
31/10/2024,21:00:00,22.84,-0.319,2.192,-0.39,1.00,-3.80,-0.359,-0.04,8.276,4.12,23.70 ,not present ,0.00 ,0.00 ,
31/10/2024,21:15:00,22.74,-0.210,2.264,-0.40,1.00,-3.80,-0.265,-0.02,8.279,4.12,23.50 ,not present ,0.00 ,0.00 ,
31/10/2024,21:30:00,22.50,-0.447,2.055,-0.37,1.00,-3.80,-0.482,-0.06,8.287,4.12,23.40 ,not present ,0.00 ,0.00 ,
31/10/2024,21:45:00,22.54,-0.264,2.264,-0.41,1.00,-3.80,-0.269,-0.03,8.287,4.12,23.40 ,not present ,0.00 ,0.00 ,
31/10/2024,22:00:00,22.46,-0.340,2.116,-0.38,1.00,-3.80,-0.320,-0.04,8.290,4.12,23.20 ,not present ,0.00 ,0.00 ,
31/10/2024,22:15:00,22.36,-0.269,2.031,-0.34,1.00,-3.80,-0.356,-0.03,8.294,4.11,23.20 ,not present ,0.00 ,0.00 ,
31/10/2024,22:30:00,22.22,-0.315,2.151,-0.39,1.00,-3.80,-0.362,-0.04,8.297,4.11,23.00 ,not present ,0.00 ,0.00 ,
31/10/2024,22:45:00,22.17,-0.274,2.068,-0.36,1.00,-3.80,-0.286,-0.03,8.301,4.11,22.80 ,not present ,0.00 ,0.00 ,
31/10/2024,23:00:00,22.12,-0.390,2.045,-0.37,1.00,-3.80,-0.305,-0.05,8.301,4.11,22.80 ,not present ,0.00 ,0.00 ,
31/10/2024,23:15:00,22.27,-0.465,1.985,-0.36,1.00,-3.80,-0.350,-0.06,8.297,4.11,22.70 ,not present ,0.00 ,0.00 ,
31/10/2024,23:30:00,22.43,-0.443,1.975,-0.35,1.00,-3.80,-0.363,-0.06,8.290,4.11,22.80 ,not present ,0.00 ,0.00 ,
31/10/2024,23:45:00,22.60,-0.530,1.979,-0.36,1.00,-3.80,-0.340,-0.07,8.283,4.11,22.80 ,not present ,0.00 ,0.00 ,
01/11/2024,00:00:00,22.11,0.193,1.825,-0.23,1.00,-3.80,-0.159,0.02,8.301,4.11,22.40 ,not present ,0.00 ,0.00 ,
01/11/2024,00:15:00,21.55,0.159,1.459,-0.13,1.00,-3.80,-0.113,0.02,8.323,4.11,21.70 ,not present ,0.00 ,0.00 ,
01/11/2024,00:30:00,21.10,0.074,1.239,-0.09,1.00,-3.80,-0.111,0.01,8.337,4.10,20.90 ,not present ,0.00 ,0.00 ,
01/11/2024,00:45:00,20.76,0.060,1.103,-0.05,1.00,-3.80,-0.020,0.00,8.352,4.10,20.60 ,not present ,0.00 ,0.00 ,
01/11/2024,01:00:00,20.49,-0.059,1.013,-0.04,1.00,-3.80,-0.082,0.00,8.362,4.10,20.29 ,not present ,0.00 ,0.00 ,
01/11/2024,01:15:00,20.28,0.041,0.939,-0.01,1.00,-3.80,-0.052,0.00,8.370,4.10,19.79 ,not present ,0.00 ,0.00 ,
01/11/2024,01:30:00,20.11,-0.051,0.882,-0.01,1.00,-3.80,0.072,0.00,8.373,4.10,19.60 ,not present ,0.00 ,0.00 ,
01/11/2024,01:45:00,19.98,-0.174,0.809,0.00,1.00,-3.80,-0.065,-0.02,8.381,4.10,19.50 ,not present ,0.00 ,0.00 ,
01/11/2024,02:00:00,19.88,-0.059,0.000,0.00,1.00,-3.80,0.031,0.00,8.384,4.10,19.29 ,not present ,0.00 ,0.00 ,
01/11/2024,02:15:00,19.79,-0.102,0.000,0.00,1.00,-3.80,0.101,-0.01,8.388,4.10,19.00 ,not present ,0.00 ,0.00 ,
01/11/2024,02:30:00,19.74,-0.195,0.000,0.00,1.00,-3.80,-0.003,-0.02,8.388,4.10,18.90 ,not present ,0.00 ,0.00 ,
01/11/2024,02:45:00,19.68,-0.114,0.000,0.00,1.00,-3.80,0.122,-0.01,8.392,4.09,19.00 ,not present ,0.00 ,0.00 ,
01/11/2024,03:00:00,19.63,-0.216,0.000,0.00,1.00,-3.80,0.032,-0.02,8.392,4.09,18.79 ,not present ,0.00 ,0.00 ,
01/11/2024,03:15:00,19.60,-0.306,0.000,0.00,1.00,-3.80,0.122,-0.04,8.392,4.09,18.70 ,not present ,0.00 ,0.00 ,
01/11/2024,03:30:00,19.57,-0.300,0.000,0.00,1.00,-3.80,0.002,-0.04,8.395,4.09,18.70 ,not present ,0.00 ,0.00 ,
01/11/2024,03:45:00,19.53,-0.263,0.000,0.00,1.00,-3.80,0.082,-0.03,8.395,4.09,18.70 ,not present ,0.00 ,0.00 ,
01/11/2024,04:00:00,19.50,-0.184,0.000,0.00,1.00,-3.80,0.051,-0.02,8.395,4.09,18.60 ,not present ,0.00 ,0.00 ,
01/11/2024,04:15:00,19.48,-0.219,0.000,0.00,1.00,-3.80,0.079,-0.03,8.399,4.09,18.60 ,not present ,0.00 ,0.00 ,
01/11/2024,04:30:00,19.45,-0.181,0.000,0.00,1.00,-3.80,0.152,-0.02,8.399,4.09,18.60 ,not present ,0.00 ,0.00 ,
01/11/2024,04:45:00,19.42,-0.223,0.000,0.00,1.00,-3.80,0.140,-0.03,8.399,4.09,18.60 ,not present ,0.00 ,0.00 ,
01/11/2024,05:00:00,19.42,-0.284,0.000,0.00,1.00,-3.80,0.106,-0.03,8.399,4.09,18.50 ,not present ,0.00 ,0.00 ,
01/11/2024,05:15:00,19.40,-0.198,0.000,0.00,1.00,-3.80,0.179,-0.02,8.399,4.08,18.60 ,not present ,0.00 ,0.00 ,
01/11/2024,05:30:00,19.39,-0.297,0.000,0.00,1.00,-3.80,0.182,-0.04,8.403,4.08,18.50 ,not present ,0.00 ,0.00 ,
01/11/2024,05:45:00,19.38,-0.334,0.000,0.00,1.00,-3.80,0.204,-0.04,8.403,4.08,18.60 ,not present ,0.00 ,0.00 ,
01/11/2024,06:00:00,19.36,-0.389,0.000,0.00,1.00,-3.80,0.082,-0.05,8.403,4.08,18.60 ,not present ,0.00 ,0.00 ,
01/11/2024,06:15:00,19.35,-0.401,0.000,0.00,1.00,-3.80,0.169,-0.05,8.403,4.08,18.60 ,not present ,0.00 ,0.00 ,
01/11/2024,06:30:00,19.33,-0.443,0.000,0.00,1.00,-3.80,0.124,-0.06,8.403,4.08,18.50 ,not present ,0.00 ,0.00 ,
01/11/2024,06:45:00,19.31,-0.356,0.000,0.00,1.00,-3.80,0.200,-0.04,8.403,4.08,18.40 ,not present ,0.00 ,0.00 ,
01/11/2024,07:00:00,19.32,-0.435,0.000,0.00,1.00,-3.80,0.084,-0.06,8.403,4.08,18.40 ,not present ,0.00 ,0.00 ,
01/11/2024,07:15:00,19.35,-0.348,0.000,0.00,1.00,-3.80,0.176,-0.04,8.403,4.08,18.50 ,not present ,0.00 ,0.00 ,
01/11/2024,07:30:00,19.37,-0.434,0.000,0.00,1.00,-3.80,0.246,-0.05,8.403,4.07,18.60 ,not present ,0.00 ,0.00 ,
01/11/2024,07:45:00,19.24,-0.347,0.000,0.00,1.00,-3.80,0.445,-0.04,8.406,4.07,18.60 ,not present ,0.00 ,0.00 ,
01/11/2024,08:00:00,19.42,-1.134,0.350,0.00,1.00,-3.80,-0.019,-0.15,8.399,4.07,18.60 ,not present ,0.00 ,0.00 ,
01/11/2024,08:15:00,19.91,-1.263,0.546,-0.07,1.00,-3.80,0.025,-0.17,8.381,4.07,19.40 ,not present ,0.00 ,0.00 ,
01/11/2024,08:30:00,20.27,-1.030,0.958,-0.16,1.00,-3.80,-0.024,-0.14,8.370,4.07,20.00 ,not present ,0.00 ,0.00 ,
01/11/2024,08:45:00,20.51,-0.836,1.325,-0.24,1.00,-3.80,-0.143,-0.11,8.359,4.07,20.60 ,not present ,0.00 ,0.00 ,
01/11/2024,09:00:00,20.68,-0.631,1.507,-0.27,1.00,-3.80,-0.390,-0.08,8.355,4.07,20.90 ,not present ,0.00 ,0.00 ,
01/11/2024,09:15:00,20.82,-0.465,1.594,-0.27,1.00,-3.80,-0.262,-0.06,8.348,4.07,21.30 ,not present ,0.00 ,0.00 ,
01/11/2024,09:30:00,21.03,-0.705,1.611,-0.30,1.00,-3.80,-0.485,-0.09,8.341,4.07,21.40 ,not present ,0.00 ,0.00 ,
01/11/2024,09:45:00,21.08,-0.738,1.559,-0.29,1.00,-3.80,-0.418,-0.10,8.341,4.06,21.50 ,not present ,0.00 ,0.00 ,
01/11/2024,10:00:00,21.07,-0.350,1.617,-0.26,1.00,-3.80,-0.347,-0.04,8.341,4.06,21.70 ,not present ,0.00 ,0.00 ,
01/11/2024,10:15:00,21.18,-0.727,1.480,-0.27,1.00,-3.80,-0.481,-0.09,8.337,4.06,21.90 ,not present ,0.00 ,0.00 ,
01/11/2024,10:30:00,21.29,-0.753,1.620,-0.31,1.00,-3.80,-0.488,-0.10,8.333,4.06,22.00 ,not present ,0.00 ,0.00 ,
01/11/2024,10:45:00,21.38,-0.673,1.526,-0.27,1.00,-3.80,-0.444,-0.09,8.330,4.06,22.00 ,not present ,0.00 ,0.00 ,
01/11/2024,11:00:00,21.56,-0.716,1.636,-0.30,1.00,-3.80,-0.402,-0.09,8.323,4.06,22.40 ,not present ,0.00 ,0.00 ,
01/11/2024,11:15:00,21.46,-0.520,1.697,-0.30,1.00,-3.80,-0.388,-0.07,8.326,4.06,22.50 ,not present ,0.00 ,0.00 ,
01/11/2024,11:30:00,21.72,-0.287,1.811,-0.29,1.00,-3.80,-0.155,-0.03,8.315,4.06,22.60 ,not present ,0.00 ,0.00 ,
01/11/2024,11:45:00,21.93,-0.716,1.760,-0.33,1.00,-3.80,-0.426,-0.09,8.308,4.06,22.70 ,not present ,0.00 ,0.00 ,
01/11/2024,12:00:00,22.16,-0.690,1.801,-0.34,1.00,-3.80,-0.471,-0.09,8.301,4.06,23.00 ,not present ,0.00 ,0.00 ,
01/11/2024,12:15:00,22.41,-0.720,1.876,-0.36,1.00,-3.80,-0.471,-0.09,8.290,4.05,23.20 ,not present ,0.00 ,0.00 ,
01/11/2024,12:30:00,22.62,-0.662,1.982,-0.38,1.00,-3.80,-0.451,-0.08,8.283,4.05,23.30 ,not present ,0.00 ,0.00 ,
01/11/2024,12:45:00,22.69,-0.473,2.001,-0.36,1.00,-3.80,-0.461,-0.06,8.283,4.05,23.60 ,not present ,0.00 ,0.00 ,
01/11/2024,13:00:00,22.72,-0.413,2.167,-0.40,1.00,-3.80,-0.302,-0.05,8.279,4.05,23.80 ,not present ,0.00 ,0.00 ,
01/11/2024,13:15:00,22.56,-0.540,2.067,-0.39,1.00,-3.80,-0.392,-0.07,8.287,4.05,23.80 ,not present ,0.00 ,0.00 ,
01/11/2024,13:30:00,22.68,-0.516,2.160,-0.41,1.00,-3.80,-0.332,-0.07,8.283,4.05,23.70 ,not present ,0.00 ,0.00 ,
01/11/2024,13:45:00,22.65,-0.499,2.201,-0.42,1.00,-3.80,-0.273,-0.06,8.283,4.05,24.00 ,not present ,0.00 ,0.00 ,
01/11/2024,14:00:00,22.75,-0.460,2.365,-0.46,1.00,-3.80,-0.323,-0.06,8.279,4.05,23.80 ,not present ,0.00 ,0.00 ,
01/11/2024,14:15:00,22.79,-0.652,2.181,-0.43,1.00,-3.80,-0.461,-0.08,8.279,4.04,23.80 ,not present ,0.00 ,0.00 ,
01/11/2024,14:30:00,22.72,-0.399,2.254,-0.42,1.00,-3.80,-0.427,-0.05,8.279,4.04,23.90 ,not present ,0.00 ,0.00 ,
01/11/2024,14:45:00,22.75,-0.406,2.220,-0.41,1.00,-3.80,-0.202,-0.05,8.279,4.04,23.70 ,not present ,0.00 ,0.00 ,
01/11/2024,15:00:00,22.60,-0.339,2.580,-0.50,1.00,-3.80,-0.262,-0.04,8.283,4.04,23.70 ,not present ,0.00 ,0.00 ,
01/11/2024,15:15:00,22.53,-0.593,2.324,-0.47,1.00,-3.80,-0.345,-0.08,8.287,4.04,23.60 ,not present ,0.00 ,0.00 ,
01/11/2024,15:30:00,22.46,-0.497,2.339,-0.46,1.00,-3.80,-0.318,-0.06,8.290,4.04,23.60 ,not present ,0.00 ,0.00 ,
01/11/2024,15:45:00,22.43,-0.416,2.365,-0.46,1.00,-3.80,-0.463,-0.05,8.290,4.04,23.60 ,not present ,0.00 ,0.00 ,
01/11/2024,16:00:00,22.47,-0.282,2.491,-0.47,1.00,-3.80,-0.261,-0.03,8.290,4.04,23.70 ,not present ,0.00 ,0.00 ,
01/11/2024,16:15:00,22.54,-0.369,2.473,-0.48,1.00,-3.80,-0.411,-0.05,8.287,4.04,23.60 ,not present ,0.00 ,0.00 ,
01/11/2024,16:30:00,22.54,-0.438,2.433,-0.48,1.00,-3.80,-0.468,-0.05,8.287,4.04,23.50 ,not present ,0.00 ,0.00 ,
01/11/2024,16:45:00,22.45,-0.525,2.479,-0.50,1.00,-3.80,-0.386,-0.07,8.290,4.04,23.50 ,not present ,0.00 ,0.00 ,
01/11/2024,17:00:00,22.31,-0.469,2.452,-0.49,1.00,-3.80,-0.355,-0.06,8.294,4.04,23.40 ,not present ,0.00 ,0.00 ,
01/11/2024,17:15:00,22.16,-0.158,2.537,-0.48,1.00,-3.80,-0.149,-0.02,8.301,4.04,23.30 ,not present ,0.00 ,0.00 ,
01/11/2024,17:30:00,22.04,-0.421,2.501,-0.50,1.00,-3.80,-0.481,-0.05,8.305,4.04,23.00 ,not present ,0.00 ,0.00 ,
01/11/2024,17:45:00,22.10,-0.349,2.469,-0.48,1.00,-3.80,-0.312,-0.04,8.301,4.03,23.10 ,not present ,0.00 ,0.00 ,
01/11/2024,18:00:00,22.15,-0.480,2.446,-0.49,1.00,-3.80,-0.372,-0.06,8.301,4.03,22.90 ,not present ,0.00 ,0.00 ,
01/11/2024,18:15:00,22.07,-0.547,2.503,-0.52,1.00,-3.80,-0.535,-0.07,8.305,4.03,22.80 ,not present ,0.00 ,0.00 ,
01/11/2024,18:30:00,22.04,-0.389,2.557,-0.52,1.00,-3.80,-0.362,-0.05,8.305,4.03,22.90 ,not present ,0.00 ,0.00 ,
01/11/2024,18:45:00,22.02,-0.428,2.592,-0.53,1.00,-3.80,-0.383,-0.05,8.305,4.03,22.70 ,not present ,0.00 ,0.00 ,
01/11/2024,19:00:00,22.04,-0.580,2.555,-0.54,1.00,-3.80,-0.360,-0.07,8.305,4.03,22.70 ,not present ,0.00 ,0.00 ,
01/11/2024,19:15:00,22.10,-0.507,2.562,-0.53,1.00,-3.80,-0.403,-0.06,8.301,4.03,22.90 ,not present ,0.00 ,0.00 ,
01/11/2024,19:30:00,22.19,-0.224,2.680,-0.53,1.00,-3.80,-0.416,-0.03,8.301,4.03,22.80 ,not present ,0.00 ,0.00 ,
01/11/2024,19:45:00,22.21,-0.467,2.725,-0.57,1.00,-3.80,-0.393,-0.06,8.297,4.03,22.90 ,not present ,0.00 ,0.00 ,
01/11/2024,20:00:00,22.25,-0.434,2.679,-0.55,1.00,-3.80,-0.379,-0.05,8.297,4.03,23.00 ,not present ,0.00 ,0.00 ,
01/11/2024,20:15:00,22.24,-0.159,2.744,-0.53,1.00,-3.80,-0.163,-0.02,8.297,4.03,23.10 ,not present ,0.00 ,0.00 ,
01/11/2024,20:30:00,22.21,-0.349,2.742,-0.56,1.00,-3.80,-0.234,-0.04,8.297,4.03,23.00 ,not present ,0.00 ,0.00 ,
01/11/2024,20:45:00,22.20,-0.415,2.825,-0.59,1.00,-3.80,-0.337,-0.05,8.297,4.03,23.00 ,not present ,0.00 ,0.00 ,
01/11/2024,21:00:00,22.23,-0.343,2.821,-0.58,1.00,-3.80,-0.323,-0.04,8.297,4.03,22.90 ,not present ,0.00 ,0.00 ,
01/11/2024,21:15:00,22.25,-0.558,2.846,-0.62,1.00,-3.80,-0.331,-0.07,8.297,4.03,23.00 ,not present ,0.00 ,0.00 ,
01/11/2024,21:30:00,22.16,-0.375,2.695,-0.55,1.00,-3.80,-0.371,-0.05,8.301,4.03,22.90 ,not present ,0.00 ,0.00 ,
01/11/2024,21:45:00,22.11,-0.476,2.795,-0.59,1.00,-3.80,-0.305,-0.06,8.301,4.02,22.90 ,not present ,0.00 ,0.00 ,
01/11/2024,22:00:00,21.95,-0.384,2.764,-0.58,1.00,-3.80,-0.436,-0.05,8.308,4.02,22.80 ,not present ,0.00 ,0.00 ,
01/11/2024,22:15:00,21.90,-0.480,2.734,-0.58,1.00,-3.80,-0.385,-0.06,8.308,4.02,22.70 ,not present ,0.00 ,0.00 ,
01/11/2024,22:30:00,21.89,-0.389,2.712,-0.56,1.00,-3.80,-0.354,-0.05,8.312,4.02,22.70 ,not present ,0.00 ,0.00 ,
01/11/2024,22:45:00,21.88,-0.573,2.774,-0.61,1.00,-3.80,-0.331,-0.07,8.312,4.02,22.40 ,not present ,0.00 ,0.00 ,
01/11/2024,23:00:00,21.78,-0.367,2.710,-0.56,1.00,-3.80,-0.363,-0.05,8.315,4.02,22.40 ,not present ,0.00 ,0.00 ,
01/11/2024,23:15:00,22.15,-0.530,2.611,-0.55,1.00,-3.80,-0.432,-0.07,8.301,4.02,22.60 ,not present ,0.00 ,0.00 ,
01/11/2024,23:30:00,22.50,-0.557,2.660,-0.56,1.00,-3.80,-0.368,-0.07,8.287,4.02,22.70 ,not present ,0.00 ,0.00 ,
01/11/2024,23:45:00,22.75,-0.610,2.743,-0.58,1.00,-3.80,-0.421,-0.08,8.279,4.02,22.90 ,not present ,0.00 ,0.00 ,
02/11/2024,00:00:00,22.24,0.035,2.536,-0.45,1.00,-3.80,-0.239,0.00,8.297,4.02,22.50 ,not present ,0.00 ,0.00 ,
02/11/2024,00:15:00,21.76,0.056,2.147,-0.34,1.00,-3.80,-0.083,0.00,8.315,4.02,21.80 ,not present ,0.00 ,0.00 ,
02/11/2024,00:30:00,21.36,0.146,1.919,-0.27,1.00,-3.80,-0.108,0.02,8.330,4.02,21.30 ,not present ,0.00 ,0.00 ,
02/11/2024,00:45:00,21.01,0.135,1.754,-0.23,1.00,-3.80,-0.157,0.01,8.341,4.01,20.70 ,not present ,0.00 ,0.00 ,
02/11/2024,01:00:00,20.70,0.089,1.673,-0.22,1.00,-3.80,-0.115,0.01,8.352,4.01,20.40 ,not present ,0.00 ,0.00 ,
02/11/2024,01:15:00,20.34,0.031,1.579,-0.20,1.00,-3.80,-0.060,0.00,8.366,4.01,20.10 ,not present ,0.00 ,0.00 ,
02/11/2024,01:30:00,20.04,0.056,1.511,-0.18,1.00,-3.80,-0.128,0.00,8.377,4.01,19.79 ,not present ,0.00 ,0.00 ,
02/11/2024,01:45:00,19.78,-0.014,1.467,-0.18,1.00,-3.80,-0.174,0.00,8.388,4.01,19.40 ,not present ,0.00 ,0.00 ,
02/11/2024,02:00:00,19.60,0.019,1.413,-0.16,1.00,-3.80,-0.151,0.00,8.392,4.00,19.20 ,not present ,0.00 ,0.00 ,
02/11/2024,02:15:00,19.46,0.070,1.386,-0.15,1.00,-3.80,-0.132,0.00,8.399,4.00,18.90 ,not present ,0.00 ,0.00 ,
02/11/2024,02:30:00,19.37,-0.031,1.360,-0.16,1.00,-3.80,-0.114,0.00,8.403,4.00,18.60 ,not present ,0.00 ,0.00 ,
02/11/2024,02:45:00,19.32,-0.162,1.312,-0.16,1.00,-3.80,-0.114,-0.02,8.403,4.00,18.60 ,not present ,0.00 ,0.00 ,
02/11/2024,03:00:00,19.31,-0.091,1.347,-0.16,1.00,-3.80,-0.049,-0.01,8.403,4.00,18.60 ,not present ,0.00 ,0.00 ,
02/11/2024,03:15:00,19.26,-0.084,1.352,-0.16,1.00,-3.80,-0.083,-0.01,8.406,4.00,18.50 ,not present ,0.00 ,0.00 ,
02/11/2024,03:30:00,19.20,-0.058,1.290,-0.14,1.00,-3.80,-0.161,0.00,8.406,3.99,18.50 ,not present ,0.00 ,0.00 ,
02/11/2024,03:45:00,19.17,-0.154,1.276,-0.15,1.00,-3.80,-0.014,-0.02,8.410,3.99,18.29 ,not present ,0.00 ,0.00 ,
02/11/2024,04:00:00,19.11,-0.078,1.257,-0.14,1.00,-3.80,-0.051,-0.01,8.410,3.99,18.29 ,not present ,0.00 ,0.00 ,
02/11/2024,04:15:00,19.04,-0.105,1.239,-0.14,1.00,-3.80,-0.190,-0.01,8.414,3.99,18.20 ,not present ,0.00 ,0.00 ,
02/11/2024,04:30:00,18.97,-0.031,1.176,-0.11,1.00,-3.80,-0.211,0.00,8.417,3.99,18.10 ,not present ,0.00 ,0.00 ,
02/11/2024,04:45:00,18.96,-0.041,1.188,-0.11,1.00,-3.80,-0.008,0.00,8.417,3.98,18.20 ,not present ,0.00 ,0.00 ,
02/11/2024,05:00:00,18.90,-0.212,1.147,-0.12,1.00,-3.80,-0.089,-0.02,8.417,3.98,18.10 ,not present ,0.00 ,0.00 ,
02/11/2024,05:15:00,18.90,0.031,1.125,-0.08,1.00,-3.80,-0.114,0.00,8.417,3.98,18.00 ,not present ,0.00 ,0.00 ,
02/11/2024,05:30:00,18.89,-0.134,1.113,-0.10,1.00,-3.80,-0.112,-0.01,8.421,3.98,18.10 ,not present ,0.00 ,0.00 ,
02/11/2024,05:45:00,18.87,-0.109,1.063,-0.08,1.00,-3.80,-0.109,-0.01,8.421,3.98,18.10 ,not present ,0.00 ,0.00 ,
02/11/2024,06:00:00,18.86,-0.207,1.073,-0.10,1.00,-3.80,-0.058,-0.02,8.421,3.97,18.10 ,not present ,0.00 ,0.00 ,
02/11/2024,06:15:00,18.87,-0.178,1.057,-0.09,1.00,-3.80,-0.089,-0.02,8.421,3.97,18.10 ,not present ,0.00 ,0.00 ,
02/11/2024,06:30:00,18.78,-0.170,1.078,-0.10,1.00,-3.80,-0.122,-0.02,8.425,3.97,17.90 ,not present ,0.00 ,0.00 ,
02/11/2024,06:45:00,18.75,-0.136,1.018,-0.07,1.00,-3.80,-0.088,-0.01,8.425,3.97,17.90 ,not present ,0.00 ,0.00 ,
02/11/2024,07:00:00,18.74,-0.145,0.991,-0.07,1.00,-3.80,-0.058,-0.02,8.425,3.97,17.79 ,not present ,0.00 ,0.00 ,
02/11/2024,07:15:00,18.73,-0.229,1.049,-0.10,1.00,-3.80,-0.061,-0.03,8.425,3.97,17.79 ,not present ,0.00 ,0.00 ,
02/11/2024,07:30:00,18.73,-0.131,1.059,-0.09,1.00,-3.80,-0.122,-0.01,8.425,3.96,18.10 ,not present ,0.00 ,0.00 ,
02/11/2024,07:45:00,18.78,-0.119,1.187,-0.12,1.00,-3.80,-0.035,-0.01,8.425,3.96,17.90 ,not present ,0.00 ,0.00 ,
02/11/2024,08:00:00,19.15,-0.858,1.043,-0.18,1.00,-3.80,-0.318,-0.11,8.410,3.96,18.29 ,not present ,0.00 ,0.00 ,
02/11/2024,08:15:00,19.85,-0.879,1.567,-0.33,1.00,-3.80,-0.375,-0.12,8.384,3.96,19.20 ,not present ,0.00 ,0.00 ,
02/11/2024,08:30:00,20.33,-0.610,2.088,-0.44,1.00,-3.80,-0.383,-0.08,8.366,3.96,19.90 ,not present ,0.00 ,0.00 ,
02/11/2024,08:45:00,20.71,-0.595,2.255,-0.48,1.00,-3.80,-0.282,-0.08,8.352,3.96,20.50 ,not present ,0.00 ,0.00 ,
02/11/2024,09:00:00,20.94,-0.571,2.446,-0.53,1.00,-3.80,-0.337,-0.07,8.344,3.96,21.00 ,not present ,0.00 ,0.00 ,
02/11/2024,09:15:00,21.13,-0.555,2.501,-0.54,1.00,-3.80,-0.400,-0.07,8.337,3.95,21.30 ,not present ,0.00 ,0.00 ,
02/11/2024,09:30:00,21.26,-0.665,2.574,-0.58,1.00,-3.80,-0.347,-0.09,8.333,3.95,21.70 ,not present ,0.00 ,0.00 ,
02/11/2024,09:45:00,21.29,-0.367,2.651,-0.56,1.00,-3.80,-0.373,-0.05,8.333,3.95,21.70 ,not present ,0.00 ,0.00 ,
02/11/2024,10:00:00,21.30,-0.572,2.652,-0.59,1.00,-3.80,-0.445,-0.07,8.330,3.95,21.90 ,not present ,0.00 ,0.00 ,
02/11/2024,10:15:00,21.43,-0.558,2.612,-0.57,1.00,-3.80,-0.283,-0.07,8.326,3.95,22.00 ,not present ,0.00 ,0.00 ,
02/11/2024,10:30:00,21.29,-0.674,2.694,-0.61,1.00,-3.80,-0.531,-0.09,8.333,3.95,22.30 ,not present ,0.00 ,0.00 ,
02/11/2024,10:45:00,21.36,-0.575,2.621,-0.58,1.00,-3.80,-0.364,-0.07,8.330,3.95,22.40 ,not present ,0.00 ,0.00 ,
02/11/2024,11:00:00,21.47,-0.631,2.761,-0.62,1.00,-3.80,-0.291,-0.08,8.326,3.95,22.50 ,not present ,0.00 ,0.00 ,
02/11/2024,11:15:00,21.72,-0.793,2.818,-0.65,1.00,-3.80,-0.372,-0.10,8.315,3.95,22.70 ,not present ,0.00 ,0.00 ,
02/11/2024,11:30:00,21.45,-0.652,2.659,-0.59,1.00,-3.80,-0.484,-0.08,8.326,3.95,22.70 ,not present ,0.00 ,0.00 ,
02/11/2024,11:45:00,21.30,-0.986,2.517,-0.60,1.00,-3.80,-0.620,-0.13,8.330,3.94,22.80 ,not present ,0.00 ,0.00 ,
02/11/2024,12:00:00,21.49,-0.822,2.541,-0.58,1.00,-3.80,-0.446,-0.11,8.326,3.94,22.80 ,not present ,0.00 ,0.00 ,
02/11/2024,12:15:00,21.87,-0.596,2.811,-0.62,1.00,-3.80,-0.425,-0.08,8.312,3.94,22.90 ,not present ,0.00 ,0.00 ,
02/11/2024,12:30:00,22.00,-0.704,2.857,-0.65,1.00,-3.80,-0.636,-0.09,8.305,3.94,23.00 ,not present ,0.00 ,0.00 ,
02/11/2024,12:45:00,22.55,-0.950,2.693,-0.62,1.00,-3.80,-0.547,-0.12,8.287,3.94,23.40 ,not present ,0.00 ,0.00 ,
02/11/2024,13:00:00,23.56,-0.937,3.068,-0.70,1.00,-3.80,-0.502,-0.12,8.251,3.94,24.00 ,not present ,0.00 ,0.00 ,
02/11/2024,13:15:00,24.08,-0.707,3.229,-0.70,1.00,-3.80,-0.387,-0.09,8.233,3.94,24.40 ,not present ,0.00 ,0.00 ,
02/11/2024,13:30:00,24.31,-0.763,3.416,-0.75,1.00,-3.80,-0.411,-0.10,8.222,3.94,25.00 ,not present ,0.00 ,0.00 ,
02/11/2024,13:45:00,24.06,-0.390,3.678,-0.78,1.00,-3.80,-0.297,-0.05,8.233,3.94,25.10 ,not present ,0.00 ,0.00 ,
02/11/2024,14:00:00,23.80,-0.642,3.369,-0.73,1.00,-3.80,-0.437,-0.08,8.240,3.94,25.00 ,not present ,0.00 ,0.00 ,
02/11/2024,14:15:00,23.71,-0.654,3.396,-0.75,1.00,-3.80,-0.493,-0.08,8.244,3.94,24.90 ,not present ,0.00 ,0.00 ,
02/11/2024,14:30:00,23.58,-0.645,3.271,-0.71,1.00,-3.80,-0.513,-0.08,8.251,3.94,24.70 ,not present ,0.00 ,0.00 ,
02/11/2024,14:45:00,23.79,-0.856,3.365,-0.76,1.00,-3.80,-0.573,-0.11,8.244,3.93,24.70 ,not present ,0.00 ,0.00 ,
02/11/2024,15:00:00,23.82,-0.586,3.411,-0.74,1.00,-3.80,-0.464,-0.07,8.240,3.93,24.80 ,not present ,0.00 ,0.00 ,
02/11/2024,15:15:00,24.08,-0.713,3.492,-0.77,1.00,-3.80,-0.382,-0.09,8.233,3.93,24.80 ,not present ,0.00 ,0.00 ,
02/11/2024,15:30:00,23.71,-0.334,3.636,-0.77,1.00,-3.80,-0.365,-0.04,8.244,3.93,25.20 ,not present ,0.00 ,0.00 ,
02/11/2024,15:45:00,23.52,-0.471,3.580,-0.78,1.00,-3.80,-0.433,-0.06,8.251,3.93,24.80 ,not present ,0.00 ,0.00 ,
02/11/2024,16:00:00,23.43,-0.599,3.602,-0.80,1.00,-3.80,-0.455,-0.08,8.254,3.93,24.70 ,not present ,0.00 ,0.00 ,
02/11/2024,16:15:00,23.71,-0.610,3.618,-0.80,1.00,-3.80,-0.422,-0.08,8.244,3.93,24.60 ,not present ,0.00 ,0.00 ,
02/11/2024,16:30:00,23.64,-0.566,3.501,-0.76,1.00,-3.80,-0.502,-0.07,8.247,3.93,24.60 ,not present ,0.00 ,0.00 ,
02/11/2024,16:45:00,23.50,-0.686,3.504,-0.79,1.00,-3.80,-0.354,-0.09,8.251,3.93,24.40 ,not present ,0.00 ,0.00 ,
02/11/2024,17:00:00,23.67,-0.518,3.588,-0.78,1.00,-3.80,-0.465,-0.07,8.247,3.93,24.50 ,not present ,0.00 ,0.00 ,
02/11/2024,17:15:00,23.61,-0.413,3.688,-0.80,1.00,-3.80,-0.475,-0.05,8.247,3.93,24.40 ,not present ,0.00 ,0.00 ,
02/11/2024,17:30:00,23.67,-0.504,3.674,-0.80,1.00,-3.80,-0.435,-0.06,8.247,3.93,24.50 ,not present ,0.00 ,0.00 ,
02/11/2024,17:45:00,23.62,-0.436,3.751,-0.82,1.00,-3.80,-0.387,-0.05,8.247,3.93,24.40 ,not present ,0.00 ,0.00 ,
02/11/2024,18:00:00,23.63,-0.520,3.696,-0.81,1.00,-3.80,-0.374,-0.07,8.247,3.93,24.40 ,not present ,0.00 ,0.00 ,
02/11/2024,18:15:00,23.45,-0.457,3.717,-0.81,1.00,-3.80,-0.400,-0.06,8.254,3.93,24.30 ,not present ,0.00 ,0.00 ,
02/11/2024,18:30:00,23.49,-0.414,3.783,-0.83,1.00,-3.80,-0.254,-0.05,8.254,3.93,24.10 ,not present ,0.00 ,0.00 ,
02/11/2024,18:45:00,23.57,-0.583,3.762,-0.84,1.00,-3.80,-0.295,-0.07,8.251,3.93,24.20 ,not present ,0.00 ,0.00 ,
02/11/2024,19:00:00,23.59,-0.516,3.723,-0.82,1.00,-3.80,-0.423,-0.06,8.251,3.92,24.20 ,not present ,0.00 ,0.00 ,
02/11/2024,19:15:00,23.66,-0.496,3.842,-0.85,1.00,-3.80,-0.326,-0.06,8.247,3.92,24.10 ,not present ,0.00 ,0.00 ,
02/11/2024,19:30:00,23.55,-0.481,3.789,-0.83,1.00,-3.80,-0.432,-0.06,8.251,3.92,24.20 ,not present ,0.00 ,0.00 ,
02/11/2024,19:45:00,23.48,-0.452,3.955,-0.88,1.00,-3.80,-0.448,-0.06,8.254,3.92,24.20 ,not present ,0.00 ,0.00 ,
02/11/2024,20:00:00,23.37,-0.454,3.868,-0.86,1.00,-3.80,-0.371,-0.06,8.258,3.92,24.00 ,not present ,0.00 ,0.00 ,
02/11/2024,20:15:00,23.12,-0.178,3.927,-0.84,1.00,-3.80,-0.293,-0.02,8.265,3.92,24.00 ,not present ,0.00 ,0.00 ,
02/11/2024,20:30:00,22.87,-0.634,3.694,-0.85,1.00,-3.80,-0.327,-0.08,8.276,3.92,23.80 ,not present ,0.00 ,0.00 ,
02/11/2024,20:45:00,22.96,-0.586,3.806,-0.87,1.00,-3.80,-0.364,-0.07,8.272,3.92,23.70 ,not present ,0.00 ,0.00 ,
02/11/2024,21:00:00,22.98,-0.373,3.934,-0.88,1.00,-3.80,-0.406,-0.05,8.272,3.92,23.80 ,not present ,0.00 ,0.00 ,
02/11/2024,21:15:00,23.00,-0.428,3.865,-0.87,1.00,-3.80,-0.325,-0.05,8.269,3.92,23.70 ,not present ,0.00 ,0.00 ,
02/11/2024,21:30:00,22.88,-0.390,3.920,-0.88,1.00,-3.80,-0.372,-0.05,8.276,3.92,23.60 ,not present ,0.00 ,0.00 ,
02/11/2024,21:45:00,22.73,-0.289,3.818,-0.84,1.00,-3.80,-0.277,-0.03,8.279,3.92,23.50 ,not present ,0.00 ,0.00 ,
02/11/2024,22:00:00,22.57,-0.487,3.767,-0.86,1.00,-3.80,-0.361,-0.06,8.287,3.92,23.40 ,not present ,0.00 ,0.00 ,
02/11/2024,22:15:00,22.48,-0.569,3.841,-0.89,1.00,-3.80,-0.374,-0.07,8.290,3.92,23.40 ,not present ,0.00 ,0.00 ,
02/11/2024,22:30:00,22.34,-0.317,3.822,-0.86,1.00,-3.80,-0.363,-0.04,8.294,3.92,23.20 ,not present ,0.00 ,0.00 ,
02/11/2024,22:45:00,22.09,-0.400,3.818,-0.88,1.00,-3.80,-0.425,-0.05,8.305,3.92,23.20 ,not present ,0.00 ,0.00 ,
02/11/2024,23:00:00,22.04,-0.607,3.591,-0.84,1.00,-3.80,-0.433,-0.08,8.305,3.92,22.80 ,not present ,0.00 ,0.00 ,
02/11/2024,23:15:00,22.44,-0.553,3.721,-0.86,1.00,-3.80,-0.427,-0.07,8.290,3.92,22.80 ,not present ,0.00 ,0.00 ,
02/11/2024,23:30:00,22.78,-0.522,3.764,-0.86,1.00,-3.80,-0.443,-0.07,8.279,3.92,23.00 ,not present ,0.00 ,0.00 ,
02/11/2024,23:45:00,23.03,-0.572,3.774,-0.86,1.00,-3.80,-0.445,-0.07,8.269,3.91,23.10 ,not present ,0.00 ,0.00 ,
03/11/2024,00:00:00,22.56,0.153,3.935,-0.82,1.00,-3.80,-0.212,0.02,8.287,3.91,22.80 ,not present ,0.00 ,0.00 ,
03/11/2024,00:15:00,22.02,0.065,3.611,-0.76,1.00,-3.80,-0.145,0.00,8.305,3.91,21.90 ,not present ,0.00 ,0.00 ,
03/11/2024,00:30:00,21.55,0.061,3.361,-0.70,1.00,-3.80,-0.130,0.00,8.323,3.91,21.50 ,not present ,0.00 ,0.00 ,
03/11/2024,00:45:00,21.17,0.067,3.154,-0.65,1.00,-3.80,-0.183,0.00,8.337,3.91,21.00 ,not present ,0.00 ,0.00 ,
03/11/2024,01:00:00,20.75,0.182,2.975,-0.59,1.00,-3.80,-0.054,0.02,8.352,3.91,20.60 ,not present ,0.00 ,0.00 ,
03/11/2024,01:15:00,20.36,0.010,2.813,-0.58,1.00,-3.80,-0.160,0.00,8.366,3.91,20.10 ,not present ,0.00 ,0.00 ,
03/11/2024,01:30:00,20.09,0.006,2.665,-0.54,1.00,-3.80,-0.187,0.00,8.377,3.91,19.79 ,not present ,0.00 ,0.00 ,
03/11/2024,01:45:00,19.78,0.061,2.588,-0.52,1.00,-3.80,-0.181,0.00,8.388,3.91,19.50 ,not present ,0.00 ,0.00 ,
03/11/2024,02:00:00,19.67,0.016,2.480,-0.49,1.00,-3.80,-0.199,0.00,8.392,3.91,19.20 ,not present ,0.00 ,0.00 ,
03/11/2024,02:15:00,19.55,0.142,2.473,-0.48,1.00,-3.80,-0.111,0.01,8.395,3.91,18.90 ,not present ,0.00 ,0.00 ,
03/11/2024,02:30:00,19.31,-0.040,2.388,-0.48,1.00,-3.80,-0.147,0.00,8.403,3.91,18.70 ,not present ,0.00 ,0.00 ,
03/11/2024,02:45:00,19.18,0.009,2.331,-0.46,1.00,-3.80,-0.074,0.00,8.410,3.91,18.50 ,not present ,0.00 ,0.00 ,
03/11/2024,03:00:00,19.06,0.107,2.323,-0.45,1.00,-3.80,-0.065,0.01,8.414,3.91,18.40 ,not present ,0.00 ,0.00 ,
03/11/2024,03:15:00,18.95,0.092,2.241,-0.42,1.00,-3.80,-0.157,0.01,8.417,3.91,18.29 ,not present ,0.00 ,0.00 ,
03/11/2024,03:30:00,18.95,0.037,2.201,-0.42,1.00,-3.80,-0.163,0.00,8.417,3.91,18.10 ,not present ,0.00 ,0.00 ,
03/11/2024,03:45:00,18.87,-0.012,2.157,-0.41,1.00,-3.80,-0.272,0.00,8.421,3.90,18.10 ,not present ,0.00 ,0.00 ,
03/11/2024,04:00:00,18.82,0.009,2.133,-0.40,1.00,-3.80,-0.198,0.00,8.421,3.90,18.00 ,not present ,0.00 ,0.00 ,
03/11/2024,04:15:00,18.75,-0.029,2.094,-0.40,1.00,-3.80,-0.180,0.00,8.425,3.90,18.10 ,not present ,0.00 ,0.00 ,
03/11/2024,04:30:00,18.74,0.036,2.090,-0.39,1.00,-3.80,-0.119,0.00,8.425,3.90,18.00 ,not present ,0.00 ,0.00 ,
03/11/2024,04:45:00,18.60,-0.032,2.081,-0.40,1.00,-3.80,-0.109,0.00,8.428,3.90,17.90 ,not present ,0.00 ,0.00 ,
03/11/2024,05:00:00,18.56,-0.065,2.027,-0.39,1.00,-3.80,-0.150,0.00,8.432,3.90,17.79 ,not present ,0.00 ,0.00 ,
03/11/2024,05:15:00,18.42,-0.013,2.000,-0.37,1.00,-3.80,-0.181,0.00,8.436,3.90,17.79 ,not present ,0.00 ,0.00 ,
03/11/2024,05:30:00,18.43,-0.109,1.936,-0.37,1.00,-3.80,-0.197,-0.01,8.436,3.90,17.79 ,not present ,0.00 ,0.00 ,
03/11/2024,05:45:00,18.51,-0.048,1.914,-0.35,1.00,-3.80,-0.255,0.00,8.432,3.90,17.70 ,not present ,0.00 ,0.00 ,
03/11/2024,06:00:00,18.55,0.056,1.937,-0.34,1.00,-3.80,-0.229,0.00,8.432,3.90,17.70 ,not present ,0.00 ,0.00 ,
03/11/2024,06:15:00,18.51,0.026,1.933,-0.35,1.00,-3.80,-0.154,0.00,8.432,3.90,17.60 ,not present ,0.00 ,0.00 ,
03/11/2024,06:30:00,18.54,-0.010,1.935,-0.35,1.00,-3.80,-0.178,0.00,8.432,3.90,17.60 ,not present ,0.00 ,0.00 ,
03/11/2024,06:45:00,18.52,-0.021,1.868,-0.33,1.00,-3.80,-0.164,0.00,8.432,3.90,17.79 ,not present ,0.00 ,0.00 ,
03/11/2024,07:00:00,18.58,-0.073,1.797,-0.31,1.00,-3.80,-0.198,-0.01,8.432,3.90,17.79 ,not present ,0.00 ,0.00 ,
03/11/2024,07:15:00,18.60,0.053,1.833,-0.31,1.00,-3.80,-0.206,0.00,8.428,3.89,17.90 ,not present ,0.00 ,0.00 ,
03/11/2024,07:30:00,18.36,0.076,1.956,-0.35,1.00,-3.80,-0.180,0.01,8.439,3.89,17.79 ,not present ,0.00 ,0.00 ,
03/11/2024,07:45:00,18.15,0.057,2.021,-0.38,1.00,-3.80,-0.034,0.00,8.447,3.89,17.60 ,not present ,0.00 ,0.00 ,
03/11/2024,08:00:00,18.37,-0.787,1.765,-0.41,1.00,-3.80,-0.422,-0.10,8.439,3.89,17.90 ,not present ,0.00 ,0.00 ,
03/11/2024,08:15:00,18.89,-0.637,2.218,-0.52,1.00,-3.80,-0.506,-0.08,8.421,3.89,18.50 ,not present ,0.00 ,0.00 ,
03/11/2024,08:30:00,19.35,-0.602,2.602,-0.62,1.00,-3.80,-0.490,-0.08,8.403,3.89,19.20 ,not present ,0.00 ,0.00 ,
03/11/2024,08:45:00,19.68,-0.517,2.844,-0.68,1.00,-3.80,-0.389,-0.07,8.392,3.89,19.60 ,not present ,0.00 ,0.00 ,
03/11/2024,09:00:00,19.85,-0.575,3.031,-0.74,1.00,-3.80,-0.382,-0.07,8.384,3.89,20.20 ,not present ,0.00 ,0.00 ,
03/11/2024,09:15:00,19.93,-0.366,3.151,-0.74,1.00,-3.80,-0.257,-0.05,8.381,3.89,20.40 ,not present ,0.00 ,0.00 ,
03/11/2024,09:30:00,20.04,-0.630,3.111,-0.76,1.00,-3.80,-0.456,-0.08,8.377,3.89,20.50 ,not present ,0.00 ,0.00 ,
03/11/2024,09:45:00,20.26,-0.583,3.316,-0.81,1.00,-3.80,-0.408,-0.08,8.370,3.89,20.70 ,not present ,0.00 ,0.00 ,
03/11/2024,10:00:00,20.60,-0.664,3.354,-0.82,1.00,-3.80,-0.464,-0.09,8.355,3.89,21.00 ,not present ,0.00 ,0.00 ,
03/11/2024,10:15:00,20.98,-0.698,3.463,-0.85,1.00,-3.80,-0.355,-0.09,8.344,3.89,21.50 ,not present ,0.00 ,0.00 ,
03/11/2024,10:30:00,21.21,-0.725,3.628,-0.89,1.00,-3.80,-0.440,-0.09,8.333,3.89,21.70 ,not present ,0.00 ,0.00 ,
03/11/2024,10:45:00,21.36,-0.659,3.590,-0.87,1.00,-3.80,-0.477,-0.09,8.330,3.89,21.90 ,not present ,0.00 ,0.00 ,
03/11/2024,11:00:00,21.61,-0.881,3.525,-0.87,1.00,-3.80,-0.467,-0.12,8.319,3.93,32.90 ,present ,12.32 ,170.40 ,
03/11/2024,11:15:00,21.87,-0.909,3.354,-0.82,1.00,-3.80,-0.557,-0.12,8.312,3.95,36.50 ,present ,12.28 ,169.80 ,
03/11/2024,11:30:00,21.81,-0.813,2.866,-0.67,1.00,-3.80,-0.397,-0.11,8.312,3.97,38.40 ,present ,12.28 ,169.80 ,
03/11/2024,11:45:00,21.96,-0.777,2.611,-0.59,1.00,-3.80,-0.366,-0.10,8.308,3.99,39.20 ,present ,12.25 ,169.80 ,
03/11/2024,12:00:00,21.98,-0.963,2.315,-0.53,1.00,-3.80,-0.326,-0.13,8.308,4.04,39.09 ,present ,12.21 ,169.80 ,
03/11/2024,12:15:00,22.31,-0.751,2.318,-0.49,1.00,-3.80,-0.374,-0.10,8.294,4.06,39.59 ,present ,12.21 ,169.80 ,
03/11/2024,12:30:00,22.45,-0.843,2.302,-0.50,1.00,-3.80,-0.444,-0.11,8.290,4.08,39.50 ,present ,12.18 ,170.10 ,
03/11/2024,12:45:00,23.06,-0.959,2.201,-0.47,1.00,-3.80,-0.534,-0.13,8.269,4.11,39.90 ,present ,12.18 ,170.10 ,
03/11/2024,13:00:00,23.85,-0.913,2.306,-0.48,1.00,-3.80,-0.429,-0.12,8.240,4.14,39.90 ,present ,12.14 ,169.50 ,
03/11/2024,13:15:00,24.06,0.174,2.895,-0.49,1.00,-3.80,-0.275,0.02,8.233,4.15,32.80 ,present ,12.29 ,52.20 ,
03/11/2024,13:30:00,24.18,-0.602,2.413,-0.46,1.00,-3.80,-0.441,-0.08,8.229,4.15,29.70 ,present ,12.32 ,38.70 ,
03/11/2024,13:45:00,24.03,-0.584,2.386,-0.46,1.00,-3.80,-0.524,-0.07,8.233,4.15,28.40 ,present ,12.37 ,36.00 ,
03/11/2024,14:00:00,24.15,-0.828,2.304,-0.46,1.00,-3.80,-0.525,-0.11,8.229,4.15,27.60 ,present ,12.34 ,36.30 ,
03/11/2024,14:15:00,24.15,-0.701,2.379,-0.47,1.00,-3.80,-0.497,-0.09,8.229,4.15,27.70 ,present ,12.34 ,36.30 ,
03/11/2024,14:30:00,24.36,-0.789,2.446,-0.49,1.00,-3.80,-0.481,-0.10,8.222,4.15,27.70 ,present ,12.34 ,36.00 ,
03/11/2024,14:45:00,24.43,-0.636,2.638,-0.52,1.00,-3.80,-0.337,-0.08,8.219,4.15,27.90 ,present ,12.37 ,36.00 ,
03/11/2024,15:00:00,24.45,-0.582,2.461,-0.47,1.00,-3.80,-0.431,-0.07,8.219,4.15,28.00 ,present ,12.37 ,36.00 ,
03/11/2024,15:15:00,24.40,-0.805,2.402,-0.48,1.00,-3.80,-0.606,-0.10,8.219,4.15,28.00 ,present ,12.37 ,35.40 ,
03/11/2024,15:30:00,24.10,-0.439,2.462,-0.46,1.00,-3.80,-0.386,-0.05,8.229,4.15,27.70 ,present ,12.37 ,35.40 ,
03/11/2024,15:45:00,24.58,-0.666,2.480,-0.48,1.00,-3.80,-0.504,-0.08,8.215,4.15,27.50 ,present ,12.37 ,35.40 ,
03/11/2024,16:00:00,24.90,-0.698,2.640,-0.52,1.00,-3.80,-0.560,-0.09,8.201,4.15,27.80 ,present ,12.37 ,35.09 ,
03/11/2024,16:15:00,25.05,-0.526,2.473,-0.45,1.00,-3.80,-0.383,-0.07,8.198,4.15,27.90 ,present ,12.33 ,35.40 ,
03/11/2024,16:30:00,24.65,-0.223,2.716,-0.48,1.00,-3.80,-0.456,-0.03,8.212,4.15,27.90 ,present ,12.33 ,35.40 ,
03/11/2024,16:45:00,24.74,-0.174,2.740,-0.48,1.00,-3.80,-0.332,-0.02,8.208,4.15,27.70 ,present ,12.33 ,34.80 ,
03/11/2024,17:00:00,24.70,-0.528,2.619,-0.50,1.00,-3.80,-0.419,-0.07,8.208,4.15,27.50 ,present ,12.37 ,35.09 ,
03/11/2024,17:15:00,24.42,-0.022,2.758,-0.47,1.00,-3.80,-0.227,0.00,8.219,4.15,27.30 ,present ,12.37 ,35.09 ,
03/11/2024,17:30:00,23.85,-0.172,2.641,-0.47,1.00,-3.80,-0.406,-0.02,8.240,4.15,27.00 ,present ,12.33 ,34.80 ,
03/11/2024,17:45:00,23.80,-0.198,2.458,-0.43,1.00,-3.80,-0.301,-0.02,8.240,4.15,26.80 ,present ,12.33 ,34.80 ,
03/11/2024,18:00:00,23.58,-0.128,2.536,-0.44,1.00,-3.80,-0.296,-0.01,8.251,4.15,26.50 ,present ,12.33 ,34.50 ,
03/11/2024,18:15:00,23.24,-0.026,2.498,-0.43,1.00,-3.80,-0.159,0.00,8.262,4.15,26.10 ,present ,12.33 ,34.80 ,
03/11/2024,18:30:00,23.05,-0.163,2.517,-0.45,1.00,-3.80,-0.430,-0.02,8.269,4.15,26.10 ,present ,12.33 ,34.80 ,
03/11/2024,18:45:00,22.82,0.006,2.500,-0.43,1.00,-3.80,-0.255,0.00,8.276,4.15,25.60 ,present ,12.33 ,34.80 ,
03/11/2024,19:00:00,22.83,-0.316,2.424,-0.45,1.00,-3.80,-0.226,-0.04,8.276,4.15,25.60 ,present ,12.32 ,34.20 ,
03/11/2024,19:15:00,22.70,-0.251,2.365,-0.43,1.00,-3.80,-0.254,-0.03,8.279,4.15,25.20 ,present ,12.33 ,34.50 ,
03/11/2024,19:30:00,22.63,-0.239,2.469,-0.46,1.00,-3.80,-0.345,-0.03,8.283,4.15,25.20 ,present ,12.33 ,34.50 ,
03/11/2024,19:45:00,22.54,-0.205,2.412,-0.44,1.00,-3.80,-0.314,-0.02,8.287,4.15,25.00 ,present ,12.33 ,34.50 ,
03/11/2024,20:00:00,22.45,-0.061,2.391,-0.42,1.00,-3.80,-0.129,0.00,8.290,4.15,24.80 ,present ,12.33 ,34.50 ,
03/11/2024,20:15:00,22.20,-0.282,2.472,-0.47,1.00,-3.80,-0.337,-0.03,8.297,4.15,24.80 ,present ,12.33 ,34.50 ,
03/11/2024,20:30:00,22.32,-0.480,2.303,-0.45,1.00,-3.80,-0.392,-0.06,8.294,4.15,24.70 ,present ,12.32 ,34.20 ,
03/11/2024,20:45:00,22.60,-0.580,2.346,-0.47,1.00,-3.80,-0.389,-0.07,8.283,4.15,24.70 ,present ,12.33 ,34.50 ,
03/11/2024,21:00:00,22.66,-0.288,2.486,-0.47,1.00,-3.80,-0.446,-0.03,8.283,4.15,24.90 ,present ,12.33 ,35.09 ,
03/11/2024,21:15:00,22.62,-0.230,2.480,-0.46,1.00,-3.80,-0.280,-0.03,8.283,4.15,25.00 ,present ,12.33 ,34.80 ,
03/11/2024,21:30:00,22.52,-0.357,2.442,-0.47,1.00,-3.80,-0.453,-0.04,8.287,4.15,24.90 ,present ,12.29 ,35.09 ,
03/11/2024,21:45:00,22.31,-0.297,2.470,-0.47,1.00,-3.80,-0.322,-0.04,8.294,4.15,24.80 ,present ,12.33 ,34.80 ,
03/11/2024,22:00:00,22.07,-0.146,2.356,-0.43,1.00,-3.80,-0.233,-0.02,8.305,4.15,24.70 ,present ,12.33 ,34.50 ,
03/11/2024,22:15:00,22.00,-0.230,2.445,-0.46,1.00,-3.80,-0.432,-0.03,8.305,4.15,24.50 ,present ,12.29 ,34.80 ,
03/11/2024,22:30:00,21.78,-0.363,2.461,-0.49,1.00,-3.80,-0.335,-0.04,8.315,4.15,24.30 ,present ,12.33 ,34.50 ,
03/11/2024,22:45:00,21.74,-0.158,2.396,-0.44,1.00,-3.80,-0.267,-0.02,8.315,4.15,24.20 ,present ,12.29 ,34.80 ,
03/11/2024,23:00:00,21.70,-0.352,2.301,-0.44,1.00,-3.80,-0.425,-0.04,8.315,4.15,24.10 ,present ,12.29 ,34.50 ,
03/11/2024,23:15:00,21.87,-0.496,2.322,-0.47,1.00,-3.80,-0.380,-0.06,8.312,4.15,24.00 ,present ,12.29 ,34.50 ,
03/11/2024,23:30:00,22.13,-0.589,2.378,-0.49,1.00,-3.80,-0.359,-0.08,8.301,4.15,24.10 ,present ,12.29 ,34.80 ,
03/11/2024,23:45:00,22.25,-0.443,2.357,-0.46,1.00,-3.80,-0.276,-0.06,8.297,4.15,24.20 ,present ,12.29 ,34.80 ,
04/11/2024,00:00:00,21.75,0.146,2.301,-0.38,1.00,-3.80,-0.180,0.01,8.315,4.15,24.00 ,present ,12.29 ,34.20 ,
04/11/2024,00:15:00,21.13,0.241,1.968,-0.28,1.00,-3.80,-0.133,0.03,8.337,4.15,23.30 ,present ,12.28 ,33.90 ,
04/11/2024,00:30:00,20.60,0.062,1.811,-0.26,1.00,-3.80,-0.197,0.00,8.355,4.15,22.60 ,present ,12.28 ,33.59 ,
04/11/2024,00:45:00,20.20,0.128,1.671,-0.22,1.00,-3.80,-0.190,0.01,8.370,4.15,21.70 ,present ,12.28 ,33.90 ,
04/11/2024,01:00:00,19.88,0.032,1.572,-0.21,1.00,-3.80,-0.213,0.00,8.384,4.15,21.30 ,present ,12.28 ,33.90 ,
04/11/2024,01:15:00,19.62,0.122,1.500,-0.18,1.00,-3.80,-0.154,0.01,8.392,4.15,21.00 ,present ,12.28 ,33.59 ,
04/11/2024,01:30:00,19.42,-0.001,1.418,-0.17,1.00,-3.80,-0.143,0.00,8.399,4.15,20.80 ,present ,12.28 ,33.90 ,
04/11/2024,01:45:00,19.26,0.071,1.380,-0.15,1.00,-3.80,-0.037,0.00,8.406,4.15,20.40 ,present ,12.28 ,33.90 ,
04/11/2024,02:59:59,19.13,-0.002,1.326,-0.15,1.00,-3.80,-0.111,0.00,8.410,4.15,20.29 ,present ,12.28 ,33.59 ,
04/11/2024,03:00:00,18.77,0.101,1.315,-0.13,1.00,-3.80,-0.260,0.01,8.425,4.15,19.79 ,present ,12.25 ,33.90 ,
04/11/2024,03:15:00,18.65,0.079,1.239,-0.11,1.00,-3.80,-0.068,0.01,8.428,4.15,19.60 ,present ,12.28 ,33.30 ,
04/11/2024,03:30:00,18.61,-0.035,1.209,-0.12,1.00,-3.80,-0.174,0.00,8.428,4.15,19.60 ,present ,12.25 ,33.90 ,
04/11/2024,03:45:00,18.56,0.025,1.180,-0.10,1.00,-3.80,-0.086,0.00,8.432,4.15,19.60 ,present ,12.25 ,33.90 ,
04/11/2024,04:00:00,18.51,-0.066,1.151,-0.11,1.00,-3.80,-0.057,0.00,8.432,4.15,19.60 ,present ,12.28 ,33.30 ,
04/11/2024,04:15:00,18.46,-0.012,1.136,-0.10,1.00,-3.80,-0.076,0.00,8.436,4.15,19.50 ,present ,12.25 ,33.90 ,
04/11/2024,04:30:00,18.42,-0.080,1.124,-0.10,1.00,-3.80,-0.115,-0.01,8.436,4.15,19.50 ,present ,12.25 ,33.90 ,
04/11/2024,04:45:00,18.39,-0.036,1.097,-0.09,1.00,-3.80,-0.094,0.00,8.439,4.15,19.40 ,present ,12.25 ,33.90 ,
04/11/2024,05:00:00,18.35,-0.084,1.091,-0.09,1.00,-3.80,-0.006,-0.01,8.439,4.15,19.29 ,present ,12.25 ,33.90 ,
04/11/2024,05:15:00,18.33,-0.058,1.083,-0.09,1.00,-3.80,-0.011,0.00,8.439,4.15,19.29 ,present ,12.25 ,34.20 ,
04/11/2024,05:30:00,18.30,-0.105,1.056,-0.09,1.00,-3.80,-0.027,-0.01,8.439,4.14,19.20 ,present ,12.25 ,34.50 ,
04/11/2024,05:45:00,18.27,-0.026,1.030,-0.07,1.00,-3.80,0.006,0.00,8.443,4.15,19.29 ,present ,12.25 ,33.90 ,
04/11/2024,06:00:00,18.21,-0.136,1.029,-0.08,1.00,-3.80,0.002,-0.01,8.443,4.15,19.29 ,present ,12.22 ,34.20 ,
04/11/2024,06:15:00,18.16,-0.046,1.036,-0.07,1.00,-3.80,-0.025,0.00,8.447,4.15,19.00 ,present ,12.22 ,34.50 ,
04/11/2024,06:30:00,18.09,-0.158,1.012,-0.08,1.00,-3.80,0.030,-0.02,8.451,4.15,19.00 ,present ,12.22 ,34.20 ,
04/11/2024,06:45:00,18.00,-0.046,1.022,-0.07,1.00,-3.80,-0.183,0.00,8.451,4.15,19.00 ,present ,12.22 ,34.50 ,
04/11/2024,07:00:00,17.94,-0.120,1.003,-0.07,1.00,-3.80,-0.140,-0.01,8.454,4.15,18.90 ,present ,12.22 ,34.20 ,
04/11/2024,07:15:00,17.91,-0.110,0.979,-0.07,1.00,-3.80,-0.020,-0.01,8.454,4.15,18.70 ,present ,12.22 ,34.20 ,
04/11/2024,07:30:00,17.96,-0.181,1.039,-0.09,1.00,-3.80,-0.063,-0.02,8.454,4.15,18.90 ,present ,12.22 ,34.50 ,
04/11/2024,07:45:00,18.02,-0.119,1.160,-0.12,1.00,-3.80,-0.157,-0.01,8.451,4.15,18.90 ,present ,12.21 ,33.90 ,
04/11/2024,08:00:00,18.46,-0.740,0.896,-0.12,1.00,-3.80,-0.337,-0.10,8.436,4.15,19.20 ,present ,12.22 ,34.50 ,
04/11/2024,08:15:00,19.18,-0.836,1.153,-0.21,1.00,-3.80,-0.281,-0.11,8.410,4.15,20.10 ,present ,12.23 ,35.40 ,
04/11/2024,08:30:00,19.71,-0.704,1.464,-0.28,1.00,-3.80,-0.236,-0.09,8.388,4.15,20.90 ,present ,12.23 ,35.40 ,
04/11/2024,08:45:00,19.96,-0.385,1.785,-0.33,1.00,-3.80,-0.355,-0.05,8.381,4.14,21.40 ,present ,12.23 ,35.40 ,
04/11/2024,09:00:00,19.78,-0.509,1.931,-0.39,1.00,-3.80,-0.388,-0.07,8.388,4.15,21.80 ,present ,12.22 ,35.09 ,
04/11/2024,09:15:00,19.58,-0.795,1.644,-0.35,1.00,-3.80,-0.407,-0.10,8.395,4.15,21.70 ,present ,12.22 ,34.20 ,
04/11/2024,09:30:00,19.63,-0.260,2.003,-0.38,1.00,-3.80,-0.449,-0.03,8.392,4.15,21.80 ,present ,12.22 ,34.80 ,
04/11/2024,09:45:00,19.94,-0.638,1.708,-0.34,1.00,-3.80,-0.450,-0.08,8.381,4.15,22.10 ,present ,12.22 ,35.09 ,
04/11/2024,10:00:00,20.09,-0.219,2.154,-0.42,1.00,-3.80,-0.329,-0.03,8.377,4.15,22.40 ,present ,12.22 ,34.50 ,
04/11/2024,10:15:00,20.29,-0.615,1.997,-0.42,1.00,-3.80,-0.376,-0.08,8.370,4.15,22.80 ,present ,12.22 ,34.80 ,
04/11/2024,10:30:00,20.97,0.528,2.339,-0.35,1.00,-3.80,0.506,0.07,8.344,4.15,23.10 ,present ,12.22 ,35.09 ,
04/11/2024,10:45:00,21.82,-0.859,2.169,-0.47,1.00,-3.80,-0.586,-0.11,8.312,4.15,23.70 ,present ,12.22 ,35.09 ,
04/11/2024,11:00:00,22.11,0.208,1.977,-0.27,1.00,-3.80,-0.063,0.02,8.301,4.15,24.20 ,present ,12.23 ,35.70 ,
04/11/2024,11:15:00,22.05,-0.651,2.227,-0.46,1.00,-3.80,-0.526,-0.08,8.305,4.15,24.90 ,present ,12.22 ,35.09 ,
04/11/2024,11:30:00,22.49,-0.919,2.016,-0.43,1.00,-3.80,-0.576,-0.12,8.290,4.15,25.00 ,present ,12.23 ,35.40 ,
04/11/2024,11:45:00,22.30,0.494,2.552,-0.39,1.00,-3.80,0.170,0.06,8.294,4.15,25.30 ,present ,12.22 ,35.09 ,
04/11/2024,12:00:00,22.47,-0.061,2.298,-0.39,1.00,-3.80,-0.207,0.00,8.290,4.15,25.50 ,present ,12.22 ,35.09 ,
04/11/2024,12:15:00,22.74,-0.509,2.528,-0.51,1.00,-3.80,-0.435,-0.06,8.279,4.15,25.70 ,present ,12.22 ,35.09 ,
04/11/2024,12:30:00,23.04,-1.094,1.959,-0.42,1.00,-3.80,-0.569,-0.14,8.269,4.15,25.70 ,present ,12.22 ,35.09 ,
