Serial Number:,PSY1N909
APP Serial #:,03000C42
Head Serial #:,4085
App Ver:,R1-7-8
COM Ver:,R2-6-8
Instrument Name:,2p 
Instrument Comment:,
Cooling Time:,10,seconds
Waiting Time:,6,seconds
Warming Duration:,0,seconds
Wait before measurement:,15,seconds
Chamber Heating Duration:,0,seconds
Chamber Heating Schedule:,continuous 
C1:,0.0270
C2:,0.3250
Date,Time,Chamber Temperature (°C),dT (µV),Wet Bulb Depression (µV),Corrected Water Potential (MPa),Intercept,Slope,EDBO,Correction for dT (MPa),Correction Factor,Internal Battery Voltage (V),Internal Battery Temperature (°C),External Power Supply Present,External Power Supply Voltage (V),External Power Supply Current (mA),Diagnostic Comment
24/10/2024,12:00:00,,,,,,,,,,0.00,23.80 ,present ,24.02 ,24.60 ,skipped: low power,
24/10/2024,12:15:00,,,,,,,,,,0.00,23.80 ,present ,24.02 ,24.60 ,skipped: low power,
24/10/2024,12:30:00,,,,,,,,,,0.00,23.80 ,present ,24.08 ,10.20 ,skipped: low power,
24/10/2024,12:45:00,,,,,,,,,,0.00,23.80 ,present ,23.91 ,15.30 ,skipped: low power,
24/10/2024,13:00:00,,,,,,,,,,0.00,23.80 ,present ,23.91 ,15.30 ,skipped: low power,
24/10/2024,13:15:00,,,,,,,,,,3.33,30.90 ,present ,23.89 ,30.60 ,skipped: low power,
24/10/2024,13:30:00,,,,,,,,,,3.43,31.20 ,present ,23.88 ,25.50 ,skipped: low power,
24/10/2024,13:45:00,,,,,,,,,,3.51,31.20 ,present ,23.88 ,24.60 ,skipped: low power,
24/10/2024,14:00:00,,,,,,,,,,3.56,31.50 ,present ,23.88 ,24.60 ,skipped: low power,
24/10/2024,14:15:00,,,,,,,,,,3.60,31.70 ,present ,23.90 ,23.10 ,skipped: low power,
24/10/2024,14:30:00,,,,,,,,,,3.64,31.90 ,present ,23.88 ,24.60 ,skipped: low power,
24/10/2024,14:45:00,,,,,,,,,,3.66,31.70 ,present ,23.87 ,23.40 ,skipped: low power,
24/10/2024,15:00:00,,,,,,,,,,3.67,31.80 ,present ,23.88 ,25.80 ,skipped: low power,
24/10/2024,15:15:00,,,,,,,,,,3.67,32.00 ,present ,23.91 ,24.00 ,skipped: low power,
24/10/2024,15:30:00,,,,,,,,,,3.67,32.20 ,present ,23.87 ,24.00 ,skipped: low power,
24/10/2024,15:45:00,,,,,,,,,,3.68,32.00 ,present ,23.88 ,25.50 ,skipped: low power,
24/10/2024,16:00:00,,,,,,,,,,3.68,32.00 ,present ,23.91 ,24.00 ,skipped: low power,
24/10/2024,16:15:00,,,,,,,,,,3.68,30.70 ,present ,12.39 ,29.40 ,skipped: low power,
24/10/2024,16:30:00,,,,,,,,,,3.69,29.30 ,present ,12.32 ,28.80 ,skipped: low power,
24/10/2024,16:45:00,,,,,,,,,,3.69,26.70 ,not present ,0.00 ,0.00 ,skipped: low power,
24/10/2024,17:00:00,,,,,,,,,,3.69,28.10 ,present ,12.29 ,26.10 ,skipped: low power,
24/10/2024,17:15:00,24.56,-1.054,2.218,-0.46,1.00,-3.80,-1.507,-0.14,8.215,3.70,29.40 ,present ,12.18 ,56.70 ,
24/10/2024,17:30:00,24.40,-0.906,2.209,-0.44,1.00,-3.80,-1.474,-0.12,8.219,3.70,29.40 ,present ,12.14 ,56.70 ,
24/10/2024,17:45:00,24.57,-0.721,2.502,-0.50,1.00,-3.80,-1.384,-0.09,8.215,3.71,29.30 ,present ,12.14 ,56.70 ,
24/10/2024,18:00:00,24.63,-0.198,2.599,-0.45,1.00,-3.80,-1.182,-0.02,8.212,3.71,29.40 ,present ,12.14 ,56.70 ,
24/10/2024,18:15:00,24.26,0.506,3.829,-0.69,1.00,-3.80,-1.105,0.06,8.226,3.71,29.40 ,present ,12.28 ,56.10 ,
24/10/2024,18:30:00,24.18,-0.492,2.576,-0.49,1.00,-3.80,-1.099,-0.06,8.229,3.72,29.00 ,present ,12.28 ,56.10 ,
24/10/2024,18:45:00,24.20,-0.182,2.791,-0.51,1.00,-3.80,-1.018,-0.02,8.226,3.72,28.90 ,present ,12.24 ,55.80 ,
24/10/2024,19:00:00,24.23,-0.714,2.760,-0.57,1.00,-3.80,-1.279,-0.09,8.226,3.72,28.90 ,present ,12.25 ,56.40 ,
24/10/2024,19:15:00,24.14,-0.285,2.914,-0.56,1.00,-3.80,-0.988,-0.03,8.229,3.73,28.80 ,present ,12.25 ,56.70 ,
24/10/2024,19:30:00,24.03,0.015,2.895,-0.51,1.00,-3.80,-1.016,0.00,8.233,3.73,28.70 ,present ,12.31 ,55.80 ,
24/10/2024,19:45:00,24.05,-0.666,2.798,-0.58,1.00,-3.80,-1.317,-0.08,8.233,3.73,28.70 ,present ,12.32 ,56.10 ,
24/10/2024,20:00:00,23.84,-0.005,2.868,-0.51,1.00,-3.80,-0.951,0.00,8.240,3.74,28.60 ,present ,12.31 ,55.80 ,
24/10/2024,20:15:00,23.46,0.110,2.800,-0.49,1.00,-3.80,-0.945,0.01,8.254,3.74,28.50 ,present ,12.32 ,56.10 ,
24/10/2024,20:30:00,23.15,0.320,2.885,-0.49,1.00,-3.80,-0.836,0.04,8.265,3.74,28.10 ,present ,12.32 ,56.40 ,
24/10/2024,20:45:00,22.90,-0.218,3.369,-0.70,1.00,-3.80,-1.021,-0.02,8.272,3.74,27.60 ,present ,12.31 ,55.80 ,
24/10/2024,21:00:00,22.74,0.054,2.971,-0.56,1.00,-3.80,-0.962,0.00,8.279,3.75,27.60 ,present ,12.32 ,56.10 ,
24/10/2024,21:15:00,23.03,-0.894,2.476,-0.54,1.00,-3.80,-1.138,-0.12,8.269,3.75,27.30 ,present ,12.32 ,56.10 ,
24/10/2024,21:30:00,23.53,-0.849,2.630,-0.57,1.00,-3.80,-1.129,-0.11,8.251,3.75,27.70 ,present ,12.31 ,55.80 ,
24/10/2024,21:45:00,23.67,-0.669,2.644,-0.54,1.00,-3.80,-1.306,-0.09,8.247,3.76,27.60 ,present ,12.32 ,56.10 ,
24/10/2024,22:00:00,23.52,-0.511,2.936,-0.61,1.00,-3.80,-1.084,-0.06,8.251,3.76,27.70 ,present ,12.31 ,55.50 ,
24/10/2024,22:15:00,23.38,-0.265,2.738,-0.52,1.00,-3.80,-0.991,-0.03,8.258,3.76,27.70 ,present ,12.32 ,56.40 ,
24/10/2024,22:30:00,23.55,-0.634,2.675,-0.55,1.00,-3.80,-1.163,-0.08,8.251,3.76,27.90 ,present ,12.31 ,55.80 ,
24/10/2024,22:45:00,23.72,-0.819,2.642,-0.56,1.00,-3.80,-1.165,-0.11,8.244,3.76,27.80 ,present ,12.31 ,55.80 ,
24/10/2024,23:00:00,23.20,0.301,2.833,-0.47,1.00,-3.80,-0.816,0.04,8.262,3.76,27.70 ,present ,12.32 ,56.10 ,
24/10/2024,23:15:00,22.49,0.126,2.202,-0.34,1.00,-3.80,-0.695,0.01,8.290,3.76,26.60 ,present ,12.31 ,55.80 ,
24/10/2024,23:30:00,21.96,0.125,1.847,-0.24,1.00,-3.80,-0.761,0.01,8.308,3.76,25.90 ,present ,12.31 ,55.80 ,
24/10/2024,23:45:00,21.57,0.051,1.608,-0.19,1.00,-3.80,-0.659,0.00,8.323,3.76,25.50 ,present ,12.31 ,55.80 ,
25/10/2024,00:00:00,21.27,0.108,1.453,-0.14,1.00,-3.80,-0.706,0.01,8.333,3.77,24.90 ,present ,12.32 ,56.10 ,
25/10/2024,00:15:00,21.03,0.136,1.314,-0.10,1.00,-3.80,-0.618,0.01,8.341,3.77,24.80 ,present ,12.31 ,55.80 ,
25/10/2024,00:30:00,20.84,0.059,1.205,-0.08,1.00,-3.80,-0.570,0.00,8.348,3.77,24.50 ,present ,12.28 ,55.80 ,
25/10/2024,00:45:00,20.70,0.089,1.150,-0.06,1.00,-3.80,-0.488,0.01,8.352,3.77,24.00 ,present ,12.28 ,55.50 ,
25/10/2024,01:00:00,20.59,-0.041,1.099,-0.07,1.00,-3.80,-0.440,0.00,8.359,3.77,23.80 ,present ,12.28 ,56.10 ,
25/10/2024,01:15:00,20.49,-0.065,1.063,-0.06,1.00,-3.80,-0.437,0.00,8.362,3.77,23.60 ,present ,12.28 ,55.50 ,
25/10/2024,01:30:00,20.41,-0.001,1.072,-0.05,1.00,-3.80,-0.381,0.00,8.362,3.77,23.60 ,present ,12.28 ,55.80 ,
25/10/2024,01:45:00,20.32,-0.019,1.074,-0.06,1.00,-3.80,-0.570,0.00,8.366,3.77,23.50 ,present ,12.28 ,56.10 ,
25/10/2024,02:00:00,20.23,0.036,1.021,-0.04,1.00,-3.80,-0.527,0.00,8.370,3.77,23.50 ,present ,12.28 ,56.40 ,
25/10/2024,02:15:00,20.15,-0.026,1.055,-0.05,1.00,-3.80,-0.573,0.00,8.373,3.77,23.40 ,present ,12.28 ,55.80 ,
25/10/2024,02:30:00,20.06,-0.041,1.007,-0.04,1.00,-3.80,-0.563,0.00,8.377,3.77,23.30 ,present ,12.28 ,56.10 ,
25/10/2024,02:45:00,19.99,-0.111,0.968,-0.04,1.00,-3.80,-0.475,-0.01,8.381,3.77,23.10 ,present ,12.28 ,55.80 ,
25/10/2024,03:00:00,19.94,-0.139,0.944,-0.04,1.00,-3.80,-0.438,-0.01,8.381,3.77,23.10 ,present ,12.28 ,55.80 ,
25/10/2024,03:15:00,19.91,-0.129,0.910,-0.03,1.00,-3.80,-0.355,-0.01,8.381,3.77,23.20 ,present ,12.25 ,56.10 ,
25/10/2024,03:30:00,19.89,-0.161,0.850,-0.01,1.00,-3.80,-0.532,-0.02,8.384,3.77,23.00 ,present ,12.25 ,56.40 ,
25/10/2024,03:45:00,19.87,-0.197,0.816,-0.01,1.00,-3.80,-0.376,-0.02,8.384,3.77,22.90 ,present ,12.24 ,55.80 ,
25/10/2024,04:00:00,19.85,-0.253,0.756,0.00,1.00,-3.80,-0.357,-0.03,8.384,3.78,23.00 ,present ,12.25 ,56.10 ,
25/10/2024,04:15:00,19.87,-0.206,0.000,0.00,1.00,-3.80,-0.294,-0.02,8.384,3.78,22.90 ,present ,12.21 ,56.70 ,
25/10/2024,04:30:00,19.85,-0.225,0.000,0.00,1.00,-3.80,-0.399,-0.03,8.384,3.78,22.90 ,present ,12.25 ,56.10 ,
25/10/2024,04:45:00,19.81,-0.227,0.000,0.00,1.00,-3.80,-0.311,-0.03,8.384,3.78,22.90 ,present ,12.25 ,56.10 ,
25/10/2024,05:00:00,19.73,-0.220,0.000,0.00,1.00,-3.80,-0.357,-0.03,8.388,3.78,22.60 ,present ,12.25 ,56.10 ,
25/10/2024,05:15:00,19.67,-0.222,0.000,0.00,1.00,-3.80,-0.255,-0.03,8.392,3.78,22.80 ,present ,12.21 ,56.70 ,
25/10/2024,05:30:00,19.62,-0.234,0.000,0.00,1.00,-3.80,-0.265,-0.03,8.392,3.78,22.60 ,present ,12.25 ,56.10 ,
25/10/2024,05:45:00,19.56,-0.281,0.000,0.00,1.00,-3.80,-0.168,-0.03,8.395,3.78,22.70 ,present ,12.25 ,56.10 ,
25/10/2024,06:00:00,19.52,-0.181,0.000,0.00,1.00,-3.80,-0.306,-0.02,8.395,3.79,22.70 ,present ,12.21 ,56.40 ,
25/10/2024,06:15:00,19.51,-0.218,0.000,0.00,1.00,-3.80,-0.185,-0.03,8.395,3.79,22.60 ,present ,12.21 ,56.10 ,
25/10/2024,06:30:00,19.54,-0.321,0.000,0.00,1.00,-3.80,-0.293,-0.04,8.395,3.79,22.70 ,present ,12.21 ,56.70 ,
25/10/2024,06:45:00,19.58,-0.309,0.000,0.00,1.00,-3.80,-0.206,-0.04,8.395,3.79,22.70 ,present ,12.21 ,56.10 ,
25/10/2024,07:00:00,19.74,-1.352,0.270,0.00,1.00,-3.80,-0.863,-0.18,8.388,3.79,22.90 ,present ,12.21 ,56.10 ,
25/10/2024,07:15:00,20.51,-0.959,0.494,-0.01,1.00,-3.80,-0.330,-0.13,8.359,3.79,23.60 ,present ,12.21 ,56.70 ,
25/10/2024,07:30:00,20.96,-0.843,1.579,-0.31,1.00,-3.80,-0.988,-0.11,8.344,3.79,24.40 ,present ,12.21 ,56.70 ,
25/10/2024,07:45:00,21.31,-0.727,1.705,-0.33,1.00,-3.80,-0.950,-0.09,8.330,3.80,24.80 ,present ,12.21 ,56.10 ,
25/10/2024,08:00:00,21.41,-0.033,2.210,-0.38,1.00,-3.80,-0.851,0.00,8.326,3.80,25.40 ,present ,12.21 ,56.40 ,
25/10/2024,08:15:00,21.49,-0.628,2.113,-0.43,1.00,-3.80,-1.067,-0.08,8.326,3.80,25.60 ,present ,12.21 ,56.40 ,
25/10/2024,08:30:00,21.50,-0.389,2.256,-0.44,1.00,-3.80,-0.849,-0.05,8.323,3.80,26.00 ,present ,12.18 ,56.70 ,
25/10/2024,08:45:00,21.68,-0.573,2.069,-0.41,1.00,-3.80,-1.011,-0.07,8.319,3.80,26.00 ,present ,12.18 ,56.70 ,
25/10/2024,09:00:00,21.94,-1.241,2.173,-0.52,1.00,-3.80,-1.296,-0.16,8.308,3.81,26.20 ,present ,12.18 ,56.40 ,
25/10/2024,09:15:00,22.20,-0.944,2.026,-0.44,1.00,-3.80,-1.017,-0.12,8.297,3.79,23.30 ,not present ,0.00 ,0.00 ,
25/10/2024,09:30:00,22.22,-0.608,2.647,-0.57,1.00,-3.80,-0.923,-0.08,8.297,3.79,22.90 ,not present ,0.00 ,0.00 ,
25/10/2024,09:45:00,22.39,-1.078,2.209,-0.50,1.00,-3.80,-1.031,-0.14,8.294,3.79,22.90 ,not present ,0.00 ,0.00 ,
25/10/2024,10:00:00,22.53,-0.965,2.016,-0.43,1.00,-3.80,-0.996,-0.13,8.287,3.79,23.00 ,not present ,0.00 ,0.00 ,
25/10/2024,10:15:00,23.08,-1.674,2.251,-0.58,1.00,-3.80,-1.262,-0.22,8.269,3.79,23.40 ,not present ,0.00 ,0.00 ,
25/10/2024,10:30:00,23.48,-1.521,2.099,-0.51,1.00,-3.80,-1.304,-0.20,8.254,3.78,23.80 ,not present ,0.00 ,0.00 ,
25/10/2024,10:45:00,23.56,-1.635,2.909,-0.75,1.00,-3.80,-1.393,-0.22,8.251,3.78,24.00 ,not present ,0.00 ,0.00 ,
25/10/2024,11:00:00,23.98,-1.832,2.057,-0.54,1.00,-3.80,-1.428,-0.24,8.237,3.78,24.50 ,not present ,0.00 ,0.00 ,
25/10/2024,11:15:00,24.67,-1.635,2.401,-0.59,1.00,-3.80,-1.214,-0.22,8.212,3.78,25.00 ,not present ,0.00 ,0.00 ,
25/10/2024,11:30:00,25.09,-0.821,3.012,-0.63,1.00,-3.80,-1.118,-0.11,8.198,3.78,25.60 ,not present ,0.00 ,0.00 ,
25/10/2024,11:45:00,25.37,-1.780,2.428,-0.60,1.00,-3.80,-1.378,-0.23,8.187,3.78,26.00 ,not present ,0.00 ,0.00 ,
25/10/2024,12:00:00,25.66,-1.531,2.151,-0.49,1.00,-3.80,-1.475,-0.20,8.175,3.78,26.20 ,not present ,0.00 ,0.00 ,
25/10/2024,12:15:00,26.00,-1.568,2.633,-0.62,1.00,-3.80,-1.440,-0.20,8.161,3.78,26.50 ,not present ,0.00 ,0.00 ,
25/10/2024,12:30:00,25.97,-1.345,2.668,-0.60,1.00,-3.80,-1.260,-0.18,8.166,3.78,27.00 ,not present ,0.00 ,0.00 ,
25/10/2024,12:45:00,26.00,-1.805,2.069,-0.50,1.00,-3.80,-1.572,-0.24,8.161,3.78,27.20 ,not present ,0.00 ,0.00 ,
25/10/2024,13:00:00,25.42,1.441,3.790,-0.52,1.00,-3.80,-0.760,0.19,8.184,3.78,27.20 ,not present ,0.00 ,0.00 ,
25/10/2024,13:15:00,25.02,-0.846,2.267,-0.44,1.00,-3.80,-1.772,-0.11,8.198,3.77,26.50 ,not present ,0.00 ,0.00 ,
25/10/2024,13:30:00,24.78,-0.453,2.466,-0.45,1.00,-3.80,-1.619,-0.06,8.208,3.79,30.30 ,present ,24.05 ,37.50 ,
25/10/2024,13:45:00,25.07,-1.042,2.389,-0.50,1.00,-3.80,-1.705,-0.14,8.198,3.80,31.50 ,present ,24.04 ,37.20 ,
25/10/2024,14:00:00,25.77,-1.492,2.505,-0.58,1.00,-3.80,-1.485,-0.19,8.173,3.81,32.30 ,present ,24.04 ,37.20 ,
25/10/2024,14:15:00,26.27,-1.020,2.734,-0.56,1.00,-3.80,-1.665,-0.13,8.154,3.81,32.70 ,present ,24.04 ,37.20 ,
25/10/2024,14:30:00,26.38,-0.876,2.923,-0.59,1.00,-3.80,-2.030,-0.11,8.152,3.81,33.50 ,present ,24.04 ,37.20 ,
25/10/2024,14:45:00,26.73,-1.035,2.893,-0.60,1.00,-3.80,-1.807,-0.13,8.137,3.82,33.50 ,present ,24.04 ,37.20 ,
25/10/2024,15:00:00,26.91,-0.677,4.099,-0.85,1.00,-3.80,-1.796,-0.09,8.130,3.82,34.09 ,present ,24.04 ,37.20 ,
25/10/2024,15:15:00,26.97,-1.076,2.878,-0.59,1.00,-3.80,-1.794,-0.14,8.130,3.83,34.20 ,present ,24.05 ,37.50 ,
25/10/2024,15:30:14,26.76,0.327,5.016,-0.95,1.00,-3.80,-1.342,0.04,8.137,3.83,34.59 ,present ,24.05 ,37.80 ,
25/10/2024,15:45:00,26.59,-1.713,2.821,-0.67,1.00,-3.80,-1.559,-0.22,8.145,3.84,34.00 ,present ,24.05 ,37.80 ,
25/10/2024,16:00:00,26.82,-0.213,3.334,-0.60,1.00,-3.80,-1.005,-0.02,8.134,3.85,34.09 ,present ,24.04 ,37.20 ,
25/10/2024,16:15:00,26.61,-0.513,3.112,-0.59,1.00,-3.80,-1.084,-0.06,8.141,3.85,34.20 ,present ,24.04 ,37.20 ,
25/10/2024,16:30:00,26.66,-1.099,3.063,-0.65,1.00,-3.80,-1.423,-0.14,8.141,3.86,34.00 ,present ,24.04 ,37.20 ,
25/10/2024,16:45:00,26.55,-1.191,3.653,-0.81,1.00,-3.80,-1.467,-0.15,8.145,3.87,34.00 ,present ,24.05 ,37.50 ,
25/10/2024,17:00:00,26.71,-0.810,3.451,-0.71,1.00,-3.80,-1.288,-0.10,8.137,3.88,34.00 ,present ,24.05 ,37.50 ,
25/10/2024,17:15:00,26.61,0.377,3.972,-0.68,1.00,-3.80,-0.728,0.05,8.141,3.88,33.70 ,present ,24.04 ,37.20 ,
25/10/2024,17:30:00,26.52,-1.113,3.141,-0.67,1.00,-3.80,-1.462,-0.14,8.145,3.89,33.70 ,present ,24.05 ,37.50 ,
25/10/2024,17:45:00,26.69,-0.918,3.414,-0.71,1.00,-3.80,-1.372,-0.12,8.141,3.89,33.59 ,present ,24.04 ,37.20 ,
25/10/2024,18:00:00,26.62,-0.914,3.474,-0.73,1.00,-3.80,-1.363,-0.12,8.141,3.90,33.70 ,present ,24.04 ,37.20 ,
25/10/2024,18:15:00,26.55,-0.796,3.315,-0.68,1.00,-3.80,-1.289,-0.10,8.145,3.90,33.70 ,present ,24.04 ,37.20 ,
25/10/2024,18:30:00,26.43,-0.838,3.537,-0.74,1.00,-3.80,-1.264,-0.11,8.148,3.91,33.40 ,present ,24.04 ,37.20 ,
25/10/2024,18:45:00,26.15,-0.665,3.454,-0.70,1.00,-3.80,-1.169,-0.08,8.159,3.91,33.20 ,present ,24.05 ,37.50 ,
25/10/2024,19:00:00,26.03,-0.817,3.262,-0.68,1.00,-3.80,-1.206,-0.10,8.161,3.92,33.09 ,present ,24.04 ,37.20 ,
25/10/2024,19:15:00,25.84,-0.722,3.232,-0.66,1.00,-3.80,-1.170,-0.09,8.168,3.93,32.90 ,present ,24.04 ,37.20 ,
25/10/2024,19:30:00,25.63,-0.422,3.449,-0.68,1.00,-3.80,-1.051,-0.05,8.175,3.93,32.59 ,present ,24.04 ,37.20 ,
25/10/2024,19:45:00,25.26,-0.733,3.626,-0.78,1.00,-3.80,-1.154,-0.09,8.191,3.94,32.50 ,present ,24.04 ,37.20 ,
25/10/2024,20:00:00,24.98,-0.503,3.484,-0.72,1.00,-3.80,-1.149,-0.06,8.201,3.95,32.09 ,present ,24.04 ,37.20 ,
25/10/2024,20:15:00,25.01,-0.370,3.260,-0.64,1.00,-3.80,-1.080,-0.04,8.198,3.95,32.00 ,present ,24.04 ,37.20 ,
25/10/2024,20:30:00,24.84,-0.091,3.729,-0.73,1.00,-3.80,-0.940,-0.01,8.205,3.96,32.00 ,present ,24.04 ,37.20 ,
25/10/2024,20:45:00,24.51,-0.234,3.578,-0.72,1.00,-3.80,-0.903,-0.03,8.215,3.96,31.80 ,present ,24.04 ,37.20 ,
25/10/2024,21:00:00,24.52,0.001,3.720,-0.72,1.00,-3.80,-0.850,0.00,8.215,3.97,31.30 ,present ,24.04 ,37.20 ,
25/10/2024,21:15:00,24.20,-0.272,3.661,-0.75,1.00,-3.80,-1.120,-0.03,8.226,3.97,31.40 ,present ,24.04 ,37.20 ,
25/10/2024,21:30:00,24.20,-0.882,3.377,-0.76,1.00,-3.80,-1.303,-0.11,8.226,3.98,31.20 ,present ,24.04 ,36.90 ,
25/10/2024,21:45:00,24.24,-0.598,3.480,-0.75,1.00,-3.80,-1.092,-0.08,8.226,3.98,31.10 ,present ,24.04 ,37.20 ,
25/10/2024,22:00:00,24.14,-0.672,3.712,-0.82,1.00,-3.80,-1.079,-0.09,8.229,3.99,31.10 ,present ,24.04 ,37.20 ,
25/10/2024,22:15:00,23.83,-0.650,3.110,-0.67,1.00,-3.80,-1.173,-0.08,8.240,4.00,30.70 ,present ,24.04 ,37.20 ,
25/10/2024,22:30:00,24.06,-0.808,3.029,-0.66,1.00,-3.80,-1.233,-0.10,8.233,4.02,30.80 ,present ,24.05 ,37.50 ,
25/10/2024,22:45:00,24.33,-0.870,3.113,-0.68,1.00,-3.80,-1.150,-0.11,8.222,4.03,30.90 ,present ,24.05 ,37.50 ,
25/10/2024,23:00:00,23.81,0.416,3.682,-0.68,1.00,-3.80,-0.842,0.05,8.240,4.04,30.40 ,present ,24.04 ,37.20 ,
25/10/2024,23:15:00,23.11,0.205,3.126,-0.57,1.00,-3.80,-0.776,0.02,8.265,4.05,29.60 ,present ,24.04 ,37.20 ,
25/10/2024,23:30:00,22.62,0.129,2.784,-0.50,1.00,-3.80,-0.800,0.01,8.283,4.06,29.00 ,present ,24.04 ,37.20 ,
25/10/2024,23:45:00,22.21,0.188,2.575,-0.44,1.00,-3.80,-0.777,0.02,8.297,4.07,28.20 ,present ,24.04 ,37.20 ,
26/10/2024,00:00:00,21.79,0.204,2.344,-0.38,1.00,-3.80,-0.762,0.02,8.315,4.07,27.90 ,present ,24.05 ,37.50 ,
26/10/2024,00:15:00,21.29,0.271,2.159,-0.33,1.00,-3.80,-0.615,0.03,8.333,4.08,27.20 ,present ,24.04 ,37.20 ,
26/10/2024,00:30:00,20.81,0.344,1.990,-0.28,1.00,-3.80,-0.710,0.04,8.348,4.09,26.50 ,present ,24.04 ,37.20 ,
26/10/2024,00:45:00,20.43,0.219,1.850,-0.26,1.00,-3.80,-0.617,0.03,8.362,4.10,26.00 ,present ,24.05 ,37.50 ,
26/10/2024,01:00:00,20.10,0.154,1.822,-0.26,1.00,-3.80,-0.561,0.02,8.373,4.10,25.70 ,present ,24.05 ,37.50 ,
26/10/2024,01:15:00,19.85,0.203,1.626,-0.20,1.00,-3.80,-0.566,0.02,8.384,4.11,25.30 ,present ,24.04 ,36.59 ,
26/10/2024,01:30:00,19.66,0.010,1.627,-0.23,1.00,-3.80,-0.511,0.00,8.392,4.12,25.00 ,present ,24.07 ,35.70 ,
26/10/2024,01:45:00,19.56,0.180,1.545,-0.18,1.00,-3.80,-0.503,0.02,8.395,4.13,24.90 ,present ,24.06 ,34.80 ,
26/10/2024,02:00:00,19.45,0.139,1.462,-0.17,1.00,-3.80,-0.494,0.01,8.399,4.14,24.50 ,present ,24.06 ,34.20 ,
26/10/2024,02:15:00,19.28,0.051,1.378,-0.15,1.00,-3.80,-0.617,0.00,8.406,4.14,24.20 ,present ,24.05 ,33.00 ,
26/10/2024,02:30:00,19.20,0.016,1.402,-0.17,1.00,-3.80,-0.559,0.00,8.406,4.15,23.80 ,present ,24.04 ,32.09 ,
26/10/2024,02:45:00,19.18,0.088,1.357,-0.14,1.00,-3.80,-0.523,0.01,8.410,4.15,23.20 ,present ,24.06 ,25.50 ,
26/10/2024,03:00:00,19.12,-0.022,1.328,-0.15,1.00,-3.80,-0.383,0.00,8.410,4.15,22.40 ,present ,24.08 ,23.10 ,
26/10/2024,03:15:00,18.97,0.101,1.304,-0.13,1.00,-3.80,-0.364,0.01,8.417,4.15,21.90 ,present ,24.07 ,22.20 ,
26/10/2024,03:30:00,18.94,0.001,1.246,-0.12,1.00,-3.80,-0.367,0.00,8.417,4.15,21.70 ,present ,24.07 ,22.20 ,
26/10/2024,03:45:00,18.86,-0.149,1.234,-0.14,1.00,-3.80,-0.461,-0.02,8.421,4.15,21.30 ,present ,24.06 ,21.60 ,
26/10/2024,04:00:00,18.87,-0.157,1.187,-0.13,1.00,-3.80,-0.353,-0.02,8.421,4.15,21.00 ,present ,24.07 ,21.90 ,
26/10/2024,04:15:00,18.93,-0.187,1.143,-0.12,1.00,-3.80,-0.374,-0.02,8.417,4.15,21.00 ,present ,24.06 ,21.30 ,
26/10/2024,04:30:00,19.01,-0.188,1.124,-0.11,1.00,-3.80,-0.363,-0.02,8.414,4.15,20.90 ,present ,24.06 ,21.30 ,
26/10/2024,04:45:00,19.04,-0.166,1.092,-0.10,1.00,-3.80,-0.467,-0.02,8.414,4.15,21.00 ,present ,24.06 ,21.30 ,
26/10/2024,05:00:00,19.04,-0.225,1.106,-0.11,1.00,-3.80,-0.439,-0.03,8.414,4.15,21.20 ,present ,24.06 ,21.30 ,
26/10/2024,05:15:00,18.97,-0.151,1.065,-0.09,1.00,-3.80,-0.323,-0.02,8.417,4.15,21.00 ,present ,24.06 ,21.30 ,
26/10/2024,05:30:00,18.99,-0.246,1.036,-0.09,1.00,-3.80,-0.290,-0.03,8.417,4.15,20.90 ,present ,24.06 ,21.60 ,
26/10/2024,05:45:00,18.94,-0.012,1.032,-0.06,1.00,-3.80,-0.347,0.00,8.417,4.15,21.20 ,present ,24.06 ,21.30 ,
26/10/2024,06:00:00,19.08,-0.257,0.986,-0.08,1.00,-3.80,-0.308,-0.03,8.414,4.15,20.80 ,present ,24.06 ,21.60 ,
26/10/2024,06:15:00,19.11,-0.145,1.048,-0.08,1.00,-3.80,-0.371,-0.02,8.410,4.15,20.90 ,present ,24.06 ,21.00 ,
26/10/2024,06:30:00,18.99,-0.158,1.110,-0.10,1.00,-3.80,-0.237,-0.02,8.417,4.15,21.00 ,present ,24.06 ,21.60 ,
26/10/2024,06:45:00,18.74,-0.010,1.209,-0.12,1.00,-3.80,-0.397,0.00,8.425,4.15,20.90 ,present ,24.06 ,21.30 ,
26/10/2024,07:00:00,18.94,-1.203,0.861,-0.17,1.00,-3.80,-0.792,-0.16,8.417,4.15,20.90 ,present ,24.06 ,21.60 ,
26/10/2024,07:15:00,19.68,-1.007,1.366,-0.29,1.00,-3.80,-0.661,-0.13,8.392,4.15,21.90 ,present ,24.06 ,21.30 ,
26/10/2024,07:30:00,20.28,-0.897,1.799,-0.40,1.00,-3.80,-0.745,-0.12,8.370,4.15,22.80 ,present ,24.06 ,21.60 ,
26/10/2024,07:45:00,20.73,-0.916,2.162,-0.50,1.00,-3.80,-0.713,-0.12,8.352,4.15,23.40 ,present ,24.06 ,21.30 ,
26/10/2024,08:00:00,20.89,-0.963,2.372,-0.57,1.00,-3.80,-0.750,-0.13,8.348,4.15,23.90 ,present ,24.06 ,21.30 ,
26/10/2024,08:15:00,20.94,-0.689,2.401,-0.54,1.00,-3.80,-0.796,-0.09,8.344,4.15,24.40 ,present ,24.06 ,21.30 ,
26/10/2024,08:30:00,20.84,-0.909,2.321,-0.54,1.00,-3.80,-0.801,-0.12,8.348,4.15,24.40 ,present ,24.06 ,21.60 ,
26/10/2024,08:45:00,20.85,-0.835,2.467,-0.58,1.00,-3.80,-0.821,-0.11,8.348,4.15,24.20 ,present ,24.06 ,21.30 ,
26/10/2024,09:00:00,20.97,-0.666,2.425,-0.54,1.00,-3.80,-0.859,-0.09,8.344,4.15,24.50 ,present ,24.06 ,21.00 ,
26/10/2024,09:15:00,21.48,-0.922,2.645,-0.63,1.00,-3.80,-0.695,-0.12,8.326,4.15,24.70 ,present ,24.06 ,21.00 ,
26/10/2024,09:30:00,21.86,-1.273,2.873,-0.73,1.00,-3.80,-1.006,-0.17,8.312,4.15,24.90 ,present ,24.06 ,21.30 ,
26/10/2024,09:45:00,22.30,-1.762,2.584,-0.70,1.00,-3.80,-1.144,-0.23,8.294,4.15,25.60 ,present ,24.06 ,21.00 ,
26/10/2024,10:00:00,22.77,-1.642,2.527,-0.66,1.00,-3.80,-1.089,-0.22,8.279,4.15,25.80 ,present ,24.06 ,21.30 ,
26/10/2024,10:15:00,23.19,-1.641,2.760,-0.72,1.00,-3.80,-1.282,-0.22,8.265,4.15,26.30 ,present ,24.06 ,21.30 ,
26/10/2024,10:30:00,23.82,-1.681,2.614,-0.67,1.00,-3.80,-1.135,-0.22,8.240,4.15,27.10 ,present ,24.06 ,21.30 ,
26/10/2024,10:45:00,24.23,-1.616,3.027,-0.76,1.00,-3.80,-1.243,-0.21,8.226,4.15,27.60 ,present ,24.06 ,21.60 ,
26/10/2024,11:00:00,24.71,-1.513,2.928,-0.71,1.00,-3.80,-1.049,-0.20,8.208,4.15,28.20 ,present ,24.06 ,21.30 ,
26/10/2024,11:15:00,25.06,-1.640,3.222,-0.80,1.00,-3.80,-1.188,-0.22,8.198,4.15,28.70 ,present ,24.06 ,21.30 ,
26/10/2024,11:30:00,25.45,-0.727,5.587,-1.28,1.00,-3.80,-0.833,-0.09,8.184,4.16,29.20 ,present ,24.06 ,21.30 ,
26/10/2024,11:45:00,26.06,-1.596,3.305,-0.79,1.00,-3.80,-1.254,-0.21,8.161,4.15,29.60 ,present ,24.06 ,21.30 ,
26/10/2024,12:00:00,26.56,-1.594,3.044,-0.71,1.00,-3.80,-1.266,-0.21,8.145,4.16,30.00 ,present ,24.06 ,21.30 ,
26/10/2024,12:15:00,27.18,-0.754,2.984,-0.57,1.00,-3.80,-0.852,-0.10,8.123,4.16,30.40 ,present ,24.06 ,21.30 ,
26/10/2024,12:30:00,27.16,-1.044,3.136,-0.65,1.00,-3.80,-0.946,-0.13,8.123,4.16,31.00 ,present ,24.06 ,21.60 ,
26/10/2024,12:45:00,27.58,-2.541,2.928,-0.79,1.00,-3.80,-1.764,-0.33,8.109,4.16,31.60 ,present ,24.06 ,21.30 ,
26/10/2024,13:00:00,27.60,-1.324,3.542,-0.78,1.00,-3.80,-1.240,-0.17,8.107,4.16,31.80 ,present ,24.06 ,21.30 ,
26/10/2024,13:15:00,27.31,-1.703,3.442,-0.81,1.00,-3.80,-1.451,-0.22,8.116,4.16,31.70 ,present ,24.06 ,21.30 ,
26/10/2024,13:30:00,27.44,-1.755,3.271,-0.77,1.00,-3.80,-1.455,-0.23,8.114,4.16,31.50 ,present ,24.06 ,21.30 ,
26/10/2024,13:45:00,27.16,-1.338,3.709,-0.83,1.00,-3.80,-1.152,-0.17,8.123,4.16,31.50 ,present ,24.06 ,21.30 ,
26/10/2024,14:00:00,27.20,-1.689,3.398,-0.80,1.00,-3.80,-1.316,-0.22,8.121,4.16,31.30 ,present ,24.06 ,21.30 ,
26/10/2024,14:15:00,27.03,-1.171,4.565,-1.03,1.00,-3.80,-1.083,-0.15,8.128,4.16,31.40 ,present ,24.06 ,21.30 ,
26/10/2024,14:30:00,27.20,-1.619,4.895,-1.16,1.00,-3.80,-1.378,-0.21,8.121,4.16,31.40 ,present ,24.06 ,21.30 ,
26/10/2024,14:45:00,27.25,-1.613,3.558,-0.83,1.00,-3.80,-1.226,-0.21,8.121,4.16,31.30 ,present ,24.06 ,21.60 ,
26/10/2024,15:00:00,27.45,-1.076,4.733,-1.04,1.00,-3.80,-0.969,-0.14,8.114,4.16,31.40 ,present ,24.06 ,21.60 ,
26/10/2024,15:15:00,27.05,-0.759,4.606,-0.98,1.00,-3.80,-1.275,-0.10,8.128,4.15,29.30 ,not present ,0.00 ,0.00 ,
26/10/2024,15:30:00,26.72,-1.941,3.298,-0.82,1.00,-3.80,-1.364,-0.25,8.137,4.14,28.30 ,not present ,0.00 ,0.00 ,
26/10/2024,15:45:00,27.01,-1.706,5.784,-1.40,1.00,-3.80,-1.134,-0.22,8.128,4.14,28.10 ,not present ,0.00 ,0.00 ,
26/10/2024,16:00:00,27.19,-1.288,4.248,-0.96,1.00,-3.80,-1.043,-0.17,8.123,4.14,28.10 ,not present ,0.00 ,0.00 ,
26/10/2024,16:15:00,27.27,-0.760,3.893,-0.80,1.00,-3.80,-0.785,-0.10,8.121,4.14,28.20 ,not present ,0.00 ,0.00 ,
26/10/2024,16:30:00,27.14,-0.846,3.630,-0.75,1.00,-3.80,-0.698,-0.11,8.123,4.14,28.30 ,not present ,0.00 ,0.00 ,
26/10/2024,16:45:00,27.01,-1.308,3.675,-0.82,1.00,-3.80,-1.076,-0.17,8.128,4.14,28.20 ,not present ,0.00 ,0.00 ,
26/10/2024,17:00:00,26.75,-0.546,3.892,-0.78,1.00,-3.80,-0.649,-0.07,8.137,4.14,27.90 ,not present ,0.00 ,0.00 ,
26/10/2024,17:15:00,26.62,-1.364,3.689,-0.84,1.00,-3.80,-0.932,-0.18,8.141,4.14,27.40 ,not present ,0.00 ,0.00 ,
26/10/2024,17:30:00,26.80,-1.423,3.802,-0.88,1.00,-3.80,-1.040,-0.18,8.134,4.14,27.60 ,not present ,0.00 ,0.00 ,
26/10/2024,17:45:00,26.85,-1.529,3.685,-0.86,1.00,-3.80,-1.013,-0.20,8.134,4.13,27.60 ,not present ,0.00 ,0.00 ,
26/10/2024,18:00:00,26.82,-1.053,3.924,-0.86,1.00,-3.80,-0.972,-0.14,8.134,4.13,27.60 ,not present ,0.00 ,0.00 ,
26/10/2024,18:15:00,26.71,-0.919,3.877,-0.83,1.00,-3.80,-0.808,-0.12,8.137,4.13,27.40 ,not present ,0.00 ,0.00 ,
26/10/2024,18:30:00,26.45,-1.250,3.765,-0.85,1.00,-3.80,-1.123,-0.16,8.148,4.13,27.20 ,not present ,0.00 ,0.00 ,
26/10/2024,18:45:00,26.53,-1.101,3.873,-0.86,1.00,-3.80,-0.888,-0.14,8.145,4.13,27.10 ,not present ,0.00 ,0.00 ,
26/10/2024,19:00:00,26.45,-1.240,4.106,-0.94,1.00,-3.80,-0.925,-0.16,8.148,4.13,27.20 ,not present ,0.00 ,0.00 ,
26/10/2024,19:15:00,26.27,-0.836,4.037,-0.87,1.00,-3.80,-0.767,-0.11,8.154,4.13,27.00 ,not present ,0.00 ,0.00 ,
26/10/2024,19:30:00,26.04,-1.219,4.052,-0.93,1.00,-3.80,-0.932,-0.16,8.161,4.12,26.90 ,not present ,0.00 ,0.00 ,
26/10/2024,19:45:00,25.87,-0.637,4.179,-0.89,1.00,-3.80,-0.601,-0.08,8.168,4.12,26.60 ,not present ,0.00 ,0.00 ,
26/10/2024,20:00:00,25.69,-0.602,4.405,-0.95,1.00,-3.80,-0.649,-0.08,8.175,4.12,26.40 ,not present ,0.00 ,0.00 ,
26/10/2024,20:15:00,25.53,-1.318,3.869,-0.91,1.00,-3.80,-0.855,-0.17,8.180,4.12,26.30 ,not present ,0.00 ,0.00 ,
26/10/2024,20:30:00,25.74,-0.742,3.925,-0.84,1.00,-3.80,-0.523,-0.09,8.173,4.12,26.20 ,not present ,0.00 ,0.00 ,
26/10/2024,20:45:00,25.66,-1.034,4.048,-0.92,1.00,-3.80,-0.814,-0.13,8.175,4.12,26.10 ,not present ,0.00 ,0.00 ,
26/10/2024,21:00:00,25.63,-1.061,4.019,-0.91,1.00,-3.80,-0.882,-0.14,8.175,4.12,26.10 ,not present ,0.00 ,0.00 ,
26/10/2024,21:15:00,25.43,-0.671,3.974,-0.86,1.00,-3.80,-0.666,-0.09,8.184,4.12,25.90 ,not present ,0.00 ,0.00 ,
26/10/2024,21:30:00,25.21,-0.898,3.760,-0.84,1.00,-3.80,-0.806,-0.12,8.191,4.12,25.80 ,not present ,0.00 ,0.00 ,
26/10/2024,21:45:00,25.11,-0.796,3.986,-0.88,1.00,-3.80,-0.700,-0.10,8.194,4.11,25.70 ,not present ,0.00 ,0.00 ,
26/10/2024,22:00:00,25.07,-1.269,3.671,-0.87,1.00,-3.80,-0.945,-0.17,8.198,4.11,25.50 ,not present ,0.00 ,0.00 ,
26/10/2024,22:15:00,25.20,-0.981,3.801,-0.86,1.00,-3.80,-0.721,-0.13,8.191,4.11,25.50 ,not present ,0.00 ,0.00 ,
26/10/2024,22:30:00,25.16,-1.120,3.788,-0.87,1.00,-3.80,-0.902,-0.15,8.194,4.11,25.50 ,not present ,0.00 ,0.00 ,
26/10/2024,22:45:00,24.97,-1.004,3.765,-0.86,1.00,-3.80,-0.815,-0.13,8.201,4.11,25.40 ,not present ,0.00 ,0.00 ,
26/10/2024,23:00:00,24.16,0.263,4.687,-0.96,1.00,-3.80,-0.419,0.03,8.229,4.11,24.90 ,not present ,0.00 ,0.00 ,
26/10/2024,23:15:00,23.04,0.441,4.034,-0.79,1.00,-3.80,-0.333,0.05,8.269,4.11,23.70 ,not present ,0.00 ,0.00 ,
26/10/2024,23:30:00,22.29,0.221,3.772,-0.77,1.00,-3.80,-0.343,0.03,8.297,4.11,22.80 ,not present ,0.00 ,0.00 ,
26/10/2024,23:45:00,21.82,-0.033,3.403,-0.72,1.00,-3.80,-0.353,0.00,8.312,4.10,21.90 ,not present ,0.00 ,0.00 ,
27/10/2024,00:00:00,21.50,-0.164,3.176,-0.68,1.00,-3.80,-0.373,-0.02,8.323,4.10,21.30 ,not present ,0.00 ,0.00 ,
27/10/2024,00:15:00,21.27,0.075,3.053,-0.61,1.00,-3.80,-0.242,0.01,8.333,4.10,20.80 ,not present ,0.00 ,0.00 ,
27/10/2024,00:30:00,21.04,0.009,2.947,-0.60,1.00,-3.80,-0.261,0.00,8.341,4.10,20.40 ,not present ,0.00 ,0.00 ,
27/10/2024,00:45:00,20.77,-0.105,2.765,-0.57,1.00,-3.80,-0.284,-0.01,8.352,4.10,20.10 ,not present ,0.00 ,0.00 ,
27/10/2024,01:00:00,20.54,-0.294,2.628,-0.56,1.00,-3.80,-0.250,-0.04,8.359,4.10,19.79 ,not present ,0.00 ,0.00 ,
27/10/2024,01:15:00,20.36,-0.175,2.565,-0.53,1.00,-3.80,-0.309,-0.02,8.366,4.10,19.60 ,not present ,0.00 ,0.00 ,
27/10/2024,01:30:00,20.13,-0.145,2.429,-0.49,1.00,-3.80,-0.251,-0.01,8.373,4.10,19.50 ,not present ,0.00 ,0.00 ,
27/10/2024,01:45:00,20.05,-0.228,2.350,-0.48,1.00,-3.80,-0.202,-0.03,8.377,4.10,19.20 ,not present ,0.00 ,0.00 ,
27/10/2024,02:00:00,19.94,-0.132,2.282,-0.45,1.00,-3.80,-0.191,-0.01,8.381,4.10,19.10 ,not present ,0.00 ,0.00 ,
27/10/2024,02:15:00,19.88,-0.226,2.240,-0.45,1.00,-3.80,-0.191,-0.03,8.384,4.09,19.00 ,not present ,0.00 ,0.00 ,
27/10/2024,02:30:00,19.72,0.194,2.266,-0.40,1.00,-3.80,-0.047,0.02,8.388,4.09,18.79 ,not present ,0.00 ,0.00 ,
27/10/2024,02:45:00,19.61,-0.109,2.127,-0.40,1.00,-3.80,-0.225,-0.01,8.392,4.09,18.79 ,not present ,0.00 ,0.00 ,
27/10/2024,03:00:00,19.60,-0.300,2.025,-0.40,1.00,-3.80,-0.208,-0.04,8.392,4.09,18.79 ,not present ,0.00 ,0.00 ,
27/10/2024,03:15:00,19.49,-0.298,2.015,-0.40,1.00,-3.80,-0.146,-0.04,8.399,4.09,18.50 ,not present ,0.00 ,0.00 ,
27/10/2024,03:30:00,19.41,-0.303,2.008,-0.40,1.00,-3.80,-0.248,-0.04,8.399,4.09,18.60 ,not present ,0.00 ,0.00 ,
27/10/2024,03:45:00,19.40,-0.172,1.902,-0.35,1.00,-3.80,-0.263,-0.02,8.399,4.09,18.50 ,not present ,0.00 ,0.00 ,
27/10/2024,04:00:00,19.42,-0.253,1.880,-0.35,1.00,-3.80,-0.230,-0.03,8.399,4.09,18.40 ,not present ,0.00 ,0.00 ,
27/10/2024,04:15:00,19.39,-0.185,1.846,-0.33,1.00,-3.80,-0.182,-0.02,8.403,4.09,18.40 ,not present ,0.00 ,0.00 ,
27/10/2024,04:30:00,19.36,-0.341,1.795,-0.34,1.00,-3.80,-0.252,-0.04,8.403,4.08,18.40 ,not present ,0.00 ,0.00 ,
27/10/2024,04:45:00,19.26,-0.155,1.858,-0.33,1.00,-3.80,-0.154,-0.02,8.406,4.08,18.29 ,not present ,0.00 ,0.00 ,
27/10/2024,05:00:00,19.25,-0.182,1.784,-0.31,1.00,-3.80,-0.236,-0.02,8.406,4.08,18.29 ,not present ,0.00 ,0.00 ,
27/10/2024,05:15:00,19.23,-0.241,1.739,-0.31,1.00,-3.80,-0.088,-0.03,8.406,4.08,18.20 ,not present ,0.00 ,0.00 ,
27/10/2024,05:30:00,19.22,-0.120,1.717,-0.28,1.00,-3.80,-0.189,-0.01,8.406,4.08,18.29 ,not present ,0.00 ,0.00 ,
27/10/2024,05:45:00,19.24,-0.281,1.741,-0.31,1.00,-3.80,-0.267,-0.03,8.406,4.08,18.29 ,not present ,0.00 ,0.00 ,
27/10/2024,06:00:00,19.25,-0.195,1.696,-0.29,1.00,-3.80,-0.231,-0.02,8.406,4.08,18.29 ,not present ,0.00 ,0.00 ,
27/10/2024,06:15:00,19.23,-0.145,1.623,-0.26,1.00,-3.80,-0.264,-0.02,8.406,4.08,18.29 ,not present ,0.00 ,0.00 ,
27/10/2024,06:30:00,19.23,-0.229,1.566,-0.25,1.00,-3.80,-0.180,-0.03,8.406,4.07,18.29 ,not present ,0.00 ,0.00 ,
27/10/2024,06:45:00,19.24,-0.260,1.588,-0.26,1.00,-3.80,-0.357,-0.03,8.406,4.07,18.20 ,not present ,0.00 ,0.00 ,
27/10/2024,07:00:00,19.24,-0.188,1.571,-0.25,1.00,-3.80,-0.234,-0.02,8.406,4.07,18.20 ,not present ,0.00 ,0.00 ,
27/10/2024,07:15:00,19.23,-0.109,1.578,-0.24,1.00,-3.80,-0.182,-0.01,8.406,4.07,18.20 ,not present ,0.00 ,0.00 ,
27/10/2024,07:30:00,19.30,-0.339,1.561,-0.26,1.00,-3.80,-0.205,-0.04,8.403,4.07,18.20 ,not present ,0.00 ,0.00 ,
27/10/2024,07:45:00,19.38,-0.239,1.663,-0.28,1.00,-3.80,-0.168,-0.03,8.403,4.07,18.29 ,not present ,0.00 ,0.00 ,
27/10/2024,08:00:00,20.09,-1.570,1.234,-0.32,1.00,-3.80,-0.635,-0.21,8.377,4.07,18.79 ,not present ,0.00 ,0.00 ,
27/10/2024,08:15:00,21.01,-1.371,1.699,-0.42,1.00,-3.80,-0.606,-0.18,8.341,4.07,19.79 ,not present ,0.00 ,0.00 ,
27/10/2024,08:30:00,21.61,-0.604,2.210,-0.45,1.00,-3.80,-0.341,-0.08,8.319,4.07,20.60 ,not present ,0.00 ,0.00 ,
27/10/2024,08:45:00,22.11,-1.045,2.480,-0.58,1.00,-3.80,-0.642,-0.14,8.301,4.07,21.40 ,not present ,0.00 ,0.00 ,
27/10/2024,09:00:00,22.07,-0.981,2.620,-0.61,1.00,-3.80,-0.726,-0.13,8.305,4.07,21.90 ,not present ,0.00 ,0.00 ,
27/10/2024,09:15:00,22.29,-1.191,2.931,-0.73,1.00,-3.80,-0.746,-0.16,8.297,4.06,22.30 ,not present ,0.00 ,0.00 ,
27/10/2024,09:30:00,22.48,-1.145,2.737,-0.66,1.00,-3.80,-0.753,-0.15,8.290,4.06,22.50 ,not present ,0.00 ,0.00 ,
27/10/2024,09:45:00,22.92,-1.631,2.817,-0.74,1.00,-3.80,-0.956,-0.22,8.272,4.06,22.70 ,not present ,0.00 ,0.00 ,
27/10/2024,10:00:00,23.49,-1.540,3.093,-0.79,1.00,-3.80,-0.780,-0.20,8.254,4.06,23.20 ,not present ,0.00 ,0.00 ,
27/10/2024,10:15:00,23.88,-1.383,3.235,-0.80,1.00,-3.80,-0.766,-0.18,8.240,4.06,23.60 ,not present ,0.00 ,0.00 ,
27/10/2024,10:30:00,24.10,-1.593,3.126,-0.79,1.00,-3.80,-0.948,-0.21,8.229,4.06,24.10 ,not present ,0.00 ,0.00 ,
27/10/2024,10:45:00,24.27,-1.478,3.057,-0.75,1.00,-3.80,-0.885,-0.19,8.226,4.06,24.60 ,not present ,0.00 ,0.00 ,
27/10/2024,11:00:00,24.68,-1.757,3.327,-0.85,1.00,-3.80,-1.041,-0.23,8.212,4.06,25.00 ,not present ,0.00 ,0.00 ,
27/10/2024,11:15:00,25.05,-1.381,3.574,-0.86,1.00,-3.80,-0.977,-0.18,8.198,4.06,25.60 ,not present ,0.00 ,0.00 ,
27/10/2024,11:30:00,25.42,-1.673,3.643,-0.90,1.00,-3.80,-1.063,-0.22,8.184,4.05,25.80 ,not present ,0.00 ,0.00 ,
27/10/2024,11:45:00,25.90,-1.485,3.515,-0.83,1.00,-3.80,-0.924,-0.19,8.166,4.05,26.20 ,not present ,0.00 ,0.00 ,
27/10/2024,12:00:00,25.86,-1.801,3.845,-0.96,1.00,-3.80,-1.220,-0.24,8.168,4.05,26.70 ,not present ,0.00 ,0.00 ,
27/10/2024,12:15:00,26.25,-1.234,3.631,-0.82,1.00,-3.80,-0.833,-0.16,8.154,4.05,27.00 ,not present ,0.00 ,0.00 ,
27/10/2024,12:30:00,26.39,-1.319,4.106,-0.95,1.00,-3.80,-1.055,-0.17,8.152,4.05,27.30 ,not present ,0.00 ,0.00 ,
27/10/2024,12:45:00,26.42,-1.311,4.130,-0.95,1.00,-3.80,-1.045,-0.17,8.148,4.05,27.30 ,not present ,0.00 ,0.00 ,
27/10/2024,13:00:00,26.34,-1.064,4.373,-0.98,1.00,-3.80,-0.906,-0.14,8.152,4.05,27.30 ,not present ,0.00 ,0.00 ,
27/10/2024,13:15:00,26.14,-1.288,4.173,-0.97,1.00,-3.80,-1.132,-0.17,8.159,4.05,27.10 ,not present ,0.00 ,0.00 ,
27/10/2024,13:30:00,26.29,-1.522,4.542,-1.09,1.00,-3.80,-0.959,-0.20,8.154,4.05,27.10 ,not present ,0.00 ,0.00 ,
27/10/2024,13:45:00,26.32,-1.377,4.232,-0.99,1.00,-3.80,-1.092,-0.18,8.152,4.05,27.10 ,not present ,0.00 ,0.00 ,
27/10/2024,14:00:00,26.35,-1.466,3.904,-0.92,1.00,-3.80,-1.007,-0.19,8.152,4.05,27.20 ,not present ,0.00 ,0.00 ,
27/10/2024,14:15:00,26.54,-1.172,4.281,-0.97,1.00,-3.80,-0.923,-0.15,8.145,4.05,27.60 ,not present ,0.00 ,0.00 ,
27/10/2024,14:30:00,26.87,-1.897,3.952,-0.98,1.00,-3.80,-1.254,-0.25,8.134,4.04,27.90 ,not present ,0.00 ,0.00 ,
27/10/2024,14:45:00,27.18,-1.056,4.833,-1.07,1.00,-3.80,-0.849,-0.14,8.123,4.04,28.10 ,not present ,0.00 ,0.00 ,
27/10/2024,15:00:00,27.00,-1.364,4.459,-1.03,1.00,-3.80,-1.124,-0.18,8.128,4.04,28.00 ,not present ,0.00 ,0.00 ,
27/10/2024,15:15:00,26.94,-1.176,4.228,-0.95,1.00,-3.80,-0.933,-0.15,8.130,4.04,27.90 ,not present ,0.00 ,0.00 ,
27/10/2024,15:30:00,27.00,-1.299,4.553,-1.04,1.00,-3.80,-1.009,-0.17,8.128,4.04,27.80 ,not present ,0.00 ,0.00 ,
27/10/2024,15:45:01,27.15,-1.682,4.030,-0.96,1.00,-3.80,-1.238,-0.22,8.123,4.05,28.20 ,present ,USB ,USB ,
27/10/2024,16:00:00,27.32,-0.937,4.117,-0.88,1.00,-3.80,-1.247,-0.12,8.116,4.06,31.70 ,present ,24.04 ,37.20 ,
27/10/2024,16:15:00,27.12,-0.966,4.031,-0.86,1.00,-3.80,-1.505,-0.12,8.123,4.07,33.09 ,present ,24.04 ,37.20 ,
27/10/2024,16:30:00,27.27,-1.171,3.711,-0.81,1.00,-3.80,-1.385,-0.15,8.121,4.08,33.70 ,present ,24.05 ,37.50 ,
27/10/2024,16:45:00,27.44,-0.863,3.745,-0.77,1.00,-3.80,-1.322,-0.11,8.114,4.09,34.20 ,present ,24.04 ,37.20 ,
27/10/2024,17:00:00,27.35,-0.624,3.693,-0.73,1.00,-3.80,-1.430,-0.08,8.116,4.09,34.20 ,present ,24.04 ,37.20 ,
27/10/2024,17:15:00,27.14,-0.499,3.566,-0.69,1.00,-3.80,-1.430,-0.06,8.123,4.10,34.30 ,present ,24.05 ,37.50 ,
27/10/2024,17:30:00,26.85,-0.548,3.296,-0.63,1.00,-3.80,-1.420,-0.07,8.134,4.11,34.09 ,present ,24.04 ,37.20 ,
27/10/2024,17:45:00,26.72,-0.655,3.372,-0.67,1.00,-3.80,-1.349,-0.08,8.137,4.12,33.70 ,present ,24.08 ,36.59 ,
27/10/2024,18:00:00,26.36,-0.293,3.737,-0.72,1.00,-3.80,-1.097,-0.03,8.152,4.13,33.30 ,present ,24.06 ,35.09 ,
27/10/2024,18:15:00,25.94,-0.145,3.611,-0.68,1.00,-3.80,-1.252,-0.01,8.166,4.14,32.70 ,present ,24.06 ,34.20 ,
27/10/2024,18:30:00,25.17,-0.207,3.327,-0.63,1.00,-3.80,-1.290,-0.02,8.194,4.14,32.09 ,present ,24.05 ,33.59 ,
27/10/2024,18:45:00,24.75,-0.061,3.154,-0.58,1.00,-3.80,-1.174,0.00,8.208,4.15,31.40 ,present ,24.04 ,32.09 ,
27/10/2024,19:00:00,24.37,-0.081,3.381,-0.65,1.00,-3.80,-1.203,-0.01,8.222,4.16,30.30 ,present ,24.06 ,25.80 ,
27/10/2024,19:15:00,23.96,-0.357,2.988,-0.59,1.00,-3.80,-1.148,-0.04,8.237,4.16,29.10 ,present ,24.07 ,22.50 ,
27/10/2024,19:30:00,23.81,-0.249,2.763,-0.52,1.00,-3.80,-0.910,-0.03,8.240,4.16,28.40 ,present ,24.06 ,21.60 ,
27/10/2024,19:45:00,23.48,0.423,3.111,-0.53,1.00,-3.80,-0.624,0.05,8.254,4.16,27.90 ,present ,24.06 ,21.30 ,
27/10/2024,20:00:00,23.08,-0.547,2.974,-0.63,1.00,-3.80,-1.040,-0.07,8.269,4.16,27.30 ,present ,24.06 ,21.30 ,
27/10/2024,20:15:00,22.94,0.135,2.836,-0.50,1.00,-3.80,-0.776,0.01,8.272,4.15,27.00 ,present ,24.06 ,21.00 ,
27/10/2024,20:30:00,22.92,-0.562,2.521,-0.51,1.00,-3.80,-0.962,-0.07,8.272,4.15,26.80 ,present ,24.06 ,21.00 ,
27/10/2024,20:45:00,23.01,-1.014,2.398,-0.54,1.00,-3.80,-1.213,-0.13,8.269,4.16,26.70 ,present ,24.06 ,21.30 ,
27/10/2024,21:00:00,23.29,-0.784,2.661,-0.57,1.00,-3.80,-1.116,-0.10,8.262,4.15,26.90 ,present ,24.06 ,21.30 ,
27/10/2024,21:15:00,23.28,-0.965,2.556,-0.57,1.00,-3.80,-1.190,-0.13,8.262,4.16,26.90 ,present ,24.06 ,21.30 ,
27/10/2024,21:30:00,23.25,-0.196,2.706,-0.51,1.00,-3.80,-0.902,-0.02,8.262,4.15,26.80 ,present ,24.06 ,21.30 ,
27/10/2024,21:45:00,23.01,-0.840,2.372,-0.51,1.00,-3.80,-1.253,-0.11,8.269,4.15,26.80 ,present ,24.06 ,21.00 ,
27/10/2024,22:00:00,22.88,-0.392,2.554,-0.50,1.00,-3.80,-0.858,-0.05,8.276,4.15,26.50 ,present ,24.06 ,21.00 ,
27/10/2024,22:15:00,22.96,-0.879,2.462,-0.54,1.00,-3.80,-1.194,-0.11,8.272,4.16,26.40 ,present ,24.06 ,21.00 ,
27/10/2024,22:30:00,22.86,-0.448,2.507,-0.49,1.00,-3.80,-1.036,-0.06,8.276,4.15,26.30 ,present ,24.06 ,21.00 ,
27/10/2024,22:45:00,22.73,-0.183,2.539,-0.47,1.00,-3.80,-0.939,-0.02,8.279,4.15,26.30 ,present ,24.06 ,21.30 ,
27/10/2024,23:00:00,22.71,-1.169,2.324,-0.54,1.00,-3.80,-1.283,-0.15,8.279,4.16,26.20 ,present ,24.06 ,21.00 ,
27/10/2024,23:15:00,23.30,-1.054,2.405,-0.54,1.00,-3.80,-1.061,-0.14,8.258,4.15,26.30 ,present ,24.06 ,21.00 ,
27/10/2024,23:30:00,23.60,-0.796,2.564,-0.54,1.00,-3.80,-1.004,-0.10,8.247,4.15,26.60 ,present ,24.06 ,21.00 ,
27/10/2024,23:45:00,23.82,-0.959,2.667,-0.59,1.00,-3.80,-1.139,-0.12,8.240,4.16,26.80 ,present ,24.06 ,21.30 ,
28/10/2024,00:00:00,23.08,0.407,2.679,-0.42,1.00,-3.80,-0.730,0.05,8.269,4.15,26.30 ,present ,24.06 ,20.70 ,
28/10/2024,00:15:00,22.45,0.255,2.105,-0.29,1.00,-3.80,-0.773,0.03,8.290,4.16,25.60 ,present ,24.06 ,20.70 ,
28/10/2024,00:30:00,21.89,0.098,1.761,-0.22,1.00,-3.80,-0.577,0.01,8.312,4.16,24.80 ,present ,24.06 ,21.30 ,
28/10/2024,00:45:00,21.47,0.025,1.581,-0.19,1.00,-3.80,-0.638,0.00,8.326,4.15,24.10 ,present ,24.06 ,21.00 ,
28/10/2024,01:00:00,21.12,0.101,1.438,-0.14,1.00,-3.80,-0.482,0.01,8.337,4.15,23.80 ,present ,24.06 ,21.00 ,
28/10/2024,01:15:00,20.80,0.048,1.306,-0.11,1.00,-3.80,-0.552,0.00,8.348,4.15,23.40 ,present ,24.06 ,21.00 ,
28/10/2024,01:30:00,20.54,-0.079,1.200,-0.10,1.00,-3.80,-0.462,-0.01,8.359,4.15,22.90 ,present ,24.06 ,21.00 ,
28/10/2024,01:45:00,20.41,-0.148,1.179,-0.11,1.00,-3.80,-0.547,-0.02,8.362,4.15,22.80 ,present ,24.06 ,21.00 ,
28/10/2024,02:00:00,20.32,-0.119,1.098,-0.08,1.00,-3.80,-0.417,-0.01,8.366,4.15,22.50 ,present ,24.06 ,21.00 ,
28/10/2024,02:15:00,20.24,-0.152,1.035,-0.07,1.00,-3.80,-0.379,-0.02,8.370,4.15,22.50 ,present ,24.06 ,21.30 ,
28/10/2024,02:30:00,20.21,-0.222,0.955,-0.05,1.00,-3.80,-0.297,-0.03,8.370,4.15,22.50 ,present ,24.06 ,21.00 ,
28/10/2024,02:45:00,20.18,-0.258,0.924,-0.05,1.00,-3.80,-0.275,-0.03,8.373,4.15,22.20 ,present ,24.06 ,21.00 ,
28/10/2024,03:00:00,20.20,-0.333,0.861,-0.04,1.00,-3.80,-0.352,-0.04,8.370,4.15,22.20 ,present ,24.06 ,21.00 ,
28/10/2024,03:15:00,20.20,-0.209,0.826,-0.01,1.00,-3.80,-0.288,-0.02,8.370,4.15,22.40 ,present ,24.06 ,20.70 ,
28/10/2024,03:30:00,20.18,-0.196,0.787,0.00,1.00,-3.80,-0.313,-0.02,8.373,4.15,22.20 ,present ,24.06 ,21.00 ,
28/10/2024,03:45:00,20.10,-0.211,0.000,0.00,1.00,-3.80,-0.262,-0.02,8.373,4.15,22.20 ,present ,24.06 ,21.00 ,
28/10/2024,04:00:00,20.03,-0.154,0.000,0.00,1.00,-3.80,-0.275,-0.02,8.377,4.15,22.10 ,present ,24.06 ,21.00 ,
28/10/2024,04:15:00,19.98,-0.320,0.000,0.00,1.00,-3.80,-0.242,-0.04,8.381,4.15,22.20 ,present ,24.06 ,20.70 ,
28/10/2024,04:30:00,19.92,-0.287,0.000,0.00,1.00,-3.80,-0.220,-0.03,8.381,4.15,22.00 ,present ,24.06 ,21.00 ,
28/10/2024,04:45:00,19.86,-0.356,0.000,0.00,1.00,-3.80,-0.194,-0.04,8.384,4.15,22.00 ,present ,24.06 ,21.00 ,
28/10/2024,05:00:00,19.84,-0.327,0.000,0.00,1.00,-3.80,-0.222,-0.04,8.384,4.15,21.90 ,present ,24.06 ,20.70 ,
28/10/2024,05:15:00,19.85,-0.279,0.000,0.00,1.00,-3.80,-0.150,-0.03,8.384,4.15,22.00 ,present ,24.06 ,21.00 ,
28/10/2024,05:30:00,19.82,-0.335,0.000,0.00,1.00,-3.80,-0.162,-0.04,8.384,4.15,21.90 ,present ,24.06 ,21.30 ,
28/10/2024,05:45:00,19.83,-0.367,0.000,0.00,1.00,-3.80,-0.212,-0.05,8.384,4.15,21.90 ,present ,24.06 ,21.00 ,
28/10/2024,06:00:00,19.75,-0.370,0.000,0.00,1.00,-3.80,-0.243,-0.05,8.388,4.15,21.90 ,present ,24.06 ,21.00 ,
28/10/2024,06:15:00,19.59,-0.265,0.000,0.00,1.00,-3.80,0.023,-0.03,8.395,4.15,21.80 ,present ,24.06 ,21.30 ,
28/10/2024,06:30:00,19.49,-0.396,0.000,0.00,1.00,-3.80,-0.237,-0.05,8.399,4.15,21.70 ,present ,24.06 ,21.00 ,
28/10/2024,06:45:00,19.45,-0.333,0.000,0.00,1.00,-3.80,-0.097,-0.04,8.399,4.15,21.60 ,present ,24.06 ,21.30 ,
28/10/2024,07:00:00,19.42,-0.456,0.000,0.00,1.00,-3.80,-0.159,-0.06,8.399,4.15,21.50 ,present ,24.06 ,21.00 ,
28/10/2024,07:15:00,19.31,-0.351,0.000,0.00,1.00,-3.80,-0.110,-0.04,8.403,4.15,21.50 ,present ,24.06 ,20.70 ,
28/10/2024,07:30:00,19.15,-0.264,0.000,0.00,1.00,-3.80,-0.076,-0.03,8.410,4.15,21.40 ,present ,24.06 ,21.00 ,
28/10/2024,07:45:00,19.15,-0.344,0.000,0.00,1.00,-3.80,-0.118,-0.04,8.410,4.15,21.30 ,present ,24.06 ,21.30 ,
28/10/2024,08:00:00,19.66,-1.492,0.369,-0.05,1.00,-3.80,-0.704,-0.20,8.392,4.15,21.70 ,present ,24.06 ,21.00 ,
28/10/2024,08:15:00,20.47,-1.336,0.762,-0.14,1.00,-3.80,-0.440,-0.18,8.362,4.15,22.80 ,present ,24.06 ,21.30 ,
28/10/2024,08:30:00,20.83,-0.631,1.178,-0.17,1.00,-3.80,-0.633,-0.08,8.348,4.15,23.60 ,present ,24.06 ,21.30 ,
28/10/2024,08:45:00,21.42,-1.044,1.449,-0.30,1.00,-3.80,-1.030,-0.14,8.326,4.15,24.20 ,present ,24.06 ,21.60 ,
28/10/2024,09:00:00,21.86,-0.972,1.822,-0.39,1.00,-3.80,-0.879,-0.13,8.312,4.15,24.80 ,present ,24.06 ,21.00 ,
28/10/2024,09:15:00,22.15,-1.056,2.242,-0.52,1.00,-3.80,-1.012,-0.14,8.301,4.15,25.20 ,present ,24.06 ,21.30 ,
28/10/2024,09:30:00,22.48,-0.143,1.988,-0.31,1.00,-3.80,-1.083,-0.01,8.290,4.15,25.60 ,present ,24.06 ,21.30 ,
28/10/2024,09:45:00,22.66,-1.207,1.727,-0.38,1.00,-3.80,-1.012,-0.16,8.283,4.15,25.60 ,present ,24.06 ,21.30 ,
28/10/2024,10:00:00,23.00,-0.901,1.855,-0.37,1.00,-3.80,-0.931,-0.12,8.269,4.15,26.00 ,present ,24.06 ,21.30 ,
28/10/2024,10:15:00,23.38,-1.279,2.053,-0.47,1.00,-3.80,-1.278,-0.17,8.258,4.15,26.50 ,present ,24.06 ,21.30 ,
28/10/2024,10:30:00,23.67,-0.760,2.136,-0.42,1.00,-3.80,-1.020,-0.10,8.247,4.15,26.90 ,present ,24.06 ,21.00 ,
28/10/2024,10:45:00,23.89,-1.264,2.044,-0.46,1.00,-3.80,-1.166,-0.17,8.240,4.16,27.30 ,present ,24.06 ,21.30 ,
28/10/2024,11:00:00,24.25,-1.266,2.525,-0.58,1.00,-3.80,-1.198,-0.17,8.226,4.15,27.60 ,present ,24.06 ,21.00 ,
28/10/2024,11:15:00,24.79,-1.691,2.130,-0.52,1.00,-3.80,-1.446,-0.22,8.208,4.16,28.00 ,present ,24.06 ,21.00 ,
28/10/2024,11:30:00,25.47,-1.721,2.664,-0.66,1.00,-3.80,-1.310,-0.23,8.184,4.16,28.80 ,present ,24.06 ,21.00 ,
28/10/2024,11:45:00,26.28,-2.211,2.373,-0.63,1.00,-3.80,-1.544,-0.29,8.154,4.15,29.60 ,present ,24.06 ,21.60 ,
28/10/2024,12:00:00,27.27,-1.343,2.772,-0.60,1.00,-3.80,-1.043,-0.17,8.121,4.16,30.50 ,present ,24.06 ,21.60 ,
28/10/2024,12:15:00,27.46,-1.754,2.815,-0.66,1.00,-3.80,-1.793,-0.23,8.114,4.16,31.40 ,present ,24.06 ,21.30 ,
28/10/2024,12:30:00,27.53,-1.196,3.278,-0.70,1.00,-3.80,-1.452,-0.15,8.109,4.16,31.70 ,present ,24.06 ,21.60 ,
28/10/2024,12:45:00,27.46,-0.984,3.292,-0.68,1.00,-3.80,-1.388,-0.13,8.114,4.16,31.80 ,present ,24.06 ,21.00 ,
28/10/2024,13:00:00,27.33,-0.537,3.817,-0.75,1.00,-3.80,-1.210,-0.07,8.116,4.16,31.80 ,present ,24.06 ,21.00 ,
28/10/2024,13:15:00,27.59,-1.486,3.719,-0.84,1.00,-3.80,-1.764,-0.19,8.109,4.16,31.80 ,present ,24.06 ,21.30 ,
28/10/2024,13:30:00,27.58,-0.446,3.631,-0.68,1.00,-3.80,-1.219,-0.05,8.109,4.16,32.00 ,present ,24.06 ,21.30 ,
28/10/2024,13:45:00,27.46,-0.624,3.515,-0.68,1.00,-3.80,-1.005,-0.08,8.114,4.16,31.90 ,present ,24.06 ,21.30 ,
28/10/2024,14:00:00,27.51,-0.682,3.344,-0.65,1.00,-3.80,-1.154,-0.09,8.109,4.16,32.00 ,present ,24.06 ,21.00 ,
28/10/2024,14:15:00,27.36,-0.763,3.318,-0.65,1.00,-3.80,-1.216,-0.10,8.116,4.16,31.90 ,present ,24.06 ,21.30 ,
28/10/2024,14:30:00,27.39,-0.658,3.485,-0.68,1.00,-3.80,-1.256,-0.08,8.116,4.16,31.80 ,present ,24.06 ,21.30 ,
28/10/2024,14:45:00,27.10,-0.914,4.036,-0.86,1.00,-3.80,-1.403,-0.12,8.123,4.16,31.60 ,present ,24.06 ,21.00 ,
28/10/2024,15:00:00,27.11,-0.786,3.766,-0.77,1.00,-3.80,-1.479,-0.10,8.123,4.16,31.60 ,present ,24.06 ,21.60 ,
28/10/2024,15:15:00,26.07,-0.496,3.379,-0.66,1.00,-3.80,-1.531,-0.06,8.161,4.16,31.20 ,present ,24.06 ,21.00 ,
28/10/2024,15:30:00,25.80,-0.922,3.263,-0.70,1.00,-3.80,-1.352,-0.12,8.168,4.16,30.70 ,present ,24.06 ,21.00 ,
28/10/2024,15:45:00,25.45,-0.824,3.352,-0.71,1.00,-3.80,-1.266,-0.11,8.184,4.16,30.20 ,present ,24.06 ,21.00 ,
28/10/2024,16:00:00,25.26,-1.120,3.067,-0.68,1.00,-3.80,-1.401,-0.15,8.191,4.16,30.00 ,present ,24.06 ,21.00 ,
28/10/2024,16:15:00,25.38,-0.893,2.883,-0.60,1.00,-3.80,-1.397,-0.11,8.187,4.16,29.70 ,present ,24.06 ,21.00 ,
28/10/2024,16:30:00,25.44,-0.956,3.402,-0.75,1.00,-3.80,-1.289,-0.12,8.184,4.16,29.50 ,present ,24.06 ,21.00 ,
28/10/2024,16:45:00,25.05,-1.124,3.294,-0.75,1.00,-3.80,-1.330,-0.15,8.198,4.16,29.40 ,present ,24.06 ,21.00 ,
28/10/2024,17:00:00,23.88,0.913,4.183,-0.74,1.00,-3.80,-1.003,0.12,8.240,4.15,26.70 ,not present ,0.00 ,0.00 ,
28/10/2024,17:15:00,24.08,-1.035,2.802,-0.63,1.00,-3.80,-1.081,-0.13,8.233,4.14,25.50 ,not present ,0.00 ,0.00 ,
28/10/2024,17:30:00,24.29,-1.103,2.894,-0.66,1.00,-3.80,-1.090,-0.14,8.226,4.14,25.30 ,not present ,0.00 ,0.00 ,
28/10/2024,17:45:00,24.43,-0.235,4.151,-0.87,1.00,-3.80,-0.596,-0.03,8.219,4.14,25.40 ,not present ,0.00 ,0.00 ,
28/10/2024,18:00:00,24.12,-0.842,3.096,-0.68,1.00,-3.80,-0.928,-0.11,8.229,4.14,25.10 ,not present ,0.00 ,0.00 ,
28/10/2024,18:15:00,24.20,-0.706,3.169,-0.68,1.00,-3.80,-0.930,-0.09,8.226,4.14,25.10 ,not present ,0.00 ,0.00 ,
28/10/2024,18:30:00,23.96,-1.033,3.152,-0.72,1.00,-3.80,-0.978,-0.13,8.237,4.14,25.00 ,not present ,0.00 ,0.00 ,
28/10/2024,18:45:00,24.07,-0.412,3.510,-0.73,1.00,-3.80,-0.720,-0.05,8.233,4.14,24.80 ,not present ,0.00 ,0.00 ,
28/10/2024,19:00:00,23.82,-0.626,3.467,-0.76,1.00,-3.80,-0.721,-0.08,8.240,4.14,24.70 ,not present ,0.00 ,0.00 ,
28/10/2024,19:15:00,23.69,-0.676,3.481,-0.77,1.00,-3.80,-0.840,-0.09,8.247,4.14,24.60 ,not present ,0.00 ,0.00 ,
28/10/2024,19:30:00,23.50,-0.546,3.870,-0.87,1.00,-3.80,-0.908,-0.07,8.251,4.13,24.40 ,not present ,0.00 ,0.00 ,
28/10/2024,19:45:00,23.34,-0.542,3.417,-0.75,1.00,-3.80,-0.757,-0.07,8.258,4.13,24.40 ,not present ,0.00 ,0.00 ,
28/10/2024,20:00:00,23.35,-0.777,3.261,-0.74,1.00,-3.80,-0.826,-0.10,8.258,4.13,24.00 ,not present ,0.00 ,0.00 ,
28/10/2024,20:15:00,23.28,-1.073,4.191,-1.03,1.00,-3.80,-0.926,-0.14,8.262,4.13,24.00 ,not present ,0.00 ,0.00 ,
28/10/2024,20:30:00,23.17,-0.702,3.646,-0.84,1.00,-3.80,-0.826,-0.09,8.265,4.13,24.00 ,not present ,0.00 ,0.00 ,
28/10/2024,20:45:00,23.12,-0.318,3.820,-0.83,1.00,-3.80,-0.448,-0.04,8.265,4.13,23.80 ,not present ,0.00 ,0.00 ,
28/10/2024,21:00:00,23.09,-0.170,3.612,-0.76,1.00,-3.80,-0.514,-0.02,8.269,4.13,23.80 ,not present ,0.00 ,0.00 ,
28/10/2024,21:15:00,23.03,-0.515,4.113,-0.94,1.00,-3.80,-0.650,-0.06,8.269,4.12,23.60 ,not present ,0.00 ,0.00 ,
28/10/2024,21:30:00,22.79,-0.754,3.818,-0.90,1.00,-3.80,-0.906,-0.10,8.279,4.12,23.60 ,not present ,0.00 ,0.00 ,
28/10/2024,21:45:00,22.91,-1.315,3.345,-0.84,1.00,-3.80,-0.985,-0.17,8.272,4.12,23.50 ,not present ,0.00 ,0.00 ,
28/10/2024,22:00:00,23.50,-1.156,3.528,-0.86,1.00,-3.80,-0.799,-0.15,8.251,4.12,23.60 ,not present ,0.00 ,0.00 ,
28/10/2024,22:15:00,23.69,-0.823,3.653,-0.84,1.00,-3.80,-0.794,-0.11,8.247,4.12,23.80 ,not present ,0.00 ,0.00 ,
28/10/2024,22:30:00,23.63,-0.916,3.826,-0.90,1.00,-3.80,-0.926,-0.12,8.247,4.12,23.80 ,not present ,0.00 ,0.00 ,
28/10/2024,22:45:00,23.66,-0.833,3.771,-0.87,1.00,-3.80,-0.834,-0.11,8.247,4.12,23.80 ,not present ,0.00 ,0.00 ,
28/10/2024,23:00:00,23.45,-0.355,4.289,-0.96,1.00,-3.80,-0.564,-0.04,8.254,4.12,23.80 ,not present ,0.00 ,0.00 ,
28/10/2024,23:15:00,23.43,-0.947,3.568,-0.84,1.00,-3.80,-0.926,-0.12,8.254,4.12,23.70 ,not present ,0.00 ,0.00 ,
28/10/2024,23:30:00,23.64,-0.958,3.614,-0.85,1.00,-3.80,-0.901,-0.12,8.247,4.12,23.80 ,not present ,0.00 ,0.00 ,
28/10/2024,23:45:00,23.81,-0.998,3.786,-0.90,1.00,-3.80,-0.901,-0.13,8.240,4.11,24.00 ,not present ,0.00 ,0.00 ,
29/10/2024,00:00:00,23.04,0.127,4.018,-0.83,1.00,-3.80,-0.494,0.01,8.269,4.11,23.20 ,not present ,0.00 ,0.00 ,
29/10/2024,00:15:00,22.42,0.026,3.231,-0.64,1.00,-3.80,-0.612,0.00,8.290,4.11,22.40 ,not present ,0.00 ,0.00 ,
29/10/2024,00:30:00,21.96,-0.010,2.705,-0.51,1.00,-3.80,-0.342,0.00,8.308,4.11,21.80 ,not present ,0.00 ,0.00 ,
29/10/2024,00:45:00,21.57,-0.073,2.430,-0.45,1.00,-3.80,-0.486,-0.01,8.323,4.11,21.30 ,not present ,0.00 ,0.00 ,
29/10/2024,01:00:00,21.13,0.058,2.436,-0.44,1.00,-3.80,-0.330,0.00,8.337,4.11,20.70 ,not present ,0.00 ,0.00 ,
29/10/2024,01:15:00,20.73,-0.008,1.952,-0.31,1.00,-3.80,-0.255,0.00,8.352,4.11,20.20 ,not present ,0.00 ,0.00 ,
29/10/2024,01:30:00,20.45,-0.153,1.821,-0.30,1.00,-3.80,-0.300,-0.02,8.362,4.11,19.90 ,not present ,0.00 ,0.00 ,
29/10/2024,01:45:00,20.18,0.029,1.827,-0.28,1.00,-3.80,-0.192,0.00,8.373,4.10,19.60 ,not present ,0.00 ,0.00 ,
29/10/2024,02:00:00,19.96,-0.179,1.678,-0.27,1.00,-3.80,-0.346,-0.02,8.381,4.10,19.40 ,not present ,0.00 ,0.00 ,
29/10/2024,02:15:00,19.88,-0.298,1.622,-0.27,1.00,-3.80,-0.349,-0.04,8.384,4.10,19.20 ,not present ,0.00 ,0.00 ,
29/10/2024,02:30:00,19.77,-0.258,1.596,-0.26,1.00,-3.80,-0.270,-0.03,8.388,4.10,19.00 ,not present ,0.00 ,0.00 ,
29/10/2024,02:45:00,19.71,-0.210,1.492,-0.22,1.00,-3.80,-0.237,-0.02,8.388,4.10,18.79 ,not present ,0.00 ,0.00 ,
29/10/2024,03:00:00,19.65,-0.293,1.476,-0.23,1.00,-3.80,-0.411,-0.04,8.392,4.10,18.79 ,not present ,0.00 ,0.00 ,
29/10/2024,03:15:00,19.54,-0.234,1.455,-0.21,1.00,-3.80,-0.219,-0.03,8.395,4.10,18.70 ,not present ,0.00 ,0.00 ,
29/10/2024,03:30:00,19.50,-0.359,1.499,-0.24,1.00,-3.80,-0.301,-0.04,8.395,4.10,18.60 ,not present ,0.00 ,0.00 ,
29/10/2024,03:45:00,19.45,-0.003,1.387,-0.16,1.00,-3.80,-0.189,0.00,8.399,4.10,18.50 ,not present ,0.00 ,0.00 ,
29/10/2024,04:00:00,19.35,0.017,1.434,-0.17,1.00,-3.80,-0.167,0.00,8.403,4.09,18.40 ,not present ,0.00 ,0.00 ,
29/10/2024,04:15:00,19.18,0.066,1.370,-0.15,1.00,-3.80,-0.124,0.00,8.410,4.09,18.40 ,not present ,0.00 ,0.00 ,
29/10/2024,04:30:00,19.08,-0.199,1.340,-0.18,1.00,-3.80,-0.182,-0.02,8.414,4.09,18.10 ,not present ,0.00 ,0.00 ,
29/10/2024,04:45:00,19.01,-0.203,1.279,-0.16,1.00,-3.80,-0.290,-0.02,8.414,4.09,18.20 ,not present ,0.00 ,0.00 ,
29/10/2024,05:00:00,18.96,-0.249,1.263,-0.16,1.00,-3.80,-0.285,-0.03,8.417,4.09,18.10 ,not present ,0.00 ,0.00 ,
29/10/2024,05:15:00,18.90,-0.147,1.223,-0.14,1.00,-3.80,-0.176,-0.02,8.417,4.09,17.90 ,not present ,0.00 ,0.00 ,
29/10/2024,05:30:00,18.78,-0.174,1.269,-0.16,1.00,-3.80,-0.305,-0.02,8.425,4.09,17.79 ,not present ,0.00 ,0.00 ,
29/10/2024,05:45:00,18.67,-0.344,1.205,-0.16,1.00,-3.80,-0.301,-0.04,8.428,4.09,17.70 ,not present ,0.00 ,0.00 ,
29/10/2024,06:00:00,18.59,-0.201,1.201,-0.14,1.00,-3.80,-0.275,-0.02,8.432,4.09,17.50 ,not present ,0.00 ,0.00 ,
29/10/2024,06:15:00,18.58,-0.407,1.115,-0.14,1.00,-3.80,-0.178,-0.05,8.432,4.09,17.50 ,not present ,0.00 ,0.00 ,
29/10/2024,06:30:00,18.60,-0.308,1.091,-0.12,1.00,-3.80,-0.193,-0.04,8.428,4.08,17.50 ,not present ,0.00 ,0.00 ,
29/10/2024,06:45:00,18.58,-0.314,1.075,-0.12,1.00,-3.80,-0.225,-0.04,8.432,4.08,17.50 ,not present ,0.00 ,0.00 ,
29/10/2024,07:00:00,18.51,-0.194,1.092,-0.11,1.00,-3.80,-0.165,-0.02,8.432,4.08,17.40 ,not present ,0.00 ,0.00 ,
29/10/2024,07:15:00,18.40,0.085,1.251,-0.12,1.00,-3.80,-0.066,0.01,8.436,4.08,17.29 ,not present ,0.00 ,0.00 ,
29/10/2024,07:30:00,18.16,-0.142,1.254,-0.16,1.00,-3.80,-0.313,-0.01,8.447,4.08,17.40 ,not present ,0.00 ,0.00 ,
29/10/2024,07:45:00,17.97,-0.202,1.422,-0.22,1.00,-3.80,-0.316,-0.02,8.454,4.08,17.29 ,not present ,0.00 ,0.00 ,
29/10/2024,08:00:00,18.49,-1.226,0.881,-0.18,1.00,-3.80,-0.482,-0.16,8.436,4.08,17.50 ,not present ,0.00 ,0.00 ,
29/10/2024,08:15:00,19.31,-0.894,1.483,-0.32,1.00,-3.80,-0.604,-0.12,8.403,4.08,18.50 ,not present ,0.00 ,0.00 ,
29/10/2024,08:30:00,19.91,-1.104,1.922,-0.47,1.00,-3.80,-0.734,-0.15,8.381,4.07,19.50 ,not present ,0.00 ,0.00 ,
29/10/2024,08:45:00,20.33,-1.097,2.530,-0.64,1.00,-3.80,-0.694,-0.15,8.366,4.07,20.10 ,not present ,0.00 ,0.00 ,
29/10/2024,09:00:00,20.55,-0.959,2.832,-0.71,1.00,-3.80,-0.664,-0.13,8.359,4.07,20.60 ,not present ,0.00 ,0.00 ,
29/10/2024,09:15:00,20.97,-1.334,2.694,-0.71,1.00,-3.80,-0.872,-0.18,8.344,4.07,20.90 ,not present ,0.00 ,0.00 ,
29/10/2024,09:30:00,21.39,-1.184,2.624,-0.66,1.00,-3.80,-0.854,-0.16,8.330,4.07,21.50 ,not present ,0.00 ,0.00 ,
29/10/2024,09:45:00,21.91,-1.659,2.599,-0.70,1.00,-3.80,-1.105,-0.22,8.308,4.07,21.90 ,not present ,0.00 ,0.00 ,
29/10/2024,10:00:00,22.87,-2.069,2.872,-0.81,1.00,-3.80,-1.111,-0.28,8.276,4.07,22.80 ,not present ,0.00 ,0.00 ,
29/10/2024,10:15:00,23.51,-1.211,3.021,-0.72,1.00,-3.80,-0.739,-0.16,8.251,4.07,23.50 ,not present ,0.00 ,0.00 ,
29/10/2024,10:30:00,23.62,-0.835,3.291,-0.74,1.00,-3.80,-0.710,-0.11,8.247,4.07,23.80 ,not present ,0.00 ,0.00 ,
29/10/2024,10:45:00,23.40,-1.796,3.156,-0.84,1.00,-3.80,-1.309,-0.24,8.254,4.07,24.20 ,not present ,0.00 ,0.00 ,
29/10/2024,11:00:00,23.47,-0.326,4.607,-1.04,1.00,-3.80,-0.679,-0.04,8.254,4.07,24.50 ,not present ,0.00 ,0.00 ,
29/10/2024,11:15:00,23.66,-1.263,3.427,-0.84,1.00,-3.80,-1.164,-0.17,8.247,4.06,24.70 ,not present ,0.00 ,0.00 ,
29/10/2024,11:30:00,24.09,-2.005,2.933,-0.79,1.00,-3.80,-1.431,-0.27,8.233,4.06,25.00 ,not present ,0.00 ,0.00 ,
29/10/2024,11:45:00,24.34,-1.349,3.237,-0.78,1.00,-3.80,-1.195,-0.18,8.222,4.06,25.40 ,not present ,0.00 ,0.00 ,
29/10/2024,12:00:00,24.59,-1.825,3.211,-0.83,1.00,-3.80,-1.229,-0.24,8.215,4.06,25.60 ,not present ,0.00 ,0.00 ,
29/10/2024,12:15:00,24.69,-1.266,4.673,-1.14,1.00,-3.80,-1.120,-0.17,8.212,4.06,25.80 ,not present ,0.00 ,0.00 ,
29/10/2024,12:30:00,24.91,-1.800,3.212,-0.82,1.00,-3.80,-1.317,-0.24,8.201,4.06,26.00 ,not present ,0.00 ,0.00 ,
29/10/2024,12:45:00,25.44,-1.955,3.452,-0.89,1.00,-3.80,-1.245,-0.26,8.184,4.06,26.30 ,not present ,0.00 ,0.00 ,
29/10/2024,13:00:00,25.90,-1.738,3.752,-0.93,1.00,-3.80,-1.092,-0.23,8.166,4.06,26.60 ,not present ,0.00 ,0.00 ,
29/10/2024,13:15:00,26.20,-1.795,3.821,-0.95,1.00,-3.80,-1.175,-0.24,8.154,4.05,26.90 ,not present ,0.00 ,0.00 ,
29/10/2024,13:30:00,27.07,-2.011,3.268,-0.81,1.00,-3.80,-1.343,-0.26,8.128,4.05,27.60 ,not present ,0.00 ,0.00 ,
29/10/2024,13:45:00,27.20,-1.048,3.994,-0.86,1.00,-3.80,-0.818,-0.13,8.121,4.05,28.20 ,not present ,0.00 ,0.00 ,
29/10/2024,14:00:00,26.57,-1.153,4.378,-0.99,1.00,-3.80,-1.115,-0.15,8.145,4.05,27.90 ,not present ,0.00 ,0.00 ,
29/10/2024,14:15:00,27.10,-1.178,4.665,-1.05,1.00,-3.80,-0.893,-0.15,8.123,4.05,28.00 ,not present ,0.00 ,0.00 ,
29/10/2024,14:30:00,26.98,-1.187,4.500,-1.01,1.00,-3.80,-1.079,-0.15,8.130,4.05,28.10 ,not present ,0.00 ,0.00 ,
29/10/2024,14:45:00,26.90,-0.924,4.802,-1.06,1.00,-3.80,-0.761,-0.12,8.130,4.05,28.10 ,not present ,0.00 ,0.00 ,
29/10/2024,15:00:00,26.88,-1.738,4.565,-1.11,1.00,-3.80,-1.187,-0.23,8.134,4.05,28.10 ,not present ,0.00 ,0.00 ,
29/10/2024,15:15:00,26.42,-0.613,4.487,-0.95,1.00,-3.80,-1.019,-0.08,8.148,4.05,28.00 ,not present ,0.00 ,0.00 ,
29/10/2024,15:30:00,25.96,-1.486,3.909,-0.93,1.00,-3.80,-1.404,-0.19,8.166,4.05,27.70 ,not present ,0.00 ,0.00 ,
29/10/2024,15:45:00,25.98,-1.687,3.944,-0.97,1.00,-3.80,-1.427,-0.22,8.166,4.05,27.40 ,not present ,0.00 ,0.00 ,
29/10/2024,16:00:00,25.82,-1.472,4.106,-0.99,1.00,-3.80,-1.302,-0.19,8.168,4.05,27.20 ,not present ,0.00 ,0.00 ,
29/10/2024,16:15:00,26.24,-1.784,4.230,-1.05,1.00,-3.80,-1.349,-0.23,8.154,4.05,27.10 ,not present ,0.00 ,0.00 ,
29/10/2024,16:30:00,26.34,-1.277,4.777,-1.12,1.00,-3.80,-1.156,-0.17,8.152,4.04,27.30 ,not present ,0.00 ,0.00 ,
29/10/2024,16:45:00,26.03,0.549,5.258,-1.00,1.00,-3.80,-0.615,0.07,8.161,4.04,27.20 ,not present ,0.00 ,0.00 ,
29/10/2024,17:00:00,25.59,0.173,4.579,-0.89,1.00,-3.80,-0.465,0.02,8.180,4.04,27.00 ,not present ,0.00 ,0.00 ,
29/10/2024,17:15:00,25.38,-0.390,4.329,-0.91,1.00,-3.80,-0.532,-0.05,8.187,4.04,26.50 ,not present ,0.00 ,0.00 ,
29/10/2024,17:30:00,25.29,-0.430,4.126,-0.87,1.00,-3.80,-0.705,-0.05,8.191,4.04,26.40 ,not present ,0.00 ,0.00 ,
29/10/2024,17:45:00,25.19,-1.228,3.768,-0.88,1.00,-3.80,-1.058,-0.16,8.194,4.04,26.10 ,not present ,0.00 ,0.00 ,
29/10/2024,18:00:00,24.74,-1.093,3.868,-0.90,1.00,-3.80,-1.218,-0.14,8.208,4.04,25.80 ,not present ,0.00 ,0.00 ,
29/10/2024,18:15:00,24.58,-0.579,4.074,-0.89,1.00,-3.80,-1.010,-0.07,8.215,4.04,25.60 ,not present ,0.00 ,0.00 ,
29/10/2024,18:30:00,24.64,-0.696,4.290,-0.97,1.00,-3.80,-0.866,-0.09,8.212,4.04,25.40 ,not present ,0.00 ,0.00 ,
29/10/2024,18:45:00,24.25,-1.141,3.904,-0.93,1.00,-3.80,-1.165,-0.15,8.226,4.04,25.30 ,not present ,0.00 ,0.00 ,
29/10/2024,19:00:00,24.17,-1.181,4.014,-0.97,1.00,-3.80,-1.284,-0.15,8.229,4.05,27.00 ,present ,24.05 ,37.50 ,
29/10/2024,19:15:00,24.42,-0.600,3.761,-0.82,1.00,-3.80,-1.191,-0.08,8.219,4.06,30.10 ,present ,24.04 ,37.20 ,
29/10/2024,19:30:00,24.49,-0.482,3.914,-0.84,1.00,-3.80,-1.017,-0.06,8.219,4.07,30.70 ,present ,24.05 ,37.50 ,
29/10/2024,19:45:00,24.37,-0.715,3.398,-0.74,1.00,-3.80,-1.305,-0.09,8.222,4.08,31.00 ,present ,24.04 ,37.20 ,
29/10/2024,20:00:00,24.30,-0.988,2.923,-0.65,1.00,-3.80,-1.334,-0.13,8.222,4.09,31.20 ,present ,24.04 ,37.20 ,
29/10/2024,20:15:00,24.74,-0.879,2.853,-0.61,1.00,-3.80,-1.272,-0.11,8.208,4.10,31.20 ,present ,24.04 ,37.20 ,
29/10/2024,20:30:00,24.87,-0.782,3.135,-0.67,1.00,-3.80,-1.387,-0.10,8.205,4.11,31.50 ,present ,24.04 ,37.20 ,
29/10/2024,20:45:00,24.87,-0.966,2.937,-0.64,1.00,-3.80,-1.428,-0.12,8.205,4.11,31.50 ,present ,24.04 ,37.20 ,
29/10/2024,21:00:00,24.80,-0.842,2.825,-0.59,1.00,-3.80,-1.378,-0.11,8.205,4.12,31.50 ,present ,24.07 ,36.00 ,
29/10/2024,21:15:00,24.97,-0.885,2.873,-0.61,1.00,-3.80,-1.331,-0.11,8.201,4.13,31.50 ,present ,24.06 ,35.09 ,
29/10/2024,21:30:00,25.07,-0.682,3.020,-0.62,1.00,-3.80,-1.247,-0.09,8.198,4.14,31.30 ,present ,24.05 ,33.90 ,
29/10/2024,21:45:00,25.09,-0.861,2.997,-0.63,1.00,-3.80,-1.208,-0.11,8.198,4.15,31.40 ,present ,24.05 ,33.00 ,
29/10/2024,22:00:00,25.02,-0.740,3.052,-0.63,1.00,-3.80,-1.267,-0.09,8.198,4.15,30.90 ,present ,24.08 ,32.09 ,
29/10/2024,22:15:00,24.91,-0.653,2.928,-0.59,1.00,-3.80,-1.407,-0.08,8.201,4.16,30.10 ,present ,24.06 ,25.20 ,
29/10/2024,22:30:00,24.89,-0.678,2.928,-0.60,1.00,-3.80,-1.180,-0.09,8.205,4.16,29.20 ,present ,24.07 ,22.50 ,
29/10/2024,22:45:00,24.83,-0.752,2.863,-0.59,1.00,-3.80,-1.259,-0.10,8.205,4.16,28.60 ,present ,24.07 ,21.90 ,
29/10/2024,23:00:00,24.77,-0.844,2.880,-0.61,1.00,-3.80,-1.014,-0.11,8.208,4.16,28.50 ,present ,24.06 ,21.30 ,
29/10/2024,23:15:00,24.73,-0.760,2.791,-0.57,1.00,-3.80,-1.086,-0.10,8.208,4.16,28.40 ,present ,24.06 ,21.00 ,
29/10/2024,23:30:00,24.77,-0.814,2.751,-0.57,1.00,-3.80,-0.997,-0.10,8.208,4.16,28.30 ,present ,24.06 ,21.30 ,
29/10/2024,23:45:00,24.78,-0.749,2.752,-0.56,1.00,-3.80,-1.043,-0.10,8.208,4.16,28.20 ,present ,24.06 ,21.00 ,
30/10/2024,00:00:00,23.92,0.361,2.589,-0.38,1.00,-3.80,-0.707,0.04,8.237,4.16,27.60 ,present ,24.06 ,21.30 ,
30/10/2024,00:15:00,23.23,0.285,1.834,-0.20,1.00,-3.80,-0.673,0.03,8.262,4.16,26.40 ,present ,24.06 ,21.30 ,
30/10/2024,00:30:00,22.71,0.042,1.548,-0.16,1.00,-3.80,-0.654,0.00,8.279,4.15,25.80 ,present ,24.06 ,20.70 ,
30/10/2024,00:45:00,22.22,0.057,1.421,-0.13,1.00,-3.80,-0.509,0.00,8.297,4.16,25.10 ,present ,24.06 ,21.00 ,
30/10/2024,01:00:00,21.85,0.010,1.292,-0.10,1.00,-3.80,-0.461,0.00,8.312,4.15,24.70 ,present ,24.06 ,21.30 ,
30/10/2024,01:15:00,21.54,0.035,1.246,-0.09,1.00,-3.80,-0.624,0.00,8.323,4.16,24.10 ,present ,24.06 ,20.70 ,
30/10/2024,01:30:00,21.32,-0.131,1.161,-0.09,1.00,-3.80,-0.460,-0.01,8.330,4.15,23.70 ,present ,24.06 ,21.00 ,
30/10/2024,01:45:00,21.03,0.049,1.114,-0.05,1.00,-3.80,-0.403,0.00,8.341,4.15,23.50 ,present ,24.06 ,21.30 ,
30/10/2024,02:00:00,20.69,-0.044,1.096,-0.06,1.00,-3.80,-0.498,0.00,8.355,4.15,23.00 ,present ,24.06 ,21.30 ,
30/10/2024,02:15:00,20.35,-0.148,1.043,-0.07,1.00,-3.80,-0.456,-0.02,8.366,4.15,22.70 ,present ,24.06 ,21.00 ,
30/10/2024,02:30:00,20.33,-0.092,0.967,-0.04,1.00,-3.80,-0.336,-0.01,8.366,4.15,22.50 ,present ,24.06 ,20.70 ,
30/10/2024,02:45:00,20.28,-0.219,0.943,-0.05,1.00,-3.80,-0.382,-0.03,8.370,4.15,22.40 ,present ,24.06 ,21.30 ,
30/10/2024,03:00:00,20.14,-0.133,0.933,-0.03,1.00,-3.80,-0.255,-0.01,8.373,4.15,22.30 ,present ,24.06 ,21.00 ,
30/10/2024,03:15:00,20.04,-0.041,0.870,0.00,1.00,-3.80,-0.387,0.00,8.377,4.15,22.20 ,present ,24.06 ,21.00 ,
30/10/2024,03:30:00,19.96,-0.132,0.863,-0.01,1.00,-3.80,-0.377,-0.01,8.381,4.15,22.00 ,present ,24.06 ,21.00 ,
30/10/2024,03:45:00,19.84,-0.146,0.822,0.00,1.00,-3.80,-0.356,-0.02,8.384,4.15,22.00 ,present ,24.06 ,21.00 ,
30/10/2024,04:00:00,19.76,-0.120,0.000,0.00,1.00,-3.80,-0.296,-0.01,8.388,4.15,21.90 ,present ,24.06 ,21.00 ,
30/10/2024,04:15:00,19.60,-0.054,0.887,-0.01,1.00,-3.80,-0.353,0.00,8.392,4.15,21.80 ,present ,24.06 ,21.30 ,
30/10/2024,04:30:00,19.58,-0.204,0.000,0.00,1.00,-3.80,-0.286,-0.02,8.395,4.15,21.70 ,present ,24.06 ,21.00 ,
30/10/2024,04:45:00,19.55,-0.283,0.000,0.00,1.00,-3.80,-0.169,-0.03,8.395,4.15,21.60 ,present ,24.06 ,21.00 ,
30/10/2024,05:00:00,19.52,-0.120,0.000,0.00,1.00,-3.80,-0.328,-0.01,8.395,4.15,21.60 ,present ,24.06 ,21.00 ,
30/10/2024,05:15:00,19.52,-0.261,0.000,0.00,1.00,-3.80,-0.286,-0.03,8.395,4.15,21.70 ,present ,24.06 ,21.00 ,
30/10/2024,05:30:00,19.52,-0.276,0.000,0.00,1.00,-3.80,-0.363,-0.03,8.395,4.15,21.60 ,present ,24.06 ,21.00 ,
30/10/2024,05:45:00,19.53,-0.331,0.000,0.00,1.00,-3.80,-0.307,-0.04,8.395,4.15,21.60 ,present ,24.06 ,21.00 ,
30/10/2024,06:00:00,19.53,-0.285,0.000,0.00,1.00,-3.80,-0.258,-0.03,8.395,4.15,21.60 ,present ,24.06 ,21.00 ,
30/10/2024,06:15:00,19.48,-0.240,0.000,0.00,1.00,-3.80,-0.215,-0.03,8.399,4.15,21.50 ,present ,24.06 ,20.70 ,
30/10/2024,06:30:00,19.45,-0.283,0.000,0.00,1.00,-3.80,-0.323,-0.03,8.399,4.15,21.50 ,present ,24.06 ,21.30 ,
30/10/2024,06:45:00,19.44,-0.432,0.000,0.00,1.00,-3.80,-0.154,-0.05,8.399,4.15,21.40 ,present ,24.06 ,21.30 ,
30/10/2024,07:00:00,19.44,-0.365,0.000,0.00,1.00,-3.80,-0.298,-0.05,8.399,4.15,21.50 ,present ,24.06 ,20.70 ,
30/10/2024,07:15:00,19.45,-0.334,0.000,0.00,1.00,-3.80,-0.309,-0.04,8.399,4.15,21.50 ,present ,24.06 ,21.00 ,
30/10/2024,07:30:00,19.46,-0.243,0.000,0.00,1.00,-3.80,-0.073,-0.03,8.399,4.15,21.40 ,present ,24.06 ,20.70 ,
30/10/2024,07:45:00,19.36,-0.247,0.000,0.00,1.00,-3.80,-0.310,-0.03,8.403,4.15,21.40 ,present ,24.06 ,21.00 ,
30/10/2024,08:00:00,19.91,-1.404,0.418,-0.05,1.00,-3.80,-0.521,-0.19,8.381,4.15,21.80 ,present ,24.06 ,21.60 ,
30/10/2024,08:15:00,20.71,-1.182,0.541,-0.06,1.00,-3.80,-0.411,-0.16,8.352,4.15,23.00 ,present ,24.06 ,21.30 ,
30/10/2024,08:30:00,21.30,-1.017,1.151,-0.21,1.00,-3.80,-0.780,-0.13,8.330,4.15,23.80 ,present ,24.06 ,21.30 ,
30/10/2024,08:45:00,21.70,-1.093,1.519,-0.32,1.00,-3.80,-1.051,-0.14,8.315,4.15,24.40 ,present ,24.06 ,21.30 ,
30/10/2024,09:00:00,22.05,-0.934,1.954,-0.42,1.00,-3.80,-1.050,-0.12,8.305,4.15,25.00 ,present ,24.06 ,21.30 ,
30/10/2024,09:15:00,22.30,-0.495,2.080,-0.39,1.00,-3.80,-0.716,-0.06,8.294,4.15,25.60 ,present ,24.06 ,21.00 ,
30/10/2024,09:30:00,22.37,-1.287,1.713,-0.39,1.00,-3.80,-1.124,-0.17,8.294,4.15,25.80 ,present ,24.06 ,21.00 ,
30/10/2024,09:45:00,22.69,-0.972,1.888,-0.39,1.00,-3.80,-1.063,-0.13,8.283,4.15,26.00 ,present ,24.06 ,21.00 ,
30/10/2024,10:00:00,22.86,-0.356,1.780,-0.28,1.00,-3.80,-0.686,-0.04,8.276,4.15,26.30 ,present ,24.06 ,21.00 ,
30/10/2024,10:15:00,22.95,-1.284,1.714,-0.38,1.00,-3.80,-1.230,-0.17,8.272,4.15,26.50 ,present ,24.06 ,21.00 ,
30/10/2024,10:30:00,23.42,-1.064,1.808,-0.37,1.00,-3.80,-1.171,-0.14,8.254,4.16,26.90 ,present ,24.06 ,21.00 ,
30/10/2024,10:45:00,23.47,-1.186,1.943,-0.43,1.00,-3.80,-1.140,-0.16,8.254,4.15,27.00 ,present ,24.06 ,21.30 ,
30/10/2024,11:00:00,23.71,-1.167,2.090,-0.46,1.00,-3.80,-1.124,-0.15,8.244,4.16,27.40 ,present ,24.06 ,21.00 ,
30/10/2024,11:15:00,24.03,-1.354,2.013,-0.46,1.00,-3.80,-1.080,-0.18,8.233,4.16,27.70 ,present ,24.06 ,21.30 ,
30/10/2024,11:30:00,24.42,-1.029,1.935,-0.39,1.00,-3.80,-0.943,-0.13,8.219,4.15,28.00 ,present ,24.06 ,21.30 ,
30/10/2024,11:45:00,24.68,-1.088,2.056,-0.42,1.00,-3.80,-1.258,-0.14,8.212,4.16,28.20 ,present ,24.06 ,21.60 ,
30/10/2024,12:00:00,24.76,-0.848,2.353,-0.47,1.00,-3.80,-1.105,-0.11,8.208,4.15,28.30 ,present ,24.06 ,21.00 ,
30/10/2024,12:15:00,24.70,-1.089,2.028,-0.42,1.00,-3.80,-1.128,-0.14,8.208,4.15,28.40 ,present ,24.06 ,21.00 ,
30/10/2024,12:30:00,25.01,-1.028,2.114,-0.43,1.00,-3.80,-1.001,-0.13,8.198,4.15,28.70 ,present ,24.06 ,21.00 ,
30/10/2024,12:45:00,25.27,-1.005,2.349,-0.48,1.00,-3.80,-0.999,-0.13,8.191,4.16,29.00 ,present ,24.06 ,21.30 ,
30/10/2024,13:00:00,25.49,-1.501,2.061,-0.47,1.00,-3.80,-1.161,-0.20,8.184,4.16,29.20 ,present ,24.06 ,21.00 ,
30/10/2024,13:15:00,25.49,-0.536,2.354,-0.42,1.00,-3.80,-1.037,-0.07,8.184,4.15,29.60 ,present ,24.06 ,21.00 ,
30/10/2024,13:30:00,25.82,-1.306,2.332,-0.51,1.00,-3.80,-1.442,-0.17,8.168,4.16,30.00 ,present ,24.06 ,21.30 ,
30/10/2024,13:45:00,26.19,-0.239,3.106,-0.56,1.00,-3.80,-0.926,-0.03,8.159,4.16,30.40 ,present ,24.06 ,21.00 ,
30/10/2024,14:00:00,26.40,-0.540,2.467,-0.43,1.00,-3.80,-0.884,-0.07,8.148,4.16,30.40 ,present ,24.06 ,21.30 ,
30/10/2024,14:15:00,26.33,-1.405,2.474,-0.55,1.00,-3.80,-1.387,-0.18,8.152,4.16,30.50 ,present ,24.06 ,21.00 ,
30/10/2024,14:30:00,26.16,-0.922,2.483,-0.49,1.00,-3.80,-1.277,-0.12,8.159,4.16,30.40 ,present ,24.06 ,21.00 ,
30/10/2024,14:45:00,26.46,-0.783,2.821,-0.55,1.00,-3.80,-1.117,-0.10,8.148,4.16,30.50 ,present ,24.06 ,21.30 ,
30/10/2024,15:00:00,26.28,-0.884,2.740,-0.55,1.00,-3.80,-1.189,-0.11,8.154,4.16,30.70 ,present ,24.06 ,21.00 ,
30/10/2024,15:15:00,26.45,-1.085,2.727,-0.57,1.00,-3.80,-1.386,-0.14,8.148,4.16,30.80 ,present ,24.06 ,21.30 ,
30/10/2024,15:30:00,26.59,-1.303,2.673,-0.58,1.00,-3.80,-1.378,-0.17,8.145,4.16,30.80 ,present ,24.06 ,21.00 ,
30/10/2024,15:45:00,26.65,-0.489,2.969,-0.55,1.00,-3.80,-0.939,-0.06,8.141,4.16,30.90 ,present ,24.06 ,21.00 ,
30/10/2024,16:00:00,26.65,-0.673,2.974,-0.57,1.00,-3.80,-0.997,-0.08,8.141,4.16,30.90 ,present ,24.06 ,21.30 ,
30/10/2024,16:15:00,26.56,-0.674,3.064,-0.60,1.00,-3.80,-1.198,-0.09,8.145,4.16,30.80 ,present ,24.06 ,21.00 ,
30/10/2024,16:30:00,26.19,-1.079,2.849,-0.60,1.00,-3.80,-1.401,-0.14,8.159,4.16,30.40 ,present ,24.06 ,21.30 ,
30/10/2024,16:45:00,25.83,-1.116,2.754,-0.59,1.00,-3.80,-1.303,-0.14,8.168,4.16,30.30 ,present ,24.06 ,21.30 ,
30/10/2024,17:00:00,25.73,-0.918,2.628,-0.53,1.00,-3.80,-1.301,-0.12,8.173,4.16,30.00 ,present ,24.06 ,21.00 ,
30/10/2024,17:15:00,25.51,-0.961,2.875,-0.61,1.00,-3.80,-1.282,-0.12,8.180,4.16,29.80 ,present ,24.06 ,21.00 ,
30/10/2024,17:30:00,24.80,-1.186,2.536,-0.56,1.00,-3.80,-1.270,-0.15,8.205,4.16,29.10 ,present ,24.06 ,20.70 ,
30/10/2024,17:45:00,25.39,-1.051,2.710,-0.58,1.00,-3.80,-1.222,-0.14,8.187,4.16,29.00 ,present ,24.06 ,21.00 ,
30/10/2024,18:00:00,25.69,-0.963,2.893,-0.61,1.00,-3.80,-1.180,-0.12,8.175,4.15,29.00 ,present ,24.06 ,21.00 ,
30/10/2024,18:15:00,25.50,-0.942,2.875,-0.60,1.00,-3.80,-1.246,-0.12,8.180,4.16,29.30 ,present ,24.06 ,21.00 ,
30/10/2024,18:30:00,25.70,-0.992,2.976,-0.63,1.00,-3.80,-0.990,-0.13,8.173,4.16,29.10 ,present ,24.06 ,21.30 ,
30/10/2024,18:45:00,25.38,-0.928,3.055,-0.65,1.00,-3.80,-1.372,-0.12,8.187,4.16,29.20 ,present ,24.06 ,21.00 ,
30/10/2024,19:00:00,25.18,-0.884,3.189,-0.69,1.00,-3.80,-1.176,-0.11,8.194,4.16,29.20 ,present ,24.06 ,21.00 ,
30/10/2024,19:15:00,24.76,-0.592,3.426,-0.72,1.00,-3.80,-1.175,-0.07,8.208,4.16,28.90 ,present ,24.06 ,21.00 ,
30/10/2024,19:30:00,24.70,-0.097,3.328,-0.63,1.00,-3.80,-0.810,-0.01,8.208,4.16,28.70 ,present ,24.06 ,21.00 ,
30/10/2024,19:45:00,24.57,-0.459,3.760,-0.79,1.00,-3.80,-0.954,-0.06,8.215,4.16,28.60 ,present ,24.06 ,21.30 ,
30/10/2024,20:00:00,24.77,-1.060,3.182,-0.72,1.00,-3.80,-1.161,-0.14,8.208,4.16,28.60 ,present ,24.06 ,21.00 ,
30/10/2024,20:15:00,25.09,-1.040,3.488,-0.79,1.00,-3.80,-1.099,-0.13,8.198,4.16,28.70 ,present ,24.06 ,21.30 ,
30/10/2024,20:30:00,24.81,-0.707,3.575,-0.77,1.00,-3.80,-1.202,-0.09,8.205,4.16,28.50 ,present ,24.06 ,21.00 ,
30/10/2024,20:45:00,24.81,-0.699,3.748,-0.82,1.00,-3.80,-1.218,-0.09,8.205,4.16,28.70 ,present ,24.06 ,21.00 ,
30/10/2024,21:00:00,24.83,-0.883,3.645,-0.81,1.00,-3.80,-1.076,-0.11,8.205,4.16,28.50 ,present ,24.06 ,21.00 ,
30/10/2024,21:15:00,24.79,-0.647,3.648,-0.78,1.00,-3.80,-0.997,-0.08,8.208,4.16,28.70 ,present ,24.06 ,21.00 ,
30/10/2024,21:30:00,24.86,-0.263,4.024,-0.83,1.00,-3.80,-0.968,-0.03,8.205,4.16,28.40 ,present ,24.06 ,21.30 ,
30/10/2024,21:45:00,24.61,0.024,4.118,-0.82,1.00,-3.80,-0.851,0.00,8.212,4.16,28.40 ,present ,24.06 ,21.00 ,
30/10/2024,22:00:00,24.40,-0.529,3.621,-0.77,1.00,-3.80,-0.971,-0.07,8.219,4.15,28.20 ,present ,24.06 ,21.30 ,
30/10/2024,22:15:00,24.24,-0.714,3.512,-0.77,1.00,-3.80,-0.922,-0.09,8.226,4.16,28.10 ,present ,24.06 ,21.30 ,
30/10/2024,22:30:00,24.38,-1.000,3.514,-0.81,1.00,-3.80,-1.068,-0.13,8.222,4.16,27.90 ,present ,24.06 ,21.30 ,
30/10/2024,22:45:00,24.30,-0.409,3.608,-0.75,1.00,-3.80,-0.763,-0.05,8.222,4.16,28.10 ,present ,24.06 ,21.00 ,
30/10/2024,23:00:00,24.04,-0.922,3.511,-0.80,1.00,-3.80,-1.261,-0.12,8.233,4.15,27.90 ,present ,24.06 ,21.30 ,
30/10/2024,23:15:00,24.27,-0.925,3.513,-0.80,1.00,-3.80,-1.147,-0.12,8.226,4.16,27.90 ,present ,24.06 ,21.00 ,
30/10/2024,23:30:00,24.39,-0.877,3.452,-0.77,1.00,-3.80,-1.171,-0.11,8.222,4.16,27.80 ,present ,24.06 ,21.00 ,
30/10/2024,23:45:00,24.36,-0.955,3.431,-0.78,1.00,-3.80,-1.122,-0.12,8.222,4.15,27.90 ,present ,24.06 ,21.00 ,
31/10/2024,00:00:00,23.61,0.290,3.394,-0.62,1.00,-3.80,-0.681,0.03,8.247,4.16,27.00 ,present ,24.06 ,21.00 ,
31/10/2024,00:15:00,23.01,0.129,2.572,-0.43,1.00,-3.80,-0.677,0.01,8.269,4.16,26.30 ,present ,24.06 ,21.00 ,
31/10/2024,00:30:00,22.54,0.101,2.113,-0.31,1.00,-3.80,-0.531,0.01,8.287,4.16,25.50 ,present ,24.06 ,21.00 ,
31/10/2024,00:45:00,22.11,0.197,1.881,-0.24,1.00,-3.80,-0.627,0.02,8.301,4.16,24.80 ,present ,24.06 ,20.70 ,
31/10/2024,01:00:00,21.64,0.503,1.908,-0.22,1.00,-3.80,-0.305,0.06,8.319,4.15,24.50 ,present ,24.06 ,20.70 ,
31/10/2024,01:15:00,21.04,0.220,1.824,-0.24,1.00,-3.80,-0.476,0.03,8.341,4.15,23.80 ,present ,24.06 ,21.00 ,
31/10/2024,01:30:00,20.55,0.326,1.460,-0.12,1.00,-3.80,-0.526,0.04,8.359,4.16,23.20 ,present ,24.06 ,21.00 ,
31/10/2024,01:45:00,20.27,0.263,1.445,-0.13,1.00,-3.80,-0.479,0.03,8.370,4.16,23.00 ,present ,24.06 ,21.00 ,
31/10/2024,02:00:00,20.11,0.273,1.396,-0.12,1.00,-3.80,-0.433,0.03,8.373,4.16,22.80 ,present ,24.06 ,21.00 ,
31/10/2024,02:15:00,19.88,0.156,1.405,-0.14,1.00,-3.80,-0.651,0.02,8.384,4.16,22.40 ,present ,24.06 ,20.70 ,
31/10/2024,02:30:00,19.74,0.182,1.328,-0.11,1.00,-3.80,-0.440,0.02,8.388,4.15,22.20 ,present ,24.06 ,20.70 ,
31/10/2024,02:45:00,19.73,0.125,1.313,-0.12,1.00,-3.80,-0.511,0.01,8.388,4.15,22.10 ,present ,24.06 ,21.00 ,
31/10/2024,03:00:00,19.75,-0.139,1.265,-0.14,1.00,-3.80,-0.365,-0.01,8.388,4.14,19.90 ,not present ,0.00 ,0.00 ,
31/10/2024,03:15:00,19.74,-0.079,1.250,-0.13,1.00,-3.80,-0.381,-0.01,8.388,4.14,19.29 ,not present ,0.00 ,0.00 ,
31/10/2024,03:30:00,19.57,-0.088,1.304,-0.15,1.00,-3.80,-0.337,-0.01,8.395,4.14,18.90 ,not present ,0.00 ,0.00 ,
31/10/2024,03:45:00,19.43,-0.178,1.372,-0.18,1.00,-3.80,-0.249,-0.02,8.399,4.14,18.70 ,not present ,0.00 ,0.00 ,
31/10/2024,04:00:00,19.45,-0.350,1.214,-0.16,1.00,-3.80,-0.216,-0.04,8.399,4.14,18.60 ,not present ,0.00 ,0.00 ,
31/10/2024,04:15:00,19.44,-0.274,1.197,-0.14,1.00,-3.80,-0.293,-0.03,8.399,4.14,18.60 ,not present ,0.00 ,0.00 ,
31/10/2024,04:30:00,19.42,-0.125,1.173,-0.11,1.00,-3.80,-0.235,-0.01,8.399,4.14,18.40 ,not present ,0.00 ,0.00 ,
31/10/2024,04:45:00,19.35,-0.095,1.244,-0.13,1.00,-3.80,-0.260,-0.01,8.403,4.14,18.50 ,not present ,0.00 ,0.00 ,
31/10/2024,05:00:00,19.24,-0.275,1.167,-0.13,1.00,-3.80,-0.303,-0.03,8.406,4.14,18.40 ,not present ,0.00 ,0.00 ,
31/10/2024,05:15:00,19.23,-0.158,1.155,-0.11,1.00,-3.80,-0.184,-0.02,8.406,4.13,18.29 ,not present ,0.00 ,0.00 ,
31/10/2024,05:30:00,19.13,-0.276,1.128,-0.12,1.00,-3.80,-0.357,-0.03,8.410,4.13,18.20 ,not present ,0.00 ,0.00 ,
31/10/2024,05:45:00,19.13,-0.325,1.087,-0.12,1.00,-3.80,-0.170,-0.04,8.410,4.13,18.29 ,not present ,0.00 ,0.00 ,
31/10/2024,06:00:00,19.13,-0.381,1.048,-0.11,1.00,-3.80,-0.158,-0.05,8.410,4.13,18.20 ,not present ,0.00 ,0.00 ,
31/10/2024,06:15:00,19.14,-0.244,1.057,-0.10,1.00,-3.80,-0.272,-0.03,8.410,4.13,18.10 ,not present ,0.00 ,0.00 ,
31/10/2024,06:30:00,19.10,-0.370,1.033,-0.11,1.00,-3.80,-0.218,-0.05,8.410,4.13,17.90 ,not present ,0.00 ,0.00 ,
31/10/2024,06:45:00,19.08,-0.341,1.005,-0.09,1.00,-3.80,-0.216,-0.04,8.414,4.13,17.90 ,not present ,0.00 ,0.00 ,
31/10/2024,07:00:00,19.05,-0.367,1.002,-0.10,1.00,-3.80,-0.174,-0.05,8.414,4.13,17.90 ,not present ,0.00 ,0.00 ,
31/10/2024,07:15:00,19.07,-0.262,1.003,-0.08,1.00,-3.80,-0.082,-0.03,8.414,4.12,17.90 ,not present ,0.00 ,0.00 ,
31/10/2024,07:30:00,19.01,-0.227,1.016,-0.08,1.00,-3.80,-0.182,-0.03,8.414,4.12,18.10 ,not present ,0.00 ,0.00 ,
31/10/2024,07:45:00,18.94,0.084,1.120,-0.07,1.00,-3.80,-0.083,0.01,8.417,4.12,17.90 ,not present ,0.00 ,0.00 ,
31/10/2024,08:00:00,19.46,-1.353,0.918,-0.20,1.00,-3.80,-0.639,-0.18,8.399,4.12,18.40 ,not present ,0.00 ,0.00 ,
31/10/2024,08:15:00,20.45,-1.367,1.521,-0.38,1.00,-3.80,-0.582,-0.18,8.362,4.12,19.50 ,not present ,0.00 ,0.00 ,
31/10/2024,08:30:00,20.84,-1.036,2.085,-0.49,1.00,-3.80,-0.738,-0.14,8.348,4.12,20.40 ,not present ,0.00 ,0.00 ,
31/10/2024,08:45:00,21.00,-1.309,2.489,-0.65,1.00,-3.80,-0.857,-0.17,8.341,4.12,20.80 ,not present ,0.00 ,0.00 ,
31/10/2024,09:00:00,21.06,-1.278,2.375,-0.61,1.00,-3.80,-0.873,-0.17,8.341,4.12,21.20 ,not present ,0.00 ,0.00 ,
31/10/2024,09:15:00,21.37,-1.463,2.855,-0.76,1.00,-3.80,-1.060,-0.19,8.330,4.12,21.70 ,not present ,0.00 ,0.00 ,
31/10/2024,09:30:00,21.66,-0.935,2.719,-0.65,1.00,-3.80,-0.760,-0.12,8.319,4.11,22.00 ,not present ,0.00 ,0.00 ,
31/10/2024,09:45:00,21.96,-1.293,2.635,-0.66,1.00,-3.80,-0.943,-0.17,8.308,4.11,22.40 ,not present ,0.00 ,0.00 ,
31/10/2024,10:00:00,22.39,-1.780,2.489,-0.68,1.00,-3.80,-1.099,-0.24,8.294,4.11,22.80 ,not present ,0.00 ,0.00 ,
31/10/2024,10:15:00,22.99,-1.436,2.521,-0.63,1.00,-3.80,-0.913,-0.19,8.272,4.11,23.20 ,not present ,0.00 ,0.00 ,
31/10/2024,10:30:00,23.36,-1.590,2.958,-0.76,1.00,-3.80,-1.097,-0.21,8.258,4.11,23.70 ,not present ,0.00 ,0.00 ,
31/10/2024,10:45:00,23.65,-1.658,2.955,-0.76,1.00,-3.80,-1.095,-0.22,8.247,4.11,24.10 ,not present ,0.00 ,0.00 ,
31/10/2024,11:00:00,24.02,-1.910,2.682,-0.71,1.00,-3.80,-1.241,-0.25,8.233,4.11,24.60 ,not present ,0.00 ,0.00 ,
31/10/2024,11:15:00,24.79,-1.758,3.032,-0.77,1.00,-3.80,-1.216,-0.23,8.208,4.11,25.00 ,not present ,0.00 ,0.00 ,
31/10/2024,11:30:00,24.54,-1.737,3.305,-0.85,1.00,-3.80,-1.276,-0.23,8.215,4.11,25.40 ,not present ,0.00 ,0.00 ,
31/10/2024,11:45:00,24.75,-1.405,3.471,-0.84,1.00,-3.80,-1.153,-0.18,8.208,4.10,25.60 ,not present ,0.00 ,0.00 ,
31/10/2024,12:00:00,24.79,-0.848,4.001,-0.91,1.00,-3.80,-0.629,-0.11,8.208,4.10,25.80 ,not present ,0.00 ,0.00 ,
31/10/2024,12:15:00,25.21,-2.282,3.257,-0.89,1.00,-3.80,-1.265,-0.30,8.191,4.10,25.80 ,not present ,0.00 ,0.00 ,
31/10/2024,12:30:00,25.41,-0.699,3.357,-0.70,1.00,-3.80,-0.779,-0.09,8.184,4.10,26.40 ,not present ,0.00 ,0.00 ,
31/10/2024,12:45:00,25.59,-1.332,3.376,-0.79,1.00,-3.80,-0.995,-0.17,8.180,4.10,26.70 ,not present ,0.00 ,0.00 ,
31/10/2024,13:00:00,26.50,-1.763,3.146,-0.76,1.00,-3.80,-1.028,-0.23,8.145,4.10,27.20 ,not present ,0.00 ,0.00 ,
31/10/2024,13:15:00,27.28,-1.788,3.547,-0.85,1.00,-3.80,-1.166,-0.23,8.121,4.10,27.70 ,not present ,0.00 ,0.00 ,
31/10/2024,13:30:00,27.91,-1.781,3.684,-0.87,1.00,-3.80,-1.067,-0.23,8.095,4.10,28.20 ,not present ,0.00 ,0.00 ,
31/10/2024,13:45:00,28.15,-1.454,4.128,-0.93,1.00,-3.80,-1.016,-0.19,8.088,4.10,28.40 ,not present ,0.00 ,0.00 ,
31/10/2024,14:00:00,27.98,1.041,5.296,-0.88,1.00,-3.80,-0.256,0.13,8.095,4.09,28.70 ,not present ,0.00 ,0.00 ,
31/10/2024,14:15:00,27.65,-1.467,4.157,-0.95,1.00,-3.80,-1.070,-0.19,8.107,4.09,28.40 ,not present ,0.00 ,0.00 ,
31/10/2024,14:30:00,27.92,-1.245,4.147,-0.91,1.00,-3.80,-0.867,-0.16,8.095,4.09,28.40 ,not present ,0.00 ,0.00 ,
31/10/2024,14:45:00,28.08,-1.280,4.334,-0.95,1.00,-3.80,-0.918,-0.16,8.093,4.09,28.60 ,not present ,0.00 ,0.00 ,
31/10/2024,15:00:00,27.91,-0.905,4.460,-0.94,1.00,-3.80,-0.917,-0.12,8.095,4.09,28.60 ,not present ,0.00 ,0.00 ,
31/10/2024,15:15:00,27.01,-0.857,4.268,-0.91,1.00,-3.80,-1.280,-0.11,8.128,4.10,31.30 ,present ,24.05 ,37.50 ,
31/10/2024,15:30:00,26.37,-0.561,3.444,-0.68,1.00,-3.80,-1.461,-0.07,8.152,4.12,32.80 ,present ,24.04 ,36.90 ,
31/10/2024,15:45:00,26.37,-0.450,3.830,-0.76,1.00,-3.80,-2.031,-0.06,8.152,4.12,33.20 ,present ,24.07 ,35.70 ,
31/10/2024,16:00:00,26.27,-0.029,3.834,-0.71,1.00,-3.80,-1.874,0.00,8.154,4.13,33.20 ,present ,24.06 ,34.50 ,
31/10/2024,16:15:00,26.09,-0.197,3.701,-0.70,1.00,-3.80,-1.959,-0.02,8.161,4.14,32.80 ,present ,24.06 ,34.20 ,
31/10/2024,16:30:00,26.09,-0.732,3.756,-0.79,1.00,-3.80,-1.610,-0.09,8.161,4.15,32.70 ,present ,24.04 ,32.70 ,
31/10/2024,16:45:00,26.28,-0.638,3.831,-0.79,1.00,-3.80,-1.506,-0.08,8.154,4.15,32.50 ,present ,24.04 ,31.80 ,
31/10/2024,17:00:00,26.34,-0.731,3.937,-0.83,1.00,-3.80,-1.538,-0.09,8.152,4.16,31.30 ,present ,24.05 ,23.70 ,
31/10/2024,17:15:00,26.25,-0.593,4.142,-0.87,1.00,-3.80,-1.187,-0.07,8.154,4.16,30.70 ,present ,24.07 ,21.90 ,
31/10/2024,17:30:00,26.11,-0.686,4.141,-0.88,1.00,-3.80,-1.389,-0.09,8.159,4.16,30.30 ,present ,24.06 ,21.30 ,
31/10/2024,17:45:00,25.91,-0.518,3.728,-0.76,1.00,-3.80,-1.161,-0.06,8.166,4.16,29.90 ,present ,24.06 ,21.30 ,
31/10/2024,18:00:00,25.68,-0.454,3.364,-0.66,1.00,-3.80,-1.325,-0.06,8.175,4.16,29.70 ,present ,24.06 ,21.30 ,
31/10/2024,18:15:00,25.35,-0.279,3.067,-0.57,1.00,-3.80,-1.198,-0.03,8.187,4.16,29.40 ,present ,24.06 ,21.00 ,
31/10/2024,18:30:00,24.99,-0.773,3.194,-0.68,1.00,-3.80,-0.932,-0.10,8.201,4.16,29.10 ,present ,24.06 ,21.00 ,
31/10/2024,18:45:00,24.42,0.076,2.952,-0.51,1.00,-3.80,-0.967,0.01,8.219,4.16,28.60 ,present ,24.06 ,21.00 ,
31/10/2024,19:00:00,24.39,-0.812,2.338,-0.47,1.00,-3.80,-1.068,-0.10,8.222,4.16,28.10 ,present ,24.06 ,21.00 ,
31/10/2024,19:15:00,24.40,-0.805,2.323,-0.46,1.00,-3.80,-1.118,-0.10,8.219,4.16,28.10 ,present ,24.06 ,21.30 ,
31/10/2024,19:30:00,24.02,0.108,3.002,-0.53,1.00,-3.80,-0.696,0.01,8.233,4.16,28.20 ,present ,24.06 ,21.00 ,
31/10/2024,19:45:00,23.64,-1.104,1.910,-0.40,1.00,-3.80,-1.104,-0.14,8.247,4.16,27.60 ,present ,24.06 ,21.00 ,
31/10/2024,20:00:00,23.92,-1.035,2.011,-0.42,1.00,-3.80,-1.237,-0.13,8.237,4.16,27.40 ,present ,24.06 ,21.00 ,
31/10/2024,20:15:00,23.95,-0.819,2.323,-0.47,1.00,-3.80,-1.030,-0.11,8.237,4.16,27.60 ,present ,24.06 ,21.30 ,
31/10/2024,20:30:00,23.71,-0.550,2.617,-0.52,1.00,-3.80,-0.914,-0.07,8.244,4.16,27.40 ,present ,24.06 ,21.00 ,
31/10/2024,20:45:00,23.45,-0.213,2.968,-0.58,1.00,-3.80,-0.635,-0.02,8.254,4.15,27.20 ,present ,24.06 ,21.00 ,
31/10/2024,21:00:00,23.46,-0.592,2.435,-0.48,1.00,-3.80,-0.902,-0.08,8.254,4.16,27.10 ,present ,24.06 ,21.30 ,
31/10/2024,21:15:00,23.27,-0.093,2.942,-0.56,1.00,-3.80,-0.725,-0.01,8.262,4.15,27.10 ,present ,24.06 ,21.00 ,
31/10/2024,21:30:00,23.02,-1.137,2.223,-0.50,1.00,-3.80,-1.237,-0.15,8.269,4.16,26.80 ,present ,24.06 ,21.00 ,
31/10/2024,21:45:00,23.05,-0.368,2.952,-0.60,1.00,-3.80,-0.678,-0.04,8.269,4.16,26.60 ,present ,24.06 ,21.30 ,
31/10/2024,22:00:00,22.98,-0.594,2.663,-0.55,1.00,-3.80,-0.918,-0.08,8.272,4.16,26.50 ,present ,24.06 ,21.30 ,
31/10/2024,22:15:00,22.78,-0.923,2.427,-0.54,1.00,-3.80,-1.012,-0.12,8.279,4.15,26.40 ,present ,24.06 ,21.00 ,
31/10/2024,22:30:00,22.65,-0.700,2.473,-0.52,1.00,-3.80,-0.976,-0.09,8.283,4.16,26.20 ,present ,24.06 ,21.30 ,
31/10/2024,22:45:00,22.81,-0.598,2.412,-0.49,1.00,-3.80,-0.783,-0.08,8.276,4.16,26.10 ,present ,24.06 ,21.00 ,
31/10/2024,23:00:00,22.89,-0.739,2.176,-0.44,1.00,-3.80,-0.967,-0.10,8.276,4.16,26.20 ,present ,24.06 ,21.00 ,
31/10/2024,23:15:00,23.12,-0.910,2.152,-0.45,1.00,-3.80,-0.934,-0.12,8.265,4.15,26.30 ,present ,24.06 ,21.60 ,
31/10/2024,23:30:00,23.29,-0.854,2.255,-0.47,1.00,-3.80,-0.989,-0.11,8.262,4.15,26.30 ,present ,24.06 ,21.00 ,
31/10/2024,23:45:00,23.43,-0.747,2.248,-0.45,1.00,-3.80,-0.892,-0.10,8.254,4.15,26.50 ,present ,24.06 ,21.00 ,
01/11/2024,00:00:00,22.69,0.195,2.100,-0.29,1.00,-3.80,-0.571,0.02,8.283,4.16,26.00 ,present ,24.06 ,21.00 ,
01/11/2024,00:15:00,22.07,0.089,1.504,-0.15,1.00,-3.80,-0.654,0.01,8.305,4.16,25.20 ,present ,24.06 ,20.70 ,
01/11/2024,00:30:00,21.57,0.177,1.202,-0.06,1.00,-3.80,-0.739,0.02,8.323,4.15,24.20 ,present ,24.06 ,21.00 ,
01/11/2024,00:45:00,21.18,0.056,1.099,-0.05,1.00,-3.80,-0.709,0.00,8.337,4.15,23.90 ,present ,24.06 ,21.30 ,
01/11/2024,01:00:00,20.89,-0.001,0.954,-0.01,1.00,-3.80,-0.681,0.00,8.348,4.16,23.20 ,present ,24.06 ,20.70 ,
01/11/2024,01:15:00,20.67,-0.070,0.948,-0.02,1.00,-3.80,-0.612,0.00,8.355,4.16,23.00 ,present ,24.06 ,21.00 ,
01/11/2024,01:30:00,20.50,-0.048,0.869,0.00,1.00,-3.80,-0.480,0.00,8.359,4.15,22.80 ,present ,24.06 ,20.70 ,
01/11/2024,01:45:00,20.37,0.014,0.000,0.00,1.00,-3.80,-0.551,0.00,8.366,4.16,22.80 ,present ,24.06 ,20.70 ,
01/11/2024,02:00:00,20.28,-0.161,0.000,0.00,1.00,-3.80,-0.394,-0.02,8.370,4.15,22.60 ,present ,24.06 ,20.70 ,
01/11/2024,02:15:00,20.20,-0.081,0.000,0.00,1.00,-3.80,-0.349,-0.01,8.370,4.15,22.30 ,present ,24.06 ,21.00 ,
01/11/2024,02:30:00,20.13,-0.144,0.000,0.00,1.00,-3.80,-0.406,-0.01,8.373,4.15,22.30 ,present ,24.06 ,21.30 ,
01/11/2024,02:45:00,20.09,-0.174,0.000,0.00,1.00,-3.80,-0.337,-0.02,8.377,4.15,22.20 ,present ,24.06 ,21.30 ,
01/11/2024,03:00:00,20.03,-0.180,0.000,0.00,1.00,-3.80,-0.324,-0.02,8.377,4.15,21.30 ,not present ,0.00 ,0.00 ,
01/11/2024,03:15:00,19.94,-0.314,0.740,0.00,1.00,-3.80,-0.325,-0.04,8.381,4.14,19.60 ,not present ,0.00 ,0.00 ,
01/11/2024,03:30:00,19.88,-0.359,0.000,0.00,1.00,-3.80,-0.189,-0.04,8.384,4.14,19.20 ,not present ,0.00 ,0.00 ,
01/11/2024,03:45:00,19.83,-0.375,0.000,0.00,1.00,-3.80,-0.169,-0.05,8.384,4.14,19.00 ,not present ,0.00 ,0.00 ,
01/11/2024,04:00:00,19.79,-0.505,0.641,0.00,1.00,-3.80,-0.011,-0.06,8.388,4.14,19.00 ,not present ,0.00 ,0.00 ,
01/11/2024,04:15:00,19.76,-0.463,0.000,0.00,1.00,-3.80,-0.111,-0.06,8.388,4.14,18.70 ,not present ,0.00 ,0.00 ,
01/11/2024,04:30:00,19.74,-0.949,0.578,-0.04,1.00,-3.80,-0.044,-0.13,8.388,4.14,18.70 ,not present ,0.00 ,0.00 ,
01/11/2024,04:45:00,19.72,-0.755,0.523,0.00,1.00,-3.80,0.051,-0.10,8.388,4.14,18.79 ,not present ,0.00 ,0.00 ,
01/11/2024,05:00:00,19.71,-0.599,0.000,0.00,1.00,-3.80,0.022,-0.08,8.388,4.14,18.70 ,not present ,0.00 ,0.00 ,
01/11/2024,05:15:00,19.70,-0.630,0.000,0.00,1.00,-3.80,0.015,-0.08,8.388,4.13,18.70 ,not present ,0.00 ,0.00 ,
01/11/2024,05:30:00,19.71,-1.000,0.463,-0.01,1.00,-3.80,0.051,-0.13,8.388,4.13,18.60 ,not present ,0.00 ,0.00 ,
01/11/2024,05:45:00,19.69,-0.825,0.000,0.00,1.00,-3.80,0.055,-0.11,8.392,4.13,18.60 ,not present ,0.00 ,0.00 ,
01/11/2024,06:00:00,19.68,-0.752,0.000,0.00,1.00,-3.80,0.020,-0.10,8.392,4.13,18.50 ,not present ,0.00 ,0.00 ,
01/11/2024,06:15:00,19.67,-0.767,0.000,0.00,1.00,-3.80,0.143,-0.10,8.392,4.13,18.60 ,not present ,0.00 ,0.00 ,
01/11/2024,06:30:00,19.65,-0.644,0.000,0.00,1.00,-3.80,0.132,-0.08,8.392,4.13,18.60 ,not present ,0.00 ,0.00 ,
01/11/2024,06:45:00,19.63,-0.672,0.000,0.00,1.00,-3.80,0.110,-0.09,8.392,4.13,18.50 ,not present ,0.00 ,0.00 ,
01/11/2024,07:00:00,19.63,-0.577,0.000,0.00,1.00,-3.80,0.080,-0.07,8.392,4.13,18.60 ,not present ,0.00 ,0.00 ,
01/11/2024,07:15:00,19.64,-0.644,0.000,0.00,1.00,-3.80,0.213,-0.08,8.392,4.12,18.50 ,not present ,0.00 ,0.00 ,
01/11/2024,07:30:00,19.68,-0.761,0.000,0.00,1.00,-3.80,0.083,-0.10,8.392,4.12,18.60 ,not present ,0.00 ,0.00 ,
01/11/2024,07:45:00,19.52,-0.655,0.000,0.00,1.00,-3.80,0.375,-0.09,8.395,4.12,18.50 ,not present ,0.00 ,0.00 ,
01/11/2024,08:00:00,19.92,-1.757,0.305,-0.07,1.00,-3.80,-0.312,-0.24,8.381,4.12,18.90 ,not present ,0.00 ,0.00 ,
01/11/2024,08:15:00,20.55,-1.586,0.480,-0.09,1.00,-3.80,-0.158,-0.21,8.359,4.12,19.70 ,not present ,0.00 ,0.00 ,
01/11/2024,08:30:00,20.92,-1.073,1.192,-0.23,1.00,-3.80,-0.124,-0.14,8.344,4.12,20.40 ,not present ,0.00 ,0.00 ,
01/11/2024,08:45:00,21.10,-1.112,1.795,-0.41,1.00,-3.80,-0.736,-0.15,8.337,4.12,21.00 ,not present ,0.00 ,0.00 ,
01/11/2024,09:00:00,21.19,-0.654,1.997,-0.41,1.00,-3.80,-0.681,-0.08,8.337,4.12,21.40 ,not present ,0.00 ,0.00 ,
01/11/2024,09:15:00,21.36,-0.850,1.893,-0.40,1.00,-3.80,-0.833,-0.11,8.330,4.12,21.70 ,not present ,0.00 ,0.00 ,
01/11/2024,09:30:00,21.65,-1.591,1.700,-0.44,1.00,-3.80,-1.004,-0.21,8.319,4.12,21.90 ,not present ,0.00 ,0.00 ,
01/11/2024,09:45:00,21.79,-1.155,1.640,-0.36,1.00,-3.80,-0.892,-0.15,8.315,4.11,21.90 ,not present ,0.00 ,0.00 ,
01/11/2024,10:00:00,21.61,-1.099,1.857,-0.42,1.00,-3.80,-0.978,-0.15,8.319,4.11,22.40 ,not present ,0.00 ,0.00 ,
01/11/2024,10:15:00,21.68,-1.432,1.659,-0.41,1.00,-3.80,-1.208,-0.19,8.319,4.11,22.40 ,not present ,0.00 ,0.00 ,
01/11/2024,10:30:00,21.79,-1.094,1.717,-0.38,1.00,-3.80,-0.782,-0.14,8.315,4.11,22.40 ,not present ,0.00 ,0.00 ,
01/11/2024,10:45:00,21.89,-1.223,1.712,-0.39,1.00,-3.80,-0.974,-0.16,8.312,4.11,22.50 ,not present ,0.00 ,0.00 ,
01/11/2024,11:00:00,22.02,-1.077,1.655,-0.35,1.00,-3.80,-0.821,-0.14,8.305,4.11,22.80 ,not present ,0.00 ,0.00 ,
01/11/2024,11:15:00,22.04,-0.934,1.992,-0.43,1.00,-3.80,-0.829,-0.12,8.305,4.11,22.90 ,not present ,0.00 ,0.00 ,
01/11/2024,11:30:00,22.15,0.110,2.062,-0.30,1.00,-3.80,-0.403,0.01,8.301,4.10,22.90 ,not present ,0.00 ,0.00 ,
01/11/2024,11:45:00,22.56,-1.307,1.697,-0.39,1.00,-3.80,-0.954,-0.17,8.287,4.10,23.20 ,not present ,0.00 ,0.00 ,
01/11/2024,12:00:00,22.79,-1.268,1.800,-0.41,1.00,-3.80,-0.954,-0.17,8.279,4.10,23.30 ,not present ,0.00 ,0.00 ,
01/11/2024,12:15:00,23.08,-1.071,2.101,-0.46,1.00,-3.80,-0.741,-0.14,8.269,4.10,23.50 ,not present ,0.00 ,0.00 ,
01/11/2024,12:30:00,23.23,-0.958,2.447,-0.54,1.00,-3.80,-0.666,-0.12,8.262,4.10,23.70 ,not present ,0.00 ,0.00 ,
01/11/2024,12:45:00,23.22,-1.212,2.127,-0.48,1.00,-3.80,-0.981,-0.16,8.262,4.10,23.90 ,not present ,0.00 ,0.00 ,
01/11/2024,13:00:00,23.22,-1.019,2.279,-0.50,1.00,-3.80,-0.989,-0.13,8.262,4.10,24.00 ,not present ,0.00 ,0.00 ,
01/11/2024,13:15:00,23.01,-0.530,2.134,-0.40,1.00,-3.80,-0.671,-0.07,8.269,4.10,23.90 ,not present ,0.00 ,0.00 ,
01/11/2024,13:30:00,23.20,-1.272,2.134,-0.49,1.00,-3.80,-1.129,-0.17,8.262,4.10,24.10 ,not present ,0.00 ,0.00 ,
01/11/2024,13:45:00,23.15,-0.609,2.478,-0.50,1.00,-3.80,-0.689,-0.08,8.265,4.10,24.20 ,not present ,0.00 ,0.00 ,
01/11/2024,14:00:00,23.24,-0.827,4.157,-0.99,1.00,-3.80,-0.545,-0.11,8.262,4.09,24.10 ,not present ,0.00 ,0.00 ,
01/11/2024,14:15:00,23.52,-1.037,2.438,-0.54,1.00,-3.80,-0.886,-0.14,8.251,4.09,24.10 ,not present ,0.00 ,0.00 ,
01/11/2024,14:30:00,23.36,-0.894,2.385,-0.51,1.00,-3.80,-0.869,-0.12,8.258,4.09,24.20 ,not present ,0.00 ,0.00 ,
01/11/2024,14:45:00,23.35,-0.940,2.257,-0.48,1.00,-3.80,-1.046,-0.12,8.258,4.09,24.20 ,not present ,0.00 ,0.00 ,
01/11/2024,15:00:00,23.11,0.344,2.580,-0.40,1.00,-3.80,-0.213,0.04,8.265,4.09,24.10 ,not present ,0.00 ,0.00 ,
01/11/2024,15:15:00,23.08,-0.758,2.579,-0.55,1.00,-3.80,-0.810,-0.10,8.269,4.11,27.90 ,present ,24.05 ,37.50 ,
01/11/2024,15:30:00,23.12,-0.954,2.283,-0.49,1.00,-3.80,-1.304,-0.12,8.265,4.12,29.00 ,present ,24.04 ,36.59 ,
01/11/2024,15:45:00,23.10,-0.645,2.498,-0.51,1.00,-3.80,-1.299,-0.08,8.265,4.13,29.40 ,present ,24.07 ,35.40 ,
01/11/2024,16:00:00,23.22,-0.954,2.607,-0.58,1.00,-3.80,-1.355,-0.12,8.262,4.14,29.60 ,present ,24.06 ,34.20 ,
01/11/2024,16:15:00,23.24,-0.454,2.549,-0.50,1.00,-3.80,-1.173,-0.06,8.262,4.14,29.50 ,present ,24.05 ,33.30 ,
01/11/2024,16:30:00,23.28,-0.578,2.463,-0.49,1.00,-3.80,-1.239,-0.07,8.262,4.15,29.50 ,present ,24.08 ,32.40 ,
01/11/2024,16:45:00,23.15,-0.694,2.683,-0.57,1.00,-3.80,-1.308,-0.09,8.265,4.15,28.90 ,present ,24.07 ,27.30 ,
01/11/2024,17:00:00,22.94,-0.621,2.523,-0.52,1.00,-3.80,-1.286,-0.08,8.272,4.15,27.80 ,present ,24.07 ,22.80 ,
01/11/2024,17:15:00,22.73,0.002,3.214,-0.63,1.00,-3.80,-0.756,0.00,8.279,4.16,27.30 ,present ,24.06 ,21.60 ,
01/11/2024,17:30:00,22.66,-0.422,2.531,-0.50,1.00,-3.80,-1.030,-0.05,8.283,4.15,26.80 ,present ,24.06 ,21.30 ,
01/11/2024,17:45:00,22.81,-0.168,2.812,-0.54,1.00,-3.80,-0.730,-0.02,8.276,4.16,26.60 ,present ,24.06 ,21.00 ,
01/11/2024,18:00:00,22.93,-0.901,2.672,-0.60,1.00,-3.80,-1.183,-0.12,8.272,4.15,26.50 ,present ,24.06 ,21.00 ,
01/11/2024,18:15:00,22.84,-0.822,2.711,-0.60,1.00,-3.80,-1.230,-0.11,8.276,4.16,26.50 ,present ,24.06 ,21.00 ,
01/11/2024,18:30:00,22.74,-0.669,3.253,-0.73,1.00,-3.80,-1.095,-0.09,8.279,4.15,26.40 ,present ,24.06 ,21.30 ,
01/11/2024,18:45:00,22.66,-0.619,3.013,-0.66,1.00,-3.80,-0.951,-0.08,8.283,4.15,26.40 ,present ,24.06 ,21.00 ,
01/11/2024,19:00:00,22.60,-0.776,2.937,-0.66,1.00,-3.80,-1.098,-0.10,8.283,4.15,26.20 ,present ,24.06 ,21.00 ,
01/11/2024,19:15:00,22.69,-0.713,2.757,-0.60,1.00,-3.80,-1.205,-0.09,8.283,4.15,26.10 ,present ,24.06 ,21.30 ,
01/11/2024,19:30:00,22.88,-0.224,2.937,-0.58,1.00,-3.80,-0.701,-0.03,8.276,4.15,26.40 ,present ,24.06 ,21.00 ,
01/11/2024,19:45:00,22.78,-0.953,2.988,-0.70,1.00,-3.80,-1.165,-0.12,8.279,4.16,26.40 ,present ,24.06 ,21.00 ,
01/11/2024,20:00:00,22.80,-0.810,3.146,-0.72,1.00,-3.80,-1.036,-0.10,8.276,4.15,26.40 ,present ,24.06 ,21.30 ,
01/11/2024,20:15:00,22.92,-0.864,3.096,-0.71,1.00,-3.80,-1.182,-0.11,8.272,4.16,26.50 ,present ,24.06 ,21.00 ,
01/11/2024,20:30:00,23.00,-0.814,3.438,-0.80,1.00,-3.80,-1.077,-0.11,8.269,4.15,26.50 ,present ,24.06 ,21.00 ,
01/11/2024,20:45:00,22.85,-0.054,3.220,-0.64,1.00,-3.80,-0.681,0.00,8.276,4.15,26.50 ,present ,24.06 ,21.00 ,
01/11/2024,21:00:00,22.85,-0.881,3.183,-0.74,1.00,-3.80,-1.230,-0.11,8.276,4.15,26.50 ,present ,24.06 ,21.30 ,
01/11/2024,21:15:00,22.87,-0.703,3.318,-0.75,1.00,-3.80,-0.980,-0.09,8.276,4.16,26.50 ,present ,24.06 ,21.00 ,
01/11/2024,21:30:00,22.78,-0.435,3.543,-0.78,1.00,-3.80,-0.937,-0.05,8.279,4.16,26.30 ,present ,24.06 ,21.00 ,
01/11/2024,21:45:00,22.74,-0.551,3.171,-0.70,1.00,-3.80,-0.987,-0.07,8.279,4.15,26.40 ,present ,24.06 ,21.00 ,
01/11/2024,22:00:00,22.49,-0.233,3.499,-0.75,1.00,-3.80,-0.865,-0.03,8.290,4.16,26.30 ,present ,24.06 ,21.00 ,
01/11/2024,22:15:00,22.44,-0.297,3.480,-0.76,1.00,-3.80,-0.908,-0.04,8.290,4.16,26.10 ,present ,24.06 ,21.60 ,
01/11/2024,22:30:00,22.47,-0.531,3.256,-0.72,1.00,-3.80,-0.919,-0.07,8.290,4.15,26.20 ,present ,24.06 ,21.00 ,
01/11/2024,22:45:00,22.50,-0.647,3.618,-0.84,1.00,-3.80,-1.028,-0.08,8.287,4.16,26.00 ,present ,24.06 ,21.00 ,
01/11/2024,23:00:00,22.46,-0.611,3.078,-0.68,1.00,-3.80,-1.113,-0.08,8.290,4.16,26.00 ,present ,24.06 ,21.00 ,
01/11/2024,23:15:00,22.95,-1.113,3.159,-0.76,1.00,-3.80,-1.035,-0.15,8.272,4.15,26.10 ,present ,24.06 ,21.00 ,
01/11/2024,23:30:00,23.37,-1.036,3.286,-0.78,1.00,-3.80,-0.997,-0.14,8.258,4.15,26.50 ,present ,24.06 ,21.30 ,
01/11/2024,23:45:00,23.63,-0.937,3.408,-0.79,1.00,-3.80,-0.990,-0.12,8.247,4.15,26.60 ,present ,24.06 ,21.00 ,
02/11/2024,00:00:00,22.87,0.510,3.368,-0.60,1.00,-3.80,-0.782,0.06,8.276,4.15,26.10 ,present ,24.06 ,20.70 ,
02/11/2024,00:15:00,22.27,0.412,2.425,-0.36,1.00,-3.80,-0.644,0.05,8.297,4.16,25.40 ,present ,24.06 ,20.70 ,
02/11/2024,00:30:00,21.81,0.217,1.995,-0.28,1.00,-3.80,-0.686,0.02,8.312,4.16,24.70 ,present ,24.06 ,21.00 ,
02/11/2024,00:45:00,21.43,0.190,1.788,-0.23,1.00,-3.80,-0.537,0.02,8.326,4.16,24.10 ,present ,24.06 ,20.70 ,
02/11/2024,01:00:00,21.11,0.291,1.643,-0.18,1.00,-3.80,-0.637,0.03,8.337,4.16,23.70 ,present ,24.06 ,20.70 ,
02/11/2024,01:15:00,20.74,0.255,1.520,-0.15,1.00,-3.80,-0.644,0.03,8.352,4.15,23.30 ,present ,24.06 ,21.00 ,
02/11/2024,01:30:00,20.44,0.095,1.440,-0.15,1.00,-3.80,-0.536,0.01,8.362,4.16,23.00 ,present ,24.06 ,21.00 ,
02/11/2024,01:45:00,20.17,0.034,1.420,-0.16,1.00,-3.80,-0.516,0.00,8.373,4.16,22.50 ,present ,24.06 ,21.30 ,
02/11/2024,02:00:00,20.00,0.042,1.335,-0.13,1.00,-3.80,-0.526,0.00,8.377,4.15,22.40 ,present ,24.06 ,21.30 ,
02/11/2024,02:15:00,19.87,-0.050,1.318,-0.14,1.00,-3.80,-0.497,0.00,8.384,4.15,22.00 ,present ,24.06 ,21.00 ,
02/11/2024,02:30:00,19.78,0.018,1.310,-0.13,1.00,-3.80,-0.593,0.00,8.388,4.15,21.80 ,present ,24.06 ,21.00 ,
02/11/2024,02:45:00,19.73,-0.079,1.310,-0.14,1.00,-3.80,-0.350,-0.01,8.388,4.15,21.80 ,present ,24.06 ,20.70 ,
02/11/2024,03:00:00,19.71,-0.067,1.246,-0.12,1.00,-3.80,-0.330,0.00,8.388,4.15,20.00 ,not present ,0.00 ,0.00 ,
02/11/2024,03:15:00,19.63,-0.106,1.235,-0.13,1.00,-3.80,-0.335,-0.01,8.392,4.14,19.20 ,not present ,0.00 ,0.00 ,
02/11/2024,03:30:00,19.57,-0.096,1.241,-0.13,1.00,-3.80,-0.226,-0.01,8.395,4.14,18.79 ,not present ,0.00 ,0.00 ,
02/11/2024,03:45:00,19.50,-0.236,1.243,-0.15,1.00,-3.80,-0.318,-0.03,8.395,4.14,18.79 ,not present ,0.00 ,0.00 ,
02/11/2024,04:00:00,19.45,-0.172,1.202,-0.13,1.00,-3.80,-0.356,-0.02,8.399,4.14,18.50 ,not present ,0.00 ,0.00 ,
02/11/2024,04:15:00,19.37,-0.099,1.160,-0.11,1.00,-3.80,-0.211,-0.01,8.403,4.14,18.40 ,not present ,0.00 ,0.00 ,
02/11/2024,04:30:00,19.32,-0.124,1.156,-0.11,1.00,-3.80,-0.159,-0.01,8.403,4.14,18.40 ,not present ,0.00 ,0.00 ,
02/11/2024,04:45:00,19.30,-0.185,1.140,-0.11,1.00,-3.80,-0.179,-0.02,8.403,4.14,18.29 ,not present ,0.00 ,0.00 ,
02/11/2024,05:00:00,19.26,-0.164,1.099,-0.10,1.00,-3.80,-0.213,-0.02,8.406,4.14,18.29 ,not present ,0.00 ,0.00 ,
02/11/2024,05:15:00,19.23,-0.153,1.059,-0.08,1.00,-3.80,-0.181,-0.02,8.406,4.13,18.29 ,not present ,0.00 ,0.00 ,
02/11/2024,05:30:00,19.23,-0.221,1.060,-0.09,1.00,-3.80,-0.157,-0.03,8.406,4.13,18.20 ,not present ,0.00 ,0.00 ,
02/11/2024,05:45:00,19.21,-0.262,1.064,-0.10,1.00,-3.80,-0.260,-0.03,8.406,4.13,18.20 ,not present ,0.00 ,0.00 ,
02/11/2024,06:00:00,19.21,-0.204,1.020,-0.08,1.00,-3.80,-0.131,-0.02,8.406,4.13,18.20 ,not present ,0.00 ,0.00 ,
02/11/2024,06:15:00,19.20,-0.185,1.013,-0.07,1.00,-3.80,-0.123,-0.02,8.406,4.13,18.10 ,not present ,0.00 ,0.00 ,
02/11/2024,06:30:00,19.14,-0.203,0.972,-0.06,1.00,-3.80,-0.096,-0.02,8.410,4.13,17.90 ,not present ,0.00 ,0.00 ,
02/11/2024,06:45:00,19.09,-0.252,0.970,-0.07,1.00,-3.80,-0.271,-0.03,8.414,4.13,17.90 ,not present ,0.00 ,0.00 ,
02/11/2024,07:00:00,19.07,-0.344,0.913,-0.07,1.00,-3.80,-0.173,-0.04,8.414,4.13,17.90 ,not present ,0.00 ,0.00 ,
02/11/2024,07:15:00,19.04,-0.047,0.928,-0.03,1.00,-3.80,0.117,0.00,8.414,4.12,17.90 ,not present ,0.00 ,0.00 ,
02/11/2024,07:30:00,18.99,-0.298,0.925,-0.06,1.00,-3.80,-0.178,-0.04,8.417,4.12,18.10 ,not present ,0.00 ,0.00 ,
02/11/2024,07:45:00,19.01,-0.031,1.032,-0.06,1.00,-3.80,-0.076,0.00,8.414,4.12,17.90 ,not present ,0.00 ,0.00 ,
02/11/2024,08:00:00,19.63,-1.565,0.821,-0.20,1.00,-3.80,-0.637,-0.21,8.392,4.12,18.40 ,not present ,0.00 ,0.00 ,
02/11/2024,08:15:00,20.57,-1.451,1.323,-0.33,1.00,-3.80,-0.646,-0.19,8.359,4.12,19.50 ,not present ,0.00 ,0.00 ,
02/11/2024,08:30:00,21.01,-0.990,1.981,-0.45,1.00,-3.80,-0.474,-0.13,8.341,4.12,20.29 ,not present ,0.00 ,0.00 ,
02/11/2024,08:45:00,21.42,-0.967,2.120,-0.48,1.00,-3.80,-0.768,-0.13,8.326,4.12,21.00 ,not present ,0.00 ,0.00 ,
02/11/2024,09:00:00,21.57,-1.263,2.359,-0.59,1.00,-3.80,-1.006,-0.17,8.323,4.12,21.50 ,not present ,0.00 ,0.00 ,
02/11/2024,09:15:00,21.71,-0.682,2.798,-0.63,1.00,-3.80,-0.674,-0.09,8.315,4.12,21.90 ,not present ,0.00 ,0.00 ,
02/11/2024,09:30:00,21.81,-1.080,2.643,-0.64,1.00,-3.80,-0.903,-0.14,8.312,4.11,22.20 ,not present ,0.00 ,0.00 ,
02/11/2024,09:45:00,21.77,-0.479,2.957,-0.65,1.00,-3.80,-0.564,-0.06,8.315,4.11,22.30 ,not present ,0.00 ,0.00 ,
02/11/2024,10:00:00,21.79,-0.911,2.575,-0.60,1.00,-3.80,-0.884,-0.12,8.315,4.11,22.40 ,not present ,0.00 ,0.00 ,
02/11/2024,10:15:00,21.91,-0.575,2.664,-0.58,1.00,-3.80,-0.588,-0.07,8.308,4.11,22.50 ,not present ,0.00 ,0.00 ,
02/11/2024,10:30:00,21.70,-0.425,2.781,-0.59,1.00,-3.80,-0.663,-0.05,8.315,4.11,22.50 ,not present ,0.00 ,0.00 ,
02/11/2024,10:45:00,21.77,-1.373,2.564,-0.66,1.00,-3.80,-1.069,-0.18,8.315,4.11,22.60 ,not present ,0.00 ,0.00 ,
02/11/2024,11:00:00,21.89,-1.069,3.023,-0.75,1.00,-3.80,-1.154,-0.14,8.312,4.11,22.70 ,not present ,0.00 ,0.00 ,
02/11/2024,11:15:00,22.13,-0.675,3.103,-0.71,1.00,-3.80,-0.803,-0.09,8.301,4.11,22.90 ,not present ,0.00 ,0.00 ,
02/11/2024,11:30:00,21.88,-1.176,3.600,-0.93,1.00,-3.80,-1.072,-0.16,8.312,4.10,23.00 ,not present ,0.00 ,0.00 ,
02/11/2024,11:45:00,21.71,-1.204,3.193,-0.82,1.00,-3.80,-1.046,-0.16,8.315,4.10,22.90 ,not present ,0.00 ,0.00 ,
02/11/2024,12:00:00,21.95,-1.074,3.009,-0.74,1.00,-3.80,-0.856,-0.14,8.308,4.10,22.80 ,not present ,0.00 ,0.00 ,
02/11/2024,12:15:00,22.28,-1.403,3.756,-0.99,1.00,-3.80,-1.029,-0.19,8.297,4.10,23.00 ,not present ,0.00 ,0.00 ,
02/11/2024,12:30:00,22.48,-1.340,3.107,-0.79,1.00,-3.80,-1.137,-0.18,8.290,4.10,23.30 ,not present ,0.00 ,0.00 ,
02/11/2024,12:45:00,23.08,-1.944,2.775,-0.77,1.00,-3.80,-0.864,-0.26,8.269,4.10,23.60 ,not present ,0.00 ,0.00 ,
02/11/2024,13:00:00,24.21,-1.768,3.070,-0.80,1.00,-3.80,-0.866,-0.23,8.226,4.10,24.40 ,not present ,0.00 ,0.00 ,
02/11/2024,13:15:00,24.83,-1.233,3.277,-0.76,1.00,-3.80,-0.887,-0.16,8.205,4.10,25.00 ,not present ,0.00 ,0.00 ,
02/11/2024,13:30:00,25.02,-1.285,3.629,-0.86,1.00,-3.80,-0.956,-0.17,8.198,4.10,25.50 ,not present ,0.00 ,0.00 ,
02/11/2024,13:45:00,24.70,-0.581,3.867,-0.84,1.00,-3.80,-0.723,-0.07,8.208,4.09,25.60 ,not present ,0.00 ,0.00 ,
02/11/2024,14:00:00,24.41,-1.616,3.511,-0.89,1.00,-3.80,-1.178,-0.21,8.219,4.09,25.40 ,not present ,0.00 ,0.00 ,
02/11/2024,14:15:00,24.28,-1.056,4.247,-1.01,1.00,-3.80,-0.748,-0.14,8.226,4.09,25.40 ,not present ,0.00 ,0.00 ,
02/11/2024,14:30:00,24.14,-1.378,3.708,-0.92,1.00,-3.80,-0.932,-0.18,8.229,4.09,25.20 ,not present ,0.00 ,0.00 ,
02/11/2024,14:45:00,24.47,-1.037,3.767,-0.88,1.00,-3.80,-0.709,-0.13,8.219,4.09,25.30 ,not present ,0.00 ,0.00 ,
02/11/2024,15:00:00,24.53,-1.134,3.793,-0.90,1.00,-3.80,-0.749,-0.15,8.215,4.09,25.30 ,not present ,0.00 ,0.00 ,
02/11/2024,15:15:00,24.80,-1.352,3.780,-0.91,1.00,-3.80,-0.888,-0.18,8.205,4.10,27.20 ,present ,24.04 ,37.20 ,
02/11/2024,15:30:00,24.42,-24.631,3.901,-4.09,1.00,-3.80,-0.580,-3.31,8.219,4.11,30.20 ,present ,24.04 ,37.20 ,
02/11/2024,15:45:00,24.27,-11.752,4.389,-2.49,1.00,-3.80,-0.872,-1.58,8.226,4.12,30.70 ,present ,24.07 ,36.00 ,
02/11/2024,16:00:00,24.22,-11.758,4.049,-2.41,1.00,-3.80,-1.027,-1.58,8.226,4.13,30.90 ,present ,24.06 ,34.80 ,
02/11/2024,16:15:00,24.57,-12.577,3.905,-2.47,1.00,-3.80,-0.992,-1.69,8.215,4.14,31.10 ,present ,24.05 ,33.90 ,
02/11/2024,16:30:00,24.41,-10.968,3.983,-2.27,1.00,-3.80,-1.150,-1.47,8.219,4.15,30.80 ,present ,24.05 ,33.30 ,
02/11/2024,16:45:00,24.27,-10.347,3.850,-2.16,1.00,-3.80,-1.081,-1.39,8.226,4.15,30.50 ,present ,24.07 ,31.80 ,
02/11/2024,17:00:00,24.49,-9.839,4.054,-2.14,1.00,-3.80,-1.030,-1.32,8.219,4.15,29.50 ,present ,24.08 ,24.00 ,
02/11/2024,17:15:00,24.39,-6.496,4.129,-1.71,1.00,-3.80,-0.848,-0.87,8.222,4.16,28.80 ,present ,24.07 ,22.20 ,
02/11/2024,17:30:00,24.48,-5.413,4.325,-1.62,1.00,-3.80,-1.029,-0.72,8.219,4.16,28.50 ,present ,24.06 ,21.30 ,
02/11/2024,17:45:00,24.40,-6.411,4.319,-1.75,1.00,-3.80,-0.917,-0.86,8.219,4.16,28.30 ,present ,24.06 ,21.30 ,
02/11/2024,18:00:00,24.45,-6.180,4.106,-1.66,1.00,-3.80,-0.806,-0.83,8.219,4.16,28.40 ,present ,24.06 ,21.60 ,
02/11/2024,18:15:00,24.34,-6.920,4.133,-1.77,1.00,-3.80,-1.059,-0.93,8.222,4.16,28.00 ,present ,24.06 ,21.00 ,
02/11/2024,18:30:00,24.30,-6.494,4.491,-1.81,1.00,-3.80,-0.693,-0.87,8.222,4.16,28.10 ,present ,24.06 ,21.00 ,
02/11/2024,18:45:00,24.37,-6.423,4.420,-1.78,1.00,-3.80,-0.755,-0.86,8.222,4.16,28.00 ,present ,24.06 ,21.30 ,
02/11/2024,19:00:00,24.39,-6.476,4.270,-1.75,1.00,-3.80,-0.872,-0.87,8.222,4.16,28.00 ,present ,24.06 ,21.30 ,
02/11/2024,19:15:00,24.50,-6.396,4.278,-1.73,1.00,-3.80,-0.837,-0.86,8.215,4.16,28.10 ,present ,24.06 ,21.00 ,
02/11/2024,19:30:00,24.26,-6.385,4.236,-1.73,1.00,-3.80,-0.762,-0.86,8.226,4.16,27.90 ,present ,24.06 ,21.30 ,
02/11/2024,19:45:00,24.25,-5.661,4.774,-1.78,1.00,-3.80,-0.679,-0.76,8.226,4.16,27.90 ,present ,24.06 ,21.00 ,
02/11/2024,20:00:00,24.08,-5.701,4.541,-1.73,1.00,-3.80,-0.760,-0.76,8.233,4.16,27.80 ,present ,24.06 ,21.30 ,
02/11/2024,20:15:00,23.63,-5.136,4.521,-1.66,1.00,-3.80,-0.629,-0.69,8.247,4.15,27.30 ,present ,24.06 ,21.00 ,
02/11/2024,20:30:00,23.45,-6.098,4.151,-1.70,1.00,-3.80,-0.840,-0.82,8.254,4.16,27.40 ,present ,24.06 ,21.00 ,
02/11/2024,20:45:00,23.57,-5.920,4.226,-1.69,1.00,-3.80,-0.790,-0.80,8.251,4.16,27.30 ,present ,24.06 ,21.30 ,
02/11/2024,21:00:00,23.63,-5.424,4.372,-1.66,1.00,-3.80,-0.674,-0.73,8.247,4.16,27.30 ,present ,24.06 ,21.00 ,
02/11/2024,21:15:00,23.63,-5.303,4.428,-1.66,1.00,-3.80,-0.578,-0.71,8.247,4.15,27.20 ,present ,24.06 ,21.00 ,
02/11/2024,21:30:00,23.43,-4.946,4.400,-1.61,1.00,-3.80,-0.500,-0.66,8.254,4.16,27.20 ,present ,24.06 ,21.30 ,
02/11/2024,21:45:00,23.29,-5.366,4.412,-1.68,1.00,-3.80,-0.608,-0.72,8.262,4.16,27.00 ,present ,24.06 ,21.00 ,
02/11/2024,22:00:00,23.03,-5.410,4.498,-1.72,1.00,-3.80,-0.819,-0.73,8.269,4.16,26.80 ,present ,24.06 ,21.30 ,
02/11/2024,22:15:00,23.02,-5.463,4.681,-1.77,1.00,-3.80,-0.877,-0.74,8.269,4.15,26.70 ,present ,24.06 ,21.00 ,
02/11/2024,22:30:00,22.83,-4.910,4.425,-1.63,1.00,-3.80,-0.562,-0.66,8.276,4.16,26.50 ,present ,24.06 ,21.00 ,
02/11/2024,22:45:00,22.58,-5.005,4.849,-1.78,1.00,-3.80,-0.696,-0.68,8.287,4.16,26.30 ,present ,24.06 ,21.00 ,
02/11/2024,23:00:00,22.65,-5.701,4.293,-1.71,1.00,-3.80,-0.934,-0.77,8.283,4.16,26.20 ,present ,24.06 ,21.00 ,
02/11/2024,23:15:00,23.21,-5.714,4.423,-1.73,1.00,-3.80,-0.652,-0.77,8.262,4.16,26.30 ,present ,24.06 ,21.00 ,
02/11/2024,23:30:00,23.60,-5.770,4.489,-1.74,1.00,-3.80,-0.691,-0.78,8.247,4.16,26.60 ,present ,24.06 ,21.00 ,
02/11/2024,23:45:00,23.87,-5.814,4.513,-1.74,1.00,-3.80,-0.659,-0.78,8.240,4.15,26.70 ,present ,24.06 ,21.30 ,
03/11/2024,00:00:00,23.14,-4.671,4.812,-1.70,1.00,-3.80,-0.548,-0.63,8.265,4.15,26.50 ,present ,24.06 ,20.70 ,
03/11/2024,00:15:00,22.49,-4.777,4.397,-1.62,1.00,-3.80,-0.348,-0.64,8.290,4.16,25.50 ,present ,24.06 ,21.00 ,
03/11/2024,00:30:00,21.98,-4.457,4.050,-1.50,1.00,-3.80,-0.587,-0.60,8.308,4.16,25.00 ,present ,24.06 ,21.00 ,
03/11/2024,00:45:00,21.60,-4.495,3.816,-1.45,1.00,-3.80,-0.593,-0.61,8.319,4.16,24.40 ,present ,24.06 ,21.00 ,
03/11/2024,01:00:00,21.05,-5.422,3.490,-1.50,1.00,-3.80,-0.391,-0.74,8.341,4.16,23.70 ,present ,24.06 ,21.00 ,
03/11/2024,01:15:00,20.69,-4.040,3.265,-1.26,1.00,-3.80,-0.419,-0.55,8.355,4.16,23.30 ,present ,24.06 ,21.00 ,
03/11/2024,01:30:00,20.46,-3.859,3.111,-1.19,1.00,-3.80,-0.470,-0.52,8.362,4.16,22.90 ,present ,24.06 ,20.70 ,
03/11/2024,01:45:00,20.16,-3.899,2.950,-1.16,1.00,-3.80,-0.371,-0.53,8.373,4.16,22.60 ,present ,24.06 ,21.00 ,
03/11/2024,02:00:00,20.06,-2.879,2.761,-0.97,1.00,-3.80,-0.411,-0.39,8.377,4.16,22.50 ,present ,24.06 ,20.70 ,
03/11/2024,02:15:00,19.94,0.220,2.598,-0.49,1.00,-3.80,-0.499,0.03,8.381,4.16,22.10 ,present ,24.06 ,21.00 ,
03/11/2024,02:30:00,19.70,0.238,2.594,-0.50,1.00,-3.80,-0.286,0.03,8.388,4.16,22.10 ,present ,24.06 ,21.00 ,
03/11/2024,02:45:00,19.54,0.004,2.424,-0.48,1.00,-3.80,-0.428,0.00,8.395,4.16,21.70 ,present ,24.06 ,21.00 ,
03/11/2024,03:00:00,19.38,0.017,2.432,-0.48,1.00,-3.80,-0.400,0.00,8.403,4.15,19.50 ,not present ,0.00 ,0.00 ,
03/11/2024,03:15:00,19.27,-0.071,2.248,-0.44,1.00,-3.80,-0.264,0.00,8.406,4.14,18.70 ,not present ,0.00 ,0.00 ,
03/11/2024,03:30:00,19.24,-0.056,2.240,-0.44,1.00,-3.80,-0.289,0.00,8.406,4.14,18.50 ,not present ,0.00 ,0.00 ,
03/11/2024,03:45:00,19.18,-0.028,2.122,-0.40,1.00,-3.80,-0.345,0.00,8.410,4.14,18.40 ,not present ,0.00 ,0.00 ,
03/11/2024,04:00:00,19.12,-0.143,2.116,-0.41,1.00,-3.80,-0.279,-0.01,8.410,4.14,18.20 ,not present ,0.00 ,0.00 ,
03/11/2024,04:15:00,19.06,-0.133,2.116,-0.41,1.00,-3.80,-0.189,-0.01,8.414,4.14,18.10 ,not present ,0.00 ,0.00 ,
03/11/2024,04:30:00,19.05,-0.076,2.003,-0.37,1.00,-3.80,-0.088,-0.01,8.414,4.14,18.10 ,not present ,0.00 ,0.00 ,
03/11/2024,04:45:00,18.91,-0.109,2.018,-0.38,1.00,-3.80,-0.221,-0.01,8.417,4.14,17.90 ,not present ,0.00 ,0.00 ,
03/11/2024,05:00:00,18.85,-0.072,1.904,-0.34,1.00,-3.80,-0.273,0.00,8.421,4.14,17.79 ,not present ,0.00 ,0.00 ,
03/11/2024,05:15:00,18.70,0.035,1.915,-0.33,1.00,-3.80,-0.235,0.00,8.425,4.13,17.79 ,not present ,0.00 ,0.00 ,
03/11/2024,05:30:00,18.72,-0.218,1.819,-0.34,1.00,-3.80,-0.237,-0.03,8.425,4.13,17.70 ,not present ,0.00 ,0.00 ,
03/11/2024,05:45:00,18.81,-0.193,1.819,-0.33,1.00,-3.80,-0.245,-0.02,8.421,4.13,17.60 ,not present ,0.00 ,0.00 ,
03/11/2024,06:00:00,18.85,-0.175,1.800,-0.32,1.00,-3.80,-0.237,-0.02,8.421,4.13,17.70 ,not present ,0.00 ,0.00 ,
03/11/2024,06:15:00,18.80,-0.176,1.762,-0.31,1.00,-3.80,-0.231,-0.02,8.421,4.13,17.60 ,not present ,0.00 ,0.00 ,
03/11/2024,06:30:00,18.87,-0.171,1.724,-0.30,1.00,-3.80,-0.244,-0.02,8.421,4.13,17.70 ,not present ,0.00 ,0.00 ,
03/11/2024,06:45:00,18.85,-0.164,1.689,-0.29,1.00,-3.80,-0.200,-0.02,8.421,4.13,17.60 ,not present ,0.00 ,0.00 ,
03/11/2024,07:00:00,18.88,-0.225,1.693,-0.30,1.00,-3.80,-0.271,-0.03,8.421,4.13,17.60 ,not present ,0.00 ,0.00 ,
03/11/2024,07:15:00,18.89,-0.084,1.721,-0.29,1.00,-3.80,-0.199,-0.01,8.421,4.12,17.70 ,not present ,0.00 ,0.00 ,
03/11/2024,07:30:00,18.65,-0.076,1.700,-0.28,1.00,-3.80,-0.274,-0.01,8.428,4.12,17.60 ,not present ,0.00 ,0.00 ,
03/11/2024,07:45:00,18.38,-0.028,1.843,-0.33,1.00,-3.80,-0.298,0.00,8.439,4.12,17.60 ,not present ,0.00 ,0.00 ,
03/11/2024,08:00:00,18.68,-1.339,1.671,-0.45,1.00,-3.80,-0.709,-0.18,8.428,4.12,17.79 ,not present ,0.00 ,0.00 ,
03/11/2024,08:15:00,19.21,-1.389,2.312,-0.64,1.00,-3.80,-0.655,-0.19,8.406,4.12,18.79 ,not present ,0.00 ,0.00 ,
03/11/2024,08:30:00,19.75,-1.123,2.427,-0.63,1.00,-3.80,-0.779,-0.15,8.388,4.12,19.60 ,not present ,0.00 ,0.00 ,
03/11/2024,08:45:00,19.95,-0.166,3.085,-0.69,1.00,-3.80,-0.393,-0.02,8.381,4.12,20.00 ,not present ,0.00 ,0.00 ,
03/11/2024,09:00:00,20.13,-0.534,2.902,-0.68,1.00,-3.80,-0.548,-0.07,8.373,4.12,20.40 ,not present ,0.00 ,0.00 ,
03/11/2024,09:15:00,20.23,-0.336,3.143,-0.73,1.00,-3.80,-0.536,-0.04,8.370,4.12,20.60 ,not present ,0.00 ,0.00 ,
03/11/2024,09:30:00,20.39,-0.723,3.177,-0.79,1.00,-3.80,-0.673,-0.09,8.366,4.11,20.70 ,not present ,0.00 ,0.00 ,
03/11/2024,09:45:00,20.48,-0.665,3.293,-0.81,1.00,-3.80,-0.669,-0.09,8.362,4.11,20.90 ,not present ,0.00 ,0.00 ,
03/11/2024,10:00:00,20.86,-1.184,3.607,-0.96,1.00,-3.80,-0.753,-0.16,8.348,4.11,21.30 ,not present ,0.00 ,0.00 ,
03/11/2024,10:15:00,21.23,-2.834,3.491,-1.14,1.00,-3.80,-0.740,-0.38,8.333,4.11,21.70 ,not present ,0.00 ,0.00 ,
03/11/2024,10:30:00,21.56,-9.207,3.753,-2.08,1.00,-3.80,-0.543,-1.25,8.323,4.11,21.90 ,not present ,0.00 ,0.00 ,
03/11/2024,10:45:00,21.69,-11.515,3.744,-2.38,1.00,-3.80,-0.765,-1.57,8.319,4.11,22.20 ,not present ,0.00 ,0.00 ,
03/11/2024,11:00:00,21.78,-59.078,3.840,-8.89,1.00,-3.80,-0.584,-8.05,8.315,4.11,22.30 ,not present ,0.00 ,0.00 ,
03/11/2024,11:15:00,21.89,-69.579,3.787,-10.30,1.00,-3.80,-0.898,-9.48,8.312,4.11,22.50 ,not present ,0.00 ,0.00 ,
03/11/2024,11:30:00,21.88,-67.405,3.183,-9.83,1.00,-3.80,-0.613,-9.18,8.312,4.10,22.60 ,not present ,0.00 ,0.00 ,
03/11/2024,11:45:00,21.98,-33.452,2.978,-5.14,1.00,-3.80,-0.669,-4.55,8.308,4.10,22.70 ,not present ,0.00 ,0.00 ,
03/11/2024,12:00:00,21.92,-26.744,2.759,-4.17,1.00,-3.80,-0.825,-3.64,8.308,4.10,22.80 ,not present ,0.00 ,0.00 ,
03/11/2024,12:15:00,22.32,-74.518,2.590,-10.60,1.00,-3.80,-1.060,-10.13,8.294,4.10,23.00 ,not present ,0.00 ,0.00 ,
03/11/2024,12:30:00,22.54,-68.774,2.459,-9.77,1.00,-3.80,-0.725,-9.34,8.287,4.10,23.20 ,not present ,0.00 ,0.00 ,
03/11/2024,12:45:00,23.31,-63.404,2.142,-8.91,1.00,-3.80,-0.935,-8.58,8.258,4.10,23.60 ,not present ,0.00 ,0.00 ,
03/11/2024,13:00:00,24.12,-58.184,2.265,-8.19,1.00,-3.80,-0.726,-7.84,8.229,4.10,24.10 ,not present ,0.00 ,0.00 ,
03/11/2024,13:15:00,24.49,-55.718,2.501,-7.91,1.00,-3.80,-0.666,-7.50,8.219,4.10,24.60 ,not present ,0.00 ,0.00 ,
03/11/2024,13:30:00,24.65,-55.719,2.558,-7.91,1.00,-3.80,-0.851,-7.50,8.212,4.10,25.00 ,not present ,0.00 ,0.00 ,
03/11/2024,13:45:00,24.61,-59.215,2.260,-8.30,1.00,-3.80,-1.066,-7.97,8.212,4.10,25.30 ,not present ,0.00 ,0.00 ,
03/11/2024,14:00:00,24.72,-58.182,2.208,-8.15,1.00,-3.80,-0.800,-7.82,8.208,4.09,25.60 ,not present ,0.00 ,0.00 ,
03/11/2024,14:15:00,24.77,-58.923,2.302,-8.27,1.00,-3.80,-1.033,-7.92,8.208,4.09,25.70 ,not present ,0.00 ,0.00 ,
03/11/2024,14:30:00,24.92,-57.591,2.585,-8.16,1.00,-3.80,-0.991,-7.74,8.201,4.09,25.80 ,not present ,0.00 ,0.00 ,
03/11/2024,14:45:00,25.01,-56.137,2.623,-7.97,1.00,-3.80,-0.579,-7.54,8.198,4.09,26.10 ,not present ,0.00 ,0.00 ,
03/11/2024,15:00:00,25.04,-55.271,2.466,-7.81,1.00,-3.80,-1.167,-7.42,8.198,4.09,26.30 ,not present ,0.00 ,0.00 ,
03/11/2024,15:15:00,25.02,-21.867,2.480,-3.32,1.00,-3.80,-0.973,-2.93,8.198,4.11,29.60 ,present ,24.04 ,37.20 ,
03/11/2024,15:30:00,24.76,-18.977,2.475,-2.94,1.00,-3.80,-1.300,-2.55,8.208,4.12,31.00 ,present ,24.04 ,36.90 ,
03/11/2024,15:45:00,25.15,-19.127,2.487,-2.95,1.00,-3.80,-1.115,-2.56,8.194,4.13,31.60 ,present ,24.03 ,36.00 ,
03/11/2024,16:00:00,25.54,-18.670,2.766,-2.95,1.00,-3.80,-0.951,-2.50,8.180,4.13,32.09 ,present ,24.06 ,34.50 ,
03/11/2024,16:15:00,25.73,-18.329,2.661,-2.87,1.00,-3.80,-0.950,-2.45,8.173,4.14,32.09 ,present ,24.05 ,33.59 ,
03/11/2024,16:30:00,25.35,-17.651,2.696,-2.80,1.00,-3.80,-0.865,-2.36,8.187,4.15,32.09 ,present ,24.04 ,32.40 ,
03/11/2024,16:45:00,25.48,-17.730,2.624,-2.79,1.00,-3.80,-0.927,-2.37,8.184,4.15,31.70 ,present ,24.06 ,30.00 ,
03/11/2024,17:00:00,25.46,-17.720,2.497,-2.76,1.00,-3.80,-1.036,-2.37,8.184,4.16,31.40 ,present ,24.08 ,23.70 ,
03/11/2024,17:15:00,25.10,-16.255,2.653,-2.61,1.00,-3.80,-0.707,-2.18,8.194,4.16,30.00 ,present ,24.07 ,21.90 ,
03/11/2024,17:30:00,24.55,-15.613,2.471,-2.49,1.00,-3.80,-0.867,-2.10,8.215,4.16,29.20 ,present ,24.06 ,21.60 ,
03/11/2024,17:45:00,24.49,-15.433,2.691,-2.53,1.00,-3.80,-0.812,-2.07,8.219,4.16,28.80 ,present ,24.06 ,21.00 ,
03/11/2024,18:00:00,24.27,-15.221,2.521,-2.46,1.00,-3.80,-0.731,-2.05,8.226,4.16,28.30 ,present ,24.06 ,21.00 ,
03/11/2024,18:15:00,23.89,-14.720,2.761,-2.47,1.00,-3.80,-0.792,-1.98,8.240,4.16,28.00 ,present ,24.06 ,21.30 ,
03/11/2024,18:30:00,23.60,-14.531,2.460,-2.37,1.00,-3.80,-0.938,-1.96,8.247,4.16,27.70 ,present ,24.06 ,21.30 ,
03/11/2024,18:45:00,23.46,-14.210,2.269,-2.28,1.00,-3.80,-0.610,-1.92,8.254,4.16,27.20 ,present ,24.06 ,21.00 ,
03/11/2024,19:00:00,23.50,-13.963,2.259,-2.24,1.00,-3.80,-0.597,-1.88,8.251,4.16,27.10 ,present ,24.06 ,21.00 ,
03/11/2024,19:15:00,23.32,-13.350,2.526,-2.24,1.00,-3.80,-0.696,-1.80,8.258,4.16,27.00 ,present ,24.06 ,21.30 ,
03/11/2024,19:30:00,23.26,-13.153,2.450,-2.19,1.00,-3.80,-0.819,-1.78,8.262,4.15,26.80 ,present ,24.06 ,21.00 ,
03/11/2024,19:45:00,23.16,-13.044,2.459,-2.18,1.00,-3.80,-0.829,-1.76,8.265,4.16,26.90 ,present ,24.06 ,21.00 ,
03/11/2024,20:00:00,22.95,-13.374,2.491,-2.24,1.00,-3.80,-0.608,-1.81,8.272,4.16,26.70 ,present ,24.06 ,21.30 ,
03/11/2024,20:15:00,22.67,-12.472,2.626,-2.16,1.00,-3.80,-0.692,-1.69,8.283,4.16,26.60 ,present ,24.06 ,21.00 ,
03/11/2024,20:30:00,22.94,-12.673,2.501,-2.15,1.00,-3.80,-0.832,-1.71,8.272,4.16,26.50 ,present ,24.06 ,21.30 ,
03/11/2024,20:45:00,23.36,-13.347,2.685,-2.28,1.00,-3.80,-0.653,-1.80,8.258,4.16,26.60 ,present ,24.06 ,21.00 ,
03/11/2024,21:00:00,23.44,-13.036,2.966,-2.31,1.00,-3.80,-0.570,-1.76,8.254,4.15,26.70 ,present ,24.06 ,21.00 ,
03/11/2024,21:15:00,23.26,-12.979,2.835,-2.27,1.00,-3.80,-0.552,-1.75,8.262,4.16,26.70 ,present ,24.06 ,21.30 ,
03/11/2024,21:30:00,23.16,-13.091,2.920,-2.31,1.00,-3.80,-0.835,-1.77,8.265,4.16,26.60 ,present ,24.06 ,20.70 ,
03/11/2024,21:45:00,22.91,-12.404,2.768,-2.19,1.00,-3.80,-0.576,-1.68,8.272,4.16,26.60 ,present ,24.06 ,20.70 ,
03/11/2024,22:00:00,22.66,-11.937,2.887,-2.16,1.00,-3.80,-0.977,-1.62,8.283,4.16,26.20 ,present ,24.06 ,21.30 ,
03/11/2024,22:15:00,22.45,-11.071,2.931,-2.06,1.00,-3.80,-0.619,-1.50,8.290,4.16,26.10 ,present ,24.06 ,21.00 ,
03/11/2024,22:30:00,22.18,-11.125,3.110,-2.13,1.00,-3.80,-0.503,-1.51,8.301,4.15,26.00 ,present ,24.06 ,21.00 ,
03/11/2024,22:45:00,22.23,-11.652,2.828,-2.12,1.00,-3.80,-0.717,-1.58,8.297,4.16,25.90 ,present ,24.06 ,21.00 ,
03/11/2024,23:00:00,22.23,-12.384,2.967,-2.26,1.00,-3.80,-0.673,-1.68,8.297,4.15,25.80 ,present ,24.06 ,21.30 ,
03/11/2024,23:15:00,22.56,-11.739,2.920,-2.15,1.00,-3.80,-0.600,-1.59,8.287,4.16,25.70 ,present ,24.06 ,21.00 ,
03/11/2024,23:30:00,22.85,-11.433,2.943,-2.11,1.00,-3.80,-0.682,-1.55,8.276,4.16,26.00 ,present ,24.06 ,21.00 ,
03/11/2024,23:45:00,23.03,-11.795,3.005,-2.17,1.00,-3.80,-0.627,-1.59,8.269,4.16,26.10 ,present ,24.06 ,21.30 ,
04/11/2024,00:00:00,22.27,-9.980,2.309,-1.75,1.00,-3.80,-0.563,-1.35,8.297,4.15,25.70 ,present ,24.06 ,21.00 ,
04/11/2024,00:15:00,21.59,-9.221,1.689,-1.48,1.00,-3.80,-0.625,-1.25,8.323,4.16,24.70 ,present ,24.06 ,21.30 ,
04/11/2024,00:30:00,21.04,0.644,1.441,-0.07,1.00,-3.80,-0.577,0.08,8.341,4.16,24.00 ,present ,24.06 ,21.00 ,
04/11/2024,00:45:00,20.60,0.383,1.329,-0.08,1.00,-3.80,-0.498,0.05,8.355,4.16,23.30 ,present ,24.06 ,21.00 ,
04/11/2024,01:00:00,20.24,0.393,1.253,-0.06,1.00,-3.80,-0.548,0.05,8.370,4.16,22.80 ,present ,24.06 ,21.00 ,
04/11/2024,01:15:00,19.97,0.346,1.183,-0.04,1.00,-3.80,-0.430,0.04,8.381,4.15,22.40 ,present ,24.06 ,21.00 ,
04/11/2024,01:30:00,19.76,0.234,1.165,-0.06,1.00,-3.80,-0.536,0.03,8.388,4.15,22.20 ,present ,24.06 ,21.00 ,
04/11/2024,01:45:00,19.59,0.260,1.177,-0.06,1.00,-3.80,-0.346,0.03,8.395,4.16,21.90 ,present ,24.06 ,21.00 ,
04/11/2024,02:00:00,19.47,0.145,1.147,-0.07,1.00,-3.80,-0.339,0.02,8.399,4.15,21.70 ,present ,24.06 ,21.00 ,
04/11/2024,02:15:00,19.39,0.176,1.150,-0.06,1.00,-3.80,-0.290,0.02,8.403,4.16,21.50 ,present ,24.06 ,21.00 ,
04/11/2024,02:30:00,19.30,0.149,1.132,-0.06,1.00,-3.80,-0.329,0.02,8.403,4.15,21.50 ,present ,24.06 ,21.00 ,
04/11/2024,02:45:00,19.22,0.055,1.094,-0.07,1.00,-3.80,-0.343,0.00,8.406,4.15,21.40 ,present ,24.06 ,21.00 ,
04/11/2024,03:00:00,19.15,0.175,1.095,-0.05,1.00,-3.80,-0.378,0.02,8.410,4.15,21.30 ,present ,24.06 ,20.70 ,
04/11/2024,03:15:00,19.00,0.081,1.088,-0.06,1.00,-3.80,-0.268,0.01,8.414,4.14,18.90 ,not present ,0.00 ,0.00 ,
04/11/2024,03:30:00,18.90,0.080,1.052,-0.05,1.00,-3.80,-0.242,0.01,8.417,4.14,18.29 ,not present ,0.00 ,0.00 ,
04/11/2024,03:45:00,18.85,-0.060,1.007,-0.06,1.00,-3.80,-0.142,0.00,8.421,4.14,17.90 ,not present ,0.00 ,0.00 ,
04/11/2024,04:00:00,18.79,-0.032,0.935,-0.03,1.00,-3.80,-0.240,0.00,8.425,4.14,17.79 ,not present ,0.00 ,0.00 ,
04/11/2024,04:15:00,18.74,-0.006,0.927,-0.03,1.00,-3.80,-0.165,0.00,8.425,4.14,17.70 ,not present ,0.00 ,0.00 ,
04/11/2024,04:30:00,18.70,-0.096,0.882,-0.02,1.00,-3.80,-0.174,-0.01,8.425,4.14,17.70 ,not present ,0.00 ,0.00 ,
04/11/2024,04:45:00,18.67,-0.103,0.879,-0.03,1.00,-3.80,-0.096,-0.01,8.428,4.14,17.40 ,not present ,0.00 ,0.00 ,
04/11/2024,05:00:00,18.63,0.022,0.874,-0.01,1.00,-3.80,-0.068,0.00,8.428,4.14,17.50 ,not present ,0.00 ,0.00 ,
04/11/2024,05:15:00,18.60,-0.053,0.847,-0.01,1.00,-3.80,-0.052,0.00,8.428,4.14,17.50 ,not present ,0.00 ,0.00 ,
04/11/2024,05:30:00,18.56,-0.223,0.844,-0.03,1.00,-3.80,-0.082,-0.03,8.432,4.13,17.40 ,not present ,0.00 ,0.00 ,
04/11/2024,05:45:00,18.52,-0.134,0.825,-0.01,1.00,-3.80,-0.029,-0.01,8.432,4.13,17.29 ,not present ,0.00 ,0.00 ,
04/11/2024,06:00:00,18.48,-0.088,0.000,0.00,1.00,-3.80,-0.126,-0.01,8.436,4.13,17.40 ,not present ,0.00 ,0.00 ,
04/11/2024,06:15:00,18.41,-0.017,0.000,0.00,1.00,-3.80,-0.088,0.00,8.436,4.13,17.20 ,not present ,0.00 ,0.00 ,
04/11/2024,06:30:00,18.33,-0.075,0.000,0.00,1.00,-3.80,-0.056,-0.01,8.439,4.13,17.10 ,not present ,0.00 ,0.00 ,
04/11/2024,06:45:00,18.23,0.004,0.000,0.00,1.00,-3.80,0.014,0.00,8.443,4.13,17.10 ,not present ,0.00 ,0.00 ,
04/11/2024,07:00:00,18.15,-0.155,0.000,0.00,1.00,-3.80,-0.083,-0.02,8.447,4.13,17.00 ,not present ,0.00 ,0.00 ,
04/11/2024,07:15:00,18.10,-0.181,0.000,0.00,1.00,-3.80,-0.043,-0.02,8.447,4.13,17.00 ,not present ,0.00 ,0.00 ,
04/11/2024,07:30:00,18.12,-0.348,0.675,0.00,1.00,-3.80,-0.014,-0.04,8.447,4.12,17.00 ,not present ,0.00 ,0.00 ,
04/11/2024,07:45:00,18.18,-0.378,0.774,-0.03,1.00,-3.80,0.049,-0.05,8.447,4.12,17.00 ,not present ,0.00 ,0.00 ,
04/11/2024,08:00:00,18.80,-1.568,0.506,-0.11,1.00,-3.80,-0.509,-0.21,8.421,4.12,17.50 ,not present ,0.00 ,0.00 ,
04/11/2024,08:15:00,19.80,-1.615,0.765,-0.19,1.00,-3.80,-0.407,-0.22,8.384,4.12,18.70 ,not present ,0.00 ,0.00 ,
04/11/2024,08:30:00,20.44,-1.224,1.300,-0.29,1.00,-3.80,-0.721,-0.16,8.362,4.12,19.60 ,not present ,0.00 ,0.00 ,
04/11/2024,08:45:00,20.67,-0.803,1.802,-0.38,1.00,-3.80,-0.639,-0.11,8.355,4.12,20.00 ,not present ,0.00 ,0.00 ,
04/11/2024,09:00:00,20.39,-0.887,1.794,-0.39,1.00,-3.80,-0.772,-0.12,8.366,4.12,20.40 ,not present ,0.00 ,0.00 ,
04/11/2024,09:15:00,20.35,-1.203,1.674,-0.40,1.00,-3.80,-0.948,-0.16,8.366,4.12,20.50 ,not present ,0.00 ,0.00 ,
04/11/2024,09:30:00,20.50,-0.941,1.891,-0.43,1.00,-3.80,-1.059,-0.12,8.359,4.12,20.70 ,not present ,0.00 ,0.00 ,
04/11/2024,09:45:00,20.59,-0.930,1.863,-0.42,1.00,-3.80,-0.846,-0.12,8.359,4.11,20.80 ,not present ,0.00 ,0.00 ,
04/11/2024,10:00:00,20.81,-0.838,2.004,-0.44,1.00,-3.80,-0.666,-0.11,8.348,4.11,21.20 ,not present ,0.00 ,0.00 ,
04/11/2024,10:15:00,20.75,-1.128,2.151,-0.53,1.00,-3.80,-0.924,-0.15,8.352,4.11,21.50 ,not present ,0.00 ,0.00 ,
04/11/2024,10:30:00,21.64,0.029,1.717,-0.22,1.00,-3.80,0.179,0.00,8.319,4.11,21.80 ,not present ,0.00 ,0.00 ,
04/11/2024,10:45:00,22.56,-1.444,2.207,-0.55,1.00,-3.80,-0.647,-0.19,8.287,4.11,22.50 ,not present ,0.00 ,0.00 ,
04/11/2024,11:00:00,23.03,-1.267,2.050,-0.47,1.00,-3.80,-0.895,-0.17,8.269,4.11,23.10 ,not present ,0.00 ,0.00 ,
04/11/2024,11:15:00,22.87,-1.334,3.065,-0.77,1.00,-3.80,-1.216,-0.18,8.276,4.11,23.50 ,not present ,0.00 ,0.00 ,
04/11/2024,11:30:00,23.28,-1.000,2.821,-0.65,1.00,-3.80,-0.866,-0.13,8.262,4.11,23.90 ,not present ,0.00 ,0.00 ,
04/11/2024,11:45:00,22.83,-0.592,1.917,-0.35,1.00,-3.80,-0.819,-0.08,8.276,4.10,23.90 ,not present ,0.00 ,0.00 ,
04/11/2024,12:00:00,23.06,-0.785,2.518,-0.54,1.00,-3.80,-0.845,-0.10,8.269,4.10,24.00 ,not present ,0.00 ,0.00 ,
04/11/2024,12:15:00,23.52,-1.222,2.162,-0.49,1.00,-3.80,-0.887,-0.16,8.251,4.10,24.40 ,not present ,0.00 ,0.00 ,
04/11/2024,12:30:00,23.87,-1.656,2.097,-0.52,1.00,-3.80,-1.132,-0.22,8.240,4.10,24.60 ,not present ,0.00 ,0.00 ,
04/11/2024,12:45:00,24.68,-0.744,2.097,-0.39,1.00,-3.80,-0.478,-0.10,8.212,4.10,25.20 ,not present ,0.00 ,0.00 ,
