Serial Number:,PSY1N903
APP Serial #:,03000C30
Head Serial #:,4045
App Ver:,R1-7-8
COM Ver:,R2-6-8
Instrument Name:,
Instrument Comment:,
Cooling Time:,10,seconds
Waiting Time:,6,seconds
Warming Duration:,0,seconds
Wait before measurement:,15,seconds
Chamber Heating Duration:,0,seconds
Chamber Heating Schedule:,continuous 
C1:,0.0270
C2:,0.3250
Date,Time,Chamber Temperature (°C),dT (µV),Wet Bulb Depression (µV),Corrected Water Potential (MPa),Intercept,Slope,EDBO,Correction for dT (MPa),Correction Factor,Internal Battery Voltage (V),Internal Battery Temperature (°C),External Power Supply Present,External Power Supply Voltage (V),External Power Supply Current (mA),Diagnostic Comment
24/10/2024,12:00:00,,,,,,,,,,0.00,25.90 ,present ,23.93 ,26.70 ,skipped: low power,
24/10/2024,12:15:00,,,,,,,,,,0.00,25.90 ,present ,23.93 ,26.70 ,skipped: low power,
24/10/2024,12:30:00,,,,,,,,,,0.00,25.90 ,present ,23.95 ,11.10 ,skipped: low power,
24/10/2024,12:45:00,,,,,,,,,,3.37,42.80 ,present ,23.87 ,129.00 ,skipped: low power,
24/10/2024,13:00:00,25.64,-16.558,2.824,-2.68,1.00,-3.80,0.310,-2.21,8.175,3.69,53.80 ,present ,23.81 ,57.30 ,
24/10/2024,13:15:00,24.74,-33.940,2.379,-4.93,1.00,-3.80,-0.931,-4.56,8.208,3.72,57.30 ,present ,23.81 ,57.00 ,
24/10/2024,13:30:00,25.75,-33.799,2.340,-4.86,1.00,-3.80,-0.836,-4.52,8.173,3.75,58.00 ,present ,23.81 ,57.00 ,
24/10/2024,13:45:00,26.25,-25.881,2.253,-3.77,1.00,-3.80,-0.545,-3.46,8.154,3.77,58.20 ,present ,23.81 ,57.30 ,
24/10/2024,14:00:00,26.37,-18.831,2.593,-2.91,1.00,-3.80,-0.748,-2.51,8.152,3.77,57.10 ,present ,23.81 ,57.00 ,
24/10/2024,14:15:00,26.21,-18.344,2.725,-2.88,1.00,-3.80,-0.374,-2.45,8.154,3.78,56.50 ,present ,23.81 ,57.30 ,
24/10/2024,14:30:00,26.21,-13.918,2.616,-2.26,1.00,-3.80,-0.707,-1.86,8.154,3.79,57.00 ,present ,23.78 ,57.30 ,
24/10/2024,14:45:00,26.40,-13.181,2.473,-2.12,1.00,-3.80,-0.500,-1.76,8.148,3.80,57.00 ,present ,23.81 ,57.00 ,
24/10/2024,15:00:00,26.10,-10.354,2.903,-1.86,1.00,-3.80,0.082,-1.38,8.159,3.80,57.10 ,present ,23.81 ,57.00 ,
24/10/2024,15:15:00,26.13,-6.566,2.721,-1.31,1.00,-3.80,-0.492,-0.87,8.159,3.81,56.70 ,present ,23.81 ,56.70 ,
24/10/2024,15:30:00,26.38,-3.028,2.499,-0.77,1.00,-3.80,-0.862,-0.40,8.152,3.83,57.20 ,present ,23.81 ,56.70 ,
24/10/2024,15:45:00,26.72,-2.586,2.557,-0.72,1.00,-3.80,-0.628,-0.34,8.137,3.85,56.90 ,present ,23.81 ,57.00 ,
24/10/2024,16:00:00,26.08,-0.603,3.629,-0.74,1.00,-3.80,-0.137,-0.08,8.161,3.87,52.40 ,present ,12.34 ,159.30 ,
24/10/2024,16:15:00,25.08,-1.826,3.384,-0.87,1.00,-3.80,-0.687,-0.24,8.198,3.89,51.30 ,present ,12.31 ,159.30 ,
24/10/2024,16:30:00,25.08,-0.772,3.382,-0.72,1.00,-3.80,-0.380,-0.10,8.198,3.88,38.00 ,not present ,0.00 ,0.00 ,
24/10/2024,16:45:00,25.01,-1.594,2.767,-0.67,1.00,-3.80,-0.698,-0.21,8.198,3.92,46.50 ,present ,12.28 ,159.89 ,
24/10/2024,17:00:00,24.73,-1.697,3.083,-0.78,1.00,-3.80,-0.777,-0.22,8.208,3.93,48.20 ,present ,12.24 ,159.89 ,
24/10/2024,17:15:00,24.61,-2.155,2.833,-0.78,1.00,-3.80,-0.820,-0.29,8.212,3.95,48.70 ,present ,12.20 ,159.89 ,
24/10/2024,17:30:00,24.50,-2.074,2.912,-0.79,1.00,-3.80,-0.696,-0.27,8.215,3.97,48.60 ,present ,12.17 ,159.89 ,
24/10/2024,17:45:00,24.67,-1.893,3.016,-0.79,1.00,-3.80,-0.709,-0.25,8.212,3.99,48.70 ,present ,12.17 ,159.89 ,
24/10/2024,18:00:00,24.69,-1.408,3.243,-0.78,1.00,-3.80,-0.457,-0.18,8.212,4.01,49.10 ,present ,12.17 ,159.89 ,
24/10/2024,18:15:00,24.33,-0.380,4.088,-0.88,1.00,-3.80,-0.100,-0.05,8.222,4.04,49.00 ,present ,12.31 ,159.60 ,
24/10/2024,18:30:00,24.26,-1.570,3.053,-0.76,1.00,-3.80,-0.319,-0.21,8.226,4.07,48.60 ,present ,12.28 ,159.89 ,
24/10/2024,18:45:00,24.30,-1.328,3.311,-0.80,1.00,-3.80,-0.404,-0.17,8.222,4.10,48.60 ,present ,12.31 ,159.60 ,
24/10/2024,19:00:00,24.33,-1.331,3.365,-0.81,1.00,-3.80,-0.361,-0.17,8.222,4.13,48.30 ,present ,12.27 ,159.60 ,
24/10/2024,19:15:00,24.28,-1.234,3.345,-0.80,1.00,-3.80,-0.236,-0.16,8.226,4.15,48.50 ,present ,12.28 ,159.89 ,
24/10/2024,19:30:00,24.14,-0.982,3.266,-0.74,1.00,-3.80,-0.237,-0.13,8.229,4.18,46.30 ,present ,12.28 ,60.60 ,
24/10/2024,19:45:00,24.02,-1.250,3.155,-0.75,1.00,-3.80,-0.654,-0.16,8.233,4.18,36.59 ,present ,12.27 ,59.40 ,
24/10/2024,20:00:00,23.79,-0.717,3.341,-0.74,1.00,-3.80,-0.486,-0.09,8.244,4.18,33.59 ,present ,12.27 ,58.80 ,
24/10/2024,20:15:00,23.38,-0.152,3.390,-0.69,1.00,-3.80,-0.261,-0.02,8.258,4.19,32.09 ,present ,12.26 ,57.90 ,
24/10/2024,20:30:00,23.03,-0.550,3.201,-0.70,1.00,-3.80,-0.395,-0.07,8.269,4.19,31.30 ,present ,12.29 ,56.70 ,
24/10/2024,20:45:00,22.74,-0.528,3.636,-0.82,1.00,-3.80,-0.499,-0.07,8.279,4.19,30.40 ,present ,12.27 ,50.40 ,
24/10/2024,21:00:00,22.56,-0.831,3.227,-0.75,1.00,-3.80,-0.555,-0.11,8.287,4.19,29.20 ,present ,12.29 ,43.20 ,
24/10/2024,21:15:00,22.83,-1.825,2.796,-0.76,1.00,-3.80,-0.958,-0.24,8.276,4.19,28.70 ,present ,12.28 ,42.00 ,
24/10/2024,21:30:00,23.36,-1.438,2.760,-0.69,1.00,-3.80,-0.774,-0.19,8.258,4.19,28.50 ,present ,12.27 ,41.70 ,
24/10/2024,21:45:00,23.43,-1.430,2.890,-0.72,1.00,-3.80,-0.798,-0.19,8.254,4.19,28.60 ,present ,12.27 ,41.40 ,
24/10/2024,22:00:00,23.25,-1.018,3.082,-0.72,1.00,-3.80,-0.604,-0.13,8.262,4.19,28.60 ,present ,12.27 ,41.10 ,
24/10/2024,22:15:00,23.12,-0.870,2.873,-0.65,1.00,-3.80,-0.513,-0.11,8.265,4.19,28.60 ,present ,12.27 ,41.10 ,
24/10/2024,22:30:00,23.33,-1.620,2.643,-0.68,1.00,-3.80,-0.858,-0.21,8.258,4.19,28.50 ,present ,12.23 ,41.10 ,
24/10/2024,22:45:00,23.61,-1.679,2.690,-0.69,1.00,-3.80,-0.888,-0.22,8.247,4.19,28.50 ,present ,12.27 ,41.10 ,
24/10/2024,23:00:00,23.12,-0.030,3.303,-0.65,1.00,-3.80,-0.273,0.00,8.265,4.19,28.20 ,present ,12.23 ,40.50 ,
24/10/2024,23:15:00,22.40,-0.223,2.901,-0.58,1.00,-3.80,-0.181,-0.03,8.290,4.19,27.30 ,present ,12.26 ,40.20 ,
24/10/2024,23:30:00,21.88,-0.290,2.561,-0.51,1.00,-3.80,-0.210,-0.03,8.312,4.19,26.60 ,present ,12.23 ,40.20 ,
24/10/2024,23:45:00,21.49,-0.224,2.245,-0.42,1.00,-3.80,-0.145,-0.03,8.326,4.19,26.10 ,present ,12.23 ,40.20 ,
25/10/2024,00:00:00,21.20,-0.241,2.011,-0.35,1.00,-3.80,-0.168,-0.03,8.333,4.19,25.50 ,present ,12.23 ,40.20 ,
25/10/2024,00:15:00,20.94,-0.243,1.816,-0.30,1.00,-3.80,-0.138,-0.03,8.344,4.19,25.20 ,present ,12.23 ,40.50 ,
25/10/2024,00:30:00,20.78,-0.234,1.673,-0.26,1.00,-3.80,-0.227,-0.03,8.352,4.19,25.00 ,present ,12.23 ,40.20 ,
25/10/2024,00:45:00,20.64,-0.164,1.530,-0.21,1.00,-3.80,-0.179,-0.02,8.355,4.19,24.60 ,present ,12.23 ,40.20 ,
25/10/2024,01:00:00,20.50,-0.269,1.434,-0.20,1.00,-3.80,-0.120,-0.03,8.359,4.19,24.60 ,present ,12.23 ,40.20 ,
25/10/2024,01:15:00,20.41,-0.271,1.337,-0.17,1.00,-3.80,-0.233,-0.03,8.362,4.19,24.40 ,present ,12.23 ,40.20 ,
25/10/2024,01:30:00,20.33,-0.264,1.274,-0.15,1.00,-3.80,-0.211,-0.03,8.366,4.19,24.20 ,present ,12.23 ,40.50 ,
25/10/2024,01:45:00,20.24,-0.285,1.170,-0.12,1.00,-3.80,-0.151,-0.03,8.370,4.19,24.20 ,present ,12.19 ,40.50 ,
25/10/2024,02:00:00,20.16,-0.251,1.123,-0.11,1.00,-3.80,-0.156,-0.03,8.373,4.19,24.10 ,present ,12.20 ,40.80 ,
25/10/2024,02:15:00,20.07,-0.266,1.091,-0.10,1.00,-3.80,-0.150,-0.03,8.377,4.19,24.10 ,present ,12.19 ,40.50 ,
25/10/2024,02:30:00,19.99,-0.304,1.022,-0.08,1.00,-3.80,-0.079,-0.04,8.381,4.19,24.00 ,present ,12.19 ,40.20 ,
25/10/2024,02:45:00,19.92,-0.382,0.961,-0.08,1.00,-3.80,-0.090,-0.05,8.381,4.19,23.80 ,present ,12.19 ,40.50 ,
25/10/2024,03:00:00,19.86,-0.369,0.900,-0.06,1.00,-3.80,-0.115,-0.05,8.384,4.19,23.70 ,present ,12.19 ,40.20 ,
25/10/2024,03:15:00,19.83,-0.471,0.855,-0.06,1.00,-3.80,-0.027,-0.06,8.384,4.19,23.70 ,present ,12.19 ,40.50 ,
25/10/2024,03:30:00,19.81,-0.500,0.788,-0.04,1.00,-3.80,-0.076,-0.06,8.384,4.19,23.70 ,present ,12.20 ,40.80 ,
25/10/2024,03:45:00,19.79,-0.474,0.740,-0.02,1.00,-3.80,0.050,-0.06,8.388,4.19,23.50 ,present ,12.19 ,40.50 ,
25/10/2024,04:00:00,19.76,-0.472,0.670,0.00,1.00,-3.80,-0.004,-0.06,8.388,4.19,23.60 ,present ,12.16 ,40.80 ,
25/10/2024,04:15:00,19.77,-0.558,0.617,0.00,1.00,-3.80,-0.081,-0.07,8.388,4.19,23.50 ,present ,12.16 ,40.80 ,
25/10/2024,04:30:00,19.75,-0.559,0.000,0.00,1.00,-3.80,-0.007,-0.07,8.388,4.19,23.60 ,present ,12.16 ,40.50 ,
25/10/2024,04:45:00,19.68,-0.428,0.000,0.00,1.00,-3.80,-0.012,-0.05,8.392,4.19,23.60 ,present ,12.16 ,40.50 ,
25/10/2024,05:00:00,19.62,-0.617,0.000,0.00,1.00,-3.80,0.052,-0.08,8.392,4.19,23.50 ,present ,12.16 ,40.20 ,
25/10/2024,05:15:00,19.55,-0.593,0.000,0.00,1.00,-3.80,0.108,-0.08,8.395,4.19,23.40 ,present ,12.15 ,39.90 ,
25/10/2024,05:30:00,19.49,-0.547,0.000,0.00,1.00,-3.80,-0.022,-0.07,8.399,4.19,23.30 ,present ,12.16 ,40.20 ,
25/10/2024,05:45:00,19.42,-0.573,0.000,0.00,1.00,-3.80,0.138,-0.07,8.399,4.19,23.30 ,present ,12.15 ,39.90 ,
25/10/2024,06:00:00,19.38,-0.641,0.000,0.00,1.00,-3.80,0.035,-0.08,8.403,4.19,23.10 ,present ,12.16 ,40.20 ,
25/10/2024,06:15:00,19.38,-0.647,0.000,0.00,1.00,-3.80,0.159,-0.08,8.403,4.19,23.30 ,present ,12.16 ,40.20 ,
25/10/2024,06:30:00,19.41,-0.701,0.000,0.00,1.00,-3.80,0.134,-0.09,8.399,4.19,23.20 ,present ,12.16 ,40.20 ,
25/10/2024,06:45:00,19.47,-0.662,0.000,0.00,1.00,-3.80,0.185,-0.09,8.399,4.19,23.20 ,present ,12.16 ,40.20 ,
25/10/2024,07:00:00,19.57,-1.945,0.277,-0.09,1.00,-3.80,-0.559,-0.26,8.395,4.19,23.40 ,present ,12.16 ,40.50 ,
25/10/2024,07:15:00,20.27,-1.385,0.000,0.00,1.00,-3.80,-0.254,-0.19,8.370,4.19,24.20 ,present ,12.13 ,40.80 ,
25/10/2024,07:30:00,20.68,-1.914,0.641,-0.18,1.00,-3.80,-0.309,-0.26,8.355,4.19,25.00 ,present ,12.13 ,41.10 ,
25/10/2024,07:45:00,21.04,-1.616,0.776,-0.18,1.00,-3.80,-0.186,-0.22,8.341,4.19,25.40 ,present ,12.13 ,40.80 ,
25/10/2024,08:00:00,21.17,-1.162,1.475,-0.32,1.00,-3.80,-0.447,-0.15,8.337,4.19,26.10 ,present ,12.16 ,40.80 ,
25/10/2024,08:15:00,21.27,-1.152,1.793,-0.41,1.00,-3.80,-0.672,-0.15,8.333,4.19,26.30 ,present ,12.13 ,40.80 ,
25/10/2024,08:30:00,21.25,-0.571,1.899,-0.37,1.00,-3.80,-0.262,-0.07,8.333,4.19,26.40 ,present ,12.13 ,40.80 ,
25/10/2024,08:45:00,21.41,-1.336,1.935,-0.48,1.00,-3.80,-0.713,-0.18,8.326,4.19,26.40 ,present ,12.13 ,40.80 ,
25/10/2024,09:00:00,21.68,-1.769,2.193,-0.61,1.00,-3.80,-0.952,-0.24,8.319,4.19,26.60 ,present ,12.13 ,41.10 ,
25/10/2024,09:15:00,21.91,-1.488,2.195,-0.56,1.00,-3.80,-0.884,-0.20,8.308,4.18,25.20 ,not present ,0.00 ,0.00 ,
25/10/2024,09:30:00,21.95,-1.074,2.761,-0.67,1.00,-3.80,-0.695,-0.14,8.308,4.18,25.10 ,not present ,0.00 ,0.00 ,
25/10/2024,09:45:00,22.13,-1.347,2.470,-0.62,1.00,-3.80,-0.642,-0.18,8.301,4.18,25.20 ,not present ,0.00 ,0.00 ,
25/10/2024,10:00:00,22.34,-1.384,2.263,-0.56,1.00,-3.80,-0.711,-0.18,8.294,4.18,25.30 ,not present ,0.00 ,0.00 ,
25/10/2024,10:15:00,22.86,-2.179,2.301,-0.67,1.00,-3.80,-1.109,-0.29,8.276,4.18,25.60 ,not present ,0.00 ,0.00 ,
25/10/2024,10:30:00,23.22,-2.011,2.352,-0.65,1.00,-3.80,-1.059,-0.27,8.262,4.18,26.10 ,not present ,0.00 ,0.00 ,
25/10/2024,10:45:00,23.34,-2.027,2.749,-0.76,1.00,-3.80,-0.945,-0.27,8.258,4.18,26.40 ,not present ,0.00 ,0.00 ,
25/10/2024,11:00:00,23.75,-2.037,2.339,-0.64,1.00,-3.80,-1.016,-0.27,8.244,4.17,26.70 ,not present ,0.00 ,0.00 ,
25/10/2024,11:15:00,24.47,-2.375,2.663,-0.76,1.00,-3.80,-1.110,-0.32,8.219,4.17,27.20 ,not present ,0.00 ,0.00 ,
25/10/2024,11:30:00,24.86,-1.095,2.993,-0.67,1.00,-3.80,-0.635,-0.14,8.205,4.17,27.80 ,not present ,0.00 ,0.00 ,
25/10/2024,11:45:00,25.13,-2.119,2.944,-0.79,1.00,-3.80,-1.145,-0.28,8.194,4.17,28.20 ,not present ,0.00 ,0.00 ,
25/10/2024,12:00:00,25.43,-2.417,2.579,-0.73,1.00,-3.80,-1.249,-0.32,8.184,4.17,28.50 ,not present ,0.00 ,0.00 ,
25/10/2024,12:15:00,25.83,-1.935,3.030,-0.77,1.00,-3.80,-0.926,-0.25,8.168,4.17,28.70 ,not present ,0.00 ,0.00 ,
25/10/2024,12:30:00,25.81,-1.508,3.581,-0.86,1.00,-3.80,-0.713,-0.20,8.168,4.17,29.00 ,not present ,0.00 ,0.00 ,
25/10/2024,12:45:00,25.77,-1.963,2.962,-0.76,1.00,-3.80,-1.047,-0.26,8.173,4.17,29.10 ,not present ,0.00 ,0.00 ,
25/10/2024,13:00:00,25.08,1.024,5.570,-1.06,1.00,-3.80,-0.001,0.13,8.198,4.17,29.20 ,not present ,0.00 ,0.00 ,
25/10/2024,13:15:00,24.66,-1.855,3.070,-0.80,1.00,-3.80,-1.022,-0.24,8.212,4.16,28.80 ,not present ,0.00 ,0.00 ,
25/10/2024,13:30:00,24.46,-1.409,3.439,-0.84,1.00,-3.80,-0.623,-0.18,8.219,4.19,36.50 ,present ,12.09 ,114.00 ,
25/10/2024,13:45:00,24.73,-1.921,2.946,-0.77,1.00,-3.80,-0.834,-0.25,8.208,4.19,32.80 ,present ,12.16 ,50.10 ,
25/10/2024,14:00:00,25.44,-2.155,2.772,-0.74,1.00,-3.80,-1.029,-0.28,8.184,4.19,31.70 ,present ,12.17 ,41.70 ,
25/10/2024,14:15:00,25.89,-1.738,3.350,-0.83,1.00,-3.80,-0.906,-0.23,8.168,4.19,31.50 ,present ,12.20 ,41.10 ,
25/10/2024,14:30:00,26.04,-1.899,3.229,-0.81,1.00,-3.80,-0.935,-0.25,8.161,4.19,31.80 ,present ,12.20 ,40.80 ,
25/10/2024,14:45:00,26.40,-2.270,3.124,-0.83,1.00,-3.80,-1.030,-0.30,8.148,4.19,31.90 ,present ,12.20 ,40.80 ,
25/10/2024,15:00:00,26.57,-1.898,3.692,-0.92,1.00,-3.80,-0.984,-0.25,8.145,4.19,31.90 ,present ,12.16 ,40.80 ,
25/10/2024,15:15:00,26.58,-2.064,3.301,-0.84,1.00,-3.80,-1.033,-0.27,8.145,4.19,32.09 ,present ,12.20 ,41.10 ,
25/10/2024,15:30:00,26.53,-1.221,4.235,-0.96,1.00,-3.80,-0.725,-0.16,8.145,4.19,32.20 ,present ,12.20 ,40.80 ,
25/10/2024,15:45:00,26.40,-2.547,3.283,-0.90,1.00,-3.80,-1.103,-0.34,8.148,4.19,30.50 ,not present ,0.00 ,0.00 ,
25/10/2024,16:00:00,26.56,-1.314,3.647,-0.83,1.00,-3.80,-0.752,-0.17,8.145,4.18,30.20 ,not present ,0.00 ,0.00 ,
25/10/2024,16:15:00,26.35,-1.332,3.560,-0.81,1.00,-3.80,-0.861,-0.17,8.152,4.18,29.80 ,not present ,0.00 ,0.00 ,
25/10/2024,16:30:00,26.42,-1.828,3.513,-0.87,1.00,-3.80,-0.944,-0.24,8.148,4.18,29.80 ,not present ,0.00 ,0.00 ,
25/10/2024,16:45:00,26.28,-1.879,4.131,-1.03,1.00,-3.80,-0.966,-0.25,8.154,4.18,29.70 ,not present ,0.00 ,0.00 ,
25/10/2024,17:00:00,26.42,-1.431,3.955,-0.93,1.00,-3.80,-0.788,-0.19,8.148,4.18,29.60 ,not present ,0.00 ,0.00 ,
25/10/2024,17:15:00,26.31,0.019,4.445,-0.86,1.00,-3.80,-0.348,0.00,8.152,4.18,29.50 ,not present ,0.00 ,0.00 ,
25/10/2024,17:30:00,26.23,-1.526,3.759,-0.89,1.00,-3.80,-0.837,-0.20,8.154,4.18,29.40 ,not present ,0.00 ,0.00 ,
25/10/2024,17:45:00,26.36,-1.674,4.008,-0.97,1.00,-3.80,-0.871,-0.22,8.152,4.17,29.40 ,not present ,0.00 ,0.00 ,
25/10/2024,18:00:00,26.30,-1.594,4.051,-0.97,1.00,-3.80,-0.911,-0.21,8.152,4.17,29.40 ,not present ,0.00 ,0.00 ,
25/10/2024,18:15:00,26.22,-1.296,3.875,-0.89,1.00,-3.80,-0.730,-0.17,8.154,4.17,29.30 ,not present ,0.00 ,0.00 ,
25/10/2024,18:30:00,26.13,-1.423,4.157,-0.98,1.00,-3.80,-0.704,-0.19,8.159,4.17,29.20 ,not present ,0.00 ,0.00 ,
25/10/2024,18:45:00,25.83,-1.148,4.016,-0.92,1.00,-3.80,-0.672,-0.15,8.168,4.17,29.10 ,not present ,0.00 ,0.00 ,
25/10/2024,19:00:00,25.71,-1.422,3.910,-0.93,1.00,-3.80,-0.852,-0.19,8.173,4.17,28.80 ,not present ,0.00 ,0.00 ,
25/10/2024,19:15:00,25.53,-1.224,3.883,-0.90,1.00,-3.80,-0.685,-0.16,8.180,4.17,28.70 ,not present ,0.00 ,0.00 ,
25/10/2024,19:30:00,25.34,-0.910,3.990,-0.89,1.00,-3.80,-0.625,-0.12,8.187,4.17,28.60 ,not present ,0.00 ,0.00 ,
25/10/2024,19:45:00,24.98,-0.843,4.022,-0.90,1.00,-3.80,-0.636,-0.11,8.201,4.17,28.30 ,not present ,0.00 ,0.00 ,
25/10/2024,20:00:00,24.74,-1.252,3.926,-0.94,1.00,-3.80,-0.657,-0.16,8.208,4.16,28.10 ,not present ,0.00 ,0.00 ,
25/10/2024,20:15:00,24.71,-0.738,3.936,-0.88,1.00,-3.80,-0.484,-0.09,8.208,4.16,27.90 ,not present ,0.00 ,0.00 ,
25/10/2024,20:30:00,24.54,-0.714,4.306,-0.98,1.00,-3.80,-0.537,-0.09,8.215,4.16,27.60 ,not present ,0.00 ,0.00 ,
25/10/2024,20:45:00,24.22,-0.834,4.062,-0.94,1.00,-3.80,-0.550,-0.11,8.226,4.16,27.40 ,not present ,0.00 ,0.00 ,
25/10/2024,21:00:00,24.24,-0.362,4.146,-0.89,1.00,-3.80,-0.353,-0.04,8.226,4.16,27.10 ,not present ,0.00 ,0.00 ,
25/10/2024,21:15:00,23.92,-0.835,4.136,-0.97,1.00,-3.80,-0.665,-0.11,8.237,4.16,27.00 ,not present ,0.00 ,0.00 ,
25/10/2024,21:30:00,23.91,-1.422,3.862,-0.97,1.00,-3.80,-0.809,-0.19,8.237,4.16,26.90 ,not present ,0.00 ,0.00 ,
25/10/2024,21:45:00,23.93,-0.794,3.701,-0.84,1.00,-3.80,-0.539,-0.10,8.237,4.15,26.80 ,not present ,0.00 ,0.00 ,
25/10/2024,22:00:00,23.81,-1.135,4.127,-1.01,1.00,-3.80,-0.688,-0.15,8.240,4.15,26.70 ,not present ,0.00 ,0.00 ,
25/10/2024,22:15:00,23.55,-1.574,3.581,-0.93,1.00,-3.80,-0.780,-0.21,8.251,4.15,26.60 ,not present ,0.00 ,0.00 ,
25/10/2024,22:30:00,23.70,-1.492,3.386,-0.86,1.00,-3.80,-0.850,-0.20,8.244,4.15,26.70 ,not present ,0.00 ,0.00 ,
25/10/2024,22:45:00,24.01,-1.698,3.284,-0.85,1.00,-3.80,-0.948,-0.22,8.233,4.15,26.50 ,not present ,0.00 ,0.00 ,
25/10/2024,23:00:00,23.64,-0.114,4.219,-0.90,1.00,-3.80,-0.361,-0.01,8.247,4.15,26.30 ,not present ,0.00 ,0.00 ,
25/10/2024,23:15:00,22.92,0.004,3.827,-0.80,1.00,-3.80,-0.180,0.00,8.272,4.15,25.50 ,not present ,0.00 ,0.00 ,
25/10/2024,23:30:00,22.45,-0.165,3.494,-0.74,1.00,-3.80,-0.211,-0.02,8.290,4.15,24.90 ,not present ,0.00 ,0.00 ,
25/10/2024,23:45:00,22.05,-0.001,3.245,-0.66,1.00,-3.80,-0.182,0.00,8.305,4.15,24.20 ,not present ,0.00 ,0.00 ,
26/10/2024,00:00:00,21.62,0.065,3.035,-0.60,1.00,-3.80,-0.176,0.00,8.319,4.15,23.70 ,not present ,0.00 ,0.00 ,
26/10/2024,00:15:00,21.08,-0.006,2.792,-0.55,1.00,-3.80,-0.235,0.00,8.341,4.15,23.20 ,not present ,0.00 ,0.00 ,
26/10/2024,00:30:00,20.60,0.041,2.629,-0.51,1.00,-3.80,-0.281,0.00,8.355,4.14,22.80 ,not present ,0.00 ,0.00 ,
26/10/2024,00:45:00,20.20,0.002,2.485,-0.48,1.00,-3.80,-0.215,0.00,8.370,4.14,22.40 ,not present ,0.00 ,0.00 ,
26/10/2024,01:00:00,19.88,-0.069,2.402,-0.48,1.00,-3.80,-0.227,0.00,8.384,4.14,21.90 ,not present ,0.00 ,0.00 ,
26/10/2024,01:15:00,19.62,0.104,2.148,-0.38,1.00,-3.80,-0.136,0.01,8.392,4.14,21.70 ,not present ,0.00 ,0.00 ,
26/10/2024,01:30:00,19.43,-0.052,2.114,-0.39,1.00,-3.80,-0.292,0.00,8.399,4.14,21.40 ,not present ,0.00 ,0.00 ,
26/10/2024,01:45:00,19.32,0.038,1.966,-0.34,1.00,-3.80,-0.118,0.00,8.403,4.14,21.20 ,not present ,0.00 ,0.00 ,
26/10/2024,02:00:00,19.25,-0.059,1.849,-0.32,1.00,-3.80,-0.158,0.00,8.406,4.14,21.00 ,not present ,0.00 ,0.00 ,
26/10/2024,02:15:00,19.07,-0.195,1.783,-0.32,1.00,-3.80,-0.297,-0.02,8.414,4.14,20.90 ,not present ,0.00 ,0.00 ,
26/10/2024,02:30:00,18.99,-0.139,1.719,-0.29,1.00,-3.80,-0.093,-0.01,8.417,4.13,20.70 ,not present ,0.00 ,0.00 ,
26/10/2024,02:45:00,18.96,-0.110,1.748,-0.30,1.00,-3.80,-0.187,-0.01,8.417,4.13,20.70 ,not present ,0.00 ,0.00 ,
26/10/2024,03:00:00,18.93,-0.232,1.659,-0.29,1.00,-3.80,-0.178,-0.03,8.417,4.13,20.60 ,not present ,0.00 ,0.00 ,
26/10/2024,03:15:00,18.81,0.030,1.587,-0.23,1.00,-3.80,-0.075,0.00,8.421,4.13,20.50 ,not present ,0.00 ,0.00 ,
26/10/2024,03:30:00,18.75,-0.103,1.519,-0.23,1.00,-3.80,-0.202,-0.01,8.425,4.13,20.50 ,not present ,0.00 ,0.00 ,
26/10/2024,03:45:00,18.70,-0.254,1.496,-0.24,1.00,-3.80,-0.171,-0.03,8.425,4.13,20.40 ,not present ,0.00 ,0.00 ,
26/10/2024,04:00:00,18.72,-0.243,1.426,-0.22,1.00,-3.80,-0.164,-0.03,8.425,4.13,20.50 ,not present ,0.00 ,0.00 ,
26/10/2024,04:15:00,18.81,-0.277,1.359,-0.20,1.00,-3.80,-0.127,-0.03,8.421,4.13,20.29 ,not present ,0.00 ,0.00 ,
26/10/2024,04:30:00,18.89,-0.368,1.312,-0.20,1.00,-3.80,-0.215,-0.05,8.421,4.13,20.40 ,not present ,0.00 ,0.00 ,
26/10/2024,04:45:00,18.93,-0.350,1.295,-0.19,1.00,-3.80,-0.213,-0.04,8.417,4.12,20.40 ,not present ,0.00 ,0.00 ,
26/10/2024,05:00:00,18.92,-0.219,1.248,-0.16,1.00,-3.80,-0.246,-0.03,8.417,4.12,20.40 ,not present ,0.00 ,0.00 ,
26/10/2024,05:15:00,18.87,-0.220,1.239,-0.15,1.00,-3.80,-0.182,-0.03,8.421,4.12,20.50 ,not present ,0.00 ,0.00 ,
26/10/2024,05:30:00,18.88,-0.269,1.220,-0.15,1.00,-3.80,-0.294,-0.03,8.421,4.12,20.40 ,not present ,0.00 ,0.00 ,
26/10/2024,05:45:00,18.84,-0.258,1.205,-0.15,1.00,-3.80,-0.288,-0.03,8.421,4.12,20.29 ,not present ,0.00 ,0.00 ,
26/10/2024,06:00:00,18.97,-0.346,1.152,-0.14,1.00,-3.80,-0.192,-0.04,8.417,4.12,20.29 ,not present ,0.00 ,0.00 ,
26/10/2024,06:15:00,18.99,-0.170,1.143,-0.11,1.00,-3.80,-0.118,-0.02,8.417,4.12,20.29 ,not present ,0.00 ,0.00 ,
26/10/2024,06:30:00,18.89,-0.143,1.194,-0.13,1.00,-3.80,-0.094,-0.01,8.421,4.12,20.40 ,not present ,0.00 ,0.00 ,
26/10/2024,06:45:00,18.64,-0.303,1.343,-0.20,1.00,-3.80,-0.234,-0.04,8.428,4.12,20.20 ,not present ,0.00 ,0.00 ,
26/10/2024,07:00:00,18.81,-1.686,1.056,-0.30,1.00,-3.80,-0.814,-0.23,8.421,4.11,20.29 ,not present ,0.00 ,0.00 ,
26/10/2024,07:15:00,19.38,-1.424,1.357,-0.35,1.00,-3.80,-0.552,-0.19,8.403,4.11,20.90 ,not present ,0.00 ,0.00 ,
26/10/2024,07:30:00,19.99,-1.027,1.690,-0.39,1.00,-3.80,-0.550,-0.14,8.381,4.11,21.90 ,not present ,0.00 ,0.00 ,
26/10/2024,07:45:00,20.45,-1.121,2.048,-0.50,1.00,-3.80,-0.461,-0.15,8.362,4.11,22.50 ,not present ,0.00 ,0.00 ,
26/10/2024,08:00:00,20.63,-0.866,2.502,-0.60,1.00,-3.80,-0.546,-0.11,8.355,4.11,23.00 ,not present ,0.00 ,0.00 ,
26/10/2024,08:15:00,20.73,-0.504,2.692,-0.60,1.00,-3.80,-0.342,-0.06,8.352,4.11,23.20 ,not present ,0.00 ,0.00 ,
26/10/2024,08:30:00,20.68,-1.390,2.584,-0.69,1.00,-3.80,-0.788,-0.19,8.355,4.11,23.40 ,not present ,0.00 ,0.00 ,
26/10/2024,08:45:00,20.69,-0.913,2.854,-0.71,1.00,-3.80,-0.502,-0.12,8.355,4.11,23.50 ,not present ,0.00 ,0.00 ,
26/10/2024,09:00:00,20.79,-0.816,2.724,-0.65,1.00,-3.80,-0.447,-0.11,8.352,4.11,23.60 ,not present ,0.00 ,0.00 ,
26/10/2024,09:15:00,21.22,-1.337,2.790,-0.73,1.00,-3.80,-0.671,-0.18,8.333,4.11,23.80 ,not present ,0.00 ,0.00 ,
26/10/2024,09:30:00,21.63,-1.728,3.204,-0.90,1.00,-3.80,-0.993,-0.23,8.319,4.10,24.20 ,not present ,0.00 ,0.00 ,
26/10/2024,09:45:00,22.03,-1.954,2.996,-0.86,1.00,-3.80,-0.898,-0.26,8.305,4.10,24.60 ,not present ,0.00 ,0.00 ,
26/10/2024,10:00:00,22.50,-2.035,3.028,-0.86,1.00,-3.80,-0.948,-0.27,8.287,4.10,25.10 ,not present ,0.00 ,0.00 ,
26/10/2024,10:15:00,22.96,-1.914,3.251,-0.90,1.00,-3.80,-0.874,-0.25,8.272,4.10,25.30 ,not present ,0.00 ,0.00 ,
26/10/2024,10:30:00,23.53,-2.035,3.134,-0.87,1.00,-3.80,-0.918,-0.27,8.251,4.10,25.90 ,not present ,0.00 ,0.00 ,
26/10/2024,10:45:00,23.95,-2.124,3.554,-0.98,1.00,-3.80,-1.070,-0.28,8.237,4.10,26.50 ,not present ,0.00 ,0.00 ,
26/10/2024,11:00:00,24.43,-1.830,3.370,-0.88,1.00,-3.80,-0.893,-0.24,8.219,4.10,27.10 ,not present ,0.00 ,0.00 ,
26/10/2024,11:15:00,24.86,-1.657,3.838,-0.97,1.00,-3.80,-0.943,-0.22,8.205,4.10,27.40 ,not present ,0.00 ,0.00 ,
26/10/2024,11:30:00,25.27,-0.988,5.053,-1.18,1.00,-3.80,-0.607,-0.13,8.191,4.09,27.90 ,not present ,0.00 ,0.00 ,
26/10/2024,11:45:00,25.85,-1.980,3.766,-0.97,1.00,-3.80,-1.007,-0.26,8.168,4.09,28.30 ,not present ,0.00 ,0.00 ,
26/10/2024,12:00:00,26.32,-2.150,3.704,-0.96,1.00,-3.80,-0.941,-0.28,8.152,4.09,28.90 ,not present ,0.00 ,0.00 ,
26/10/2024,12:15:00,27.00,-1.278,3.775,-0.84,1.00,-3.80,-0.644,-0.17,8.128,4.09,29.20 ,not present ,0.00 ,0.00 ,
26/10/2024,12:30:00,27.06,-1.857,4.175,-1.02,1.00,-3.80,-1.068,-0.24,8.128,4.09,29.70 ,not present ,0.00 ,0.00 ,
26/10/2024,12:45:00,27.28,-2.599,4.325,-1.15,1.00,-3.80,-1.234,-0.34,8.121,4.09,30.00 ,not present ,0.00 ,0.00 ,
26/10/2024,13:00:00,27.35,-0.659,4.661,-0.97,1.00,-3.80,-0.467,-0.08,8.116,4.09,30.30 ,not present ,0.00 ,0.00 ,
26/10/2024,13:15:00,27.12,-2.449,3.928,-1.04,1.00,-3.80,-1.229,-0.32,8.123,4.09,30.30 ,not present ,0.00 ,0.00 ,
26/10/2024,13:30:00,27.10,-2.144,4.028,-1.02,1.00,-3.80,-1.011,-0.28,8.123,4.09,30.40 ,not present ,0.00 ,0.00 ,
26/10/2024,13:45:00,26.94,-1.852,4.270,-1.05,1.00,-3.80,-0.940,-0.24,8.130,4.09,30.40 ,not present ,0.00 ,0.00 ,
26/10/2024,14:00:00,27.02,-2.358,3.936,-1.03,1.00,-3.80,-1.157,-0.31,8.128,4.09,30.30 ,not present ,0.00 ,0.00 ,
26/10/2024,14:15:00,26.87,-1.800,5.342,-1.31,1.00,-3.80,-1.043,-0.24,8.134,4.08,30.40 ,not present ,0.00 ,0.00 ,
26/10/2024,14:30:00,27.01,-2.067,4.720,-1.19,1.00,-3.80,-1.036,-0.27,8.128,4.08,30.40 ,not present ,0.00 ,0.00 ,
26/10/2024,14:45:00,27.06,-2.050,3.944,-0.99,1.00,-3.80,-1.044,-0.27,8.128,4.08,30.30 ,not present ,0.00 ,0.00 ,
26/10/2024,15:00:00,27.20,-1.280,4.601,-1.05,1.00,-3.80,-0.682,-0.17,8.121,4.08,30.40 ,not present ,0.00 ,0.00 ,
26/10/2024,15:15:00,26.89,-1.622,4.152,-0.99,1.00,-3.80,-0.913,-0.21,8.134,4.08,30.30 ,not present ,0.00 ,0.00 ,
26/10/2024,15:30:00,26.77,-2.718,3.938,-1.08,1.00,-3.80,-1.059,-0.36,8.137,4.11,38.59 ,present ,12.03 ,147.00 ,
26/10/2024,15:45:00,27.01,-2.514,5.221,-1.37,1.00,-3.80,-0.984,-0.33,8.128,4.13,41.40 ,present ,12.00 ,147.89 ,
26/10/2024,16:00:00,27.23,-2.182,4.271,-1.08,1.00,-3.80,-0.882,-0.29,8.121,4.14,42.30 ,present ,11.98 ,149.10 ,
26/10/2024,16:15:00,27.30,-1.648,4.139,-0.98,1.00,-3.80,-0.588,-0.21,8.116,4.16,43.00 ,present ,12.03 ,146.70 ,
26/10/2024,16:30:00,27.24,-1.409,4.306,-0.99,1.00,-3.80,-0.589,-0.18,8.121,4.18,43.30 ,present ,12.06 ,141.89 ,
26/10/2024,16:45:00,27.05,-1.868,4.325,-1.06,1.00,-3.80,-0.790,-0.24,8.128,4.19,42.10 ,present ,12.04 ,111.90 ,
26/10/2024,17:00:00,26.79,-0.628,4.348,-0.91,1.00,-3.80,-0.327,-0.08,8.137,4.19,36.70 ,present ,12.10 ,50.70 ,
26/10/2024,17:15:00,26.61,-1.821,4.321,-1.06,1.00,-3.80,-0.880,-0.24,8.141,4.19,34.20 ,present ,12.10 ,42.00 ,
26/10/2024,17:30:00,26.72,-2.123,4.297,-1.10,1.00,-3.80,-0.787,-0.28,8.137,4.19,33.20 ,present ,12.13 ,41.10 ,
26/10/2024,17:45:00,26.77,-1.848,4.237,-1.04,1.00,-3.80,-0.883,-0.24,8.137,4.19,32.70 ,present ,12.12 ,40.20 ,
26/10/2024,18:00:00,26.75,-1.412,4.369,-1.02,1.00,-3.80,-0.817,-0.18,8.137,4.19,32.30 ,present ,12.13 ,40.80 ,
26/10/2024,18:15:00,26.62,-1.524,4.490,-1.07,1.00,-3.80,-0.884,-0.20,8.141,4.19,32.09 ,present ,12.09 ,40.50 ,
26/10/2024,18:30:00,26.39,-1.917,4.418,-1.11,1.00,-3.80,-0.979,-0.25,8.152,4.19,31.90 ,present ,12.12 ,40.50 ,
26/10/2024,18:45:00,26.46,-1.704,4.482,-1.09,1.00,-3.80,-0.834,-0.22,8.148,4.19,31.90 ,present ,12.12 ,40.20 ,
26/10/2024,19:00:00,26.33,-1.301,4.608,-1.08,1.00,-3.80,-0.724,-0.17,8.152,4.19,31.80 ,present ,12.12 ,40.20 ,
26/10/2024,19:15:00,26.16,-1.422,4.528,-1.08,1.00,-3.80,-0.747,-0.19,8.159,4.19,31.50 ,present ,12.12 ,40.50 ,
26/10/2024,19:30:00,25.95,-1.489,4.607,-1.11,1.00,-3.80,-0.868,-0.19,8.166,4.19,31.30 ,present ,12.09 ,40.20 ,
26/10/2024,19:45:00,25.70,-0.581,4.701,-1.02,1.00,-3.80,-0.473,-0.07,8.173,4.19,31.20 ,present ,12.09 ,40.20 ,
26/10/2024,20:00:00,25.55,-0.864,4.917,-1.12,1.00,-3.80,-0.374,-0.11,8.180,4.19,30.90 ,present ,12.09 ,40.50 ,
26/10/2024,20:15:00,25.43,-1.576,4.420,-1.09,1.00,-3.80,-0.743,-0.21,8.184,4.19,30.60 ,present ,12.09 ,40.50 ,
26/10/2024,20:30:00,25.62,-0.932,4.624,-1.05,1.00,-3.80,-0.505,-0.12,8.175,4.19,30.60 ,present ,12.09 ,40.50 ,
26/10/2024,20:45:00,25.52,-1.055,4.776,-1.11,1.00,-3.80,-0.587,-0.14,8.180,4.19,30.50 ,present ,12.09 ,40.20 ,
26/10/2024,21:00:00,25.49,-1.434,4.455,-1.08,1.00,-3.80,-0.800,-0.19,8.184,4.19,30.50 ,present ,12.09 ,40.20 ,
26/10/2024,21:15:00,25.29,-0.656,4.795,-1.07,1.00,-3.80,-0.521,-0.08,8.191,4.19,30.50 ,present ,12.09 ,40.20 ,
26/10/2024,21:30:00,25.07,-1.036,4.445,-1.04,1.00,-3.80,-0.553,-0.13,8.198,4.19,30.20 ,present ,12.09 ,40.50 ,
26/10/2024,21:45:00,24.98,-0.766,4.540,-1.03,1.00,-3.80,-0.541,-0.10,8.201,4.19,30.20 ,present ,12.05 ,40.20 ,
26/10/2024,22:00:00,24.94,-1.549,4.147,-1.03,1.00,-3.80,-0.711,-0.20,8.201,4.19,30.10 ,present ,12.08 ,39.90 ,
26/10/2024,22:15:00,25.05,-1.646,4.195,-1.06,1.00,-3.80,-0.799,-0.22,8.198,4.19,30.00 ,present ,12.09 ,40.20 ,
26/10/2024,22:30:00,25.01,-1.738,4.210,-1.07,1.00,-3.80,-0.797,-0.23,8.198,4.19,30.10 ,present ,12.09 ,40.20 ,
26/10/2024,22:45:00,24.83,-1.178,4.175,-0.99,1.00,-3.80,-0.666,-0.15,8.205,4.19,30.00 ,present ,12.09 ,40.20 ,
26/10/2024,23:00:00,24.12,0.195,4.968,-1.04,1.00,-3.80,-0.166,0.02,8.229,4.19,29.50 ,present ,12.08 ,39.90 ,
26/10/2024,23:15:00,23.09,0.402,4.611,-0.96,1.00,-3.80,-0.111,0.05,8.269,4.19,28.50 ,present ,12.05 ,39.90 ,
26/10/2024,23:30:00,22.34,0.298,4.353,-0.93,1.00,-3.80,-0.177,0.04,8.294,4.19,27.50 ,present ,12.04 ,39.30 ,
26/10/2024,23:45:00,21.85,-0.084,3.934,-0.87,1.00,-3.80,-0.277,-0.01,8.312,4.19,26.70 ,present ,12.05 ,39.59 ,
27/10/2024,00:00:00,21.55,-0.085,3.724,-0.82,1.00,-3.80,-0.154,-0.01,8.323,4.19,26.20 ,present ,12.05 ,39.59 ,
27/10/2024,00:15:00,21.31,0.087,3.553,-0.76,1.00,-3.80,-0.118,0.01,8.330,4.19,25.70 ,present ,12.05 ,39.59 ,
27/10/2024,00:30:00,21.07,-0.152,3.382,-0.75,1.00,-3.80,-0.294,-0.02,8.341,4.19,25.30 ,present ,12.04 ,39.30 ,
27/10/2024,00:45:00,20.83,-0.051,3.201,-0.69,1.00,-3.80,-0.164,0.00,8.348,4.19,25.10 ,present ,12.04 ,39.30 ,
27/10/2024,01:00:00,20.59,-0.253,3.085,-0.69,1.00,-3.80,-0.180,-0.03,8.359,4.19,24.60 ,present ,12.04 ,39.30 ,
27/10/2024,01:15:00,20.41,-0.129,2.954,-0.64,1.00,-3.80,-0.095,-0.01,8.362,4.19,24.50 ,present ,12.04 ,39.30 ,
27/10/2024,01:30:00,20.19,0.001,2.826,-0.59,1.00,-3.80,-0.188,0.00,8.373,4.19,24.30 ,present ,12.04 ,39.30 ,
27/10/2024,01:45:00,20.10,-0.313,2.701,-0.59,1.00,-3.80,-0.092,-0.04,8.373,4.19,24.10 ,present ,12.04 ,39.30 ,
27/10/2024,02:00:00,20.00,-0.133,2.598,-0.54,1.00,-3.80,-0.258,-0.01,8.377,4.19,23.80 ,present ,12.04 ,39.30 ,
27/10/2024,02:15:00,19.93,-0.175,2.532,-0.53,1.00,-3.80,-0.152,-0.02,8.381,4.19,23.80 ,present ,12.04 ,39.30 ,
27/10/2024,02:30:00,19.78,0.290,2.534,-0.47,1.00,-3.80,-0.057,0.03,8.388,4.19,23.70 ,present ,12.04 ,39.30 ,
27/10/2024,02:45:00,19.67,-0.108,2.375,-0.48,1.00,-3.80,-0.129,-0.01,8.392,4.19,23.60 ,present ,12.05 ,39.59 ,
27/10/2024,03:00:00,19.63,-0.355,2.294,-0.49,1.00,-3.80,-0.288,-0.04,8.392,4.19,23.60 ,present ,12.05 ,39.59 ,
27/10/2024,03:15:00,19.54,-0.273,2.249,-0.46,1.00,-3.80,-0.305,-0.03,8.395,4.19,23.40 ,present ,12.05 ,39.59 ,
27/10/2024,03:30:00,19.48,-0.312,2.176,-0.45,1.00,-3.80,-0.199,-0.04,8.399,4.19,23.30 ,present ,12.01 ,39.30 ,
27/10/2024,03:45:00,19.44,-0.219,2.134,-0.42,1.00,-3.80,-0.177,-0.03,8.399,4.19,23.20 ,present ,12.01 ,39.59 ,
27/10/2024,04:00:00,19.44,-0.317,2.084,-0.42,1.00,-3.80,-0.199,-0.04,8.399,4.19,23.20 ,present ,12.01 ,39.30 ,
27/10/2024,04:15:00,19.43,-0.255,2.067,-0.41,1.00,-3.80,-0.254,-0.03,8.399,4.19,23.20 ,present ,12.01 ,39.30 ,
27/10/2024,04:30:00,19.42,-0.228,1.962,-0.37,1.00,-3.80,-0.154,-0.03,8.399,4.19,23.20 ,present ,12.01 ,39.00 ,
27/10/2024,04:45:00,19.32,-0.196,2.020,-0.39,1.00,-3.80,-0.142,-0.02,8.403,4.19,23.10 ,present ,12.01 ,39.59 ,
27/10/2024,05:00:00,19.31,-0.329,1.907,-0.37,1.00,-3.80,-0.137,-0.04,8.403,4.19,23.00 ,present ,12.01 ,39.30 ,
27/10/2024,05:15:00,19.27,-0.190,1.869,-0.34,1.00,-3.80,-0.126,-0.02,8.406,4.19,23.10 ,present ,12.01 ,39.59 ,
27/10/2024,05:30:00,19.26,-0.276,1.892,-0.36,1.00,-3.80,-0.150,-0.03,8.406,4.19,23.00 ,present ,12.01 ,39.59 ,
27/10/2024,05:45:00,19.28,-0.251,1.838,-0.34,1.00,-3.80,-0.343,-0.03,8.406,4.19,22.80 ,present ,12.01 ,39.59 ,
27/10/2024,06:00:00,19.29,-0.243,1.789,-0.32,1.00,-3.80,-0.265,-0.03,8.406,4.19,22.90 ,present ,12.01 ,39.59 ,
27/10/2024,06:15:00,19.27,-0.279,1.760,-0.32,1.00,-3.80,-0.156,-0.03,8.406,4.19,22.90 ,present ,12.01 ,39.59 ,
27/10/2024,06:30:00,19.28,-0.194,1.720,-0.29,1.00,-3.80,-0.166,-0.02,8.406,4.19,23.00 ,present ,12.01 ,39.59 ,
27/10/2024,06:45:00,19.26,-0.341,1.728,-0.32,1.00,-3.80,-0.232,-0.04,8.406,4.19,22.90 ,present ,12.01 ,39.59 ,
27/10/2024,07:00:00,19.28,-0.351,1.722,-0.32,1.00,-3.80,-0.316,-0.04,8.406,4.19,22.90 ,present ,12.01 ,39.59 ,
27/10/2024,07:15:00,19.27,-0.277,1.701,-0.30,1.00,-3.80,-0.167,-0.03,8.406,4.19,22.90 ,present ,11.97 ,39.59 ,
27/10/2024,07:30:00,19.34,-0.292,1.707,-0.30,1.00,-3.80,-0.265,-0.04,8.403,4.19,23.00 ,present ,11.97 ,39.59 ,
27/10/2024,07:45:00,19.43,-0.331,1.807,-0.34,1.00,-3.80,-0.282,-0.04,8.399,4.19,22.90 ,present ,11.98 ,39.90 ,
27/10/2024,08:00:00,20.02,-1.901,1.313,-0.39,1.00,-3.80,-0.842,-0.26,8.377,4.19,23.60 ,present ,11.98 ,40.20 ,
27/10/2024,08:15:00,20.88,-1.921,1.620,-0.47,1.00,-3.80,-0.816,-0.26,8.348,4.19,24.30 ,present ,11.98 ,40.80 ,
27/10/2024,08:30:00,21.47,-0.958,2.302,-0.53,1.00,-3.80,-0.519,-0.13,8.326,4.19,25.30 ,present ,11.98 ,40.80 ,
27/10/2024,08:45:00,21.98,-1.299,2.528,-0.63,1.00,-3.80,-0.636,-0.17,8.308,4.19,25.90 ,present ,11.98 ,40.80 ,
27/10/2024,09:00:00,21.96,-1.714,3.032,-0.83,1.00,-3.80,-0.916,-0.23,8.308,4.19,26.30 ,present ,11.99 ,41.10 ,
27/10/2024,09:15:00,22.20,-1.393,3.123,-0.81,1.00,-3.80,-0.703,-0.18,8.297,4.19,26.70 ,present ,11.98 ,40.80 ,
27/10/2024,09:30:00,22.41,-2.001,3.074,-0.87,1.00,-3.80,-0.880,-0.27,8.290,4.19,26.90 ,present ,11.99 ,41.40 ,
27/10/2024,09:45:00,22.82,-1.902,3.161,-0.87,1.00,-3.80,-0.775,-0.25,8.276,4.19,27.20 ,present ,12.01 ,40.20 ,
27/10/2024,10:00:00,23.37,-1.890,3.357,-0.91,1.00,-3.80,-0.909,-0.25,8.258,4.19,27.70 ,present ,12.02 ,40.50 ,
27/10/2024,10:15:00,23.73,-1.902,3.566,-0.96,1.00,-3.80,-0.798,-0.25,8.244,4.19,28.20 ,present ,12.02 ,40.50 ,
27/10/2024,10:30:00,23.95,-1.651,3.569,-0.92,1.00,-3.80,-0.719,-0.22,8.237,4.19,28.60 ,present ,11.99 ,41.40 ,
27/10/2024,10:45:00,24.12,-1.615,3.617,-0.92,1.00,-3.80,-0.765,-0.21,8.229,4.19,29.00 ,present ,11.98 ,40.80 ,
27/10/2024,11:00:00,24.57,-2.023,3.874,-1.04,1.00,-3.80,-1.045,-0.27,8.215,4.19,29.50 ,present ,11.99 ,41.10 ,
27/10/2024,11:15:01,24.92,-1.765,4.140,-1.06,1.00,-3.80,-0.924,-0.23,8.201,4.19,29.80 ,present ,11.99 ,41.10 ,
27/10/2024,11:30:00,25.27,-2.196,4.190,-1.12,1.00,-3.80,-1.089,-0.29,8.191,4.19,30.10 ,present ,11.99 ,41.40 ,
27/10/2024,11:45:00,25.67,-2.321,4.276,-1.15,1.00,-3.80,-1.083,-0.31,8.175,4.19,30.60 ,present ,11.99 ,41.40 ,
27/10/2024,12:00:00,25.72,-2.065,4.341,-1.13,1.00,-3.80,-1.073,-0.27,8.173,4.19,31.00 ,present ,11.99 ,41.10 ,
27/10/2024,12:15:00,26.11,-1.779,4.263,-1.06,1.00,-3.80,-0.907,-0.23,8.159,4.19,31.50 ,present ,11.99 ,41.10 ,
27/10/2024,12:30:00,26.24,-1.758,4.538,-1.12,1.00,-3.80,-0.954,-0.23,8.154,4.19,31.80 ,present ,11.98 ,40.80 ,
27/10/2024,12:45:00,26.24,-1.681,4.556,-1.12,1.00,-3.80,-0.945,-0.22,8.154,4.19,31.90 ,present ,11.99 ,41.10 ,
27/10/2024,13:00:00,26.19,-1.008,5.156,-1.18,1.00,-3.80,-0.658,-0.13,8.159,4.19,31.70 ,present ,11.99 ,41.10 ,
27/10/2024,13:15:00,26.01,-1.806,4.550,-1.14,1.00,-3.80,-1.040,-0.24,8.161,4.19,31.80 ,present ,11.98 ,40.80 ,
27/10/2024,13:30:00,26.13,-1.931,4.822,-1.22,1.00,-3.80,-1.045,-0.25,8.159,4.19,31.60 ,present ,11.99 ,41.10 ,
27/10/2024,13:45:00,26.19,-1.602,4.643,-1.13,1.00,-3.80,-0.914,-0.21,8.159,4.19,31.70 ,present ,11.98 ,40.20 ,
27/10/2024,14:00:00,26.19,-1.718,4.587,-1.13,1.00,-3.80,-0.891,-0.22,8.159,4.19,31.80 ,present ,11.98 ,40.20 ,
27/10/2024,14:15:00,26.38,-1.119,4.987,-1.15,1.00,-3.80,-0.670,-0.14,8.152,4.19,31.90 ,present ,11.99 ,41.10 ,
27/10/2024,14:30:00,26.67,-2.472,4.558,-1.21,1.00,-3.80,-1.131,-0.32,8.141,4.19,32.20 ,present ,11.98 ,40.50 ,
27/10/2024,14:45:00,27.00,-1.188,5.307,-1.22,1.00,-3.80,-0.607,-0.15,8.128,4.19,32.40 ,present ,11.99 ,41.10 ,
27/10/2024,15:00:00,26.85,-1.708,4.902,-1.19,1.00,-3.80,-0.870,-0.22,8.134,4.19,32.20 ,present ,11.98 ,40.20 ,
27/10/2024,15:15:00,26.82,-1.595,4.867,-1.17,1.00,-3.80,-0.880,-0.21,8.134,4.19,32.30 ,present ,11.98 ,40.20 ,
27/10/2024,15:30:00,26.85,-1.448,4.864,-1.14,1.00,-3.80,-0.714,-0.19,8.134,4.19,32.20 ,present ,11.98 ,40.50 ,
27/10/2024,15:45:00,26.92,-2.016,4.622,-1.16,1.00,-3.80,-1.121,-0.26,8.130,4.19,30.60 ,not present ,0.00 ,0.00 ,
27/10/2024,16:00:00,27.02,-1.616,4.658,-1.11,1.00,-3.80,-0.888,-0.21,8.128,4.19,30.10 ,not present ,0.00 ,0.00 ,
27/10/2024,16:15:00,26.79,-1.717,4.550,-1.10,1.00,-3.80,-0.883,-0.22,8.137,4.18,30.00 ,not present ,0.00 ,0.00 ,
27/10/2024,16:30:00,26.89,-1.938,4.352,-1.08,1.00,-3.80,-0.998,-0.25,8.134,4.18,30.00 ,not present ,0.00 ,0.00 ,
27/10/2024,16:45:00,27.08,-1.484,4.597,-1.08,1.00,-3.80,-0.730,-0.19,8.128,4.18,30.00 ,not present ,0.00 ,0.00 ,
27/10/2024,17:00:00,26.99,-1.567,4.531,-1.07,1.00,-3.80,-0.696,-0.20,8.130,4.18,30.10 ,not present ,0.00 ,0.00 ,
27/10/2024,17:15:00,26.80,-1.214,4.477,-1.02,1.00,-3.80,-0.737,-0.16,8.134,4.18,30.00 ,not present ,0.00 ,0.00 ,
27/10/2024,17:30:00,26.51,-1.421,4.243,-0.99,1.00,-3.80,-0.783,-0.18,8.145,4.18,29.80 ,not present ,0.00 ,0.00 ,
27/10/2024,17:45:00,26.37,-1.493,4.246,-1.01,1.00,-3.80,-0.906,-0.19,8.152,4.18,29.60 ,not present ,0.00 ,0.00 ,
27/10/2024,18:00:00,26.01,-0.658,4.873,-1.07,1.00,-3.80,-0.550,-0.08,8.161,4.17,29.50 ,not present ,0.00 ,0.00 ,
27/10/2024,18:15:00,25.60,-0.856,4.466,-1.00,1.00,-3.80,-0.724,-0.11,8.175,4.17,29.20 ,not present ,0.00 ,0.00 ,
27/10/2024,18:30:00,24.91,-0.891,4.348,-1.00,1.00,-3.80,-0.574,-0.11,8.201,4.17,28.70 ,not present ,0.00 ,0.00 ,
27/10/2024,18:45:00,24.58,-1.162,4.110,-0.98,1.00,-3.80,-0.652,-0.15,8.215,4.17,28.30 ,not present ,0.00 ,0.00 ,
27/10/2024,19:00:00,24.16,-0.786,4.305,-1.00,1.00,-3.80,-0.618,-0.10,8.229,4.17,27.80 ,not present ,0.00 ,0.00 ,
27/10/2024,19:15:00,23.85,-1.090,3.796,-0.91,1.00,-3.80,-0.688,-0.14,8.240,4.17,27.50 ,not present ,0.00 ,0.00 ,
27/10/2024,19:30:00,23.69,-0.833,3.645,-0.84,1.00,-3.80,-0.667,-0.11,8.247,4.17,27.00 ,not present ,0.00 ,0.00 ,
27/10/2024,19:45:00,23.30,0.090,3.786,-0.76,1.00,-3.80,-0.163,0.01,8.258,4.17,26.80 ,not present ,0.00 ,0.00 ,
27/10/2024,20:00:00,22.94,-1.220,3.751,-0.94,1.00,-3.80,-0.741,-0.16,8.272,4.17,26.50 ,not present ,0.00 ,0.00 ,
27/10/2024,20:15:00,22.81,-0.292,3.557,-0.77,1.00,-3.80,-0.388,-0.03,8.276,4.16,26.40 ,not present ,0.00 ,0.00 ,
27/10/2024,20:30:00,22.78,-1.235,3.343,-0.84,1.00,-3.80,-0.709,-0.16,8.279,4.16,26.10 ,not present ,0.00 ,0.00 ,
27/10/2024,20:45:00,22.86,-1.590,3.151,-0.83,1.00,-3.80,-0.795,-0.21,8.276,4.16,26.00 ,not present ,0.00 ,0.00 ,
27/10/2024,21:00:00,23.12,-1.496,3.324,-0.86,1.00,-3.80,-0.773,-0.20,8.265,4.16,26.00 ,not present ,0.00 ,0.00 ,
27/10/2024,21:15:00,23.10,-1.327,3.251,-0.81,1.00,-3.80,-0.726,-0.17,8.265,4.16,25.90 ,not present ,0.00 ,0.00 ,
27/10/2024,21:30:00,23.07,-0.832,3.315,-0.76,1.00,-3.80,-0.503,-0.11,8.269,4.16,25.80 ,not present ,0.00 ,0.00 ,
27/10/2024,21:45:00,22.79,-1.732,3.140,-0.85,1.00,-3.80,-0.761,-0.23,8.279,4.16,25.80 ,not present ,0.00 ,0.00 ,
27/10/2024,22:00:00,22.66,-1.179,3.293,-0.82,1.00,-3.80,-0.711,-0.16,8.283,4.16,25.70 ,not present ,0.00 ,0.00 ,
27/10/2024,22:15:00,22.71,-1.522,2.987,-0.78,1.00,-3.80,-0.777,-0.20,8.279,4.15,25.70 ,not present ,0.00 ,0.00 ,
27/10/2024,22:30:00,22.62,-1.439,3.043,-0.78,1.00,-3.80,-0.699,-0.19,8.283,4.15,25.60 ,not present ,0.00 ,0.00 ,
27/10/2024,22:45:00,22.54,-1.132,3.063,-0.75,1.00,-3.80,-0.441,-0.15,8.287,4.15,25.50 ,not present ,0.00 ,0.00 ,
27/10/2024,23:00:00,22.49,-1.853,2.770,-0.77,1.00,-3.80,-0.913,-0.25,8.290,4.15,25.40 ,not present ,0.00 ,0.00 ,
27/10/2024,23:15:00,23.04,-1.682,2.909,-0.77,1.00,-3.80,-0.823,-0.22,8.269,4.15,25.50 ,not present ,0.00 ,0.00 ,
27/10/2024,23:30:00,23.34,-1.533,2.972,-0.76,1.00,-3.80,-0.764,-0.20,8.258,4.15,25.70 ,not present ,0.00 ,0.00 ,
27/10/2024,23:45:00,23.54,-1.693,2.898,-0.75,1.00,-3.80,-0.959,-0.22,8.251,4.15,25.90 ,not present ,0.00 ,0.00 ,
28/10/2024,00:00:00,22.95,0.056,3.358,-0.66,1.00,-3.80,-0.287,0.00,8.272,4.15,25.50 ,not present ,0.00 ,0.00 ,
28/10/2024,00:15:00,22.34,0.018,2.739,-0.51,1.00,-3.80,-0.171,0.00,8.294,4.15,24.70 ,not present ,0.00 ,0.00 ,
28/10/2024,00:30:00,21.82,-0.065,2.313,-0.41,1.00,-3.80,-0.224,0.00,8.312,4.15,24.10 ,not present ,0.00 ,0.00 ,
28/10/2024,00:45:00,21.40,-0.068,2.023,-0.33,1.00,-3.80,-0.231,0.00,8.326,4.14,23.50 ,not present ,0.00 ,0.00 ,
28/10/2024,01:00:00,21.05,-0.071,1.882,-0.30,1.00,-3.80,-0.078,0.00,8.341,4.14,23.20 ,not present ,0.00 ,0.00 ,
28/10/2024,01:15:00,20.70,-0.027,1.674,-0.23,1.00,-3.80,-0.181,0.00,8.352,4.14,22.80 ,not present ,0.00 ,0.00 ,
28/10/2024,01:30:00,20.46,-0.199,1.546,-0.22,1.00,-3.80,-0.217,-0.02,8.362,4.14,22.60 ,not present ,0.00 ,0.00 ,
28/10/2024,01:45:00,20.32,-0.209,1.464,-0.20,1.00,-3.80,-0.145,-0.02,8.366,4.14,22.20 ,not present ,0.00 ,0.00 ,
28/10/2024,02:00:00,20.22,-0.372,1.390,-0.20,1.00,-3.80,-0.173,-0.05,8.370,4.14,22.10 ,not present ,0.00 ,0.00 ,
28/10/2024,02:15:00,20.15,-0.231,1.300,-0.16,1.00,-3.80,-0.127,-0.03,8.373,4.14,22.00 ,not present ,0.00 ,0.00 ,
28/10/2024,02:30:00,20.12,-0.275,1.190,-0.13,1.00,-3.80,-0.165,-0.03,8.373,4.14,21.90 ,not present ,0.00 ,0.00 ,
28/10/2024,02:45:00,20.09,-0.252,1.125,-0.11,1.00,-3.80,-0.228,-0.03,8.377,4.13,21.80 ,not present ,0.00 ,0.00 ,
28/10/2024,03:00:00,20.09,-0.379,1.043,-0.10,1.00,-3.80,-0.080,-0.05,8.377,4.13,21.70 ,not present ,0.00 ,0.00 ,
28/10/2024,03:15:00,20.10,-0.438,0.971,-0.09,1.00,-3.80,-0.182,-0.06,8.373,4.13,21.50 ,not present ,0.00 ,0.00 ,
28/10/2024,03:30:00,20.07,-0.422,0.930,-0.07,1.00,-3.80,-0.142,-0.05,8.377,4.13,21.80 ,not present ,0.00 ,0.00 ,
28/10/2024,03:45:00,19.97,-0.439,0.867,-0.06,1.00,-3.80,-0.081,-0.06,8.381,4.13,21.40 ,not present ,0.00 ,0.00 ,
28/10/2024,04:00:00,19.92,-0.391,0.827,-0.04,1.00,-3.80,-0.115,-0.05,8.381,4.13,21.40 ,not present ,0.00 ,0.00 ,
28/10/2024,04:15:00,19.88,-0.528,0.796,-0.05,1.00,-3.80,-0.066,-0.07,8.384,4.13,21.40 ,not present ,0.00 ,0.00 ,
28/10/2024,04:30:00,19.83,-0.475,0.761,-0.03,1.00,-3.80,-0.033,-0.06,8.384,4.13,21.20 ,not present ,0.00 ,0.00 ,
28/10/2024,04:45:00,19.76,-0.437,0.717,-0.01,1.00,-3.80,0.044,-0.06,8.388,4.13,21.40 ,not present ,0.00 ,0.00 ,
28/10/2024,05:00:00,19.74,-0.476,0.683,-0.01,1.00,-3.80,0.000,-0.06,8.388,4.13,21.20 ,not present ,0.00 ,0.00 ,
28/10/2024,05:15:00,19.74,-0.426,0.000,0.00,1.00,-3.80,-0.023,-0.05,8.388,4.12,21.10 ,not present ,0.00 ,0.00 ,
28/10/2024,05:30:00,19.72,-0.605,0.622,-0.01,1.00,-3.80,-0.022,-0.08,8.388,4.12,21.20 ,not present ,0.00 ,0.00 ,
28/10/2024,05:45:00,19.70,-0.623,0.583,0.00,1.00,-3.80,0.024,-0.08,8.388,4.12,21.10 ,not present ,0.00 ,0.00 ,
28/10/2024,06:00:00,19.63,-0.449,0.000,0.00,1.00,-3.80,0.049,-0.06,8.392,4.12,21.10 ,not present ,0.00 ,0.00 ,
28/10/2024,06:15:00,19.48,-0.191,0.000,0.00,1.00,-3.80,0.025,-0.02,8.399,4.12,20.90 ,not present ,0.00 ,0.00 ,
28/10/2024,06:30:00,19.39,-0.426,0.000,0.00,1.00,-3.80,-0.015,-0.05,8.403,4.12,20.90 ,not present ,0.00 ,0.00 ,
28/10/2024,06:45:00,19.33,-0.500,0.000,0.00,1.00,-3.80,0.060,-0.06,8.403,4.12,20.90 ,not present ,0.00 ,0.00 ,
28/10/2024,07:00:00,19.31,-0.458,0.000,0.00,1.00,-3.80,-0.025,-0.06,8.403,4.12,20.80 ,not present ,0.00 ,0.00 ,
28/10/2024,07:15:00,19.20,-0.341,0.000,0.00,1.00,-3.80,0.095,-0.04,8.406,4.12,20.80 ,not present ,0.00 ,0.00 ,
28/10/2024,07:30:00,19.04,-0.427,0.000,0.00,1.00,-3.80,0.225,-0.05,8.414,4.11,20.80 ,not present ,0.00 ,0.00 ,
28/10/2024,07:45:00,19.04,-0.504,0.000,0.00,1.00,-3.80,0.086,-0.06,8.414,4.11,20.70 ,not present ,0.00 ,0.00 ,
28/10/2024,08:00:00,19.46,-2.104,0.545,-0.19,1.00,-3.80,-0.638,-0.28,8.399,4.11,20.90 ,not present ,0.00 ,0.00 ,
28/10/2024,08:15:00,20.19,-2.444,0.829,-0.32,1.00,-3.80,-0.466,-0.33,8.373,4.11,21.90 ,not present ,0.00 ,0.00 ,
28/10/2024,08:30:00,20.61,-1.554,1.132,-0.28,1.00,-3.80,-0.460,-0.21,8.355,4.11,22.60 ,not present ,0.00 ,0.00 ,
28/10/2024,08:45:00,21.13,-1.357,1.775,-0.44,1.00,-3.80,-0.641,-0.18,8.337,4.11,23.10 ,not present ,0.00 ,0.00 ,
28/10/2024,09:00:00,21.58,-1.264,1.884,-0.45,1.00,-3.80,-0.681,-0.17,8.323,4.11,23.70 ,not present ,0.00 ,0.00 ,
28/10/2024,09:15:00,21.86,-1.370,2.513,-0.64,1.00,-3.80,-0.725,-0.18,8.312,4.11,24.20 ,not present ,0.00 ,0.00 ,
28/10/2024,09:30:00,22.18,-0.847,2.264,-0.49,1.00,-3.80,-0.532,-0.11,8.301,4.11,24.70 ,not present ,0.00 ,0.00 ,
28/10/2024,09:45:00,22.39,-1.452,2.092,-0.52,1.00,-3.80,-0.659,-0.19,8.294,4.11,24.60 ,not present ,0.00 ,0.00 ,
28/10/2024,10:00:00,22.71,-1.921,2.320,-0.64,1.00,-3.80,-0.955,-0.26,8.279,4.10,25.20 ,not present ,0.00 ,0.00 ,
28/10/2024,10:15:00,23.05,-1.644,2.580,-0.67,1.00,-3.80,-0.888,-0.22,8.269,4.10,25.50 ,not present ,0.00 ,0.00 ,
28/10/2024,10:30:00,23.37,-1.374,2.592,-0.63,1.00,-3.80,-0.648,-0.18,8.258,4.10,25.90 ,not present ,0.00 ,0.00 ,
28/10/2024,10:45:00,23.61,-1.786,2.568,-0.68,1.00,-3.80,-0.802,-0.24,8.247,4.10,26.20 ,not present ,0.00 ,0.00 ,
28/10/2024,11:00:00,23.95,-1.839,2.975,-0.79,1.00,-3.80,-0.851,-0.24,8.237,4.10,26.60 ,not present ,0.00 ,0.00 ,
28/10/2024,11:15:00,24.52,-2.295,2.588,-0.73,1.00,-3.80,-1.028,-0.30,8.215,4.10,27.00 ,not present ,0.00 ,0.00 ,
28/10/2024,11:30:00,25.22,-2.381,3.148,-0.88,1.00,-3.80,-1.089,-0.31,8.191,4.10,27.50 ,not present ,0.00 ,0.00 ,
28/10/2024,11:45:00,25.98,-2.719,2.716,-0.79,1.00,-3.80,-1.229,-0.36,8.166,4.10,28.60 ,not present ,0.00 ,0.00 ,
28/10/2024,12:00:00,26.95,-1.505,3.010,-0.68,1.00,-3.80,-0.533,-0.20,8.130,4.09,29.40 ,not present ,0.00 ,0.00 ,
28/10/2024,12:15:00,27.19,-2.609,3.231,-0.88,1.00,-3.80,-1.404,-0.34,8.123,4.09,30.10 ,not present ,0.00 ,0.00 ,
28/10/2024,12:30:00,27.28,-1.666,3.656,-0.86,1.00,-3.80,-0.886,-0.22,8.121,4.09,30.50 ,not present ,0.00 ,0.00 ,
28/10/2024,12:45:00,27.19,-1.843,3.658,-0.89,1.00,-3.80,-1.053,-0.24,8.123,4.09,30.70 ,not present ,0.00 ,0.00 ,
28/10/2024,13:00:00,27.08,-1.172,4.171,-0.93,1.00,-3.80,-0.737,-0.15,8.128,4.09,30.70 ,not present ,0.00 ,0.00 ,
28/10/2024,13:15:00,27.35,-2.157,3.936,-0.99,1.00,-3.80,-1.021,-0.28,8.116,4.09,31.00 ,not present ,0.00 ,0.00 ,
28/10/2024,13:30:00,27.37,-1.646,3.994,-0.94,1.00,-3.80,-0.840,-0.21,8.116,4.09,31.00 ,not present ,0.00 ,0.00 ,
28/10/2024,13:45:00,27.23,-1.208,4.282,-0.96,1.00,-3.80,-0.735,-0.16,8.121,4.09,30.90 ,not present ,0.00 ,0.00 ,
28/10/2024,14:00:00,27.27,-1.392,4.109,-0.94,1.00,-3.80,-0.786,-0.18,8.121,4.09,31.00 ,not present ,0.00 ,0.00 ,
28/10/2024,14:15:00,27.10,-1.219,3.981,-0.89,1.00,-3.80,-0.655,-0.16,8.123,4.09,30.80 ,not present ,0.00 ,0.00 ,
28/10/2024,14:30:00,27.14,-1.258,3.964,-0.89,1.00,-3.80,-0.776,-0.16,8.123,4.09,30.80 ,not present ,0.00 ,0.00 ,
28/10/2024,14:45:00,26.91,-1.074,4.313,-0.95,1.00,-3.80,-0.654,-0.14,8.130,4.08,30.70 ,not present ,0.00 ,0.00 ,
28/10/2024,15:00:00,26.86,-1.409,4.082,-0.94,1.00,-3.80,-0.800,-0.18,8.134,4.08,30.70 ,not present ,0.00 ,0.00 ,
28/10/2024,15:15:00,25.95,-0.995,4.001,-0.89,1.00,-3.80,-0.688,-0.13,8.166,4.08,30.20 ,not present ,0.00 ,0.00 ,
28/10/2024,15:30:00,25.58,-1.609,3.695,-0.91,1.00,-3.80,-0.926,-0.21,8.180,4.08,29.80 ,not present ,0.00 ,0.00 ,
28/10/2024,15:45:00,25.28,-1.384,3.729,-0.89,1.00,-3.80,-0.724,-0.18,8.191,4.08,29.50 ,not present ,0.00 ,0.00 ,
28/10/2024,16:00:00,25.13,-1.808,3.379,-0.86,1.00,-3.80,-0.840,-0.24,8.194,4.08,29.10 ,not present ,0.00 ,0.00 ,
28/10/2024,16:15:00,25.22,-1.620,3.471,-0.86,1.00,-3.80,-0.805,-0.21,8.191,4.08,28.90 ,not present ,0.00 ,0.00 ,
28/10/2024,16:30:00,25.23,-1.676,3.644,-0.91,1.00,-3.80,-0.937,-0.22,8.191,4.08,28.70 ,not present ,0.00 ,0.00 ,
28/10/2024,16:45:00,24.89,-1.907,3.634,-0.95,1.00,-3.80,-0.854,-0.25,8.205,4.08,28.60 ,not present ,0.00 ,0.00 ,
28/10/2024,17:00:00,23.87,0.053,4.504,-0.95,1.00,-3.80,-0.266,0.00,8.240,4.11,37.00 ,present ,11.88 ,150.60 ,
28/10/2024,17:15:00,24.09,-1.748,3.152,-0.82,1.00,-3.80,-0.512,-0.23,8.233,4.12,39.00 ,present ,11.86 ,151.80 ,
28/10/2024,17:30:00,24.44,-1.883,3.121,-0.82,1.00,-3.80,-0.631,-0.25,8.219,4.14,39.80 ,present ,11.82 ,152.10 ,
28/10/2024,17:45:00,24.56,-0.600,4.133,-0.91,1.00,-3.80,-0.216,-0.08,8.215,4.16,40.70 ,present ,11.81 ,150.89 ,
28/10/2024,18:00:00,24.32,-1.192,3.500,-0.83,1.00,-3.80,-0.565,-0.16,8.222,4.18,40.40 ,present ,11.79 ,147.30 ,
28/10/2024,18:15:00,24.30,-1.065,3.449,-0.80,1.00,-3.80,-0.502,-0.14,8.222,4.19,39.90 ,present ,11.80 ,122.10 ,
28/10/2024,18:30:00,23.98,-1.619,3.508,-0.90,1.00,-3.80,-0.737,-0.21,8.237,4.19,33.80 ,present ,11.83 ,52.20 ,
28/10/2024,18:45:00,24.03,-0.929,3.602,-0.83,1.00,-3.80,-0.664,-0.12,8.233,4.19,31.50 ,present ,11.86 ,43.20 ,
28/10/2024,19:00:00,23.80,-0.696,3.814,-0.86,1.00,-3.80,-0.393,-0.09,8.240,4.19,30.40 ,present ,11.88 ,41.70 ,
28/10/2024,19:15:00,23.61,-1.013,3.667,-0.87,1.00,-3.80,-0.576,-0.13,8.247,4.19,29.50 ,present ,11.88 ,41.70 ,
28/10/2024,19:30:00,23.44,-1.037,4.142,-1.01,1.00,-3.80,-0.560,-0.14,8.254,4.19,29.20 ,present ,11.88 ,41.40 ,
28/10/2024,19:45:00,23.26,-1.153,3.757,-0.93,1.00,-3.80,-0.558,-0.15,8.262,4.19,28.70 ,present ,11.88 ,41.10 ,
28/10/2024,20:00:00,23.29,-1.125,3.628,-0.89,1.00,-3.80,-0.611,-0.15,8.262,4.19,28.60 ,present ,11.88 ,41.40 ,
28/10/2024,20:15:00,23.20,-1.474,4.184,-1.09,1.00,-3.80,-0.746,-0.19,8.262,4.19,28.60 ,present ,11.88 ,41.70 ,
28/10/2024,20:30:00,23.11,-1.015,3.910,-0.95,1.00,-3.80,-0.511,-0.13,8.265,4.19,28.50 ,present ,11.88 ,41.10 ,
28/10/2024,20:45:00,23.06,-0.643,4.029,-0.94,1.00,-3.80,-0.369,-0.08,8.269,4.19,28.20 ,present ,11.88 ,41.10 ,
28/10/2024,21:00:00,23.02,-0.365,3.896,-0.86,1.00,-3.80,-0.263,-0.04,8.269,4.19,28.10 ,present ,11.88 ,41.10 ,
28/10/2024,21:15:00,22.95,-0.842,4.295,-1.04,1.00,-3.80,-0.488,-0.11,8.272,4.19,28.10 ,present ,11.88 ,40.80 ,
28/10/2024,21:30:00,22.72,-0.913,4.051,-0.99,1.00,-3.80,-0.531,-0.12,8.279,4.19,27.90 ,present ,11.88 ,40.80 ,
28/10/2024,21:45:00,22.82,-1.782,3.658,-1.00,1.00,-3.80,-0.737,-0.24,8.276,4.19,27.90 ,present ,11.84 ,40.80 ,
28/10/2024,22:00:00,23.38,-1.617,3.846,-1.01,1.00,-3.80,-0.748,-0.21,8.258,4.19,28.10 ,present ,11.84 ,41.10 ,
28/10/2024,22:15:00,23.56,-0.931,3.992,-0.95,1.00,-3.80,-0.526,-0.12,8.251,4.19,28.10 ,present ,11.88 ,40.80 ,
28/10/2024,22:30:00,23.52,-1.555,3.970,-1.03,1.00,-3.80,-0.734,-0.21,8.251,4.19,28.50 ,present ,11.85 ,41.40 ,
28/10/2024,22:45:00,23.52,-1.351,3.974,-1.00,1.00,-3.80,-0.709,-0.18,8.251,4.19,28.40 ,present ,11.84 ,40.50 ,
28/10/2024,23:00:00,23.33,-0.820,4.336,-1.04,1.00,-3.80,-0.493,-0.11,8.258,4.19,28.50 ,present ,11.84 ,41.10 ,
28/10/2024,23:15:00,23.27,-1.569,3.866,-1.01,1.00,-3.80,-0.729,-0.21,8.262,4.19,28.30 ,present ,11.84 ,40.80 ,
28/10/2024,23:30:00,23.50,-1.517,3.893,-1.00,1.00,-3.80,-0.796,-0.20,8.251,4.19,28.40 ,present ,11.84 ,40.80 ,
28/10/2024,23:45:00,23.64,-1.658,3.846,-1.01,1.00,-3.80,-0.797,-0.22,8.247,4.19,28.30 ,present ,11.85 ,41.40 ,
29/10/2024,00:00:00,23.00,-0.083,4.054,-0.87,1.00,-3.80,-0.210,-0.01,8.269,4.19,27.80 ,present ,11.84 ,40.20 ,
29/10/2024,00:15:00,22.43,-0.116,3.322,-0.69,1.00,-3.80,-0.327,-0.01,8.290,4.19,27.10 ,present ,11.84 ,40.20 ,
29/10/2024,00:30:00,22.01,0.050,2.822,-0.53,1.00,-3.80,-0.189,0.00,8.305,4.19,26.50 ,present ,11.84 ,39.90 ,
29/10/2024,00:45:00,21.63,-0.120,2.475,-0.46,1.00,-3.80,-0.233,-0.01,8.319,4.19,26.00 ,present ,11.84 ,40.20 ,
29/10/2024,01:00:00,21.19,0.015,2.533,-0.47,1.00,-3.80,-0.265,0.00,8.337,4.19,25.60 ,present ,11.84 ,40.50 ,
29/10/2024,01:15:00,20.78,-0.122,1.964,-0.33,1.00,-3.80,-0.205,-0.01,8.352,4.19,25.00 ,present ,11.84 ,40.20 ,
29/10/2024,01:30:00,20.51,-0.102,1.817,-0.29,1.00,-3.80,-0.274,-0.01,8.359,4.19,24.60 ,present ,11.84 ,40.50 ,
29/10/2024,01:45:00,20.23,0.047,1.740,-0.25,1.00,-3.80,-0.185,0.00,8.370,4.19,24.30 ,present ,11.84 ,39.90 ,
29/10/2024,02:00:00,20.01,-0.227,1.579,-0.24,1.00,-3.80,-0.145,-0.03,8.377,4.19,24.10 ,present ,11.84 ,39.90 ,
29/10/2024,02:15:00,19.92,-0.317,1.523,-0.24,1.00,-3.80,-0.212,-0.04,8.381,4.19,23.70 ,present ,11.84 ,40.20 ,
29/10/2024,02:30:00,19.81,-0.304,1.434,-0.21,1.00,-3.80,-0.225,-0.04,8.384,4.19,23.70 ,present ,11.84 ,40.20 ,
29/10/2024,02:45:00,19.74,-0.330,1.328,-0.18,1.00,-3.80,-0.162,-0.04,8.388,4.19,23.40 ,present ,11.84 ,39.90 ,
29/10/2024,03:00:00,19.69,-0.268,1.284,-0.16,1.00,-3.80,-0.024,-0.03,8.392,4.19,23.40 ,present ,11.80 ,40.20 ,
29/10/2024,03:15:00,19.58,-0.264,1.232,-0.15,1.00,-3.80,-0.186,-0.03,8.395,4.19,23.40 ,present ,11.80 ,40.20 ,
29/10/2024,03:30:00,19.53,-0.432,1.213,-0.17,1.00,-3.80,-0.186,-0.05,8.395,4.19,23.20 ,present ,11.80 ,40.50 ,
29/10/2024,03:45:00,19.51,-0.204,1.186,-0.13,1.00,-3.80,-0.077,-0.02,8.395,4.19,23.40 ,present ,11.80 ,40.50 ,
29/10/2024,04:00:00,19.38,0.067,1.179,-0.09,1.00,-3.80,-0.110,0.00,8.403,4.19,23.20 ,present ,11.80 ,40.50 ,
29/10/2024,04:15:00,19.23,-0.076,1.138,-0.10,1.00,-3.80,-0.036,-0.01,8.406,4.19,23.10 ,present ,11.80 ,40.20 ,
29/10/2024,04:30:00,19.13,-0.335,1.136,-0.13,1.00,-3.80,-0.140,-0.04,8.410,4.19,22.90 ,present ,11.80 ,39.90 ,
29/10/2024,04:45:00,19.05,-0.374,1.019,-0.10,1.00,-3.80,-0.063,-0.05,8.414,4.19,22.90 ,present ,11.80 ,39.90 ,
29/10/2024,05:00:00,19.01,-0.374,0.985,-0.09,1.00,-3.80,-0.042,-0.05,8.414,4.19,22.60 ,present ,11.80 ,40.50 ,
29/10/2024,05:15:00,18.93,-0.312,0.992,-0.09,1.00,-3.80,-0.067,-0.04,8.417,4.19,22.80 ,present ,11.80 ,40.20 ,
29/10/2024,05:30:00,18.82,-0.272,0.958,-0.07,1.00,-3.80,-0.052,-0.03,8.421,4.19,22.60 ,present ,11.80 ,40.20 ,
29/10/2024,05:45:00,18.69,-0.314,0.981,-0.09,1.00,-3.80,-0.162,-0.04,8.428,4.19,22.30 ,present ,11.80 ,39.90 ,
29/10/2024,06:00:00,18.63,-0.389,0.962,-0.09,1.00,-3.80,-0.048,-0.05,8.428,4.19,22.30 ,present ,11.80 ,39.90 ,
29/10/2024,06:15:00,18.64,-0.430,0.859,-0.06,1.00,-3.80,-0.148,-0.05,8.428,4.19,22.30 ,present ,11.80 ,40.50 ,
29/10/2024,06:30:00,18.65,-0.475,0.823,-0.06,1.00,-3.80,-0.029,-0.06,8.428,4.19,22.40 ,present ,11.80 ,40.20 ,
29/10/2024,06:45:00,18.61,-0.413,0.787,-0.04,1.00,-3.80,0.046,-0.05,8.428,4.19,22.50 ,present ,11.77 ,40.50 ,
29/10/2024,07:00:00,18.57,-0.278,0.797,-0.02,1.00,-3.80,-0.110,-0.03,8.432,4.19,22.20 ,present ,11.77 ,40.50 ,
29/10/2024,07:15:00,18.46,-0.155,0.917,-0.05,1.00,-3.80,0.081,-0.02,8.436,4.19,22.10 ,present ,11.77 ,40.50 ,
29/10/2024,07:30:00,18.21,-0.356,1.068,-0.13,1.00,-3.80,-0.126,-0.04,8.443,4.19,22.20 ,present ,11.77 ,40.50 ,
29/10/2024,07:45:00,18.02,-0.380,1.270,-0.20,1.00,-3.80,-0.154,-0.05,8.451,4.19,22.20 ,present ,11.77 ,40.50 ,
29/10/2024,08:00:00,18.48,-1.330,0.743,-0.15,1.00,-3.80,-0.544,-0.18,8.436,4.19,22.20 ,present ,11.77 ,40.80 ,
29/10/2024,08:15:00,19.22,-1.229,1.102,-0.24,1.00,-3.80,-0.384,-0.16,8.406,4.19,23.00 ,present ,11.78 ,41.40 ,
29/10/2024,08:30:00,19.84,-1.845,1.753,-0.52,1.00,-3.80,-0.809,-0.25,8.384,4.19,23.70 ,present ,11.74 ,41.70 ,
29/10/2024,08:45:00,20.26,-1.636,2.338,-0.66,1.00,-3.80,-0.813,-0.22,8.370,4.19,24.50 ,present ,11.78 ,41.40 ,
29/10/2024,09:00:00,20.49,-1.191,2.846,-0.75,1.00,-3.80,-0.574,-0.16,8.362,4.19,25.00 ,present ,11.78 ,41.70 ,
29/10/2024,09:15:00,20.85,-1.624,2.748,-0.77,1.00,-3.80,-0.722,-0.22,8.348,4.19,25.40 ,present ,11.78 ,41.70 ,
29/10/2024,09:30:00,21.28,-1.564,2.701,-0.74,1.00,-3.80,-0.692,-0.21,8.333,4.19,25.80 ,present ,11.74 ,41.40 ,
29/10/2024,09:45:00,21.77,-2.183,2.693,-0.81,1.00,-3.80,-0.888,-0.29,8.315,4.19,26.20 ,present ,11.78 ,41.70 ,
29/10/2024,10:00:00,22.67,-2.588,3.071,-0.95,1.00,-3.80,-1.157,-0.35,8.283,4.19,27.00 ,present ,11.78 ,41.70 ,
29/10/2024,10:15:00,23.33,-1.487,3.339,-0.85,1.00,-3.80,-0.718,-0.20,8.258,4.19,27.90 ,present ,11.78 ,41.70 ,
29/10/2024,10:30:00,23.44,-0.881,3.477,-0.81,1.00,-3.80,-0.552,-0.11,8.254,4.19,28.40 ,present ,11.78 ,41.40 ,
29/10/2024,10:45:00,23.31,-1.854,3.365,-0.91,1.00,-3.80,-0.886,-0.25,8.258,4.19,28.70 ,present ,11.78 ,41.40 ,
29/10/2024,11:00:00,23.34,-0.345,4.431,-1.00,1.00,-3.80,-0.413,-0.04,8.258,4.19,28.70 ,present ,11.77 ,40.80 ,
29/10/2024,11:15:00,23.51,-2.057,3.813,-1.06,1.00,-3.80,-0.979,-0.27,8.251,4.19,29.10 ,present ,11.77 ,40.80 ,
29/10/2024,11:30:00,23.90,-2.556,3.376,-0.99,1.00,-3.80,-1.171,-0.34,8.237,4.19,29.30 ,present ,11.77 ,40.50 ,
29/10/2024,11:45:00,24.24,-1.973,3.621,-0.97,1.00,-3.80,-0.968,-0.26,8.226,4.19,29.70 ,present ,11.77 ,40.80 ,
29/10/2024,12:00:00,24.44,-2.111,3.488,-0.95,1.00,-3.80,-0.972,-0.28,8.219,4.19,30.00 ,present ,11.77 ,40.80 ,
29/10/2024,12:15:00,24.49,-1.403,6.389,-1.63,1.00,-3.80,-0.711,-0.18,8.219,4.19,30.30 ,present ,11.77 ,40.80 ,
29/10/2024,12:30:00,24.73,-2.643,3.583,-1.04,1.00,-3.80,-1.064,-0.35,8.208,4.19,30.40 ,present ,11.77 ,40.80 ,
29/10/2024,12:45:00,25.30,-2.083,3.833,-1.01,1.00,-3.80,-0.910,-0.27,8.187,4.19,30.60 ,present ,11.77 ,40.80 ,
29/10/2024,13:00:00,25.79,-2.697,3.940,-1.11,1.00,-3.80,-1.154,-0.36,8.173,4.19,31.20 ,present ,11.74 ,41.10 ,
29/10/2024,13:15:00,26.06,-1.837,4.259,-1.07,1.00,-3.80,-0.851,-0.24,8.161,4.19,31.20 ,present ,11.74 ,41.10 ,
29/10/2024,13:30:00,26.87,-1.558,4.462,-1.06,1.00,-3.80,-0.841,-0.20,8.134,4.19,31.90 ,present ,11.77 ,41.10 ,
29/10/2024,13:45:00,27.07,-1.252,4.418,-1.00,1.00,-3.80,-0.688,-0.16,8.128,4.19,32.40 ,present ,11.77 ,41.10 ,
29/10/2024,14:00:00,26.45,-2.017,4.798,-1.22,1.00,-3.80,-1.089,-0.26,8.148,4.19,32.30 ,present ,11.77 ,40.80 ,
29/10/2024,14:15:00,26.92,-1.626,4.687,-1.12,1.00,-3.80,-0.681,-0.21,8.130,4.19,32.40 ,present ,11.77 ,40.80 ,
29/10/2024,14:30:00,26.84,-1.617,4.837,-1.16,1.00,-3.80,-0.747,-0.21,8.134,4.19,32.40 ,present ,11.74 ,41.10 ,
29/10/2024,14:45:00,26.77,-0.860,5.125,-1.13,1.00,-3.80,-0.474,-0.11,8.137,4.19,32.20 ,present ,11.77 ,40.80 ,
29/10/2024,15:00:00,26.71,-1.768,4.700,-1.15,1.00,-3.80,-0.978,-0.23,8.137,4.19,32.40 ,present ,11.77 ,41.10 ,
29/10/2024,15:15:00,26.26,-1.623,4.778,-1.16,1.00,-3.80,-0.975,-0.21,8.154,4.19,32.30 ,present ,11.77 ,40.80 ,
29/10/2024,15:30:00,25.89,-2.242,4.189,-1.11,1.00,-3.80,-1.107,-0.30,8.168,4.19,32.09 ,present ,11.77 ,40.50 ,
29/10/2024,15:45:00,25.88,-2.127,4.190,-1.09,1.00,-3.80,-0.938,-0.28,8.168,4.19,32.00 ,present ,11.74 ,40.80 ,
29/10/2024,16:00:00,25.69,-2.186,4.384,-1.16,1.00,-3.80,-0.905,-0.29,8.175,4.19,31.80 ,present ,11.74 ,41.10 ,
29/10/2024,16:15:00,26.04,-2.047,4.555,-1.17,1.00,-3.80,-0.917,-0.27,8.161,4.19,31.60 ,present ,11.74 ,40.80 ,
29/10/2024,16:30:00,26.17,-1.721,4.522,-1.12,1.00,-3.80,-0.956,-0.23,8.159,4.19,31.80 ,present ,11.74 ,41.10 ,
29/10/2024,16:45:00,25.84,-0.813,5.105,-1.15,1.00,-3.80,-0.645,-0.10,8.168,4.19,31.60 ,present ,11.74 ,41.10 ,
29/10/2024,17:00:00,25.49,-0.030,4.418,-0.88,1.00,-3.80,-0.267,0.00,8.184,4.19,31.20 ,present ,11.74 ,40.80 ,
29/10/2024,17:15:00,25.22,-0.870,4.209,-0.95,1.00,-3.80,-0.398,-0.11,8.191,4.19,30.80 ,present ,11.74 ,40.80 ,
29/10/2024,17:30:00,25.18,-1.203,4.391,-1.04,1.00,-3.80,-0.708,-0.16,8.194,4.19,30.60 ,present ,11.74 ,40.80 ,
29/10/2024,17:45:00,25.06,-1.295,4.158,-1.00,1.00,-3.80,-0.805,-0.17,8.198,4.19,30.40 ,present ,11.73 ,40.50 ,
29/10/2024,18:00:00,24.67,-1.389,4.279,-1.05,1.00,-3.80,-0.697,-0.18,8.212,4.19,30.10 ,present ,11.74 ,41.10 ,
29/10/2024,18:15:00,24.48,-0.876,4.292,-1.00,1.00,-3.80,-0.585,-0.11,8.219,4.19,29.90 ,present ,11.74 ,40.80 ,
29/10/2024,18:30:00,24.52,-1.142,4.533,-1.09,1.00,-3.80,-0.593,-0.15,8.215,4.19,29.90 ,present ,11.74 ,40.80 ,
29/10/2024,18:45:00,24.15,-1.626,4.100,-1.06,1.00,-3.80,-0.939,-0.21,8.229,4.19,29.50 ,present ,11.73 ,40.20 ,
29/10/2024,19:00:00,24.07,-1.748,4.185,-1.10,1.00,-3.80,-0.844,-0.23,8.233,4.19,28.20 ,not present ,0.00 ,0.00 ,
29/10/2024,19:15:00,24.16,-0.859,3.920,-0.90,1.00,-3.80,-0.559,-0.11,8.229,4.18,27.70 ,not present ,0.00 ,0.00 ,
29/10/2024,19:30:00,24.17,-1.259,3.990,-0.98,1.00,-3.80,-0.637,-0.16,8.229,4.18,27.20 ,not present ,0.00 ,0.00 ,
29/10/2024,19:45:00,24.05,-1.402,3.336,-0.82,1.00,-3.80,-0.641,-0.18,8.233,4.18,27.10 ,not present ,0.00 ,0.00 ,
29/10/2024,20:00:00,23.99,-1.788,3.047,-0.80,1.00,-3.80,-0.813,-0.24,8.237,4.18,27.10 ,not present ,0.00 ,0.00 ,
29/10/2024,20:15:00,24.40,-1.362,2.875,-0.68,1.00,-3.80,-0.672,-0.18,8.219,4.18,27.10 ,not present ,0.00 ,0.00 ,
29/10/2024,20:30:00,24.53,-1.265,3.214,-0.76,1.00,-3.80,-0.742,-0.17,8.215,4.18,27.20 ,not present ,0.00 ,0.00 ,
29/10/2024,20:45:00,24.53,-1.434,2.934,-0.71,1.00,-3.80,-0.722,-0.19,8.215,4.18,27.20 ,not present ,0.00 ,0.00 ,
29/10/2024,21:00:00,24.50,-1.478,2.893,-0.70,1.00,-3.80,-0.626,-0.19,8.215,4.18,27.40 ,not present ,0.00 ,0.00 ,
29/10/2024,21:15:00,24.67,-1.419,2.904,-0.69,1.00,-3.80,-0.648,-0.19,8.212,4.17,27.30 ,not present ,0.00 ,0.00 ,
29/10/2024,21:30:00,24.78,-1.496,2.852,-0.69,1.00,-3.80,-0.856,-0.20,8.208,4.17,27.40 ,not present ,0.00 ,0.00 ,
29/10/2024,21:45:00,24.81,-1.436,2.900,-0.69,1.00,-3.80,-0.819,-0.19,8.205,4.17,27.40 ,not present ,0.00 ,0.00 ,
29/10/2024,22:00:00,24.74,-1.510,2.695,-0.65,1.00,-3.80,-0.805,-0.20,8.208,4.17,27.40 ,not present ,0.00 ,0.00 ,
29/10/2024,22:15:00,24.65,-1.551,2.787,-0.68,1.00,-3.80,-0.791,-0.20,8.212,4.17,27.30 ,not present ,0.00 ,0.00 ,
29/10/2024,22:30:00,24.62,-1.495,2.664,-0.64,1.00,-3.80,-0.737,-0.20,8.212,4.17,27.40 ,not present ,0.00 ,0.00 ,
29/10/2024,22:45:00,24.58,-1.398,2.656,-0.63,1.00,-3.80,-0.781,-0.18,8.215,4.17,27.50 ,not present ,0.00 ,0.00 ,
29/10/2024,23:00:00,24.51,-1.274,2.553,-0.58,1.00,-3.80,-0.803,-0.17,8.215,4.17,27.20 ,not present ,0.00 ,0.00 ,
29/10/2024,23:15:00,24.51,-1.603,2.384,-0.58,1.00,-3.80,-0.804,-0.21,8.215,4.17,27.20 ,not present ,0.00 ,0.00 ,
29/10/2024,23:30:00,24.60,-1.582,2.325,-0.56,1.00,-3.80,-0.812,-0.21,8.212,4.16,27.10 ,not present ,0.00 ,0.00 ,
29/10/2024,23:45:00,24.63,-1.588,2.215,-0.53,1.00,-3.80,-0.806,-0.21,8.212,4.16,27.20 ,not present ,0.00 ,0.00 ,
30/10/2024,00:00:00,23.85,0.024,2.435,-0.39,1.00,-3.80,-0.340,0.00,8.240,4.16,26.60 ,not present ,0.00 ,0.00 ,
30/10/2024,00:15:00,23.15,-0.078,1.790,-0.24,1.00,-3.80,-0.265,-0.01,8.265,4.16,25.90 ,not present ,0.00 ,0.00 ,
30/10/2024,00:30:00,22.64,-0.125,1.440,-0.15,1.00,-3.80,-0.275,-0.01,8.283,4.16,25.10 ,not present ,0.00 ,0.00 ,
30/10/2024,00:45:00,22.14,-0.155,1.277,-0.12,1.00,-3.80,-0.172,-0.02,8.301,4.16,24.50 ,not present ,0.00 ,0.00 ,
30/10/2024,01:00:00,21.78,-0.195,1.120,-0.08,1.00,-3.80,-0.111,-0.02,8.315,4.16,23.90 ,not present ,0.00 ,0.00 ,
30/10/2024,01:15:00,21.47,-0.177,0.992,-0.04,1.00,-3.80,-0.143,-0.02,8.326,4.16,23.50 ,not present ,0.00 ,0.00 ,
30/10/2024,01:30:00,21.25,-0.232,0.854,-0.01,1.00,-3.80,0.035,-0.03,8.333,4.15,23.20 ,not present ,0.00 ,0.00 ,
30/10/2024,01:45:00,20.95,-0.281,0.786,0.00,1.00,-3.80,0.032,-0.03,8.344,4.15,22.90 ,not present ,0.00 ,0.00 ,
30/10/2024,02:00:00,20.60,-0.310,0.000,0.00,1.00,-3.80,0.000,-0.04,8.355,4.15,22.50 ,not present ,0.00 ,0.00 ,
30/10/2024,02:15:00,20.26,-0.437,0.000,0.00,1.00,-3.80,0.012,-0.06,8.370,4.15,22.20 ,not present ,0.00 ,0.00 ,
30/10/2024,02:30:00,20.25,-0.438,0.000,0.00,1.00,-3.80,0.065,-0.06,8.370,4.15,22.10 ,not present ,0.00 ,0.00 ,
30/10/2024,02:45:00,20.20,-0.443,0.000,0.00,1.00,-3.80,-0.124,-0.06,8.370,4.15,21.70 ,not present ,0.00 ,0.00 ,
30/10/2024,03:00:00,20.04,-0.581,0.000,0.00,1.00,-3.80,0.103,-0.07,8.377,4.15,21.80 ,not present ,0.00 ,0.00 ,
30/10/2024,03:15:00,19.95,-0.505,0.000,0.00,1.00,-3.80,0.066,-0.06,8.381,4.15,21.50 ,not present ,0.00 ,0.00 ,
30/10/2024,03:30:00,19.87,-0.405,0.000,0.00,1.00,-3.80,0.036,-0.05,8.384,4.15,21.30 ,not present ,0.00 ,0.00 ,
30/10/2024,03:45:00,19.74,-0.559,0.000,0.00,1.00,-3.80,0.142,-0.07,8.388,4.15,21.30 ,not present ,0.00 ,0.00 ,
30/10/2024,04:00:00,19.65,-0.491,0.000,0.00,1.00,-3.80,0.033,-0.06,8.392,4.15,21.30 ,not present ,0.00 ,0.00 ,
30/10/2024,04:15:00,19.50,-0.572,0.000,0.00,1.00,-3.80,0.045,-0.07,8.395,4.14,21.10 ,not present ,0.00 ,0.00 ,
30/10/2024,04:30:00,19.48,-0.504,0.000,0.00,1.00,-3.80,0.043,-0.06,8.399,4.14,21.00 ,not present ,0.00 ,0.00 ,
30/10/2024,04:45:00,19.45,-0.518,0.000,0.00,1.00,-3.80,0.101,-0.07,8.399,4.14,20.80 ,not present ,0.00 ,0.00 ,
30/10/2024,05:00:00,19.41,-0.502,0.000,0.00,1.00,-3.80,0.086,-0.06,8.399,4.14,20.90 ,not present ,0.00 ,0.00 ,
30/10/2024,05:15:00,19.41,-0.488,0.000,0.00,1.00,-3.80,0.059,-0.06,8.399,4.14,20.90 ,not present ,0.00 ,0.00 ,
30/10/2024,05:30:00,19.42,-0.554,0.000,0.00,1.00,-3.80,0.133,-0.07,8.399,4.14,20.80 ,not present ,0.00 ,0.00 ,
30/10/2024,05:45:00,19.42,-0.577,0.000,0.00,1.00,-3.80,0.060,-0.07,8.399,4.14,20.90 ,not present ,0.00 ,0.00 ,
30/10/2024,06:00:00,19.44,-0.677,0.000,0.00,1.00,-3.80,-0.011,-0.09,8.399,4.14,20.80 ,not present ,0.00 ,0.00 ,
30/10/2024,06:15:00,19.38,-0.541,0.000,0.00,1.00,-3.80,0.110,-0.07,8.403,4.13,20.80 ,not present ,0.00 ,0.00 ,
30/10/2024,06:30:00,19.34,-0.635,0.000,0.00,1.00,-3.80,0.106,-0.08,8.403,4.13,20.70 ,not present ,0.00 ,0.00 ,
30/10/2024,06:45:00,19.34,-0.581,0.000,0.00,1.00,-3.80,0.082,-0.08,8.403,4.13,20.80 ,not present ,0.00 ,0.00 ,
30/10/2024,07:00:00,19.35,-0.657,0.000,0.00,1.00,-3.80,0.113,-0.09,8.403,4.13,20.80 ,not present ,0.00 ,0.00 ,
30/10/2024,07:15:00,19.34,-0.582,0.000,0.00,1.00,-3.80,0.151,-0.08,8.403,4.13,20.80 ,not present ,0.00 ,0.00 ,
30/10/2024,07:30:00,19.35,-0.550,0.000,0.00,1.00,-3.80,0.132,-0.07,8.403,4.13,20.80 ,not present ,0.00 ,0.00 ,
30/10/2024,07:45:00,19.23,-0.607,0.000,0.00,1.00,-3.80,0.124,-0.08,8.406,4.13,20.80 ,not present ,0.00 ,0.00 ,
30/10/2024,08:00:00,19.69,-1.934,0.123,-0.04,1.00,-3.80,-0.463,-0.26,8.392,4.13,21.10 ,not present ,0.00 ,0.00 ,
30/10/2024,08:15:00,20.40,-2.038,0.139,-0.05,1.00,-3.80,-0.207,-0.27,8.362,4.13,21.90 ,not present ,0.00 ,0.00 ,
30/10/2024,08:30:00,21.04,-2.107,0.307,-0.11,1.00,-3.80,-0.001,-0.28,8.341,4.13,22.70 ,not present ,0.00 ,0.00 ,
30/10/2024,08:45:00,21.41,-2.380,0.425,-0.18,1.00,-3.80,-0.102,-0.32,8.326,4.12,23.30 ,not present ,0.00 ,0.00 ,
30/10/2024,09:00:00,21.79,-2.234,0.675,-0.23,1.00,-3.80,-0.144,-0.30,8.315,4.12,23.70 ,not present ,0.00 ,0.00 ,
30/10/2024,09:15:00,22.03,-1.073,1.188,-0.22,1.00,-3.80,0.110,-0.14,8.305,4.12,24.20 ,not present ,0.00 ,0.00 ,
30/10/2024,09:30:00,22.11,-2.083,1.519,-0.45,1.00,-3.80,-0.843,-0.28,8.301,4.12,24.50 ,not present ,0.00 ,0.00 ,
30/10/2024,09:45:00,22.44,-1.643,1.510,-0.38,1.00,-3.80,-0.780,-0.22,8.290,4.12,25.00 ,not present ,0.00 ,0.00 ,
30/10/2024,10:00:00,22.59,-0.868,1.394,-0.24,1.00,-3.80,-0.425,-0.11,8.287,4.12,25.30 ,not present ,0.00 ,0.00 ,
30/10/2024,10:15:00,22.71,-1.826,1.596,-0.43,1.00,-3.80,-0.891,-0.24,8.279,4.12,25.50 ,not present ,0.00 ,0.00 ,
30/10/2024,10:30:00,23.13,-1.468,1.596,-0.37,1.00,-3.80,-0.653,-0.19,8.265,4.12,25.90 ,not present ,0.00 ,0.00 ,
30/10/2024,10:45:00,23.20,-1.526,1.702,-0.41,1.00,-3.80,-0.720,-0.20,8.262,4.11,26.20 ,not present ,0.00 ,0.00 ,
30/10/2024,11:00:00,23.40,-1.700,1.497,-0.37,1.00,-3.80,-0.826,-0.23,8.254,4.11,26.30 ,not present ,0.00 ,0.00 ,
30/10/2024,11:15:00,23.76,-2.056,1.813,-0.50,1.00,-3.80,-0.978,-0.27,8.244,4.11,26.60 ,not present ,0.00 ,0.00 ,
30/10/2024,11:30:00,24.10,-1.647,1.508,-0.36,1.00,-3.80,-0.681,-0.22,8.229,4.11,27.00 ,not present ,0.00 ,0.00 ,
30/10/2024,11:45:00,24.40,-1.712,1.623,-0.40,1.00,-3.80,-0.714,-0.23,8.219,4.11,27.20 ,not present ,0.00 ,0.00 ,
30/10/2024,12:00:00,24.46,-1.267,1.878,-0.40,1.00,-3.80,-0.638,-0.17,8.219,4.11,27.30 ,not present ,0.00 ,0.00 ,
30/10/2024,12:15:00,24.46,-1.641,1.772,-0.43,1.00,-3.80,-0.714,-0.22,8.219,4.11,27.40 ,not present ,0.00 ,0.00 ,
30/10/2024,12:30:00,24.74,-1.513,1.685,-0.38,1.00,-3.80,-0.725,-0.20,8.208,4.11,27.70 ,not present ,0.00 ,0.00 ,
30/10/2024,12:45:00,25.01,-1.708,1.878,-0.46,1.00,-3.80,-0.823,-0.22,8.198,4.11,27.90 ,not present ,0.00 ,0.00 ,
30/10/2024,13:00:00,25.23,-2.263,1.773,-0.50,1.00,-3.80,-0.972,-0.30,8.191,4.11,28.30 ,not present ,0.00 ,0.00 ,
30/10/2024,13:15:00,25.29,-1.453,1.900,-0.42,1.00,-3.80,-0.757,-0.19,8.191,4.10,28.70 ,not present ,0.00 ,0.00 ,
30/10/2024,13:30:00,25.58,-2.227,2.003,-0.55,1.00,-3.80,-0.954,-0.29,8.180,4.10,29.00 ,not present ,0.00 ,0.00 ,
30/10/2024,13:45:00,25.96,-0.871,2.324,-0.44,1.00,-3.80,-0.544,-0.11,8.166,4.10,29.30 ,not present ,0.00 ,0.00 ,
30/10/2024,14:00:00,26.15,-1.971,2.214,-0.56,1.00,-3.80,-0.808,-0.26,8.159,4.10,29.50 ,not present ,0.00 ,0.00 ,
30/10/2024,14:15:00,26.06,-2.245,2.139,-0.58,1.00,-3.80,-1.177,-0.30,8.161,4.10,29.50 ,not present ,0.00 ,0.00 ,
30/10/2024,14:30:00,25.97,-1.711,2.277,-0.54,1.00,-3.80,-0.755,-0.22,8.166,4.10,29.50 ,not present ,0.00 ,0.00 ,
30/10/2024,14:45:00,26.23,-1.635,2.453,-0.58,1.00,-3.80,-0.803,-0.21,8.154,4.10,29.60 ,not present ,0.00 ,0.00 ,
30/10/2024,15:00:00,26.09,-1.132,2.517,-0.53,1.00,-3.80,-0.671,-0.15,8.161,4.10,29.70 ,not present ,0.00 ,0.00 ,
30/10/2024,15:15:00,26.24,-2.013,2.623,-0.67,1.00,-3.80,-1.006,-0.26,8.154,4.09,29.60 ,not present ,0.00 ,0.00 ,
30/10/2024,15:30:00,26.35,-1.767,2.609,-0.63,1.00,-3.80,-0.905,-0.23,8.152,4.09,29.80 ,not present ,0.00 ,0.00 ,
30/10/2024,15:45:00,26.41,-0.963,2.726,-0.55,1.00,-3.80,-0.620,-0.12,8.148,4.09,30.00 ,not present ,0.00 ,0.00 ,
30/10/2024,16:00:00,26.42,-1.046,2.797,-0.58,1.00,-3.80,-0.535,-0.13,8.148,4.09,29.90 ,not present ,0.00 ,0.00 ,
30/10/2024,16:15:00,26.26,-0.880,2.916,-0.59,1.00,-3.80,-0.592,-0.11,8.154,4.09,29.80 ,not present ,0.00 ,0.00 ,
30/10/2024,16:30:00,25.95,-1.786,2.572,-0.63,1.00,-3.80,-0.847,-0.23,8.166,4.09,29.60 ,not present ,0.00 ,0.00 ,
30/10/2024,16:45:00,25.62,-1.769,2.618,-0.65,1.00,-3.80,-0.928,-0.23,8.175,4.09,29.30 ,not present ,0.00 ,0.00 ,
30/10/2024,17:00:00,25.47,-1.467,2.316,-0.53,1.00,-3.80,-0.756,-0.19,8.184,4.09,29.10 ,not present ,0.00 ,0.00 ,
30/10/2024,17:15:00,25.29,-1.603,2.491,-0.60,1.00,-3.80,-0.828,-0.21,8.191,4.09,28.80 ,not present ,0.00 ,0.00 ,
30/10/2024,17:30:00,24.76,-2.115,2.143,-0.58,1.00,-3.80,-0.832,-0.28,8.208,4.13,38.20 ,present ,12.42 ,160.20 ,
30/10/2024,17:45:00,25.46,-2.033,2.323,-0.61,1.00,-3.80,-0.523,-0.27,8.184,4.15,45.20 ,present ,12.41 ,159.60 ,
30/10/2024,18:00:00,25.82,-1.867,2.585,-0.65,1.00,-3.80,-0.432,-0.25,8.168,4.18,45.30 ,present ,12.55 ,59.10 ,
30/10/2024,18:15:00,25.58,-1.747,2.549,-0.63,1.00,-3.80,-0.763,-0.23,8.180,4.18,36.70 ,present ,12.61 ,57.30 ,
30/10/2024,18:30:00,25.71,-1.419,2.670,-0.61,1.00,-3.80,-0.637,-0.19,8.173,4.19,34.59 ,present ,12.60 ,56.40 ,
30/10/2024,18:45:00,25.32,-1.466,2.894,-0.68,1.00,-3.80,-0.741,-0.19,8.187,4.19,33.80 ,present ,12.60 ,55.80 ,
30/10/2024,19:00:00,25.06,-1.079,2.978,-0.66,1.00,-3.80,-0.591,-0.14,8.198,4.19,32.90 ,present ,12.63 ,54.90 ,
30/10/2024,19:15:00,24.69,-1.271,3.111,-0.73,1.00,-3.80,-0.566,-0.17,8.212,4.19,31.80 ,present ,12.61 ,43.50 ,
30/10/2024,19:30:00,24.63,-0.855,3.194,-0.70,1.00,-3.80,-0.513,-0.11,8.212,4.19,30.80 ,present ,12.62 ,39.90 ,
30/10/2024,19:45:00,24.43,-0.842,3.481,-0.78,1.00,-3.80,-0.498,-0.11,8.219,4.19,30.30 ,present ,12.64 ,39.00 ,
30/10/2024,20:00:00,24.60,-1.741,2.944,-0.75,1.00,-3.80,-0.886,-0.23,8.212,4.19,30.10 ,present ,12.64 ,39.00 ,
30/10/2024,20:15:00,24.89,-1.224,3.286,-0.76,1.00,-3.80,-0.632,-0.16,8.205,4.19,30.10 ,present ,12.64 ,38.70 ,
30/10/2024,20:30:00,24.61,-1.514,3.280,-0.81,1.00,-3.80,-0.719,-0.20,8.212,4.19,30.20 ,present ,12.64 ,38.70 ,
30/10/2024,20:45:00,24.62,-1.193,3.563,-0.84,1.00,-3.80,-0.654,-0.16,8.212,4.19,29.90 ,present ,12.64 ,39.00 ,
30/10/2024,21:00:00,24.63,-1.425,3.410,-0.83,1.00,-3.80,-0.757,-0.19,8.212,4.19,30.00 ,present ,12.65 ,39.30 ,
30/10/2024,21:15:00,24.59,-0.865,3.452,-0.77,1.00,-3.80,-0.421,-0.11,8.215,4.19,30.10 ,present ,12.64 ,38.40 ,
30/10/2024,21:30:00,24.62,-0.854,3.540,-0.79,1.00,-3.80,-0.447,-0.11,8.212,4.19,30.00 ,present ,12.64 ,38.70 ,
30/10/2024,21:45:00,24.38,-0.636,3.464,-0.74,1.00,-3.80,-0.469,-0.08,8.222,4.19,29.80 ,present ,12.61 ,39.00 ,
30/10/2024,22:00:00,24.24,-1.304,3.238,-0.78,1.00,-3.80,-0.722,-0.17,8.226,4.19,29.60 ,present ,12.61 ,39.00 ,
30/10/2024,22:15:00,24.06,-1.049,3.039,-0.69,1.00,-3.80,-0.639,-0.14,8.233,4.19,29.30 ,present ,12.61 ,38.70 ,
30/10/2024,22:30:00,24.16,-1.588,3.264,-0.82,1.00,-3.80,-0.676,-0.21,8.229,4.19,29.40 ,present ,12.61 ,38.70 ,
30/10/2024,22:45:00,24.07,-0.683,3.244,-0.70,1.00,-3.80,-0.470,-0.09,8.233,4.19,29.30 ,present ,12.64 ,38.40 ,
30/10/2024,23:00:00,23.87,-1.629,3.235,-0.83,1.00,-3.80,-0.837,-0.22,8.240,4.19,29.20 ,present ,12.64 ,38.70 ,
30/10/2024,23:15:00,24.04,-1.483,3.129,-0.78,1.00,-3.80,-0.784,-0.20,8.233,4.19,29.20 ,present ,12.64 ,38.40 ,
30/10/2024,23:30:00,24.14,-1.599,3.055,-0.77,1.00,-3.80,-0.807,-0.21,8.229,4.19,29.30 ,present ,12.61 ,38.70 ,
30/10/2024,23:45:00,24.10,-1.606,3.003,-0.76,1.00,-3.80,-0.664,-0.21,8.229,4.19,29.30 ,present ,12.61 ,38.70 ,
31/10/2024,00:00:00,23.54,-0.148,2.865,-0.54,1.00,-3.80,-0.183,-0.02,8.251,4.19,28.70 ,present ,12.60 ,38.09 ,
31/10/2024,00:15:00,22.94,-0.134,2.181,-0.36,1.00,-3.80,-0.274,-0.01,8.272,4.19,27.90 ,present ,12.60 ,38.09 ,
31/10/2024,00:30:00,22.48,0.079,1.772,-0.22,1.00,-3.80,-0.082,0.01,8.290,4.19,27.00 ,present ,12.60 ,37.80 ,
31/10/2024,00:45:00,22.06,-0.195,1.544,-0.20,1.00,-3.80,-0.062,-0.02,8.305,4.19,26.60 ,present ,12.60 ,37.80 ,
31/10/2024,01:00:00,21.58,0.443,1.527,-0.11,1.00,-3.80,0.113,0.06,8.323,4.19,26.20 ,present ,12.60 ,38.09 ,
31/10/2024,01:15:00,21.01,-0.033,1.515,-0.18,1.00,-3.80,-0.168,0.00,8.341,4.19,25.50 ,present ,12.60 ,38.40 ,
31/10/2024,01:30:00,20.51,0.066,1.231,-0.09,1.00,-3.80,-0.123,0.00,8.359,4.19,25.10 ,present ,12.60 ,37.80 ,
31/10/2024,01:45:00,20.24,-0.162,1.154,-0.10,1.00,-3.80,-0.102,-0.02,8.370,4.19,24.60 ,present ,12.60 ,37.80 ,
31/10/2024,02:00:00,20.05,-0.090,1.008,-0.05,1.00,-3.80,-0.010,-0.01,8.377,4.19,24.40 ,present ,12.60 ,37.80 ,
31/10/2024,02:15:00,19.84,-0.396,1.020,-0.10,1.00,-3.80,-0.142,-0.05,8.384,4.19,24.10 ,present ,12.60 ,37.50 ,
31/10/2024,02:30:00,19.69,-0.282,0.939,-0.06,1.00,-3.80,0.043,-0.03,8.392,4.19,23.90 ,present ,12.60 ,37.80 ,
31/10/2024,02:45:00,19.67,-0.347,0.889,-0.05,1.00,-3.80,-0.009,-0.04,8.392,4.19,23.60 ,present ,12.60 ,37.80 ,
31/10/2024,03:00:00,19.71,-0.423,0.864,-0.06,1.00,-3.80,-0.030,-0.05,8.388,4.19,23.70 ,present ,12.60 ,37.80 ,
31/10/2024,03:15:00,19.73,-0.365,0.793,-0.03,1.00,-3.80,0.027,-0.05,8.388,4.19,23.60 ,present ,12.57 ,38.40 ,
31/10/2024,03:30:00,19.59,-0.377,0.854,-0.05,1.00,-3.80,-0.093,-0.05,8.395,4.19,23.70 ,present ,12.57 ,38.40 ,
31/10/2024,03:45:00,19.47,-0.515,0.904,-0.08,1.00,-3.80,-0.130,-0.07,8.399,4.19,23.50 ,present ,12.56 ,37.80 ,
31/10/2024,04:00:00,19.48,-0.430,0.754,-0.02,1.00,-3.80,-0.004,-0.05,8.399,4.19,23.30 ,present ,12.60 ,37.50 ,
31/10/2024,04:15:00,19.49,-0.513,0.726,-0.03,1.00,-3.80,-0.020,-0.07,8.399,4.19,23.20 ,present ,12.56 ,37.80 ,
31/10/2024,04:30:00,19.47,-0.449,0.703,-0.01,1.00,-3.80,-0.007,-0.06,8.399,4.19,23.40 ,present ,12.56 ,37.50 ,
31/10/2024,04:45:00,19.39,-0.325,0.000,0.00,1.00,-3.80,-0.190,-0.04,8.403,4.19,23.10 ,present ,12.56 ,37.80 ,
31/10/2024,05:00:00,19.27,-0.493,0.654,0.00,1.00,-3.80,0.043,-0.06,8.406,4.19,23.00 ,present ,12.57 ,38.09 ,
31/10/2024,05:15:00,19.27,-0.407,0.000,0.00,1.00,-3.80,-0.026,-0.05,8.406,4.19,23.10 ,present ,12.57 ,38.09 ,
31/10/2024,05:30:00,19.17,-0.453,0.000,0.00,1.00,-3.80,0.018,-0.06,8.410,4.19,22.90 ,present ,12.56 ,37.80 ,
31/10/2024,05:45:00,19.17,-0.443,0.000,0.00,1.00,-3.80,0.013,-0.06,8.410,4.19,23.00 ,present ,12.56 ,37.80 ,
31/10/2024,06:00:00,19.18,-0.544,0.000,0.00,1.00,-3.80,0.110,-0.07,8.410,4.19,22.90 ,present ,12.57 ,38.09 ,
31/10/2024,06:15:00,19.18,-0.599,0.000,0.00,1.00,-3.80,0.029,-0.08,8.410,4.19,22.90 ,present ,12.57 ,38.40 ,
31/10/2024,06:30:00,19.15,-0.481,0.000,0.00,1.00,-3.80,0.076,-0.06,8.410,4.19,23.00 ,present ,12.57 ,38.40 ,
31/10/2024,06:45:00,19.13,-0.560,0.000,0.00,1.00,-3.80,0.066,-0.07,8.410,4.19,22.90 ,present ,12.57 ,38.40 ,
31/10/2024,07:00:00,19.09,-0.540,0.000,0.00,1.00,-3.80,0.047,-0.07,8.414,4.19,22.90 ,present ,12.57 ,38.40 ,
31/10/2024,07:15:00,19.11,-0.553,0.000,0.00,1.00,-3.80,0.176,-0.07,8.410,4.19,22.90 ,present ,12.56 ,37.80 ,
31/10/2024,07:30:00,19.03,-0.537,0.000,0.00,1.00,-3.80,0.158,-0.07,8.414,4.19,23.00 ,present ,12.57 ,38.09 ,
31/10/2024,07:45:00,18.97,-0.207,0.000,0.00,1.00,-3.80,0.290,-0.02,8.417,4.19,22.80 ,present ,12.57 ,38.09 ,
31/10/2024,08:00:00,19.42,-1.740,0.450,-0.11,1.00,-3.80,-0.470,-0.23,8.399,4.19,23.00 ,present ,12.57 ,38.70 ,
31/10/2024,08:15:00,20.31,-1.799,0.816,-0.22,1.00,-3.80,-0.313,-0.24,8.366,4.19,23.90 ,present ,12.54 ,39.00 ,
31/10/2024,08:30:00,20.71,-1.660,1.410,-0.38,1.00,-3.80,-0.483,-0.22,8.352,4.19,24.70 ,present ,12.57 ,38.70 ,
31/10/2024,08:45:00,20.89,-1.531,2.110,-0.57,1.00,-3.80,-0.922,-0.20,8.348,4.19,25.30 ,present ,12.54 ,39.00 ,
31/10/2024,09:00:00,20.96,-1.335,2.047,-0.52,1.00,-3.80,-0.760,-0.18,8.344,4.19,25.80 ,present ,12.57 ,39.00 ,
31/10/2024,09:15:00,21.25,-1.731,2.573,-0.72,1.00,-3.80,-0.811,-0.23,8.333,4.19,26.30 ,present ,12.57 ,38.70 ,
31/10/2024,09:30:00,21.53,-1.258,2.388,-0.60,1.00,-3.80,-0.616,-0.17,8.323,4.19,26.60 ,present ,12.57 ,38.70 ,
31/10/2024,09:45:00,21.86,-1.852,2.340,-0.66,1.00,-3.80,-0.787,-0.25,8.312,4.19,26.90 ,present ,12.54 ,39.30 ,
31/10/2024,10:00:00,22.26,-2.300,2.342,-0.71,1.00,-3.80,-1.005,-0.31,8.297,4.19,27.20 ,present ,12.54 ,39.30 ,
31/10/2024,10:15:00,22.83,-1.702,2.331,-0.61,1.00,-3.80,-0.859,-0.23,8.276,4.19,27.70 ,present ,12.54 ,39.30 ,
31/10/2024,10:30:00,23.21,-2.159,2.512,-0.72,1.00,-3.80,-0.959,-0.29,8.262,4.19,28.30 ,present ,12.54 ,39.30 ,
31/10/2024,10:45:00,23.47,-2.076,2.583,-0.72,1.00,-3.80,-1.021,-0.28,8.254,4.19,28.60 ,present ,12.54 ,39.30 ,
31/10/2024,11:00:00,23.87,-2.498,2.393,-0.72,1.00,-3.80,-1.008,-0.33,8.240,4.19,29.00 ,present ,12.58 ,39.30 ,
31/10/2024,11:15:00,24.67,-2.090,2.767,-0.75,1.00,-3.80,-0.783,-0.28,8.212,4.19,29.50 ,present ,12.54 ,39.30 ,
31/10/2024,11:30:00,24.49,-1.796,2.940,-0.76,1.00,-3.80,-0.829,-0.24,8.219,4.19,29.90 ,present ,12.58 ,39.30 ,
31/10/2024,11:45:00,24.63,-1.325,3.163,-0.75,1.00,-3.80,-0.726,-0.17,8.212,4.19,30.10 ,present ,12.57 ,39.00 ,
31/10/2024,12:00:00,24.78,-1.063,3.814,-0.88,1.00,-3.80,-0.603,-0.14,8.208,4.19,30.20 ,present ,12.57 ,39.00 ,
31/10/2024,12:15:00,25.10,-2.793,2.717,-0.82,1.00,-3.80,-1.064,-0.37,8.194,4.19,30.40 ,present ,12.54 ,39.30 ,
31/10/2024,12:30:00,25.27,-0.687,3.046,-0.62,1.00,-3.80,-0.503,-0.09,8.191,4.19,30.50 ,present ,12.58 ,39.30 ,
31/10/2024,12:45:00,25.57,-1.641,3.442,-0.84,1.00,-3.80,-0.844,-0.22,8.180,4.19,30.90 ,present ,12.57 ,39.00 ,
31/10/2024,13:00:00,26.49,-2.514,3.246,-0.89,1.00,-3.80,-0.993,-0.33,8.148,4.19,31.40 ,present ,12.54 ,39.90 ,
31/10/2024,13:15:00,27.19,-2.075,3.578,-0.90,1.00,-3.80,-0.997,-0.27,8.123,4.19,31.90 ,present ,12.54 ,39.59 ,
31/10/2024,13:30:00,27.83,-2.023,3.746,-0.92,1.00,-3.80,-0.910,-0.26,8.100,4.19,32.50 ,present ,12.54 ,39.59 ,
31/10/2024,13:45:00,28.07,-1.903,4.224,-1.01,1.00,-3.80,-1.016,-0.25,8.093,4.19,32.80 ,present ,12.57 ,39.00 ,
31/10/2024,14:00:00,27.82,0.369,5.373,-1.00,1.00,-3.80,-0.372,0.04,8.100,4.19,33.00 ,present ,12.57 ,38.70 ,
31/10/2024,14:15:00,27.54,-1.830,4.145,-1.00,1.00,-3.80,-0.763,-0.24,8.109,4.19,32.80 ,present ,12.54 ,39.30 ,
31/10/2024,14:30:00,27.76,-1.726,4.067,-0.96,1.00,-3.80,-0.936,-0.22,8.102,4.19,32.80 ,present ,12.57 ,38.70 ,
31/10/2024,14:45:00,27.96,-1.521,4.331,-0.99,1.00,-3.80,-0.842,-0.20,8.095,4.19,32.80 ,present ,12.54 ,39.00 ,
31/10/2024,15:00:00,27.75,-1.287,4.420,-0.99,1.00,-3.80,-0.697,-0.17,8.102,4.19,32.90 ,present ,12.57 ,39.00 ,
31/10/2024,15:15:00,26.81,-1.874,4.168,-1.03,1.00,-3.80,-0.985,-0.24,8.134,4.19,32.90 ,present ,12.57 ,38.70 ,
31/10/2024,15:30:00,26.14,-1.495,3.550,-0.84,1.00,-3.80,-0.863,-0.19,8.159,4.19,32.40 ,present ,12.54 ,38.70 ,
31/10/2024,15:45:00,26.14,-1.862,3.701,-0.93,1.00,-3.80,-1.029,-0.24,8.159,4.19,32.09 ,present ,12.54 ,38.70 ,
31/10/2024,16:00:00,26.05,-1.535,3.859,-0.92,1.00,-3.80,-0.831,-0.20,8.161,4.19,32.00 ,present ,12.54 ,38.70 ,
31/10/2024,16:15:00,25.88,-1.062,3.724,-0.83,1.00,-3.80,-0.608,-0.14,8.168,4.19,31.90 ,present ,12.54 ,38.70 ,
31/10/2024,16:30:00,25.86,-1.766,3.711,-0.92,1.00,-3.80,-0.924,-0.23,8.168,4.19,31.70 ,present ,12.54 ,38.70 ,
31/10/2024,16:45:00,26.04,-1.318,3.851,-0.89,1.00,-3.80,-0.759,-0.17,8.161,4.19,31.50 ,present ,12.54 ,38.70 ,
31/10/2024,17:00:00,26.09,-1.425,3.869,-0.91,1.00,-3.80,-0.689,-0.19,8.161,4.19,31.50 ,present ,12.57 ,38.70 ,
31/10/2024,17:15:00,26.03,-1.463,4.162,-0.99,1.00,-3.80,-0.641,-0.19,8.161,4.19,31.50 ,present ,12.53 ,38.40 ,
31/10/2024,17:30:00,25.89,-1.302,4.298,-1.01,1.00,-3.80,-0.776,-0.17,8.168,4.19,29.70 ,not present ,0.00 ,0.00 ,
31/10/2024,17:45:00,25.71,-1.182,3.328,-0.75,1.00,-3.80,-0.604,-0.15,8.173,4.19,29.30 ,not present ,0.00 ,0.00 ,
31/10/2024,18:00:00,25.46,-0.732,2.997,-0.61,1.00,-3.80,-0.519,-0.09,8.184,4.18,28.80 ,not present ,0.00 ,0.00 ,
31/10/2024,18:15:00,25.11,-1.004,2.865,-0.62,1.00,-3.80,-0.588,-0.13,8.194,4.18,28.50 ,not present ,0.00 ,0.00 ,
31/10/2024,18:30:00,24.65,-1.168,2.752,-0.62,1.00,-3.80,-0.659,-0.15,8.212,4.18,27.90 ,not present ,0.00 ,0.00 ,
31/10/2024,18:45:00,24.10,-0.333,2.547,-0.46,1.00,-3.80,-0.327,-0.04,8.229,4.18,27.50 ,not present ,0.00 ,0.00 ,
31/10/2024,19:00:00,24.10,-1.513,1.843,-0.43,1.00,-3.80,-0.845,-0.20,8.229,4.18,27.30 ,not present ,0.00 ,0.00 ,
31/10/2024,19:15:00,24.12,-1.257,1.849,-0.40,1.00,-3.80,-0.622,-0.16,8.229,4.18,27.20 ,not present ,0.00 ,0.00 ,
31/10/2024,19:30:00,23.76,-0.260,2.652,-0.49,1.00,-3.80,-0.346,-0.03,8.244,4.18,27.00 ,not present ,0.00 ,0.00 ,
31/10/2024,19:45:00,23.39,-1.577,1.548,-0.37,1.00,-3.80,-0.720,-0.21,8.258,4.17,26.80 ,not present ,0.00 ,0.00 ,
31/10/2024,20:00:00,23.63,-1.492,1.578,-0.37,1.00,-3.80,-0.729,-0.20,8.247,4.17,26.70 ,not present ,0.00 ,0.00 ,
31/10/2024,20:15:00,23.68,-1.215,1.822,-0.39,1.00,-3.80,-0.558,-0.16,8.247,4.17,26.50 ,not present ,0.00 ,0.00 ,
31/10/2024,20:30:00,23.47,-1.008,2.213,-0.48,1.00,-3.80,-0.558,-0.13,8.254,4.17,26.40 ,not present ,0.00 ,0.00 ,
31/10/2024,20:45:00,23.22,-0.556,2.444,-0.48,1.00,-3.80,-0.390,-0.07,8.262,4.17,26.30 ,not present ,0.00 ,0.00 ,
31/10/2024,21:00:00,23.23,-1.315,2.043,-0.47,1.00,-3.80,-0.849,-0.17,8.262,4.17,26.30 ,not present ,0.00 ,0.00 ,
31/10/2024,21:15:00,23.04,-0.297,2.659,-0.51,1.00,-3.80,-0.338,-0.04,8.269,4.17,26.30 ,not present ,0.00 ,0.00 ,
31/10/2024,21:30:00,22.81,-1.529,1.859,-0.46,1.00,-3.80,-0.715,-0.20,8.276,4.17,26.00 ,not present ,0.00 ,0.00 ,
31/10/2024,21:45:00,22.79,-0.360,2.402,-0.45,1.00,-3.80,-0.342,-0.04,8.279,4.17,25.90 ,not present ,0.00 ,0.00 ,
31/10/2024,22:00:00,22.69,-0.915,2.170,-0.47,1.00,-3.80,-0.521,-0.12,8.283,4.17,25.70 ,not present ,0.00 ,0.00 ,
31/10/2024,22:15:00,22.51,-1.402,2.058,-0.50,1.00,-3.80,-0.664,-0.19,8.287,4.16,25.60 ,not present ,0.00 ,0.00 ,
31/10/2024,22:30:00,22.41,-0.977,1.988,-0.43,1.00,-3.80,-0.519,-0.13,8.290,4.16,25.40 ,not present ,0.00 ,0.00 ,
31/10/2024,22:45:00,22.53,-1.090,1.828,-0.40,1.00,-3.80,-0.542,-0.14,8.287,4.16,25.40 ,not present ,0.00 ,0.00 ,
31/10/2024,23:00:00,22.60,-1.358,1.893,-0.45,1.00,-3.80,-0.617,-0.18,8.283,4.16,25.30 ,not present ,0.00 ,0.00 ,
31/10/2024,23:15:00,22.85,-1.503,1.753,-0.43,1.00,-3.80,-0.665,-0.20,8.276,4.16,25.30 ,not present ,0.00 ,0.00 ,
31/10/2024,23:30:00,23.04,-1.440,1.748,-0.41,1.00,-3.80,-0.728,-0.19,8.269,4.16,25.70 ,not present ,0.00 ,0.00 ,
31/10/2024,23:45:00,23.21,-1.667,1.605,-0.40,1.00,-3.80,-0.741,-0.22,8.262,4.16,25.60 ,not present ,0.00 ,0.00 ,
01/11/2024,00:00:00,22.57,-0.012,1.741,-0.22,1.00,-3.80,-0.284,0.00,8.287,4.16,25.30 ,not present ,0.00 ,0.00 ,
01/11/2024,00:15:00,21.96,-0.144,1.227,-0.10,1.00,-3.80,-0.328,-0.01,8.308,4.15,24.40 ,not present ,0.00 ,0.00 ,
01/11/2024,00:30:00,21.49,-0.223,0.934,-0.03,1.00,-3.80,-0.167,-0.03,8.326,4.15,23.70 ,not present ,0.00 ,0.00 ,
01/11/2024,00:45:00,21.10,-0.224,0.000,0.00,1.00,-3.80,-0.001,-0.03,8.337,4.15,23.20 ,not present ,0.00 ,0.00 ,
01/11/2024,01:00:00,20.82,-0.312,0.000,0.00,1.00,-3.80,-0.073,-0.04,8.348,4.15,22.80 ,not present ,0.00 ,0.00 ,
01/11/2024,01:15:00,20.60,-0.373,0.000,0.00,1.00,-3.80,-0.010,-0.05,8.355,4.15,22.60 ,not present ,0.00 ,0.00 ,
01/11/2024,01:30:00,20.42,-0.448,0.000,0.00,1.00,-3.80,0.063,-0.06,8.362,4.15,22.30 ,not present ,0.00 ,0.00 ,
01/11/2024,01:45:00,20.28,-0.503,0.000,0.00,1.00,-3.80,-0.067,-0.06,8.370,4.15,22.20 ,not present ,0.00 ,0.00 ,
01/11/2024,02:00:00,20.20,-0.469,0.000,0.00,1.00,-3.80,0.085,-0.06,8.370,4.15,22.00 ,not present ,0.00 ,0.00 ,
01/11/2024,02:15:00,20.12,-0.508,0.000,0.00,1.00,-3.80,0.096,-0.06,8.373,4.15,21.90 ,not present ,0.00 ,0.00 ,
01/11/2024,02:30:00,20.06,-0.517,0.000,0.00,1.00,-3.80,0.062,-0.07,8.377,4.14,21.70 ,not present ,0.00 ,0.00 ,
01/11/2024,02:45:00,19.99,-0.639,0.000,0.00,1.00,-3.80,0.058,-0.08,8.381,4.14,21.50 ,not present ,0.00 ,0.00 ,
01/11/2024,03:00:00,19.95,-0.597,0.000,0.00,1.00,-3.80,0.073,-0.08,8.381,4.14,21.40 ,not present ,0.00 ,0.00 ,
01/11/2024,03:15:00,19.91,-0.470,0.000,0.00,1.00,-3.80,0.163,-0.06,8.381,4.14,21.40 ,not present ,0.00 ,0.00 ,
01/11/2024,03:30:00,19.86,-0.662,0.000,0.00,1.00,-3.80,0.047,-0.09,8.384,4.14,21.20 ,not present ,0.00 ,0.00 ,
01/11/2024,03:45:00,19.82,-0.596,0.000,0.00,1.00,-3.80,0.108,-0.08,8.384,4.14,21.10 ,not present ,0.00 ,0.00 ,
01/11/2024,04:00:00,19.79,-0.587,0.000,0.00,1.00,-3.80,0.071,-0.08,8.388,4.14,21.20 ,not present ,0.00 ,0.00 ,
01/11/2024,04:15:00,19.77,-0.680,0.000,0.00,1.00,-3.80,0.171,-0.09,8.388,4.14,21.30 ,not present ,0.00 ,0.00 ,
01/11/2024,04:30:00,19.74,-0.531,0.000,0.00,1.00,-3.80,0.018,-0.07,8.388,4.14,21.10 ,not present ,0.00 ,0.00 ,
01/11/2024,04:45:00,19.73,-0.655,0.000,0.00,1.00,-3.80,0.023,-0.09,8.388,4.13,21.10 ,not present ,0.00 ,0.00 ,
01/11/2024,05:00:00,19.71,-0.542,0.000,0.00,1.00,-3.80,0.080,-0.07,8.388,4.13,21.10 ,not present ,0.00 ,0.00 ,
01/11/2024,05:15:00,19.69,-0.532,0.000,0.00,1.00,-3.80,0.014,-0.07,8.392,4.13,21.20 ,not present ,0.00 ,0.00 ,
01/11/2024,05:30:00,19.69,-0.668,0.000,0.00,1.00,-3.80,-0.036,-0.09,8.392,4.13,21.00 ,not present ,0.00 ,0.00 ,
01/11/2024,05:45:00,19.68,-0.589,0.000,0.00,1.00,-3.80,0.079,-0.08,8.392,4.13,21.00 ,not present ,0.00 ,0.00 ,
01/11/2024,06:00:00,19.65,-0.691,0.000,0.00,1.00,-3.80,0.063,-0.09,8.392,4.13,21.10 ,not present ,0.00 ,0.00 ,
01/11/2024,06:15:00,19.64,-0.667,0.000,0.00,1.00,-3.80,0.043,-0.09,8.392,4.13,21.00 ,not present ,0.00 ,0.00 ,
01/11/2024,06:30:00,19.62,-0.682,0.000,0.00,1.00,-3.80,0.066,-0.09,8.392,4.13,21.00 ,not present ,0.00 ,0.00 ,
01/11/2024,06:45:00,19.61,-0.683,0.000,0.00,1.00,-3.80,0.051,-0.09,8.392,4.13,21.00 ,not present ,0.00 ,0.00 ,
01/11/2024,07:00:00,19.60,-0.669,0.000,0.00,1.00,-3.80,0.013,-0.09,8.392,4.13,20.80 ,not present ,0.00 ,0.00 ,
01/11/2024,07:15:00,19.62,-0.583,0.000,0.00,1.00,-3.80,-0.043,-0.08,8.392,4.12,21.00 ,not present ,0.00 ,0.00 ,
01/11/2024,07:30:00,19.68,-0.622,0.000,0.00,1.00,-3.80,0.123,-0.08,8.392,4.12,21.00 ,not present ,0.00 ,0.00 ,
01/11/2024,07:45:00,19.52,-0.179,0.000,0.00,1.00,-3.80,0.462,-0.02,8.395,4.12,21.00 ,not present ,0.00 ,0.00 ,
01/11/2024,08:00:00,19.84,-1.909,0.028,0.00,1.00,-3.80,-0.373,-0.26,8.384,4.12,21.30 ,not present ,0.00 ,0.00 ,
01/11/2024,08:15:00,20.42,-1.449,0.000,0.00,1.00,-3.80,-0.013,-0.19,8.362,4.12,22.00 ,not present ,0.00 ,0.00 ,
01/11/2024,08:30:00,20.73,-1.158,0.000,0.00,1.00,-3.80,0.308,-0.15,8.352,4.12,22.70 ,not present ,0.00 ,0.00 ,
01/11/2024,08:45:00,20.93,-2.219,0.332,-0.13,1.00,-3.80,0.037,-0.30,8.344,4.12,23.10 ,not present ,0.00 ,0.00 ,
01/11/2024,09:00:00,21.01,-1.875,0.437,-0.12,1.00,-3.80,0.505,-0.25,8.341,4.12,23.40 ,not present ,0.00 ,0.00 ,
01/11/2024,09:15:00,21.17,-2.538,0.531,-0.23,1.00,-3.80,-0.028,-0.34,8.337,4.12,23.70 ,not present ,0.00 ,0.00 ,
01/11/2024,09:30:00,21.43,-2.564,0.461,-0.22,1.00,-3.80,-0.111,-0.34,8.326,4.11,23.90 ,not present ,0.00 ,0.00 ,
01/11/2024,09:45:00,21.62,-1.977,0.482,-0.14,1.00,-3.80,0.043,-0.26,8.319,4.11,24.10 ,not present ,0.00 ,0.00 ,
01/11/2024,10:00:00,21.49,-1.857,0.602,-0.16,1.00,-3.80,-0.205,-0.25,8.326,4.11,24.30 ,not present ,0.00 ,0.00 ,
01/11/2024,10:15:00,21.54,-2.081,0.874,-0.27,1.00,-3.80,-0.558,-0.28,8.323,4.11,24.50 ,not present ,0.00 ,0.00 ,
01/11/2024,10:30:00,21.62,-1.334,1.113,-0.24,1.00,-3.80,-0.501,-0.18,8.319,4.11,24.60 ,not present ,0.00 ,0.00 ,
01/11/2024,10:45:00,21.72,-1.564,1.088,-0.26,1.00,-3.80,-0.540,-0.21,8.315,4.11,24.60 ,not present ,0.00 ,0.00 ,
01/11/2024,11:00:00,21.84,-1.357,1.059,-0.22,1.00,-3.80,-0.532,-0.18,8.312,4.11,25.00 ,not present ,0.00 ,0.00 ,
01/11/2024,11:15:00,21.84,-1.397,1.296,-0.30,1.00,-3.80,-0.636,-0.19,8.312,4.11,25.10 ,not present ,0.00 ,0.00 ,
01/11/2024,11:30:00,21.98,0.128,1.051,-0.02,1.00,-3.80,0.138,0.01,8.308,4.11,25.20 ,not present ,0.00 ,0.00 ,
01/11/2024,11:45:00,22.33,-1.357,1.036,-0.21,1.00,-3.80,-0.593,-0.18,8.294,4.10,25.40 ,not present ,0.00 ,0.00 ,
01/11/2024,12:00:00,22.49,-1.727,1.259,-0.32,1.00,-3.80,-0.729,-0.23,8.290,4.10,25.50 ,not present ,0.00 ,0.00 ,
01/11/2024,12:15:00,22.83,-1.366,1.371,-0.30,1.00,-3.80,-0.377,-0.18,8.276,4.10,25.70 ,not present ,0.00 ,0.00 ,
01/11/2024,12:30:00,22.98,-1.445,1.638,-0.38,1.00,-3.80,-0.523,-0.19,8.272,4.10,26.00 ,not present ,0.00 ,0.00 ,
01/11/2024,12:45:00,22.97,-1.638,1.685,-0.42,1.00,-3.80,-0.813,-0.22,8.272,4.10,26.10 ,not present ,0.00 ,0.00 ,
01/11/2024,13:00:00,23.02,-1.353,1.830,-0.42,1.00,-3.80,-0.717,-0.18,8.269,4.10,26.10 ,not present ,0.00 ,0.00 ,
01/11/2024,13:15:00,22.85,-0.927,1.534,-0.29,1.00,-3.80,-0.475,-0.12,8.276,4.10,26.30 ,not present ,0.00 ,0.00 ,
01/11/2024,13:30:00,23.02,-1.587,1.604,-0.39,1.00,-3.80,-0.826,-0.21,8.269,4.10,26.30 ,not present ,0.00 ,0.00 ,
01/11/2024,13:45:00,22.99,-0.824,1.764,-0.33,1.00,-3.80,-0.443,-0.11,8.272,4.10,26.20 ,not present ,0.00 ,0.00 ,
01/11/2024,14:00:00,23.03,-0.983,2.103,-0.45,1.00,-3.80,-0.489,-0.13,8.269,4.09,26.20 ,not present ,0.00 ,0.00 ,
01/11/2024,14:15:00,23.28,-1.494,1.785,-0.43,1.00,-3.80,-0.664,-0.20,8.262,4.09,26.30 ,not present ,0.00 ,0.00 ,
01/11/2024,14:30:00,23.14,-1.142,1.829,-0.39,1.00,-3.80,-0.751,-0.15,8.265,4.09,26.40 ,not present ,0.00 ,0.00 ,
01/11/2024,14:45:00,23.14,-1.591,1.932,-0.48,1.00,-3.80,-0.781,-0.21,8.265,4.09,26.40 ,not present ,0.00 ,0.00 ,
01/11/2024,15:00:00,22.97,0.560,1.848,-0.17,1.00,-3.80,0.069,0.07,8.272,4.09,26.40 ,not present ,0.00 ,0.00 ,
01/11/2024,15:15:00,22.86,-1.227,2.059,-0.47,1.00,-3.80,-0.661,-0.16,8.276,4.09,26.20 ,not present ,0.00 ,0.00 ,
01/11/2024,15:30:00,22.80,-1.702,1.905,-0.50,1.00,-3.80,-0.930,-0.23,8.276,4.09,26.00 ,not present ,0.00 ,0.00 ,
01/11/2024,15:45:00,22.76,-1.445,1.963,-0.48,1.00,-3.80,-0.842,-0.19,8.279,4.09,26.00 ,not present ,0.00 ,0.00 ,
01/11/2024,16:00:00,22.84,-1.505,2.050,-0.51,1.00,-3.80,-0.722,-0.20,8.276,4.09,26.10 ,not present ,0.00 ,0.00 ,
01/11/2024,16:15:00,22.92,-1.102,2.080,-0.46,1.00,-3.80,-0.590,-0.14,8.272,4.09,26.10 ,not present ,0.00 ,0.00 ,
01/11/2024,16:30:00,22.94,-1.284,2.000,-0.46,1.00,-3.80,-0.722,-0.17,8.272,4.09,26.10 ,not present ,0.00 ,0.00 ,
01/11/2024,16:45:00,22.84,-1.549,2.214,-0.56,1.00,-3.80,-0.829,-0.21,8.276,4.08,26.00 ,not present ,0.00 ,0.00 ,
01/11/2024,17:00:00,22.66,-1.324,2.221,-0.54,1.00,-3.80,-0.747,-0.17,8.283,4.08,25.90 ,not present ,0.00 ,0.00 ,
01/11/2024,17:15:00,22.50,-0.777,2.680,-0.59,1.00,-3.80,-0.513,-0.10,8.287,4.08,25.70 ,not present ,0.00 ,0.00 ,
01/11/2024,17:30:00,22.37,-1.040,2.244,-0.51,1.00,-3.80,-0.642,-0.14,8.294,4.08,25.50 ,not present ,0.00 ,0.00 ,
01/11/2024,17:45:00,22.53,-0.616,2.330,-0.47,1.00,-3.80,-0.355,-0.08,8.287,4.08,25.60 ,not present ,0.00 ,0.00 ,
01/11/2024,18:00:00,22.59,-1.302,2.235,-0.54,1.00,-3.80,-0.636,-0.17,8.287,4.08,25.40 ,not present ,0.00 ,0.00 ,
01/11/2024,18:15:00,22.53,-1.239,2.258,-0.54,1.00,-3.80,-0.737,-0.16,8.287,4.08,25.60 ,not present ,0.00 ,0.00 ,
01/11/2024,18:30:00,22.45,-1.073,2.668,-0.63,1.00,-3.80,-0.617,-0.14,8.290,4.08,25.50 ,not present ,0.00 ,0.00 ,
01/11/2024,18:45:00,22.39,-0.629,2.760,-0.60,1.00,-3.80,-0.416,-0.08,8.294,4.08,25.60 ,not present ,0.00 ,0.00 ,
01/11/2024,19:00:00,22.36,-1.204,2.609,-0.63,1.00,-3.80,-0.606,-0.16,8.294,4.07,25.50 ,not present ,0.00 ,0.00 ,
01/11/2024,19:15:00,22.43,-1.477,2.532,-0.65,1.00,-3.80,-0.760,-0.20,8.290,4.07,25.60 ,not present ,0.00 ,0.00 ,
01/11/2024,19:30:00,22.63,-0.517,2.697,-0.56,1.00,-3.80,-0.338,-0.07,8.283,4.07,25.40 ,not present ,0.00 ,0.00 ,
01/11/2024,19:45:00,22.53,-1.327,2.711,-0.68,1.00,-3.80,-0.674,-0.18,8.287,4.07,25.60 ,not present ,0.00 ,0.00 ,
01/11/2024,20:00:00,22.53,-1.313,2.729,-0.68,1.00,-3.80,-0.689,-0.17,8.287,4.07,25.60 ,not present ,0.00 ,0.00 ,
01/11/2024,20:15:00,22.66,-1.451,2.795,-0.71,1.00,-3.80,-0.804,-0.19,8.283,4.07,25.50 ,not present ,0.00 ,0.00 ,
01/11/2024,20:30:00,22.74,-1.468,3.153,-0.81,1.00,-3.80,-0.810,-0.19,8.279,4.07,25.40 ,not present ,0.00 ,0.00 ,
01/11/2024,20:45:00,22.55,-0.389,3.130,-0.67,1.00,-3.80,-0.282,-0.05,8.287,4.07,25.40 ,not present ,0.00 ,0.00 ,
01/11/2024,21:00:00,22.58,-1.373,2.923,-0.74,1.00,-3.80,-0.782,-0.18,8.287,4.07,25.40 ,not present ,0.00 ,0.00 ,
01/11/2024,21:15:00,22.60,-0.844,3.065,-0.71,1.00,-3.80,-0.481,-0.11,8.283,4.07,25.40 ,not present ,0.00 ,0.00 ,
01/11/2024,21:30:00,22.51,-0.905,3.028,-0.71,1.00,-3.80,-0.528,-0.12,8.287,4.07,25.60 ,not present ,0.00 ,0.00 ,
01/11/2024,21:45:00,22.45,-1.193,2.904,-0.71,1.00,-3.80,-0.672,-0.16,8.290,4.07,25.50 ,not present ,0.00 ,0.00 ,
01/11/2024,22:00:00,22.28,-0.666,3.206,-0.73,1.00,-3.80,-0.415,-0.09,8.297,4.07,25.40 ,not present ,0.00 ,0.00 ,
01/11/2024,22:15:00,22.18,-0.766,3.275,-0.77,1.00,-3.80,-0.566,-0.10,8.301,4.07,25.20 ,not present ,0.00 ,0.00 ,
01/11/2024,22:30:00,22.24,-1.240,2.821,-0.70,1.00,-3.80,-0.660,-0.16,8.297,4.07,25.20 ,not present ,0.00 ,0.00 ,
01/11/2024,22:45:00,22.24,-1.220,3.144,-0.79,1.00,-3.80,-0.911,-0.16,8.297,4.07,25.10 ,not present ,0.00 ,0.00 ,
01/11/2024,23:00:00,22.16,-1.532,2.852,-0.75,1.00,-3.80,-0.699,-0.20,8.301,4.07,25.10 ,not present ,0.00 ,0.00 ,
01/11/2024,23:15:00,22.71,-1.745,2.688,-0.72,1.00,-3.80,-0.840,-0.23,8.279,4.07,25.10 ,not present ,0.00 ,0.00 ,
01/11/2024,23:30:00,23.12,-1.819,2.643,-0.71,1.00,-3.80,-0.866,-0.24,8.265,4.06,25.50 ,not present ,0.00 ,0.00 ,
01/11/2024,23:45:00,23.44,-1.708,2.804,-0.73,1.00,-3.80,-0.854,-0.23,8.254,4.06,25.70 ,not present ,0.00 ,0.00 ,
02/11/2024,00:00:00,22.77,-0.072,2.807,-0.53,1.00,-3.80,-0.322,0.00,8.279,4.06,25.40 ,not present ,0.00 ,0.00 ,
02/11/2024,00:15:00,22.17,-0.199,2.090,-0.35,1.00,-3.80,-0.314,-0.02,8.301,4.06,24.60 ,not present ,0.00 ,0.00 ,
02/11/2024,00:30:00,21.73,-0.139,1.719,-0.25,1.00,-3.80,-0.296,-0.01,8.315,4.06,23.80 ,not present ,0.00 ,0.00 ,
02/11/2024,00:45:00,21.36,-0.246,1.530,-0.21,1.00,-3.80,-0.153,-0.03,8.330,4.06,23.40 ,not present ,0.00 ,0.00 ,
02/11/2024,01:00:00,21.03,-0.058,1.348,-0.14,1.00,-3.80,-0.192,0.00,8.341,4.06,23.00 ,not present ,0.00 ,0.00 ,
02/11/2024,01:15:00,20.64,-0.213,1.260,-0.14,1.00,-3.80,-0.127,-0.02,8.355,4.06,22.60 ,not present ,0.00 ,0.00 ,
02/11/2024,01:30:00,20.35,-0.094,1.146,-0.09,1.00,-3.80,-0.141,-0.01,8.366,4.06,22.40 ,not present ,0.00 ,0.00 ,
02/11/2024,01:45:00,20.09,-0.183,1.079,-0.08,1.00,-3.80,-0.094,-0.02,8.377,4.06,22.00 ,not present ,0.00 ,0.00 ,
02/11/2024,02:00:00,19.92,-0.211,0.999,-0.07,1.00,-3.80,-0.083,-0.02,8.381,4.06,21.70 ,not present ,0.00 ,0.00 ,
02/11/2024,02:15:00,19.79,-0.349,0.954,-0.07,1.00,-3.80,-0.165,-0.04,8.388,4.06,21.50 ,not present ,0.00 ,0.00 ,
02/11/2024,02:30:00,19.70,-0.452,0.933,-0.08,1.00,-3.80,-0.118,-0.06,8.388,4.06,21.20 ,not present ,0.00 ,0.00 ,
02/11/2024,02:45:00,19.65,-0.479,0.929,-0.08,1.00,-3.80,-0.143,-0.06,8.392,4.06,21.20 ,not present ,0.00 ,0.00 ,
02/11/2024,03:00:00,19.62,-0.413,0.900,-0.07,1.00,-3.80,-0.098,-0.05,8.392,4.06,21.20 ,not present ,0.00 ,0.00 ,
02/11/2024,03:15:00,19.58,-0.536,0.819,-0.06,1.00,-3.80,-0.087,-0.07,8.395,4.05,21.10 ,not present ,0.00 ,0.00 ,
02/11/2024,03:30:00,19.51,-0.520,0.790,-0.05,1.00,-3.80,-0.032,-0.07,8.395,4.05,21.10 ,not present ,0.00 ,0.00 ,
02/11/2024,03:45:00,19.47,-0.397,0.802,-0.03,1.00,-3.80,-0.083,-0.05,8.399,4.05,20.90 ,not present ,0.00 ,0.00 ,
02/11/2024,04:00:00,19.41,-0.457,0.758,-0.03,1.00,-3.80,-0.129,-0.06,8.399,4.05,20.80 ,not present ,0.00 ,0.00 ,
02/11/2024,04:15:00,19.35,-0.485,0.747,-0.03,1.00,-3.80,-0.084,-0.06,8.403,4.05,21.00 ,not present ,0.00 ,0.00 ,
02/11/2024,04:30:00,19.28,-0.415,0.714,-0.01,1.00,-3.80,-0.099,-0.05,8.406,4.05,20.80 ,not present ,0.00 ,0.00 ,
02/11/2024,04:45:00,19.27,-0.399,0.693,0.00,1.00,-3.80,-0.115,-0.05,8.406,4.05,20.80 ,not present ,0.00 ,0.00 ,
02/11/2024,05:00:00,19.22,-0.536,0.673,-0.02,1.00,-3.80,-0.096,-0.07,8.406,4.05,20.70 ,not present ,0.00 ,0.00 ,
02/11/2024,05:15:00,19.21,-0.476,0.000,0.00,1.00,-3.80,-0.026,-0.06,8.406,4.04,20.70 ,not present ,0.00 ,0.00 ,
02/11/2024,05:30:00,19.20,-0.447,0.000,0.00,1.00,-3.80,0.016,-0.06,8.406,4.04,20.60 ,not present ,0.00 ,0.00 ,
02/11/2024,05:45:00,19.17,-0.584,0.586,0.00,1.00,-3.80,-0.045,-0.08,8.410,4.04,20.50 ,not present ,0.00 ,0.00 ,
02/11/2024,06:00:00,19.17,-0.593,0.000,0.00,1.00,-3.80,-0.155,-0.08,8.410,4.04,20.50 ,not present ,0.00 ,0.00 ,
02/11/2024,06:15:00,19.16,-0.569,0.000,0.00,1.00,-3.80,0.043,-0.07,8.410,4.04,20.60 ,not present ,0.00 ,0.00 ,
02/11/2024,06:30:00,19.12,-0.556,0.000,0.00,1.00,-3.80,0.085,-0.07,8.410,4.03,20.50 ,not present ,0.00 ,0.00 ,
02/11/2024,06:45:00,19.08,-0.475,0.000,0.00,1.00,-3.80,-0.121,-0.06,8.414,4.03,20.50 ,not present ,0.00 ,0.00 ,
02/11/2024,07:00:00,19.06,-0.611,0.000,0.00,1.00,-3.80,-0.108,-0.08,8.414,4.03,20.50 ,not present ,0.00 ,0.00 ,
02/11/2024,07:15:00,19.03,-0.054,0.000,0.00,1.00,-3.80,0.341,0.00,8.414,4.03,20.50 ,not present ,0.00 ,0.00 ,
02/11/2024,07:30:00,18.99,-0.575,0.000,0.00,1.00,-3.80,0.131,-0.07,8.417,4.03,20.50 ,not present ,0.00 ,0.00 ,
02/11/2024,07:45:00,18.99,-0.224,0.000,0.00,1.00,-3.80,0.130,-0.03,8.417,4.02,20.50 ,not present ,0.00 ,0.00 ,
02/11/2024,08:00:00,19.55,-2.140,0.498,-0.18,1.00,-3.80,-0.593,-0.29,8.395,4.02,20.80 ,not present ,0.00 ,0.00 ,
02/11/2024,08:15:00,20.37,-2.314,0.680,-0.25,1.00,-3.80,-0.570,-0.31,8.366,4.02,21.80 ,not present ,0.00 ,0.00 ,
02/11/2024,08:30:00,20.81,-1.489,1.350,-0.34,1.00,-3.80,-0.180,-0.20,8.348,4.02,22.60 ,not present ,0.00 ,0.00 ,
02/11/2024,08:45:00,21.19,-1.662,1.698,-0.46,1.00,-3.80,-0.598,-0.22,8.337,4.02,23.10 ,not present ,0.00 ,0.00 ,
02/11/2024,09:00:00,21.38,-1.654,2.084,-0.57,1.00,-3.80,-0.913,-0.22,8.330,4.01,23.60 ,not present ,0.00 ,0.00 ,
02/11/2024,09:15:00,21.51,-1.091,2.387,-0.57,1.00,-3.80,-0.549,-0.14,8.323,4.01,23.90 ,not present ,0.00 ,0.00 ,
02/11/2024,09:30:00,21.65,-1.482,2.282,-0.59,1.00,-3.80,-0.872,-0.20,8.319,4.01,24.10 ,not present ,0.00 ,0.00 ,
02/11/2024,09:45:00,21.55,-0.690,2.641,-0.59,1.00,-3.80,-0.536,-0.09,8.323,4.01,24.50 ,not present ,0.00 ,0.00 ,
02/11/2024,10:00:00,21.60,-1.657,2.414,-0.66,1.00,-3.80,-0.928,-0.22,8.319,4.01,24.50 ,not present ,0.00 ,0.00 ,
02/11/2024,10:15:00,21.73,-1.051,2.269,-0.53,1.00,-3.80,-0.623,-0.14,8.315,4.01,24.60 ,not present ,0.00 ,0.00 ,
02/11/2024,10:30:00,21.55,-0.423,2.487,-0.51,1.00,-3.80,-0.352,-0.05,8.323,4.01,24.60 ,not present ,0.00 ,0.00 ,
02/11/2024,10:45:00,21.66,-2.152,2.546,-0.76,1.00,-3.80,-1.008,-0.29,8.319,4.00,24.70 ,not present ,0.00 ,0.00 ,
02/11/2024,11:00:00,21.79,-1.702,2.589,-0.71,1.00,-3.80,-0.960,-0.23,8.315,4.00,24.90 ,not present ,0.00 ,0.00 ,
02/11/2024,11:15:00,22.01,-1.052,2.931,-0.71,1.00,-3.80,-0.374,-0.14,8.305,4.00,25.20 ,not present ,0.00 ,0.00 ,
02/11/2024,11:30:00,21.81,-1.390,3.194,-0.84,1.00,-3.80,-0.789,-0.18,8.312,4.00,25.10 ,not present ,0.00 ,0.00 ,
02/11/2024,11:45:00,21.59,-1.647,3.007,-0.83,1.00,-3.80,-0.875,-0.22,8.323,4.00,25.20 ,not present ,0.00 ,0.00 ,
02/11/2024,12:00:00,21.83,-1.418,2.693,-0.70,1.00,-3.80,-0.637,-0.19,8.312,3.99,25.30 ,not present ,0.00 ,0.00 ,
02/11/2024,12:15:00,22.16,-1.727,3.503,-0.97,1.00,-3.80,-0.893,-0.23,8.301,3.99,25.40 ,not present ,0.00 ,0.00 ,
02/11/2024,12:30:00,22.29,-1.949,2.868,-0.81,1.00,-3.80,-1.073,-0.26,8.297,3.99,25.40 ,not present ,0.00 ,0.00 ,
02/11/2024,12:45:00,22.90,-2.588,2.553,-0.80,1.00,-3.80,-1.057,-0.35,8.272,3.99,25.80 ,not present ,0.00 ,0.00 ,
02/11/2024,13:00:00,24.04,-2.185,2.959,-0.83,1.00,-3.80,-0.911,-0.29,8.233,3.99,26.30 ,not present ,0.00 ,0.00 ,
02/11/2024,13:15:00,24.61,-1.278,3.209,-0.76,1.00,-3.80,-0.708,-0.17,8.212,3.99,27.00 ,not present ,0.00 ,0.00 ,
02/11/2024,13:30:00,24.82,-1.984,3.556,-0.94,1.00,-3.80,-1.059,-0.26,8.205,3.99,27.50 ,not present ,0.00 ,0.00 ,
02/11/2024,13:45:00,24.57,-1.198,3.807,-0.91,1.00,-3.80,-0.815,-0.16,8.215,3.99,27.70 ,not present ,0.00 ,0.00 ,
02/11/2024,14:00:00,24.26,-1.897,3.514,-0.93,1.00,-3.80,-0.970,-0.25,8.226,3.99,27.60 ,not present ,0.00 ,0.00 ,
02/11/2024,14:15:00,24.12,-1.053,3.928,-0.93,1.00,-3.80,-0.540,-0.14,8.229,3.99,27.50 ,not present ,0.00 ,0.00 ,
02/11/2024,14:30:00,23.99,-1.489,3.656,-0.92,1.00,-3.80,-0.785,-0.20,8.237,3.99,27.50 ,not present ,0.00 ,0.00 ,
02/11/2024,14:45:00,24.29,-1.150,3.547,-0.84,1.00,-3.80,-0.606,-0.15,8.226,3.98,27.50 ,not present ,0.00 ,0.00 ,
02/11/2024,15:00:00,24.37,-1.452,3.650,-0.90,1.00,-3.80,-0.812,-0.19,8.222,3.98,27.40 ,not present ,0.00 ,0.00 ,
02/11/2024,15:15:00,24.65,-1.886,3.635,-0.95,1.00,-3.80,-0.969,-0.25,8.212,3.98,27.50 ,not present ,0.00 ,0.00 ,
02/11/2024,15:30:00,24.22,-0.533,4.055,-0.89,1.00,-3.80,-0.488,-0.07,8.226,3.98,27.70 ,not present ,0.00 ,0.00 ,
02/11/2024,15:45:00,24.00,-1.295,4.239,-1.05,1.00,-3.80,-0.791,-0.17,8.233,3.98,27.40 ,not present ,0.00 ,0.00 ,
02/11/2024,16:00:00,23.93,-1.572,3.853,-0.99,1.00,-3.80,-0.931,-0.21,8.237,3.98,27.30 ,not present ,0.00 ,0.00 ,
02/11/2024,16:15:00,24.27,-1.873,3.913,-1.03,1.00,-3.80,-1.095,-0.25,8.226,3.98,27.20 ,not present ,0.00 ,0.00 ,
02/11/2024,16:30:00,24.11,-1.713,4.008,-1.04,1.00,-3.80,-1.029,-0.23,8.229,3.98,27.50 ,not present ,0.00 ,0.00 ,
02/11/2024,16:45:00,23.99,-1.547,3.769,-0.96,1.00,-3.80,-0.780,-0.20,8.237,3.97,27.30 ,not present ,0.00 ,0.00 ,
02/11/2024,17:00:00,24.23,-1.553,3.853,-0.98,1.00,-3.80,-0.698,-0.20,8.226,3.97,27.30 ,not present ,0.00 ,0.00 ,
02/11/2024,17:15:00,24.13,-1.347,3.897,-0.96,1.00,-3.80,-0.751,-0.18,8.229,3.97,27.40 ,not present ,0.00 ,0.00 ,
02/11/2024,17:30:00,24.30,-1.663,4.156,-1.07,1.00,-3.80,-0.844,-0.22,8.222,3.97,27.20 ,not present ,0.00 ,0.00 ,
02/11/2024,17:45:00,24.22,-1.431,4.396,-1.11,1.00,-3.80,-0.865,-0.19,8.226,3.97,27.00 ,not present ,0.00 ,0.00 ,
02/11/2024,18:00:00,24.28,-1.249,4.077,-0.99,1.00,-3.80,-0.674,-0.16,8.226,3.97,27.20 ,not present ,0.00 ,0.00 ,
02/11/2024,18:15:00,24.12,-1.635,4.036,-1.04,1.00,-3.80,-0.811,-0.22,8.229,3.97,27.10 ,not present ,0.00 ,0.00 ,
02/11/2024,18:30:00,24.09,-0.757,4.203,-0.97,1.00,-3.80,-0.513,-0.10,8.233,3.97,27.00 ,not present ,0.00 ,0.00 ,
02/11/2024,18:45:00,24.14,-0.905,4.117,-0.96,1.00,-3.80,-0.484,-0.12,8.229,3.97,27.00 ,not present ,0.00 ,0.00 ,
02/11/2024,19:00:00,24.18,-1.578,4.011,-1.02,1.00,-3.80,-0.880,-0.21,8.229,3.97,27.00 ,not present ,0.00 ,0.00 ,
02/11/2024,19:15:00,24.27,-1.498,4.196,-1.06,1.00,-3.80,-0.791,-0.20,8.226,3.97,27.10 ,not present ,0.00 ,0.00 ,
02/11/2024,19:30:00,24.05,-1.640,4.114,-1.06,1.00,-3.80,-0.854,-0.22,8.233,3.97,27.00 ,not present ,0.00 ,0.00 ,
02/11/2024,19:45:00,24.02,-1.045,4.776,-1.16,1.00,-3.80,-0.743,-0.14,8.233,3.97,27.00 ,not present ,0.00 ,0.00 ,
02/11/2024,20:00:00,23.83,-0.799,4.449,-1.05,1.00,-3.80,-0.557,-0.10,8.240,3.96,26.90 ,not present ,0.00 ,0.00 ,
02/11/2024,20:15:00,23.49,-0.427,4.510,-1.03,1.00,-3.80,-0.403,-0.05,8.254,3.96,26.60 ,not present ,0.00 ,0.00 ,
02/11/2024,20:30:00,23.26,-1.484,4.014,-1.04,1.00,-3.80,-0.742,-0.20,8.262,3.96,26.50 ,not present ,0.00 ,0.00 ,
02/11/2024,20:45:00,23.37,-1.499,4.235,-1.10,1.00,-3.80,-0.878,-0.20,8.258,3.96,26.30 ,not present ,0.00 ,0.00 ,
02/11/2024,21:00:00,23.41,-1.199,4.327,-1.08,1.00,-3.80,-0.664,-0.16,8.254,3.96,26.30 ,not present ,0.00 ,0.00 ,
02/11/2024,21:15:00,23.42,-0.692,4.494,-1.06,1.00,-3.80,-0.487,-0.09,8.254,3.96,26.30 ,not present ,0.00 ,0.00 ,
02/11/2024,21:30:00,23.23,-0.855,4.374,-1.06,1.00,-3.80,-0.585,-0.11,8.262,3.96,26.20 ,not present ,0.00 ,0.00 ,
02/11/2024,21:45:00,23.11,-1.263,4.274,-1.09,1.00,-3.80,-0.785,-0.17,8.265,3.96,26.20 ,not present ,0.00 ,0.00 ,
02/11/2024,22:00:00,22.83,-1.239,4.577,-1.18,1.00,-3.80,-0.872,-0.16,8.276,3.96,26.00 ,not present ,0.00 ,0.00 ,
02/11/2024,22:15:00,22.84,-1.339,4.714,-1.23,1.00,-3.80,-0.779,-0.18,8.276,3.96,25.90 ,not present ,0.00 ,0.00 ,
02/11/2024,22:30:00,22.59,-0.811,4.507,-1.11,1.00,-3.80,-0.534,-0.11,8.287,3.96,25.70 ,not present ,0.00 ,0.00 ,
02/11/2024,22:45:00,22.39,-0.795,4.911,-1.23,1.00,-3.80,-0.541,-0.10,8.294,3.96,25.70 ,not present ,0.00 ,0.00 ,
02/11/2024,23:00:00,22.40,-1.805,4.097,-1.14,1.00,-3.80,-0.880,-0.24,8.290,3.96,25.40 ,not present ,0.00 ,0.00 ,
02/11/2024,23:15:00,22.98,-1.768,4.171,-1.13,1.00,-3.80,-1.011,-0.23,8.272,3.96,25.70 ,not present ,0.00 ,0.00 ,
02/11/2024,23:30:00,23.40,-1.779,4.192,-1.13,1.00,-3.80,-0.939,-0.24,8.254,3.96,25.70 ,not present ,0.00 ,0.00 ,
02/11/2024,23:45:00,23.69,-1.799,4.349,-1.16,1.00,-3.80,-0.962,-0.24,8.247,3.96,26.00 ,not present ,0.00 ,0.00 ,
03/11/2024,00:00:00,23.05,-0.006,4.836,-1.08,1.00,-3.80,-0.349,0.00,8.269,3.96,25.70 ,not present ,0.00 ,0.00 ,
03/11/2024,00:15:00,22.42,-0.121,4.380,-0.99,1.00,-3.80,-0.209,-0.01,8.290,3.95,25.00 ,not present ,0.00 ,0.00 ,
03/11/2024,00:30:00,21.91,-0.061,4.070,-0.91,1.00,-3.80,-0.251,0.00,8.308,3.95,24.20 ,not present ,0.00 ,0.00 ,
03/11/2024,00:45:00,21.51,-0.162,3.757,-0.85,1.00,-3.80,-0.281,-0.02,8.323,3.95,23.60 ,not present ,0.00 ,0.00 ,
03/11/2024,01:00:00,20.97,0.039,3.484,-0.76,1.00,-3.80,-0.096,0.00,8.344,3.95,23.10 ,not present ,0.00 ,0.00 ,
03/11/2024,01:15:00,20.60,-0.054,3.193,-0.69,1.00,-3.80,-0.168,0.00,8.355,3.95,22.80 ,not present ,0.00 ,0.00 ,
03/11/2024,01:30:00,20.36,-0.214,3.011,-0.67,1.00,-3.80,-0.285,-0.02,8.366,3.95,22.40 ,not present ,0.00 ,0.00 ,
03/11/2024,01:45:00,20.05,-0.142,2.839,-0.61,1.00,-3.80,-0.263,-0.01,8.377,3.95,22.00 ,not present ,0.00 ,0.00 ,
03/11/2024,02:00:00,19.95,-0.223,2.764,-0.60,1.00,-3.80,-0.176,-0.03,8.381,3.95,21.70 ,not present ,0.00 ,0.00 ,
03/11/2024,02:15:00,19.84,-0.126,2.647,-0.56,1.00,-3.80,-0.264,-0.01,8.384,3.95,21.50 ,not present ,0.00 ,0.00 ,
03/11/2024,02:30:00,19.59,0.070,2.627,-0.53,1.00,-3.80,-0.091,0.00,8.395,3.95,21.40 ,not present ,0.00 ,0.00 ,
03/11/2024,02:45:00,19.43,-0.210,2.480,-0.53,1.00,-3.80,-0.328,-0.02,8.399,3.95,21.10 ,not present ,0.00 ,0.00 ,
03/11/2024,03:00:00,19.31,-0.292,2.496,-0.55,1.00,-3.80,-0.266,-0.04,8.403,3.95,21.10 ,not present ,0.00 ,0.00 ,
03/11/2024,03:15:00,19.26,-0.249,2.328,-0.49,1.00,-3.80,-0.297,-0.03,8.406,3.95,20.80 ,not present ,0.00 ,0.00 ,
03/11/2024,03:30:00,19.22,-0.222,2.296,-0.48,1.00,-3.80,-0.369,-0.03,8.406,3.95,20.70 ,not present ,0.00 ,0.00 ,
03/11/2024,03:45:00,19.15,-0.287,2.180,-0.45,1.00,-3.80,-0.295,-0.03,8.410,3.95,20.60 ,not present ,0.00 ,0.00 ,
03/11/2024,04:00:00,19.10,-0.203,2.149,-0.43,1.00,-3.80,-0.268,-0.02,8.410,3.95,20.70 ,not present ,0.00 ,0.00 ,
03/11/2024,04:15:00,19.04,-0.136,2.109,-0.41,1.00,-3.80,-0.331,-0.01,8.414,3.95,20.60 ,not present ,0.00 ,0.00 ,
03/11/2024,04:30:00,19.04,-0.199,2.044,-0.40,1.00,-3.80,-0.251,-0.02,8.414,3.95,20.60 ,not present ,0.00 ,0.00 ,
03/11/2024,04:45:00,18.88,-0.066,2.072,-0.39,1.00,-3.80,-0.301,0.00,8.421,3.95,20.40 ,not present ,0.00 ,0.00 ,
03/11/2024,05:00:00,18.83,-0.204,1.959,-0.38,1.00,-3.80,-0.238,-0.02,8.421,3.94,20.40 ,not present ,0.00 ,0.00 ,
03/11/2024,05:15:00,18.69,-0.007,1.931,-0.35,1.00,-3.80,-0.195,0.00,8.428,3.94,20.40 ,not present ,0.00 ,0.00 ,
03/11/2024,05:30:00,18.71,-0.434,1.839,-0.38,1.00,-3.80,-0.207,-0.05,8.425,3.94,20.20 ,not present ,0.00 ,0.00 ,
03/11/2024,05:45:00,18.80,-0.354,1.796,-0.35,1.00,-3.80,-0.273,-0.04,8.421,3.94,20.20 ,not present ,0.00 ,0.00 ,
03/11/2024,06:00:00,18.86,-0.168,1.799,-0.32,1.00,-3.80,-0.319,-0.02,8.421,3.94,20.20 ,not present ,0.00 ,0.00 ,
03/11/2024,06:15:00,18.81,-0.314,1.724,-0.32,1.00,-3.80,-0.296,-0.04,8.421,3.94,20.20 ,not present ,0.00 ,0.00 ,
03/11/2024,06:30:00,18.85,-0.339,1.716,-0.32,1.00,-3.80,-0.297,-0.04,8.421,3.94,20.20 ,not present ,0.00 ,0.00 ,
03/11/2024,06:45:00,18.85,-0.339,1.691,-0.31,1.00,-3.80,-0.184,-0.04,8.421,3.94,20.20 ,not present ,0.00 ,0.00 ,
03/11/2024,07:00:00,18.89,-0.330,1.654,-0.30,1.00,-3.80,-0.266,-0.04,8.421,3.94,20.20 ,not present ,0.00 ,0.00 ,
03/11/2024,07:15:00,18.88,-0.272,1.691,-0.30,1.00,-3.80,-0.168,-0.03,8.421,3.94,20.10 ,not present ,0.00 ,0.00 ,
03/11/2024,07:30:00,18.66,-0.133,1.876,-0.35,1.00,-3.80,-0.265,-0.01,8.428,3.94,20.20 ,not present ,0.00 ,0.00 ,
03/11/2024,07:45:00,18.38,0.042,1.988,-0.36,1.00,-3.80,-0.293,0.00,8.439,3.94,20.20 ,not present ,0.00 ,0.00 ,
03/11/2024,08:00:00,18.61,-1.910,1.731,-0.55,1.00,-3.80,-0.788,-0.26,8.428,3.94,20.10 ,not present ,0.00 ,0.00 ,
03/11/2024,08:15:00,19.10,-1.595,2.203,-0.64,1.00,-3.80,-0.793,-0.21,8.410,3.94,20.90 ,not present ,0.00 ,0.00 ,
03/11/2024,08:30:00,19.57,-1.800,2.435,-0.73,1.00,-3.80,-0.863,-0.24,8.395,3.94,21.50 ,not present ,0.00 ,0.00 ,
03/11/2024,08:45:00,19.80,-0.623,2.990,-0.73,1.00,-3.80,-0.407,-0.08,8.384,3.94,22.30 ,not present ,0.00 ,0.00 ,
03/11/2024,09:00:00,19.99,-1.053,3.040,-0.80,1.00,-3.80,-0.584,-0.14,8.381,3.94,22.50 ,not present ,0.00 ,0.00 ,
03/11/2024,09:15:00,20.10,-0.686,3.376,-0.85,1.00,-3.80,-0.407,-0.09,8.373,3.94,22.70 ,not present ,0.00 ,0.00 ,
03/11/2024,09:30:00,20.27,-1.292,3.149,-0.86,1.00,-3.80,-0.596,-0.17,8.370,3.93,23.10 ,not present ,0.00 ,0.00 ,
03/11/2024,09:45:00,20.42,-1.117,3.349,-0.89,1.00,-3.80,-0.644,-0.15,8.362,3.93,23.30 ,not present ,0.00 ,0.00 ,
03/11/2024,10:00:00,20.67,-1.545,3.682,-1.04,1.00,-3.80,-0.707,-0.21,8.355,3.93,23.50 ,not present ,0.00 ,0.00 ,
03/11/2024,10:15:00,21.07,-1.527,3.611,-1.00,1.00,-3.80,-0.751,-0.20,8.341,3.93,23.70 ,not present ,0.00 ,0.00 ,
03/11/2024,10:30:00,21.40,-0.930,3.673,-0.93,1.00,-3.80,-0.434,-0.12,8.326,3.93,24.10 ,not present ,0.00 ,0.00 ,
03/11/2024,10:45:00,21.56,-1.776,4.058,-1.15,1.00,-3.80,-0.895,-0.24,8.323,3.93,24.30 ,not present ,0.00 ,0.00 ,
03/11/2024,11:00:00,21.89,-1.010,4.363,-1.12,1.00,-3.80,-0.453,-0.13,8.312,3.97,38.00 ,present ,12.28 ,160.50 ,
03/11/2024,11:15:00,22.13,-2.127,4.024,-1.17,1.00,-3.80,-0.525,-0.28,8.301,3.99,42.90 ,present ,12.28 ,160.20 ,
03/11/2024,11:30:00,22.20,-1.248,2.996,-0.75,1.00,-3.80,-0.212,-0.16,8.297,4.01,45.00 ,present ,12.24 ,160.20 ,
03/11/2024,11:45:00,22.34,-1.821,2.565,-0.71,1.00,-3.80,-0.605,-0.24,8.294,4.04,45.40 ,present ,12.20 ,159.89 ,
03/11/2024,12:00:00,22.26,-1.949,2.323,-0.66,1.00,-3.80,-0.565,-0.26,8.297,4.08,45.90 ,present ,12.17 ,159.89 ,
03/11/2024,12:15:00,22.64,-2.599,2.193,-0.70,1.00,-3.80,-0.757,-0.35,8.283,4.10,46.10 ,present ,12.17 ,160.20 ,
03/11/2024,12:30:00,22.90,-2.147,2.192,-0.63,1.00,-3.80,-0.612,-0.29,8.272,4.13,46.20 ,present ,12.17 ,160.20 ,
03/11/2024,12:45:00,23.60,-3.000,1.455,-0.54,1.00,-3.80,-0.843,-0.40,8.247,4.16,46.80 ,present ,12.14 ,160.20 ,
03/11/2024,13:00:00,24.44,-2.665,1.367,-0.46,1.00,-3.80,-0.704,-0.35,8.219,4.19,48.00 ,present ,12.13 ,159.89 ,
03/11/2024,13:15:00,24.71,-2.100,1.833,-0.50,1.00,-3.80,-0.566,-0.28,8.208,4.19,38.80 ,present ,12.29 ,62.10 ,
03/11/2024,13:30:00,24.72,-1.281,1.630,-0.34,1.00,-3.80,-0.560,-0.17,8.208,4.19,34.00 ,present ,12.36 ,43.50 ,
03/11/2024,13:45:00,24.61,-2.043,1.841,-0.50,1.00,-3.80,-0.941,-0.27,8.212,4.19,32.20 ,present ,12.34 ,41.10 ,
03/11/2024,14:00:00,24.66,-2.239,1.599,-0.46,1.00,-3.80,-1.024,-0.30,8.212,4.19,31.50 ,present ,12.37 ,40.50 ,
03/11/2024,14:15:00,24.69,-2.134,1.605,-0.45,1.00,-3.80,-0.947,-0.28,8.212,4.19,31.00 ,present ,12.37 ,40.50 ,
03/11/2024,14:30:00,24.83,-2.079,1.822,-0.49,1.00,-3.80,-0.907,-0.27,8.205,4.19,31.00 ,present ,12.37 ,40.50 ,
03/11/2024,14:45:00,24.88,-0.891,1.971,-0.37,1.00,-3.80,-0.332,-0.11,8.205,4.19,30.90 ,present ,12.33 ,40.20 ,
03/11/2024,15:00:00,24.96,-1.884,1.739,-0.44,1.00,-3.80,-0.830,-0.25,8.201,4.19,31.00 ,present ,12.37 ,40.50 ,
03/11/2024,15:15:00,24.84,-1.590,1.739,-0.41,1.00,-3.80,-0.832,-0.21,8.205,4.19,30.90 ,present ,12.33 ,40.20 ,
03/11/2024,15:30:00,24.60,-1.785,1.756,-0.44,1.00,-3.80,-0.875,-0.24,8.212,4.19,30.50 ,present ,12.36 ,39.59 ,
03/11/2024,15:45:00,24.92,-2.289,1.570,-0.45,1.00,-3.80,-1.115,-0.30,8.201,4.19,30.50 ,present ,12.36 ,39.59 ,
03/11/2024,16:00:00,25.25,-1.387,1.712,-0.37,1.00,-3.80,-0.606,-0.18,8.191,4.19,30.80 ,present ,12.34 ,40.50 ,
03/11/2024,16:15:00,25.47,-1.976,1.769,-0.46,1.00,-3.80,-0.713,-0.26,8.184,4.19,31.00 ,present ,12.37 ,39.90 ,
03/11/2024,16:30:00,25.14,-0.910,2.043,-0.39,1.00,-3.80,-0.453,-0.12,8.194,4.19,30.90 ,present ,12.33 ,40.20 ,
03/11/2024,16:45:00,25.27,-1.530,1.629,-0.36,1.00,-3.80,-0.721,-0.20,8.191,4.19,30.90 ,present ,12.33 ,40.20 ,
03/11/2024,17:00:00,25.25,-1.714,1.560,-0.37,1.00,-3.80,-0.632,-0.23,8.191,4.19,30.50 ,present ,12.33 ,39.90 ,
03/11/2024,17:15:00,24.92,-0.557,1.947,-0.32,1.00,-3.80,-0.461,-0.07,8.201,4.19,30.50 ,present ,12.36 ,39.59 ,
03/11/2024,17:30:00,24.38,-1.381,1.840,-0.41,1.00,-3.80,-0.865,-0.18,8.222,4.19,30.40 ,present ,12.36 ,39.59 ,
03/11/2024,17:45:00,24.37,-1.207,1.709,-0.35,1.00,-3.80,-0.593,-0.16,8.222,4.19,29.90 ,present ,12.33 ,40.20 ,
03/11/2024,18:00:00,24.09,-1.227,1.835,-0.39,1.00,-3.80,-0.589,-0.16,8.233,4.19,29.60 ,present ,12.33 ,39.59 ,
03/11/2024,18:15:00,23.70,-1.009,2.234,-0.48,1.00,-3.80,-0.549,-0.13,8.244,4.19,29.40 ,present ,12.33 ,39.59 ,
03/11/2024,18:30:00,23.38,-1.252,2.017,-0.46,1.00,-3.80,-0.665,-0.16,8.258,4.19,29.10 ,present ,12.33 ,39.30 ,
03/11/2024,18:45:00,23.25,-1.358,1.555,-0.35,1.00,-3.80,-0.723,-0.18,8.262,4.19,28.60 ,present ,12.32 ,38.70 ,
03/11/2024,19:00:00,23.31,-1.274,1.552,-0.33,1.00,-3.80,-0.553,-0.17,8.258,4.19,28.70 ,present ,12.33 ,39.59 ,
03/11/2024,19:15:00,23.16,-1.228,1.609,-0.34,1.00,-3.80,-0.658,-0.16,8.265,4.19,28.40 ,present ,12.32 ,39.00 ,
03/11/2024,19:30:00,23.09,-1.474,1.611,-0.38,1.00,-3.80,-0.764,-0.19,8.269,4.19,28.20 ,present ,12.33 ,39.59 ,
03/11/2024,19:45:00,22.98,-1.361,1.728,-0.40,1.00,-3.80,-0.674,-0.18,8.272,4.19,28.30 ,present ,12.33 ,39.59 ,
03/11/2024,20:00:00,22.78,-0.796,1.778,-0.34,1.00,-3.80,-0.462,-0.10,8.279,4.19,28.10 ,present ,12.33 ,39.90 ,
03/11/2024,20:15:00,22.47,-1.287,2.016,-0.48,1.00,-3.80,-0.636,-0.17,8.290,4.19,27.90 ,present ,12.32 ,39.00 ,
03/11/2024,20:30:00,22.76,-1.614,1.569,-0.39,1.00,-3.80,-0.645,-0.21,8.279,4.19,27.80 ,present ,12.33 ,39.59 ,
03/11/2024,20:45:00,23.19,-1.409,1.603,-0.37,1.00,-3.80,-0.659,-0.19,8.265,4.19,27.80 ,present ,12.33 ,39.59 ,
03/11/2024,21:00:00,23.27,-0.678,1.982,-0.37,1.00,-3.80,-0.290,-0.09,8.262,4.19,28.30 ,present ,12.30 ,39.90 ,
03/11/2024,21:15:00,23.06,-1.100,1.973,-0.43,1.00,-3.80,-0.598,-0.14,8.269,4.19,28.20 ,present ,12.33 ,39.30 ,
03/11/2024,21:30:00,22.99,-0.693,1.951,-0.37,1.00,-3.80,-0.506,-0.09,8.272,4.19,28.20 ,present ,12.30 ,39.90 ,
03/11/2024,21:45:00,22.71,-0.918,2.021,-0.42,1.00,-3.80,-0.438,-0.12,8.279,4.19,27.90 ,present ,12.29 ,39.59 ,
03/11/2024,22:00:00,22.46,-1.382,2.055,-0.50,1.00,-3.80,-0.741,-0.18,8.290,4.19,27.80 ,present ,12.33 ,39.30 ,
03/11/2024,22:15:00,22.24,-0.884,2.464,-0.55,1.00,-3.80,-0.505,-0.12,8.297,4.19,27.50 ,present ,12.29 ,39.59 ,
03/11/2024,22:30:00,22.01,-0.865,2.448,-0.55,1.00,-3.80,-0.578,-0.11,8.305,4.19,27.30 ,present ,12.29 ,39.59 ,
03/11/2024,22:45:00,22.03,-1.024,2.181,-0.50,1.00,-3.80,-0.674,-0.13,8.305,4.19,27.20 ,present ,12.29 ,39.59 ,
03/11/2024,23:00:00,22.03,-1.517,2.035,-0.52,1.00,-3.80,-0.847,-0.20,8.305,4.19,27.10 ,present ,12.29 ,39.59 ,
03/11/2024,23:15:00,22.40,-1.760,1.779,-0.47,1.00,-3.80,-0.743,-0.23,8.290,4.19,27.00 ,present ,12.29 ,39.59 ,
03/11/2024,23:30:00,22.68,-1.562,1.727,-0.43,1.00,-3.80,-0.730,-0.21,8.283,4.19,27.40 ,present ,12.29 ,39.59 ,
03/11/2024,23:45:00,22.90,-1.779,1.697,-0.45,1.00,-3.80,-0.847,-0.24,8.272,4.19,27.60 ,present ,12.30 ,39.90 ,
04/11/2024,00:00:00,22.23,-0.010,1.824,-0.25,1.00,-3.80,-0.258,0.00,8.297,4.19,27.00 ,present ,12.29 ,39.00 ,
04/11/2024,00:15:00,21.56,-0.069,1.354,-0.13,1.00,-3.80,-0.183,0.00,8.323,4.19,26.40 ,present ,12.29 ,39.00 ,
04/11/2024,00:30:00,21.02,-0.123,1.101,-0.07,1.00,-3.80,-0.126,-0.01,8.341,4.19,25.60 ,present ,12.29 ,38.70 ,
04/11/2024,00:45:00,20.60,-0.270,0.935,-0.05,1.00,-3.80,-0.116,-0.03,8.355,4.19,25.10 ,present ,12.29 ,38.70 ,
04/11/2024,01:00:00,20.26,-0.230,0.824,-0.01,1.00,-3.80,-0.084,-0.03,8.370,4.19,24.60 ,present ,12.29 ,38.70 ,
04/11/2024,01:15:00,19.98,-0.327,0.751,-0.01,1.00,-3.80,-0.104,-0.04,8.381,4.19,24.10 ,present ,12.29 ,38.70 ,
04/11/2024,01:30:00,19.77,-0.462,0.680,0.00,1.00,-3.80,-0.060,-0.06,8.388,4.19,23.80 ,present ,12.29 ,38.70 ,
04/11/2024,01:45:00,19.61,-0.406,0.000,0.00,1.00,-3.80,0.034,-0.05,8.392,4.19,23.50 ,present ,12.29 ,38.70 ,
04/11/2024,02:00:00,19.47,-0.436,0.000,0.00,1.00,-3.80,0.098,-0.06,8.399,4.19,23.50 ,present ,12.29 ,38.70 ,
04/11/2024,02:15:00,19.37,-0.501,0.000,0.00,1.00,-3.80,-0.053,-0.06,8.403,4.19,23.30 ,present ,12.29 ,38.70 ,
04/11/2024,02:30:00,19.28,-0.511,0.000,0.00,1.00,-3.80,0.126,-0.07,8.406,4.19,23.20 ,present ,12.29 ,39.00 ,
04/11/2024,02:45:00,19.20,-0.443,0.000,0.00,1.00,-3.80,0.021,-0.06,8.406,4.19,23.00 ,present ,12.29 ,38.70 ,
04/11/2024,03:00:00,19.12,-0.476,0.000,0.00,1.00,-3.80,0.040,-0.06,8.410,4.19,22.90 ,present ,12.28 ,38.40 ,
04/11/2024,03:15:00,19.00,-0.463,0.000,0.00,1.00,-3.80,0.039,-0.06,8.414,4.19,22.90 ,present ,12.28 ,38.40 ,
04/11/2024,03:30:00,18.96,-0.587,0.000,0.00,1.00,-3.80,0.079,-0.08,8.417,4.19,22.80 ,present ,12.25 ,38.70 ,
04/11/2024,03:45:00,18.88,-0.603,0.000,0.00,1.00,-3.80,0.037,-0.08,8.421,4.19,22.80 ,present ,12.25 ,38.70 ,
04/11/2024,04:00:00,18.86,-0.488,0.000,0.00,1.00,-3.80,-0.046,-0.06,8.421,4.19,22.60 ,present ,12.25 ,38.70 ,
04/11/2024,04:15:00,18.80,-0.614,0.000,0.00,1.00,-3.80,0.001,-0.08,8.421,4.19,22.50 ,present ,12.25 ,39.00 ,
04/11/2024,04:30:00,18.77,-0.588,0.000,0.00,1.00,-3.80,0.020,-0.08,8.425,4.19,22.60 ,present ,12.25 ,38.70 ,
04/11/2024,04:45:00,18.75,-0.571,0.000,0.00,1.00,-3.80,0.102,-0.07,8.425,4.19,22.50 ,present ,12.25 ,39.00 ,
04/11/2024,05:00:00,18.71,-0.670,0.000,0.00,1.00,-3.80,0.140,-0.09,8.425,4.19,22.30 ,present ,12.26 ,39.30 ,
04/11/2024,05:15:00,18.69,-0.519,0.000,0.00,1.00,-3.80,0.043,-0.07,8.428,4.19,22.30 ,present ,12.25 ,39.00 ,
04/11/2024,05:30:00,18.64,-0.588,0.000,0.00,1.00,-3.80,-0.005,-0.08,8.428,4.19,22.40 ,present ,12.26 ,39.59 ,
04/11/2024,05:45:00,18.61,-0.488,0.000,0.00,1.00,-3.80,0.198,-0.06,8.428,4.19,22.20 ,present ,12.26 ,39.30 ,
04/11/2024,06:00:00,18.56,-0.627,0.000,0.00,1.00,-3.80,0.079,-0.08,8.432,4.19,22.20 ,present ,12.22 ,39.59 ,
04/11/2024,06:15:00,18.51,-0.638,0.000,0.00,1.00,-3.80,0.127,-0.08,8.432,4.19,22.20 ,present ,12.22 ,39.30 ,
04/11/2024,06:30:00,18.43,-0.660,0.000,0.00,1.00,-3.80,0.067,-0.09,8.436,4.19,22.00 ,present ,12.25 ,38.70 ,
04/11/2024,06:45:00,18.34,-0.651,0.000,0.00,1.00,-3.80,0.098,-0.09,8.439,4.19,22.00 ,present ,12.25 ,39.00 ,
04/11/2024,07:00:00,18.28,-0.568,0.000,0.00,1.00,-3.80,0.184,-0.07,8.443,4.19,22.10 ,present ,12.25 ,38.70 ,
04/11/2024,07:15:00,18.24,-0.494,0.000,0.00,1.00,-3.80,0.117,-0.06,8.443,4.19,22.00 ,present ,12.25 ,38.70 ,
04/11/2024,07:30:00,18.27,-0.678,0.000,0.00,1.00,-3.80,0.109,-0.09,8.443,4.19,21.90 ,present ,12.25 ,39.00 ,
04/11/2024,07:45:00,18.31,-0.730,0.000,0.00,1.00,-3.80,0.217,-0.10,8.439,4.19,21.90 ,present ,12.22 ,39.00 ,
04/11/2024,08:00:00,18.89,-2.221,0.097,-0.07,1.00,-3.80,-0.552,-0.30,8.421,4.19,22.20 ,present ,12.23 ,39.90 ,
04/11/2024,08:15:00,19.78,-2.203,0.083,-0.06,1.00,-3.80,-0.429,-0.30,8.388,4.19,23.10 ,present ,12.23 ,40.20 ,
04/11/2024,08:30:00,20.40,-2.171,0.150,-0.07,1.00,-3.80,-0.316,-0.29,8.362,4.19,24.10 ,present ,12.23 ,40.20 ,
04/11/2024,08:45:00,20.60,-2.101,0.276,-0.10,1.00,-3.80,-0.127,-0.28,8.355,4.19,24.60 ,present ,12.23 ,40.50 ,
04/11/2024,09:00:00,20.26,-2.435,0.512,-0.22,1.00,-3.80,-0.136,-0.33,8.370,4.19,24.90 ,present ,12.23 ,40.20 ,
04/11/2024,09:15:00,20.31,-2.498,0.437,-0.21,1.00,-3.80,-0.315,-0.34,8.366,4.19,25.10 ,present ,12.23 ,40.20 ,
04/11/2024,09:30:00,20.44,-1.863,0.605,-0.17,1.00,-3.80,-0.229,-0.25,8.362,4.19,25.40 ,present ,12.23 ,39.90 ,
04/11/2024,09:45:00,20.45,-2.181,0.730,-0.25,1.00,-3.80,-0.363,-0.29,8.362,4.19,25.50 ,present ,12.22 ,39.59 ,
04/11/2024,10:00:00,20.74,-1.865,1.075,-0.31,1.00,-3.80,-0.487,-0.25,8.352,4.19,25.60 ,present ,12.22 ,39.59 ,
04/11/2024,10:15:00,20.69,-2.319,1.715,-0.56,1.00,-3.80,-0.817,-0.31,8.355,4.19,26.00 ,present ,12.22 ,39.59 ,
04/11/2024,10:30:00,21.49,-0.966,0.893,-0.12,1.00,-3.80,-0.157,-0.13,8.326,4.19,26.30 ,present ,12.22 ,39.59 ,
04/11/2024,10:45:00,22.46,-2.201,0.945,-0.30,1.00,-3.80,-0.744,-0.29,8.290,4.19,27.00 ,present ,12.23 ,40.20 ,
04/11/2024,11:00:00,22.89,-1.975,0.933,-0.26,1.00,-3.80,-0.648,-0.26,8.276,4.19,27.60 ,present ,12.23 ,40.50 ,
04/11/2024,11:15:00,22.72,-2.444,1.974,-0.62,1.00,-3.80,-0.994,-0.33,8.279,4.19,27.90 ,present ,12.23 ,40.20 ,
04/11/2024,11:30:00,23.15,-1.741,1.619,-0.42,1.00,-3.80,-0.780,-0.23,8.265,4.19,28.40 ,present ,12.23 ,40.20 ,
04/11/2024,11:45:00,22.80,-1.926,1.227,-0.34,1.00,-3.80,-0.904,-0.26,8.276,4.19,28.60 ,present ,12.23 ,40.20 ,
04/11/2024,12:00:00,23.05,-1.027,1.226,-0.21,1.00,-3.80,-0.339,-0.13,8.269,4.19,28.60 ,present ,12.23 ,40.20 ,
04/11/2024,12:15:00,23.49,-2.014,1.378,-0.38,1.00,-3.80,-0.815,-0.27,8.254,4.19,28.90 ,present ,12.23 ,40.20 ,
04/11/2024,12:30:00,23.77,-2.560,1.512,-0.49,1.00,-3.80,-1.095,-0.34,8.244,4.19,29.10 ,present ,12.23 ,40.20 ,
04/11/2024,12:45:00,24.57,-0.843,0.930,-0.09,1.00,-3.80,-0.236,-0.11,8.215,4.19,28.40 ,not present ,0.00 ,0.00 ,
