TIMESTAMP	RECORD	TempMP40	TensionMP40	TempMP01	TensionMP01	TempMP04	TensionMP04	TempMP68	TensionMP68
TS	RN	Deg_C	kPa	Deg_C	kPa	Deg_C	kPa	Deg_C	kPa
		Smp	Smp	Smp	Smp	Smp	Smp	Smp	Smp
22/10/2024 15:10	0	23.6	-7999	23.5	-7999	23.2	-7999	23	-7999
24/10/2024 10:25	1	22.9	-3264	23	-5254	22.9	-5652	22.3	-4379
24/10/2024 10:30	2	22.8	-2530	22.9	-4502	22.8	-5075	22.3	-3582
24/10/2024 10:35	3	22.8	-2217	22.9	-4111	22.8	-4465	22.3	-2938
24/10/2024 10:40	4	22.8	-2035	22.8	-3844	22.7	-4232	22.3	-2251
24/10/2024 10:45	5	22.8	-1867	22.8	-3793	22.7	-3906	22.3	-1517
24/10/2024 10:50	6	22.8	-1710	22.9	-3441	22.7	-3682	22.3	-907
24/10/2024 10:55	7	22.8	-1609	22.5	0	22.7	-3391	22.2	-505.6
24/10/2024 11:00	8	22.8	-1478	22.4	0	22.7	-3062	22.1	-66.9
24/10/2024 11:05	9	22.9	-1429	22.4	0	22.7	-2838	22.2	-22.4
24/10/2024 11:10	10	22.9	-1348	22.4	-0.1	22.7	-2512	22.2	-12.1
24/10/2024 11:15	11	22.9	-1280	22.4	-0.1	22.7	-2233	22.2	-7.2
24/10/2024 11:20	12	23	-1234	22.4	-0.1	22.7	-2024	22.2	-5.3
24/10/2024 11:25	13	23	-1169	22.5	-0.1	22.7	-1823	22.2	-2.9
24/10/2024 11:30	14	23	-1133	22.5	-0.1	22.7	-1611	22.2	-1.3
24/10/2024 11:35	15	23	-1033	22.4	-0.1	22.7	-1435	22.2	-0.6
24/10/2024 11:40	16	23.1	-980	22.4	-0.1	22.7	-1323	22.2	-0.3
24/10/2024 11:45	17	23.1	-952	22.4	-0.1	22.7	-1222	22.2	-0.2
24/10/2024 11:50	18	23.1	-880	22.4	-0.1	22.7	-1090	22.2	-0.1
24/10/2024 11:55	19	23.1	-822	22.4	-0.1	22.7	-1003	22.2	-0.1
24/10/2024 12:00	20	23.2	-793.6	22.4	-0.1	22.6	-915	22.2	-0.1
24/10/2024 12:05	21	23.2	-730.3	22.4	-0.1	22.6	-837	22.1	0
24/10/2024 12:10	22	23.2	-686.9	22.4	-0.1	22.6	-790.8	22.1	0
24/10/2024 12:15	23	23.3	-647.2	22.4	-0.1	22.6	-733.1	22.2	0
24/10/2024 12:20	24	23.3	-610.6	22.4	-0.1	22.6	-679.3	22.2	0
24/10/2024 12:25	25	23.4	-571	22.5	-0.1	22.7	-627.2	22.2	0
24/10/2024 12:30	26	23.4	-532.4	22.5	-0.1	22.7	-597.6	22.3	0
24/10/2024 12:35	27	23.5	-495.8	22.6	-0.1	22.8	-557.4	22.3	0
24/10/2024 12:40	28	23.5	-470.7	22.7	-0.1	22.8	-529.1	22.4	0
24/10/2024 12:45	29	23.6	-437.2	22.8	-0.1	22.9	-499.7	22.5	0
24/10/2024 12:50	30	23.7	-411.8	22.9	-0.1	23	-472.7	22.6	0
24/10/2024 12:55	31	23.8	-387.5	23.1	-0.1	23.2	-448.6	22.7	0
24/10/2024 13:00	32	23.9	-366	23.1	-0.1	23.2	-425.8	22.7	0
24/10/2024 13:05	33	24	-344.7	23.2	-0.1	23.3	-409.3	22.8	0
24/10/2024 13:10	34	24.1	-327.2	23.2	-0.1	23.3	-389.5	22.8	0
24/10/2024 13:15	35	24.1	-307.3	23.2	-0.1	23.4	-375.5	22.9	0
24/10/2024 13:20	36	24.2	-293	23.2	-0.1	23.4	-358.6	22.9	0
24/10/2024 13:25	37	24.3	-279.1	23.3	-0.1	23.5	-343.7	23	0
24/10/2024 13:30	38	24.3	-264	23.4	-0.1	23.6	-334.5	23.1	0
24/10/2024 13:35	39	24.4	-252.4	23.5	-0.1	23.6	-321.7	23.1	0
24/10/2024 13:40	40	24.5	-241.6	23.5	-0.1	23.7	-308.7	23.2	0
24/10/2024 13:45	41	24.6	-226.9	23.7	-0.1	23.8	-297.8	23.3	0
24/10/2024 13:50	42	24.7	-218.8	23.8	-0.1	23.9	-292.6	23.4	0
24/10/2024 13:55	43	24.8	-207	23.9	0	24	-279.1	23.5	0
24/10/2024 14:00	44	24.9	-198.7	23.9	-0.1	24.1	-273.5	23.6	0
24/10/2024 14:05	45	25	-189.5	24	0	24.2	-266.1	23.7	0
24/10/2024 14:10	46	25.1	-181.9	24.1	0	24.2	-251.5	23.8	0
24/10/2024 14:15	47	25.1	-175.1	24.2	0	24.3	-242.9	23.8	0
24/10/2024 14:20	48	25.2	-167.7	24.2	0	24.4	-238.2	23.9	0
24/10/2024 14:25	49	25.2	-162.8	24.3	0	24.4	-230.9	24	0
24/10/2024 14:30	50	25.3	-157	24.4	0	24.5	-225.6	24.1	0
24/10/2024 14:35	51	25.4	-147.7	24.4	0	24.5	-219.3	24.1	0
24/10/2024 14:40	52	25.5	-143.5	24.5	0	24.6	-216.4	24.2	0
24/10/2024 14:45	53	25.5	-138.6	24.5	0	24.7	-210.9	24.3	0
24/10/2024 14:50	54	25.6	-135.3	24.6	0	24.8	-206.2	24.3	0
24/10/2024 14:55	55	25.6	-130.7	24.7	0	24.8	-201.4	24.4	0
24/10/2024 15:00	56	25.7	-127.5	24.7	0	24.9	-196.8	24.5	0
24/10/2024 15:05	57	25.7	-124.1	24.8	0	24.9	-193.7	24.5	0
24/10/2024 15:10	58	25.8	-121.3	24.8	0	24.9	-188.3	24.6	0
24/10/2024 15:15	59	25.8	-118.4	24.9	0	25	-185.9	24.7	0
24/10/2024 15:20	60	25.9	-115.8	24.9	0	25	-181.5	24.7	0
24/10/2024 15:25	61	25.9	-113.4	25	0	25.1	-178.4	24.8	0
24/10/2024 15:30	62	26	-111.8	25	0	25.1	-175.4	24.8	0
24/10/2024 15:35	63	26	-109.3	25.1	0	25.2	-171	24.9	0
24/10/2024 15:40	64	26.1	-106.7	25.1	0	25.3	-168.9	24.9	0
24/10/2024 15:45	65	26.1	-104.3	25.2	0	25.3	-165.9	25	0
24/10/2024 15:50	66	26.2	-103.1	25.2	0	25.4	-161.6	25	0
24/10/2024 15:55	67	26.2	-101.5	25.3	0	25.4	-159.6	25.1	0
24/10/2024 16:00	68	26.3	-99.5	25.3	0	25.5	-157.2	25.1	0
24/10/2024 16:05	69	26.3	-97.9	25.3	0	25.4	-153.5	25.1	0
24/10/2024 16:10	70	26.3	-96.7	25.2	0	25.4	-152.3	25.1	0
24/10/2024 16:15	71	26.2	-95.4	25.2	0	25.4	-149.4	25.1	0
24/10/2024 16:20	72	26.2	-94.1	25.1	0	25.3	-146.8	25.1	0
24/10/2024 16:25	73	26.2	-92.8	25.1	0	25.3	-145.2	25.1	0
24/10/2024 16:30	74	26.2	-91.5	25.1	0	25.3	-142.5	25.1	0
24/10/2024 16:35	75	26.2	-90.2	25.1	0	25.3	-141.2	25.1	0
24/10/2024 16:40	76	26.1	-89.3	25.2	0	25.3	-139.2	25.1	0
24/10/2024 16:45	77	26.1	-88.5	25.2	0	25.3	-138	25.1	0
24/10/2024 16:50	78	26.1	-87.3	25.2	0	25.3	-136.4	25.1	0
24/10/2024 16:55	79	26.1	-86.7	25.2	0	25.3	-135.3	25.1	0
24/10/2024 17:00	80	26.1	-85.4	25.2	0	25.3	-133.8	25.1	0
24/10/2024 17:05	81	26	-85	25.2	0	25.3	-132.6	25.1	0
24/10/2024 17:10	82	26	-84	25.2	0	25.3	-130.9	25.2	0
24/10/2024 17:15	83	26	-83.4	25.2	0	25.3	-129.5	25.2	0
24/10/2024 17:20	84	25.9	-82.5	25.2	0	25.3	-128	25.2	0
24/10/2024 17:25	85	25.9	-81.7	25.2	0	25.3	-127.1	25.2	0
24/10/2024 17:30	86	25.9	-80.9	25.2	0	25.3	-126.4	25.2	0
24/10/2024 17:35	87	25.8	-80.2	25.2	0	25.3	-125.1	25.2	0
24/10/2024 17:40	88	25.8	-79.9	25.2	0	25.2	-124	25.2	0
24/10/2024 17:45	89	25.8	-78.9	25.2	0	25.2	-122.9	25.2	0
24/10/2024 17:50	90	25.8	-78.4	25.2	0	25.2	-121.8	25.2	0
24/10/2024 17:55	91	25.8	-77.7	25.2	0	25.2	-120.4	25.2	0
24/10/2024 18:00	92	25.7	-77.4	25.3	0	25.2	-119.9	25.2	0
24/10/2024 18:05	93	25.7	-76.8	25.3	0	25.2	-119	25.2	0
24/10/2024 18:10	94	25.7	-76.1	25.3	0	25.2	-117.8	25.2	0
24/10/2024 18:15	95	25.7	-75.6	25.3	0	25.2	-116.4	25.2	0
24/10/2024 18:20	96	25.6	-75.1	25.2	0	25.2	-116.3	25.2	0
24/10/2024 18:25	97	25.6	-74.7	25.2	0	25.1	-115.2	25.2	0
24/10/2024 18:30	98	25.6	-74.5	25.2	0	25.1	-114.7	25.2	0
24/10/2024 18:35	99	25.5	-73.8	25.2	0	25.1	-113.6	25.1	0
24/10/2024 18:40	100	25.5	-73.4	25.2	0	25.1	-112.4	25.1	0
24/10/2024 18:45	101	25.5	-73	25.2	0	25.1	-112.2	25.1	0
24/10/2024 18:50	102	25.4	-72.6	25.1	0	25	-110.8	25.1	0
24/10/2024 18:55	103	25.4	-72.4	25.1	0	25	-110.4	25.1	0
24/10/2024 19:00	104	25.4	-71.7	25.1	0	25	-110.1	25.1	0
24/10/2024 19:05	105	25.4	-71.4	25.1	0	25	-108.8	25.1	0
24/10/2024 19:10	106	25.3	-71.1	25.1	0	25	-108.4	25.1	0
24/10/2024 19:15	107	25.3	-70.5	25.1	0	25	-107.4	25.1	0
24/10/2024 19:20	108	25.3	-70.4	25.1	0	24.9	-106.7	25	0
24/10/2024 19:25	109	25.2	-69.9	25.1	0	24.9	-106.2	25	0
24/10/2024 19:30	110	25.2	-69.7	25.1	0	24.9	-105.4	25	0
24/10/2024 19:35	111	25.2	-69.3	25	0	24.9	-104.8	25	0
24/10/2024 19:40	112	25.2	-69.2	25	0	24.8	-104.7	25	0
24/10/2024 19:45	113	25.1	-68.6	25	0	24.8	-103.8	25	0
24/10/2024 19:50	114	25.1	-68.4	25	0	24.8	-103.2	25	0
24/10/2024 19:55	115	25.1	-68	25	0	24.8	-103	25	0
24/10/2024 20:00	116	25.1	-67.7	25	0	24.8	-102	24.9	0
24/10/2024 20:05	117	25	-67.5	25	0	24.7	-101.7	24.9	0
24/10/2024 20:10	118	25	-67.2	24.9	0	24.7	-100.7	24.9	0
24/10/2024 20:15	119	25	-66.8	24.9	0	24.6	-100.6	24.9	0
24/10/2024 20:20	120	24.9	-66.9	24.9	0	24.6	-99.8	24.9	0
24/10/2024 20:25	121	24.9	-66.4	24.8	0	24.5	-99.4	24.8	0
24/10/2024 20:30	122	24.8	-66.3	24.8	0	24.5	-98.8	24.8	0
24/10/2024 20:35	123	24.7	-66.1	24.7	0	24.5	-98.7	24.8	0
24/10/2024 20:40	124	24.7	-65.8	24.7	0	24.4	-98	24.7	0
24/10/2024 20:45	125	24.6	-65.8	24.7	0	24.4	-97.6	24.7	-0.1
24/10/2024 20:50	126	24.5	-65.7	24.6	0	24.3	-96.9	24.7	-0.1
24/10/2024 20:55	127	24.5	-65.4	24.6	0	24.3	-96.5	24.6	-0.1
24/10/2024 21:00	128	24.4	-65.2	24.5	0	24.2	-96.3	24.6	-0.1
24/10/2024 21:05	129	24.4	-65.2	24.5	0	24.2	-95.7	24.6	-0.1
24/10/2024 21:10	130	24.3	-65	24.5	0	24.1	-95.4	24.5	-0.1
24/10/2024 21:15	131	24.3	-64.7	24.5	0	24.1	-95.4	24.5	-0.1
24/10/2024 21:20	132	24.2	-64.9	24.5	0	24.1	-94.5	24.5	-0.1
24/10/2024 21:25	133	24.2	-64.4	24.4	0	24.1	-94.2	24.4	-0.1
24/10/2024 21:30	134	24.2	-64.2	24.4	0	24.1	-94.1	24.4	-0.1
24/10/2024 21:35	135	24.2	-64	24.4	0	24.1	-93.4	24.4	-0.1
24/10/2024 21:40	136	24.2	-63.7	24.4	0	24.1	-93.3	24.4	-0.1
24/10/2024 21:45	137	24.3	-63.8	24.4	0	24.1	-92.5	24.4	-0.1
24/10/2024 21:50	138	24.3	-63.4	24.4	0	24.1	-92.1	24.4	-0.1
24/10/2024 21:55	139	24.3	-63.2	24.4	0	24.1	-92.2	24.3	-0.1
24/10/2024 22:00	140	24.3	-63.1	24.4	0	24.1	-91.3	24.3	-0.1
24/10/2024 22:05	141	24.3	-62.9	24.3	0	24.1	-91.4	24.3	-0.1
24/10/2024 22:10	142	24.2	-62.6	24.3	0	24	-90.7	24.3	-0.1
24/10/2024 22:15	143	24.2	-62.5	24.3	0	24	-90.3	24.3	-0.1
24/10/2024 22:20	144	24.2	-62.3	24.3	0	24	-90.3	24.3	-0.1
24/10/2024 22:25	145	24.2	-62.1	24.3	0	24	-90	24.2	-0.1
24/10/2024 22:30	146	24.2	-61.9	24.3	0	24	-89.3	24.2	-0.1
24/10/2024 22:35	147	24.2	-61.5	24.2	0	24	-89.2	24.2	-0.1
24/10/2024 22:40	148	24.2	-61.4	24.2	0	24	-88.5	24.2	-0.1
24/10/2024 22:45	149	24.2	-61.3	24.2	0	24	-88.3	24.2	-0.1
24/10/2024 22:50	150	24.3	-61.1	24.2	0	24	-88.3	24.2	-0.1
24/10/2024 22:55	151	24.3	-61	24.2	0	24	-87.4	24.1	-0.1
24/10/2024 23:00	152	24.2	-60.8	24.2	0	23.9	-87.3	24.1	-0.1
24/10/2024 23:05	153	24.2	-60.6	24.1	0	23.9	-86.8	24.1	-0.1
24/10/2024 23:10	154	24.2	-60.6	24.1	0	23.9	-86.6	24.1	-0.1
24/10/2024 23:15	155	24.1	-60.5	24	0	23.8	-86.6	24	-0.1
24/10/2024 23:20	156	24.1	-60.6	24	0	23.8	-85.8	24	-0.1
24/10/2024 23:25	157	24	-60.6	23.9	0	23.7	-85.8	23.9	-0.1
24/10/2024 23:30	158	24	-60.4	23.9	0	23.7	-85.3	23.9	-0.1
24/10/2024 23:35	159	23.9	-60.2	23.8	0	23.7	-84.9	23.8	-0.1
24/10/2024 23:40	160	23.8	-60.1	23.8	0	23.6	-85.1	23.8	-0.1
24/10/2024 23:45	161	23.8	-60.1	23.7	0	23.6	-84.9	23.7	-0.1
24/10/2024 23:50	162	23.7	-60.1	23.7	0	23.5	-84	23.7	-0.1
24/10/2024 23:55	163	23.6	-60	23.6	0	23.5	-84.2	23.6	-0.1
25/10/2024 00:00	164	23.6	-60.2	23.6	0	23.4	-84	23.5	-0.1
25/10/2024 00:05	165	23.5	-60	23.5	0	23.4	-84	23.5	-0.1
25/10/2024 00:10	166	23.4	-59.8	23.5	0	23.3	-83.4	23.4	-0.1
25/10/2024 00:15	167	23.4	-59.6	23.4	0	23.3	-83.3	23.4	-0.1
25/10/2024 00:20	168	23.3	-59.6	23.4	0	23.2	-83.2	23.3	-0.1
25/10/2024 00:25	169	23.2	-59.6	23.3	0	23.1	-82.8	23.3	-0.1
25/10/2024 00:30	170	23.2	-59.6	23.3	0	23.1	-82.6	23.2	-0.1
25/10/2024 00:35	171	23.1	-59.7	23.2	0	23	-82.7	23.1	-0.1
25/10/2024 00:40	172	23	-59.8	23.1	0	23	-82.5	23.1	-0.1
25/10/2024 00:45	173	23	-59.6	23.1	0	22.9	-82.2	23	-0.1
25/10/2024 00:50	174	22.9	-59.7	23	0	22.9	-81.8	23	-0.1
25/10/2024 00:55	175	22.8	-59.6	23	0	22.8	-81.6	22.9	-0.1
25/10/2024 01:00	176	22.8	-59.3	22.9	0	22.8	-81.7	22.9	-0.1
25/10/2024 01:05	177	22.7	-59.4	22.9	0	22.7	-81.7	22.8	-0.1
25/10/2024 01:10	178	22.7	-59.3	22.8	0	22.7	-81.1	22.8	-0.1
25/10/2024 01:15	179	22.6	-59.5	22.8	0	22.6	-81	22.7	-0.1
25/10/2024 01:20	180	22.6	-59.2	22.7	0	22.6	-80.9	22.7	-0.1
25/10/2024 01:25	181	22.5	-59	22.7	0	22.5	-80.5	22.6	-0.1
25/10/2024 01:30	182	22.4	-59	22.6	0	22.5	-80.2	22.6	-0.1
25/10/2024 01:35	183	22.4	-59.2	22.6	0	22.4	-80.2	22.5	-0.1
25/10/2024 01:40	184	22.3	-59	22.6	0	22.4	-80.3	22.5	-0.1
25/10/2024 01:45	185	22.3	-59.1	22.5	0	22.3	-80	22.4	-0.1
25/10/2024 01:50	186	22.2	-59.1	22.5	0	22.3	-79.7	22.4	-0.1
25/10/2024 01:55	187	22.2	-59	22.4	0	22.2	-79.4	22.3	-0.1
25/10/2024 02:00	188	22.1	-58.8	22.4	0	22.2	-79.5	22.2	-0.1
25/10/2024 02:05	189	22.1	-59	22.3	0	22.1	-79.6	22.2	-0.1
25/10/2024 02:10	190	22	-58.9	22.3	0	22.1	-79	22.1	-0.1
25/10/2024 02:15	191	22	-58.8	22.2	0	22.1	-78.9	22.1	-0.1
25/10/2024 02:20	192	21.9	-58.7	22.2	0	22	-78.9	22.1	-0.1
25/10/2024 02:25	193	21.9	-58.7	22.1	0	22	-78.8	22	-0.1
25/10/2024 02:30	194	21.9	-58.8	22.1	0	21.9	-78.9	22	-0.1
25/10/2024 02:35	195	21.8	-58.7	22.1	0	21.9	-78.5	21.9	-0.1
25/10/2024 02:40	196	21.8	-58.5	22	0	21.9	-78.3	21.9	-0.1
25/10/2024 02:45	197	21.7	-58.7	22	0	21.8	-78.2	21.8	-0.1
25/10/2024 02:50	198	21.7	-58.5	21.9	0	21.8	-78	21.8	-0.1
25/10/2024 02:55	199	21.7	-58.7	21.9	0	21.7	-77.8	21.8	-0.1
25/10/2024 03:00	200	21.6	-58.4	21.9	0	21.7	-77.7	21.7	-0.1
25/10/2024 03:05	201	21.6	-58.6	21.8	0	21.7	-77.3	21.7	-0.1
25/10/2024 03:10	202	21.6	-58.6	21.8	0	21.6	-77.4	21.7	-0.1
25/10/2024 03:15	203	21.5	-58.8	21.8	0	21.6	-77.4	21.6	-0.1
25/10/2024 03:20	204	21.5	-58.5	21.7	0	21.6	-76.9	21.6	-0.1
25/10/2024 03:25	205	21.4	-58.2	21.7	0	21.5	-76.9	21.5	-0.1
25/10/2024 03:30	206	21.4	-58.1	21.7	0	21.5	-76.6	21.5	-0.1
25/10/2024 03:35	207	21.4	-58.2	21.6	0	21.5	-76.9	21.5	-0.1
25/10/2024 03:40	208	21.3	-58	21.6	0	21.4	-76.6	21.4	-0.1
25/10/2024 03:45	209	21.3	-58.1	21.6	0	21.4	-76.4	21.4	-0.1
25/10/2024 03:50	210	21.3	-58.1	21.6	0	21.4	-76.1	21.4	-0.1
25/10/2024 03:55	211	21.3	-58	21.5	0	21.4	-76.1	21.3	-0.1
25/10/2024 04:00	212	21.2	-58.2	21.5	0	21.3	-76	21.3	-0.1
25/10/2024 04:05	213	21.2	-58	21.5	0	21.3	-76.1	21.3	-0.1
25/10/2024 04:10	214	21.2	-58.1	21.4	0	21.3	-75.8	21.3	-0.1
25/10/2024 04:15	215	21.1	-58	21.4	0	21.2	-75.7	21.2	-0.1
25/10/2024 04:20	216	21.1	-58.1	21.4	0	21.2	-75.5	21.2	-0.1
25/10/2024 04:25	217	21.1	-57.7	21.4	0	21.2	-75.5	21.2	-0.1
25/10/2024 04:30	218	21.1	-58	21.3	0	21.2	-75.4	21.2	-0.1
25/10/2024 04:35	219	21.1	-57.5	21.3	0	21.2	-75.2	21.1	-0.1
25/10/2024 04:40	220	21	-57.7	21.3	0	21.1	-75	21.1	-0.1
25/10/2024 04:45	221	21	-57.5	21.3	0	21.1	-74.9	21.1	-0.1
25/10/2024 04:50	222	21	-57.4	21.2	0	21.1	-74.6	21.1	-0.1
25/10/2024 04:55	223	21	-57.3	21.2	0	21.1	-74.8	21	-0.1
25/10/2024 05:00	224	20.9	-57.5	21.2	0	21	-74.7	21	-0.1
25/10/2024 05:05	225	20.9	-57.3	21.2	0	21	-74.3	21	-0.1
25/10/2024 05:10	226	20.9	-57.5	21.1	0	21	-74.2	20.9	-0.1
25/10/2024 05:15	227	20.9	-57.3	21.1	0	21	-74.1	20.9	-0.1
25/10/2024 05:20	228	20.9	-57.4	21.1	0	20.9	-74.1	20.9	-0.1
25/10/2024 05:25	229	20.8	-57.3	21.1	0	20.9	-74	20.9	-0.1
25/10/2024 05:30	230	20.8	-57.3	21	0	20.9	-73.8	20.8	-0.1
25/10/2024 05:35	231	20.8	-57.3	21	0	20.9	-73.6	20.8	-0.1
25/10/2024 05:40	232	20.8	-56.9	21	0	20.8	-73.4	20.8	-0.1
25/10/2024 05:45	233	20.8	-56.9	21	0	20.8	-73.6	20.8	-0.1
25/10/2024 05:50	234	20.7	-57	20.9	0	20.8	-73.5	20.7	-0.1
25/10/2024 05:55	235	20.7	-56.9	20.9	0	20.8	-73.5	20.7	-0.1
25/10/2024 06:00	236	20.7	-56.9	20.9	0	20.7	-73.1	20.7	-0.1
25/10/2024 06:05	237	20.7	-57	20.9	0	20.7	-72.7	20.7	-0.1
25/10/2024 06:10	238	20.7	-56.7	20.8	0	20.7	-72.9	20.6	-0.1
25/10/2024 06:15	239	20.6	-56.7	20.8	0	20.7	-72.9	20.6	-0.1
25/10/2024 06:20	240	20.6	-56.8	20.8	0	20.7	-72.8	20.6	-0.1
25/10/2024 06:25	241	20.6	-56.7	20.8	0	20.6	-72.5	20.6	-0.1
25/10/2024 06:30	242	20.6	-56.5	20.8	0	20.6	-72.3	20.6	-0.1
25/10/2024 06:35	243	20.6	-56.8	20.7	0	20.6	-72.2	20.5	-0.1
25/10/2024 06:40	244	20.6	-56.6	20.7	0	20.6	-72.3	20.5	-0.1
25/10/2024 06:45	245	20.6	-56.5	20.7	0	20.6	-72.3	20.5	-0.1
25/10/2024 06:50	246	20.6	-56.7	20.7	0	20.6	-72.1	20.5	-0.1
25/10/2024 06:55	247	20.6	-56.5	20.7	0	20.6	-72	20.5	-0.1
25/10/2024 07:00	248	20.6	-56.6	20.7	0	20.5	-71.9	20.5	-0.1
25/10/2024 07:05	249	20.6	-56.4	20.7	0	20.6	-71.7	20.5	-0.1
25/10/2024 07:10	250	20.6	-56.4	20.7	0	20.6	-71.4	20.5	-0.1
25/10/2024 07:15	251	20.6	-56.1	20.7	0	20.6	-71.6	20.5	-0.1
25/10/2024 07:20	252	20.7	-56	20.7	0	20.6	-71.5	20.5	-0.1
25/10/2024 07:25	253	20.7	-55.9	20.8	0	20.6	-71.3	20.5	-0.1
25/10/2024 07:30	254	20.8	-56	20.8	0	20.6	-71.1	20.5	-0.1
25/10/2024 07:35	255	20.8	-55.9	20.8	0	20.7	-70.9	20.5	-0.1
25/10/2024 07:40	256	20.8	-55.5	20.9	0	20.7	-70.9	20.6	-0.1
25/10/2024 07:45	257	20.9	-55.4	20.9	0	20.7	-71	20.6	-0.1
25/10/2024 07:50	258	20.9	-55	20.9	0	20.8	-70.8	20.6	-0.1
25/10/2024 07:55	259	21	-55.2	21	0	20.8	-70.5	20.7	-0.1
25/10/2024 08:00	260	21	-54.9	21	0	20.8	-70.3	20.7	-0.1
25/10/2024 08:05	261	21.1	-54.7	21	0	20.8	-70.4	20.7	-0.1
25/10/2024 08:10	262	21.1	-54.5	21	0	20.9	-70.1	20.8	-0.1
25/10/2024 08:15	263	21.2	-54.5	21.1	0	20.9	-69.8	20.8	-0.1
25/10/2024 08:20	264	21.2	-54.3	21.1	0	20.9	-69.7	20.8	-0.1
25/10/2024 08:25	265	21.2	-54.3	21.1	0	20.9	-69.7	20.9	-0.1
25/10/2024 08:30	266	21.3	-54.1	21.1	0	21	-69.7	20.9	-0.1
25/10/2024 08:35	267	21.3	-54	21.2	0	21	-69.4	20.9	-0.1
25/10/2024 08:40	268	21.3	-53.8	21.2	0	21	-68.9	21	-0.1
25/10/2024 08:45	269	21.4	-53.7	21.2	0	21.1	-69.1	21	-0.1
25/10/2024 08:50	270	21.4	-53.5	21.2	0	21.1	-69.1	21	-0.1
25/10/2024 08:55	271	21.5	-53.5	21.3	0	21.1	-68.8	21.1	-0.1
25/10/2024 09:00	272	21.5	-53.5	21.3	0	21.2	-68.5	21.1	-0.1
25/10/2024 09:05	273	21.6	-53.3	21.4	0	21.2	-68.5	21.1	-0.1
25/10/2024 09:10	274	21.6	-53.1	21.4	0	21.2	-68.4	21.2	-0.1
25/10/2024 09:15	275	21.7	-53.1	21.4	0	21.3	-68.4	21.2	-0.1
25/10/2024 09:20	276	21.7	-53.1	21.5	0	21.3	-68.1	21.2	-0.1
25/10/2024 09:25	277	21.7	-52.8	21.5	0	21.4	-67.9	21.3	-0.1
25/10/2024 09:30	278	21.8	-52.7	21.6	0	21.4	-67.7	21.3	-0.1
25/10/2024 09:35	279	21.8	-52.6	21.6	0	21.4	-67.7	21.4	-0.1
25/10/2024 09:40	280	21.9	-52.2	21.6	0	21.5	-67.6	21.4	-0.1
25/10/2024 09:45	281	21.9	-52.1	21.7	0	21.5	-67.4	21.5	-0.1
25/10/2024 09:50	282	22	-52.2	21.7	0	21.6	-67.2	21.5	-0.1
25/10/2024 09:55	283	22	-52	21.7	0	21.6	-67.2	21.6	-0.1
25/10/2024 10:00	284	22.1	-51.9	21.8	0	21.6	-67.1	21.6	-0.1
25/10/2024 10:05	285	22.1	-51.7	21.8	0	21.7	-66.9	21.7	-0.1
25/10/2024 10:10	286	22.2	-51.7	21.9	0	21.7	-66.8	21.7	-0.1
25/10/2024 10:15	287	22.2	-51.4	21.9	0	21.8	-66.8	21.8	-0.1
25/10/2024 10:20	288	22.3	-51.5	22	0	21.8	-66.7	21.8	-0.1
25/10/2024 10:25	289	22.4	-51.3	22.1	0	21.9	-66.4	21.9	-0.1
25/10/2024 10:30	290	22.5	-51	22.1	0	22	-66.1	22	-0.1
25/10/2024 10:35	291	22.5	-50.7	22.2	0	22	-66.1	22	-0.1
25/10/2024 10:40	292	22.6	-50.8	22.3	0	22.1	-66.1	22.1	-0.1
25/10/2024 10:45	293	22.7	-50.6	22.3	0	22.1	-65.9	22.2	-0.1
25/10/2024 10:50	294	22.7	-50.4	22.4	0	22.2	-65.6	22.2	-0.1
25/10/2024 10:55	295	22.8	-50.3	22.5	0	22.2	-65.6	22.3	-0.1
25/10/2024 11:00	296	22.9	-50.1	22.5	0	22.3	-65.3	22.4	-0.1
25/10/2024 11:05	297	22.9	-50.1	22.6	0	22.4	-65	22.5	-0.1
25/10/2024 11:10	298	23	-49.9	22.7	0	22.5	-65	22.6	-0.1
25/10/2024 11:15	299	23.1	-49.5	22.8	0	22.6	-64.9	22.6	-0.1
25/10/2024 11:20	300	23.2	-49.4	22.9	0	22.7	-64.9	22.7	-0.1
25/10/2024 11:25	301	23.4	-49.2	23	0	22.8	-64.6	22.8	-0.1
25/10/2024 11:30	302	23.5	-48.9	23.1	0	22.9	-64.4	22.9	-0.1
25/10/2024 11:35	303	23.6	-48.7	23.2	0	22.9	-64.3	23	-0.1
25/10/2024 11:40	304	23.7	-48.8	23.3	0	23	-64.2	23.1	-0.1
25/10/2024 11:45	305	23.8	-48.2	23.4	0	23.1	-63.9	23.2	-0.1
25/10/2024 11:50	306	23.9	-47.9	23.5	0	23.2	-63.7	23.3	-0.1
25/10/2024 11:55	307	24	-48.1	23.5	0	23.3	-63.7	23.4	-0.1
25/10/2024 12:00	308	24.1	-47.7	23.6	0	23.4	-63.4	23.5	-0.1
25/10/2024 12:05	309	24.2	-47.4	23.7	0	23.5	-63.2	23.5	-0.1
25/10/2024 12:10	310	24.3	-47.3	23.8	0	23.6	-63.2	23.6	-0.1
25/10/2024 12:15	311	24.4	-47.2	23.9	0	23.7	-63	23.7	-0.1
25/10/2024 12:20	312	24.5	-47.1	23.9	0	23.8	-62.7	23.8	-0.1
25/10/2024 12:25	313	24.6	-46.8	24	0	23.8	-62.8	23.9	-0.1
25/10/2024 12:30	314	24.7	-46.6	24.1	0	23.9	-62.6	24	-0.1
25/10/2024 12:35	315	24.8	-46.5	24.2	0	24	-62.2	24	-0.1
25/10/2024 12:40	316	24.9	-46.2	24.2	0	24.1	-62.2	24.1	-0.1
25/10/2024 12:45	317	24.9	-46.1	24.3	0	24.2	-61.9	24.2	-0.1
25/10/2024 12:50	318	25	-46.1	24.4	0	24.2	-61.9	24.3	-0.1
25/10/2024 12:55	319	25.1	-46	24.4	0	24.3	-61.7	24.3	-0.1
25/10/2024 13:00	320	25.1	-45.9	24.5	0	24.3	-61.6	24.4	-0.1
25/10/2024 13:05	321	25.2	-45.7	24.5	0	24.4	-61.3	24.4	-0.1
25/10/2024 13:10	322	25.2	-45.7	24.5	0	24.4	-61.3	24.4	-0.1
25/10/2024 13:15	323	25.2	-45.5	24.5	0	24.4	-61.1	24.5	-0.1
25/10/2024 13:20	324	25.2	-45.4	24.5	0	24.4	-60.8	24.5	-0.1
25/10/2024 13:25	325	25.2	-45.5	24.4	0	24.4	-60.7	24.5	-0.1
25/10/2024 13:30	326	25.2	-45.4	24.4	0	24.4	-60.7	24.5	-0.1
25/10/2024 13:35	327	25.2	-45.5	24.4	0	24.4	-60.6	24.5	0
25/10/2024 13:40	328	25.2	-45.6	24.4	0	24.4	-60.4	24.5	0
25/10/2024 13:45	329	25.2	-45.4	24.4	0	24.4	-60.3	24.5	0
25/10/2024 13:50	330	25.2	-45.4	24.4	0	24.5	-60.2	24.5	0
25/10/2024 13:55	331	25.3	-45.4	24.5	0	24.5	-60.2	24.5	0
25/10/2024 14:00	332	25.3	-45.2	24.5	0	24.6	-60.3	24.6	0
25/10/2024 14:05	333	25.4	-45.2	24.6	0	24.6	-60	24.6	0
25/10/2024 14:10	334	25.4	-45	24.7	0	24.7	-59.8	24.7	0
25/10/2024 14:15	335	25.5	-45	24.8	0	24.8	-59.6	24.8	0
25/10/2024 14:20	336	25.5	-45	24.8	0	24.8	-59.7	24.8	0
25/10/2024 14:25	337	25.6	-44.9	24.9	0	24.9	-59.6	24.9	0
25/10/2024 14:30	338	25.6	-44.9	25	0	24.9	-59.6	25	0
25/10/2024 14:35	339	25.7	-44.6	25	0	25	-59.1	25	0
25/10/2024 14:40	340	25.7	-44.6	25.1	0	25	-58.8	25.1	0
25/10/2024 14:45	341	25.8	-44.4	25.1	0	25.1	-58.8	25.1	0
25/10/2024 14:50	342	25.9	-44.4	25.2	0	25.2	-57.9	25.2	0
25/10/2024 14:55	343	25.9	-44.5	25.3	0	25.2	-57.3	25.3	0
25/10/2024 15:00	344	26	-44.3	25.4	0	25.3	-57.3	25.4	0
25/10/2024 15:05	345	26.1	-44	25.4	0	25.4	-57.1	25.4	0
25/10/2024 15:10	346	26.2	-44	25.5	0	25.5	-56.9	25.5	0
25/10/2024 15:15	347	26.2	-44	25.5	0	25.5	-56.4	25.5	0
25/10/2024 15:20	348	26.3	-43.8	25.6	0	25.6	-56.5	25.6	0
25/10/2024 15:25	349	26.3	-43.9	25.7	0	25.6	-56.6	25.6	0
25/10/2024 15:30	350	26.4	-43.8	25.7	0	25.7	-56.3	25.7	0
25/10/2024 15:35	351	26.4	-43.5	25.7	0	25.7	-55.9	25.7	0
25/10/2024 15:40	352	26.5	-43.6	25.7	0	25.7	-55.9	25.7	0
25/10/2024 15:45	353	26.5	-43.5	25.7	0	25.7	-55.7	25.7	0
25/10/2024 15:50	354	26.5	-43.3	25.7	0	25.8	-55.6	25.7	0
25/10/2024 15:55	355	26.6	-43.4	25.8	0	25.8	-55.2	25.8	0
25/10/2024 16:00	356	26.6	-43.2	25.8	0	25.9	-55.1	25.8	0
25/10/2024 16:05	357	26.7	-43.2	25.9	0	25.9	-55	25.8	0
25/10/2024 16:10	358	26.7	-43.1	25.9	0	26	-54.9	25.9	0
25/10/2024 16:15	359	26.8	-43	25.9	0	26	-54.5	25.9	0
25/10/2024 16:20	360	26.8	-43	26	0	26	-54.5	26	0
25/10/2024 16:25	361	26.8	-42.9	26	0	26	-54.4	26	0
25/10/2024 16:30	362	26.8	-43	26	0	26.1	-54.3	26	0
25/10/2024 16:35	363	26.9	-42.9	26.1	0	26.1	-54.3	26.1	0
25/10/2024 16:40	364	26.9	-42.8	26.1	0	26.1	-54	26.1	0
25/10/2024 16:45	365	26.9	-42.9	26.2	0	26.2	-53.7	26.1	0
25/10/2024 16:50	366	26.9	-42.9	26.2	0	26.2	-53.7	26.2	0
25/10/2024 16:55	367	26.9	-42.8	26.2	0	26.2	-53.6	26.2	0
25/10/2024 17:00	368	26.9	-42.8	26.3	0	26.2	-53.6	26.2	0
25/10/2024 17:05	369	26.9	-42.8	26.3	0	26.3	-53.2	26.3	0
25/10/2024 17:10	370	27	-42.9	26.3	0	26.3	-53.1	26.3	0
25/10/2024 17:15	371	27	-42.8	26.3	0	26.3	-52.9	26.3	0
25/10/2024 17:20	372	27	-42.7	26.4	0	26.3	-52.9	26.3	0
25/10/2024 17:25	373	27	-42.7	26.4	0	26.3	-52.9	26.4	0
25/10/2024 17:30	374	27	-42.8	26.4	0	26.4	-52.6	26.4	0
25/10/2024 17:35	375	27	-42.8	26.4	0	26.4	-52.4	26.4	0
25/10/2024 17:40	376	27	-42.8	26.5	0	26.4	-52.3	26.4	0
25/10/2024 17:45	377	27	-42.7	26.5	0	26.5	-52.4	26.4	0
25/10/2024 17:50	378	27	-42.7	26.5	0	26.5	-52.4	26.5	0
25/10/2024 17:55	379	27.1	-42.7	26.5	0	26.5	-52.3	26.5	0
25/10/2024 18:00	380	27.1	-42.8	26.5	0	26.5	-52	26.5	0
25/10/2024 18:05	381	27.1	-42.7	26.6	0	26.5	-51.9	26.5	0
25/10/2024 18:10	382	27.1	-42.7	26.6	0	26.5	-51.8	26.5	0
25/10/2024 18:15	383	27.1	-42.7	26.6	0	26.5	-51.6	26.5	0
25/10/2024 18:20	384	27.1	-42.7	26.6	0	26.6	-51.7	26.5	0
25/10/2024 18:25	385	27.1	-42.7	26.6	0	26.6	-51.6	26.6	0
25/10/2024 18:30	386	27.1	-42.8	26.6	0	26.6	-51.3	26.6	0
25/10/2024 18:35	387	27.1	-42.7	26.6	0	26.6	-51.2	26.6	0
25/10/2024 18:40	388	27.1	-42.8	26.6	0	26.6	-51.2	26.6	0
25/10/2024 18:45	389	27.1	-42.7	26.6	0	26.6	-51.1	26.6	0
25/10/2024 18:50	390	27.1	-42.8	26.6	0	26.6	-51.1	26.6	0
25/10/2024 18:55	391	27	-42.8	26.6	0	26.6	-51.1	26.6	0
25/10/2024 19:00	392	27	-42.8	26.6	0	26.6	-50.9	26.6	0
25/10/2024 19:05	393	27	-42.8	26.6	0	26.6	-51.2	26.6	0
25/10/2024 19:10	394	27	-42.8	26.6	0	26.5	-50.9	26.6	0
25/10/2024 19:15	395	27	-42.8	26.6	0	26.5	-50.8	26.6	0
25/10/2024 19:20	396	26.9	-42.8	26.6	0	26.5	-50.6	26.5	0
25/10/2024 19:25	397	26.9	-42.7	26.6	0	26.5	-50.5	26.5	0
25/10/2024 19:30	398	26.9	-42.8	26.5	0	26.5	-50.6	26.5	0
25/10/2024 19:35	399	26.9	-42.9	26.5	0	26.5	-50.5	26.5	0
25/10/2024 19:40	400	26.9	-42.8	26.5	0	26.4	-50.5	26.5	0
25/10/2024 19:45	401	26.8	-42.9	26.5	0	26.4	-50.6	26.5	0
25/10/2024 19:50	402	26.8	-43.1	26.4	0	26.4	-50.3	26.4	0
25/10/2024 19:55	403	26.7	-43.1	26.4	0	26.3	-50.1	26.4	0
25/10/2024 20:00	404	26.7	-43.2	26.4	0	26.3	-50	26.4	0
25/10/2024 20:05	405	26.6	-43.1	26.3	0	26.3	-50	26.3	0
25/10/2024 20:10	406	26.6	-43.1	26.3	0	26.2	-50	26.3	0
25/10/2024 20:15	407	26.6	-43.3	26.3	0	26.2	-50.1	26.3	0
25/10/2024 20:20	408	26.5	-43.4	26.3	0	26.2	-50.2	26.3	0
25/10/2024 20:25	409	26.5	-43.4	26.2	0	26.2	-50	26.2	-0.1
25/10/2024 20:30	410	26.4	-43.6	26.2	0	26.1	-49.9	26.2	-0.1
25/10/2024 20:35	411	26.4	-43.6	26.2	0	26.1	-49.9	26.2	-0.1
25/10/2024 20:40	412	26.3	-43.7	26.1	0	26	-49.9	26.1	-0.1
25/10/2024 20:45	413	26.3	-43.7	26.1	0	26	-49.9	26.1	-0.1
25/10/2024 20:50	414	26.2	-43.8	26.1	0	25.9	-50	26.1	-0.1
25/10/2024 20:55	415	26.2	-43.8	26	0	25.9	-49.8	26	-0.1
25/10/2024 21:00	416	26.1	-44	26	0	25.9	-49.8	26	-0.1
25/10/2024 21:05	417	26.1	-44.1	25.9	0	25.8	-49.7	26	-0.1
25/10/2024 21:10	418	26	-44.1	25.9	0	25.8	-49.7	25.9	-0.1
25/10/2024 21:15	419	26	-44.2	25.8	0	25.7	-49.7	25.9	-0.1
25/10/2024 21:20	420	25.9	-44.2	25.8	0	25.7	-49.6	25.8	-0.1
25/10/2024 21:25	421	25.9	-44.4	25.8	0	25.7	-49.5	25.8	-0.1
25/10/2024 21:30	422	25.8	-44.5	25.7	0	25.6	-49.5	25.8	-0.1
25/10/2024 21:35	423	25.8	-44.7	25.7	0	25.6	-49.5	25.7	-0.1
25/10/2024 21:40	424	25.7	-44.6	25.7	0	25.6	-49.4	25.7	-0.1
25/10/2024 21:45	425	25.7	-44.6	25.6	0	25.5	-49.6	25.7	-0.1
25/10/2024 21:50	426	25.7	-44.7	25.6	0	25.5	-49.5	25.6	-0.1
25/10/2024 21:55	427	25.6	-44.6	25.6	0	25.5	-49.5	25.6	-0.1
25/10/2024 22:00	428	25.6	-44.8	25.5	0	25.4	-49.5	25.5	-0.1
25/10/2024 22:05	429	25.6	-44.9	25.5	0	25.4	-49.4	25.5	-0.1
25/10/2024 22:10	430	25.5	-45.1	25.5	0	25.3	-49.4	25.5	-0.1
25/10/2024 22:15	431	25.5	-45.1	25.4	0	25.3	-49.5	25.4	-0.1
25/10/2024 22:20	432	25.4	-45.1	25.4	0	25.2	-49.4	25.4	-0.1
25/10/2024 22:25	433	25.4	-45.1	25.3	0	25.2	-49.5	25.4	-0.1
25/10/2024 22:30	434	25.4	-45.4	25.3	0	25.2	-49.5	25.3	-0.1
25/10/2024 22:35	435	25.3	-45.5	25.3	0	25.2	-49.6	25.3	-0.1
25/10/2024 22:40	436	25.3	-45.5	25.2	0	25.2	-49.5	25.2	-0.1
25/10/2024 22:45	437	25.3	-45.6	25.2	0	25.2	-49.5	25.2	-0.1
25/10/2024 22:50	438	25.3	-45.5	25.2	0	25.2	-49.5	25.2	-0.1
25/10/2024 22:55	439	25.2	-45.7	25.2	0	25.1	-49.4	25.2	-0.1
25/10/2024 23:00	440	25.2	-45.6	25.1	0	25.1	-49.5	25.1	-0.1
25/10/2024 23:05	441	25.2	-45.7	25.1	0	25	-49.4	25.1	-0.1
25/10/2024 23:10	442	25.1	-45.8	25	0	25	-49.4	25	-0.1
25/10/2024 23:15	443	25.1	-46	25	0	24.9	-49.3	25	-0.1
25/10/2024 23:20	444	25	-46.1	24.9	0	24.9	-49.4	24.9	-0.1
25/10/2024 23:25	445	24.9	-46.2	24.9	0	24.8	-49.3	24.9	-0.1
25/10/2024 23:30	446	24.9	-46.3	24.8	0	24.8	-49.4	24.8	-0.1
25/10/2024 23:35	447	24.8	-46.4	24.8	0	24.7	-49.3	24.8	-0.1
25/10/2024 23:40	448	24.7	-46.6	24.7	0	24.6	-49.3	24.7	-0.1
25/10/2024 23:45	449	24.6	-46.8	24.6	0	24.6	-49.2	24.6	-0.1
25/10/2024 23:50	450	24.5	-46.7	24.6	0	24.5	-49.2	24.6	-0.1
25/10/2024 23:55	451	24.5	-46.9	24.5	0	24.4	-49.3	24.5	-0.1
26/10/2024 00:00	452	24.4	-47.3	24.4	0	24.4	-49.3	24.4	-0.1
26/10/2024 00:05	453	24.3	-47.5	24.4	0	24.3	-49.3	24.3	-0.1
26/10/2024 00:10	454	24.2	-47.3	24.3	0	24.2	-49.3	24.3	-0.1
26/10/2024 00:15	455	24.1	-47.7	24.1	0	24.1	-49.4	24.2	-0.1
26/10/2024 00:20	456	24	-47.9	24	0	24	-49.3	24.1	-0.1
26/10/2024 00:25	457	23.9	-48	23.9	0	23.9	-49.4	23.9	-0.1
26/10/2024 00:30	458	23.8	-48.2	23.8	0	23.8	-49.5	23.8	-0.1
26/10/2024 00:35	459	23.7	-48.5	23.7	0	23.7	-49.4	23.7	-0.1
26/10/2024 00:40	460	23.6	-48.6	23.6	0	23.6	-49.6	23.6	-0.1
26/10/2024 00:45	461	23.5	-48.6	23.5	0	23.5	-49.6	23.5	-0.1
26/10/2024 00:50	462	23.4	-49	23.4	0	23.3	-49.7	23.4	-0.1
26/10/2024 00:55	463	23.2	-49.1	23.3	0	23.2	-49.8	23.3	-0.1
26/10/2024 01:00	464	23.1	-49.3	23.2	0	23.1	-49.8	23.2	-0.1
26/10/2024 01:05	465	23	-49.5	23.1	0	23	-49.8	23.1	-0.1
26/10/2024 01:10	466	22.9	-49.8	23	0	22.9	-49.8	23	-0.1
26/10/2024 01:15	467	22.8	-50	23	0	22.8	-49.8	22.9	-0.1
26/10/2024 01:20	468	22.7	-50.1	22.9	0	22.7	-49.8	22.9	-0.1
26/10/2024 01:25	469	22.6	-50.5	22.8	0	22.7	-49.8	22.8	-0.1
26/10/2024 01:30	470	22.5	-50.5	22.8	0	22.6	-49.9	22.7	-0.1
26/10/2024 01:35	471	22.4	-50.6	22.7	0	22.5	-50.2	22.6	-0.1
26/10/2024 01:40	472	22.3	-50.6	22.6	0	22.4	-50.2	22.6	-0.1
26/10/2024 01:45	473	22.2	-51	22.6	0	22.3	-50.2	22.5	-0.1
26/10/2024 01:50	474	22.1	-51.2	22.5	0	22.2	-50.3	22.4	-0.1
26/10/2024 01:55	475	22	-51.2	22.5	0	22.1	-50.4	22.3	-0.1
26/10/2024 02:00	476	21.9	-51.4	22.4	0	22.1	-50.6	22.3	-0.1
26/10/2024 02:05	477	21.8	-51.7	22.3	0	22	-50.5	22.2	-0.1
26/10/2024 02:10	478	21.7	-52	22.2	0	21.9	-50.5	22.1	-0.1
26/10/2024 02:15	479	21.7	-51.8	22.2	0	21.8	-50.6	22	-0.1
26/10/2024 02:20	480	21.6	-52	22.1	0	21.8	-50.6	22	-0.1
26/10/2024 02:25	481	21.5	-52.2	22.1	0	21.7	-50.6	21.9	-0.1
26/10/2024 02:30	482	21.4	-52.4	22	0	21.6	-50.6	21.8	-0.1
26/10/2024 02:35	483	21.4	-52.5	21.9	0	21.6	-50.6	21.8	-0.1
26/10/2024 02:40	484	21.3	-52.5	21.9	0	21.5	-50.6	21.7	-0.1
26/10/2024 02:45	485	21.2	-52.8	21.8	0	21.4	-50.6	21.7	-0.1
26/10/2024 02:50	486	21.2	-53	21.8	0	21.4	-50.8	21.6	-0.1
26/10/2024 02:55	487	21.1	-53.3	21.7	0	21.3	-50.9	21.6	-0.1
26/10/2024 03:00	488	21	-53.4	21.7	0	21.3	-50.9	21.5	-0.1
26/10/2024 03:05	489	21	-53.2	21.6	0	21.2	-51	21.5	-0.1
26/10/2024 03:10	490	20.9	-53.4	21.6	0	21.1	-51	21.4	-0.1
26/10/2024 03:15	491	20.9	-53.6	21.5	0	21.1	-51.1	21.3	-0.1
26/10/2024 03:20	492	20.8	-53.8	21.5	0	21	-51.3	21.3	-0.1
26/10/2024 03:25	493	20.7	-53.8	21.4	0	21	-51.1	21.2	-0.1
26/10/2024 03:30	494	20.7	-54	21.4	0	20.9	-51.3	21.2	-0.1
26/10/2024 03:35	495	20.6	-54	21.3	0	20.9	-51.2	21.1	-0.1
26/10/2024 03:40	496	20.6	-54.3	21.3	0	20.8	-51.3	21.1	-0.1
26/10/2024 03:45	497	20.5	-54.5	21.2	0	20.8	-51.3	21	-0.1
26/10/2024 03:50	498	20.5	-54.7	21.2	0	20.7	-51.1	21	-0.1
26/10/2024 03:55	499	20.5	-54.6	21.1	0	20.7	-51.3	20.9	-0.1
26/10/2024 04:00	500	20.4	-54.7	21.1	0	20.6	-51.3	20.9	-0.1
26/10/2024 04:05	501	20.4	-54.6	21	0	20.6	-51	20.8	-0.1
26/10/2024 04:10	502	20.3	-54.9	21	0	20.5	-51.2	20.8	-0.1
26/10/2024 04:15	503	20.3	-55	20.9	0	20.5	-51.4	20.7	-0.1
26/10/2024 04:20	504	20.3	-54.9	20.9	0	20.5	-51.3	20.7	-0.1
26/10/2024 04:25	505	20.3	-55.1	20.9	0	20.4	-51.4	20.7	-0.1
26/10/2024 04:30	506	20.2	-55.2	20.8	0	20.4	-51.3	20.6	-0.1
26/10/2024 04:35	507	20.2	-55.2	20.8	0	20.4	-51.3	20.6	-0.1
26/10/2024 04:40	508	20.2	-55.3	20.7	0	20.3	-51.4	20.5	-0.1
26/10/2024 04:45	509	20.2	-55.4	20.7	0	20.3	-51.4	20.5	-0.1
26/10/2024 04:50	510	20.1	-55.3	20.6	0	20.3	-51.4	20.5	-0.1
26/10/2024 04:55	511	20.1	-55.5	20.6	0	20.3	-51.4	20.4	-0.1
26/10/2024 05:00	512	20.1	-55.3	20.6	0	20.2	-51.6	20.4	-0.1
26/10/2024 05:05	513	20.1	-55.4	20.5	0	20.2	-51.4	20.4	-0.1
26/10/2024 05:10	514	20.1	-55.6	20.5	0	20.2	-51.4	20.3	-0.1
26/10/2024 05:15	515	20.1	-55.8	20.5	0	20.1	-51.5	20.3	-0.1
26/10/2024 05:20	516	20	-55.7	20.4	0	20.1	-51.5	20.2	-0.1
26/10/2024 05:25	517	20	-55.9	20.4	0	20.1	-51.5	20.2	-0.1
26/10/2024 05:30	518	20	-55.9	20.4	0	20.1	-51.5	20.2	-0.1
26/10/2024 05:35	519	20	-55.9	20.3	0	20	-51.5	20.1	-0.1
26/10/2024 05:40	520	20	-56	20.3	0	20	-51.4	20.1	-0.1
26/10/2024 05:45	521	20	-56	20.3	0	20	-51.3	20.1	-0.1
26/10/2024 05:50	522	20	-56	20.2	0	20	-51.4	20	-0.1
26/10/2024 05:55	523	19.9	-56.2	20.2	0	20	-51.4	20	-0.1
26/10/2024 06:00	524	19.9	-56.2	20.2	0	19.9	-51.4	20	-0.1
26/10/2024 06:05	525	19.9	-56.4	20.2	0	19.9	-51.4	20	-0.1
26/10/2024 06:10	526	19.9	-56.3	20.2	0	19.9	-51.4	20	-0.1
26/10/2024 06:15	527	19.9	-56.6	20.2	0	19.9	-51.4	20	-0.1
26/10/2024 06:20	528	19.9	-56.6	20.2	0	19.9	-51.5	19.9	-0.1
26/10/2024 06:25	529	19.9	-56.6	20.1	0	19.9	-51.4	19.9	-0.1
26/10/2024 06:30	530	19.9	-56.6	20.1	0	19.9	-51.4	19.9	-0.1
26/10/2024 06:35	531	19.9	-56.8	20.1	0	19.9	-51.3	19.9	-0.1
26/10/2024 06:40	532	19.9	-56.7	20	0	19.8	-51.5	19.9	-0.1
26/10/2024 06:45	533	19.9	-56.6	20	0	19.8	-51.4	19.8	-0.1
26/10/2024 06:50	534	19.9	-56.8	20	0	19.8	-51.4	19.8	-0.1
26/10/2024 06:55	535	19.8	-56.7	20	0	19.8	-51.3	19.8	-0.1
26/10/2024 07:00	536	19.8	-56.8	20	0	19.8	-51.3	19.8	-0.1
26/10/2024 07:05	537	19.8	-56.8	20	0	19.8	-51.3	19.8	-0.1
26/10/2024 07:10	538	19.9	-56.8	20	0	19.8	-51.5	19.8	-0.1
26/10/2024 07:15	539	19.9	-56.7	20	0	19.8	-51.5	19.8	-0.1
26/10/2024 07:20	540	19.9	-56.6	20	0	19.8	-51.4	19.8	-0.1
26/10/2024 07:25	541	20	-56.7	20.1	0	19.9	-51.3	19.8	-0.1
26/10/2024 07:30	542	20	-56.7	20.1	0	19.9	-51.4	19.9	-0.1
26/10/2024 07:35	543	20.1	-56.3	20.2	0	19.9	-51.3	19.9	-0.1
26/10/2024 07:40	544	20.1	-56.5	20.2	0	20	-51.4	19.9	-0.1
26/10/2024 07:45	545	20.2	-56.5	20.3	0	20	-51.2	20	-0.1
26/10/2024 07:50	546	20.3	-56.4	20.3	0	20	-51.1	20	-0.1
26/10/2024 07:55	547	20.3	-56.2	20.3	0	20.1	-51.2	20.1	-0.1
26/10/2024 08:00	548	20.4	-56.2	20.4	0	20.1	-51.2	20.1	-0.1
26/10/2024 08:05	549	20.4	-56.1	20.4	0	20.2	-51.1	20.1	-0.1
26/10/2024 08:10	550	20.5	-56	20.4	0	20.2	-51	20.2	-0.1
26/10/2024 08:15	551	20.5	-55.8	20.5	0	20.2	-50.8	20.2	-0.1
26/10/2024 08:20	552	20.6	-55.8	20.5	0	20.3	-50.8	20.3	-0.1
26/10/2024 08:25	553	20.6	-55.7	20.5	0	20.3	-50.7	20.3	-0.1
26/10/2024 08:30	554	20.6	-55.6	20.5	0	20.3	-50.6	20.3	-0.1
26/10/2024 08:35	555	20.7	-55.5	20.5	0	20.4	-50.5	20.4	-0.1
26/10/2024 08:40	556	20.7	-55.5	20.6	0	20.4	-50.5	20.4	-0.1
26/10/2024 08:45	557	20.7	-55.3	20.6	0	20.4	-50.5	20.4	-0.1
26/10/2024 08:50	558	20.8	-55.5	20.6	0	20.4	-50.6	20.5	-0.1
26/10/2024 08:55	559	20.8	-55.5	20.6	0	20.5	-50.5	20.5	-0.1
26/10/2024 09:00	560	20.8	-55.4	20.7	0	20.5	-50.4	20.5	-0.1
26/10/2024 09:05	561	20.8	-55.5	20.7	0	20.5	-50.4	20.6	-0.1
26/10/2024 09:10	562	20.9	-55.3	20.7	0	20.6	-50.2	20.6	-0.1
26/10/2024 09:15	563	20.9	-55.4	20.8	0	20.6	-50.1	20.7	-0.1
26/10/2024 09:20	564	21	-55.3	20.8	0	20.7	-50.2	20.7	-0.1
26/10/2024 09:25	565	21	-55.2	20.9	0	20.7	-50	20.7	-0.1
26/10/2024 09:30	566	21.1	-55.2	20.9	0	20.8	-49.9	20.8	-0.1
26/10/2024 09:35	567	21.2	-54.9	20.9	0	20.8	-49.8	20.9	-0.1
26/10/2024 09:40	568	21.2	-55	21	0	20.9	-49.8	20.9	-0.1
26/10/2024 09:45	569	21.3	-54.8	21.1	0	20.9	-49.9	21	-0.1
26/10/2024 09:50	570	21.4	-54.7	21.1	0	21	-49.9	21	-0.1
26/10/2024 09:55	571	21.5	-54.4	21.2	0	21.1	-49.8	21.1	-0.1
26/10/2024 10:00	572	21.5	-54.5	21.2	0	21.1	-49.6	21.2	-0.1
26/10/2024 10:05	573	21.6	-54.5	21.3	0	21.2	-49.6	21.2	-0.1
26/10/2024 10:10	574	21.7	-54.4	21.4	0	21.3	-49.5	21.3	-0.1
26/10/2024 10:15	575	21.8	-54.4	21.5	0	21.4	-49.4	21.4	-0.1
26/10/2024 10:20	576	21.9	-54.3	21.5	0	21.4	-49.2	21.5	-0.1
26/10/2024 10:25	577	22	-54.1	21.6	0	21.5	-49.2	21.5	-0.1
26/10/2024 10:30	578	22.1	-53.9	21.7	0	21.6	-49.1	21.6	-0.1
26/10/2024 10:35	579	22.2	-53.6	21.8	0	21.7	-49.2	21.7	-0.1
26/10/2024 10:40	580	22.3	-53.7	21.9	0	21.8	-49.1	21.8	-0.1
26/10/2024 10:45	581	22.4	-53.6	21.9	0	21.9	-48.9	21.9	-0.1
26/10/2024 10:50	582	22.5	-53.4	22	0	22	-48.6	22	-0.1
26/10/2024 10:55	583	22.6	-53.2	22.1	0	22.1	-48.7	22.1	-0.1
26/10/2024 11:00	584	22.7	-53	22.2	0	22.1	-48.6	22.2	-0.1
26/10/2024 11:05	585	22.9	-52.7	22.3	0	22.3	-48.3	22.3	-0.1
26/10/2024 11:10	586	23	-52.6	22.4	0	22.4	-48.3	22.4	-0.1
26/10/2024 11:15	587	23.1	-52.4	22.5	0	22.5	-48.1	22.5	-0.1
26/10/2024 11:20	588	23.2	-52.2	22.6	0	22.6	-47.9	22.6	-0.1
26/10/2024 11:25	589	23.4	-52.2	22.8	0	22.7	-48	22.7	-0.1
26/10/2024 11:30	590	23.5	-52	22.9	0	22.8	-47.9	22.8	-0.1
26/10/2024 11:35	591	23.7	-51.9	23	0	22.9	-47.8	22.9	-0.1
26/10/2024 11:40	592	23.8	-51.7	23.1	0	23	-47.6	23	-0.1
26/10/2024 11:45	593	23.9	-51.3	23.2	0	23.1	-47.3	23.1	-0.1
26/10/2024 11:50	594	24.1	-51.2	23.3	0	23.3	-47.3	23.3	-0.1
26/10/2024 11:55	595	24.2	-51.2	23.4	0	23.4	-47.2	23.4	-0.1
26/10/2024 12:00	596	24.4	-50.9	23.5	0	23.5	-47.2	23.5	-0.1
26/10/2024 12:05	597	24.5	-50.7	23.6	0	23.6	-46.8	23.6	-0.1
26/10/2024 12:10	598	24.6	-50.5	23.7	0	23.8	-46.7	23.7	-0.1
26/10/2024 12:15	599	24.8	-50.4	23.9	0	23.9	-46.7	23.8	-0.1
26/10/2024 12:20	600	25	-50.2	24	0	24	-46.6	23.9	-0.1
26/10/2024 12:25	601	25.1	-49.8	24.1	0	24.1	-46.4	24.1	-0.1
26/10/2024 12:30	602	25.2	-49.8	24.2	0	24.3	-46.1	24.2	-0.1
26/10/2024 12:35	603	25.4	-49.6	24.3	0	24.4	-46.1	24.3	-0.1
26/10/2024 12:40	604	25.5	-49.4	24.4	0	24.5	-45.9	24.4	-0.1
26/10/2024 12:45	605	25.6	-49.3	24.5	0	24.6	-45.6	24.5	-0.1
26/10/2024 12:50	606	25.7	-49.2	24.6	0	24.7	-45.7	24.6	-0.1
26/10/2024 12:55	607	25.8	-49.2	24.7	0	24.8	-45.6	24.7	-0.1
26/10/2024 13:00	608	25.9	-49.1	24.8	0	24.9	-45.5	24.8	-0.1
26/10/2024 13:05	609	26	-49.2	24.9	0	25	-45.3	24.9	-0.1
26/10/2024 13:10	610	26.1	-48.8	25	0	25.1	-44.9	25	-0.1
26/10/2024 13:15	611	26.2	-48.7	25.1	0	25.2	-45	25.1	-0.1
26/10/2024 13:20	612	26.3	-48.7	25.2	0	25.3	-44.9	25.2	-0.1
26/10/2024 13:25	613	26.3	-48.7	25.2	0	25.4	-44.6	25.3	-0.1
26/10/2024 13:30	614	26.4	-48.5	25.3	0	25.4	-44.5	25.4	-0.1
26/10/2024 13:35	615	26.5	-48.6	25.4	0	25.5	-44.5	25.4	-0.1
26/10/2024 13:40	616	26.5	-48.6	25.5	0	25.6	-44.5	25.5	-0.1
26/10/2024 13:45	617	26.6	-48.5	25.5	0	25.7	-44.4	25.6	-0.1
26/10/2024 13:50	618	26.6	-48.5	25.6	0	25.7	-44.1	25.7	-0.1
26/10/2024 13:55	619	26.7	-48.5	25.7	0	25.8	-44	25.7	-0.1
26/10/2024 14:00	620	26.7	-48.4	25.8	0	25.9	-43.9	25.8	-0.1
26/10/2024 14:05	621	26.8	-48.3	25.8	0	26	-43.9	25.9	-0.1
26/10/2024 14:10	622	26.9	-48.3	25.9	0	26	-43.9	26	-0.1
26/10/2024 14:15	623	26.9	-48.1	26	0	26.1	-43.7	26	-0.1
26/10/2024 14:20	624	26.9	-48.3	26	0	26.1	-43.5	26.1	-0.1
26/10/2024 14:25	625	27	-48	26.1	0	26.2	-43.5	26.1	-0.1
26/10/2024 14:30	626	27	-48.2	26.1	0	26.2	-43.5	26.2	-0.1
26/10/2024 14:35	627	27.1	-48	26.2	0	26.3	-43.3	26.2	-0.1
26/10/2024 14:40	628	27.1	-48.1	26.2	0	26.3	-43.4	26.3	-0.1
26/10/2024 14:45	629	27.1	-48.1	26.3	0	26.4	-43.3	26.3	-0.1
26/10/2024 14:50	630	27.2	-47.9	26.3	0	26.5	-43.3	26.4	-0.1
26/10/2024 14:55	631	27.2	-48	26.4	0	26.5	-43.1	26.4	-0.1
26/10/2024 15:00	632	27.3	-48	26.4	0	26.6	-43.1	26.5	-0.1
26/10/2024 15:05	633	27.3	-48	26.5	0	26.6	-43	26.5	-0.1
26/10/2024 15:10	634	27.4	-47.9	26.5	0	26.6	-42.9	26.6	-0.1
26/10/2024 15:15	635	27.4	-47.9	26.5	0	26.7	-43	26.6	-0.1
26/10/2024 15:20	636	27.4	-47.9	26.5	0	26.7	-42.9	26.6	-0.1
26/10/2024 15:25	637	27.4	-47.9	26.4	0	26.7	-42.8	26.6	-0.1
26/10/2024 15:30	638	27.4	-47.8	26.4	0	26.7	-42.8	26.6	-0.1
26/10/2024 15:35	639	27.4	-47.9	26.5	0	26.7	-42.8	26.6	-0.1
26/10/2024 15:40	640	27.5	-47.9	26.5	0	26.7	-42.7	26.6	-0.1
26/10/2024 15:45	641	27.5	-47.9	26.5	0	26.7	-42.7	26.7	-0.1
26/10/2024 15:50	642	27.5	-48	26.6	0	26.8	-42.7	26.7	-0.1
26/10/2024 15:55	643	27.5	-47.8	26.6	0	26.8	-42.6	26.7	-0.2
26/10/2024 16:00	644	27.5	-47.9	26.7	0	26.9	-42.4	26.8	-0.2
26/10/2024 16:05	645	27.6	-47.8	26.7	0	26.9	-42.5	26.8	-0.2
26/10/2024 16:10	646	27.6	-47.9	26.8	0	26.9	-42.5	26.8	-0.2
26/10/2024 16:15	647	27.6	-47.8	26.8	0	27	-42.4	26.9	-0.2
26/10/2024 16:20	648	27.7	-47.8	26.9	0	27	-42.4	26.9	-0.2
26/10/2024 16:25	649	27.7	-47.8	26.9	0	27	-42.3	26.9	-0.2
26/10/2024 16:30	650	27.7	-47.8	26.9	0	27.1	-42.5	26.9	-0.2
26/10/2024 16:35	651	27.8	-47.9	27	0	27.1	-42.3	27	-0.2
26/10/2024 16:40	652	27.8	-47.8	27	0	27.1	-42.4	27	-0.2
26/10/2024 16:45	653	27.8	-47.7	27	0	27.1	-42.2	27	-0.2
26/10/2024 16:50	654	27.8	-48	27	0	27.1	-42.3	27	-0.2
26/10/2024 16:55	655	27.8	-47.9	27	0	27.1	-42.3	27	-0.2
26/10/2024 17:00	656	27.8	-47.9	27.1	0	27.1	-42.2	27	-0.2
26/10/2024 17:05	657	27.8	-47.9	27.1	0	27.1	-42	27	-0.2
26/10/2024 17:10	658	27.8	-47.8	27.1	0	27.2	-42.1	27.1	-0.2
26/10/2024 17:15	659	27.8	-47.7	27.1	0	27.2	-41.9	27	-0.2
26/10/2024 17:20	660	27.8	-48	27.1	0	27.2	-42	27	-0.2
26/10/2024 17:25	661	27.8	-48	27.1	0	27.2	-41.9	27.1	-0.2
26/10/2024 17:30	662	27.8	-48.1	27.1	0	27.2	-41.9	27.1	-0.2
26/10/2024 17:35	663	27.8	-48	27.1	0	27.2	-42	27.1	-0.2
26/10/2024 17:40	664	27.8	-48.2	27.1	0	27.2	-41.9	27.1	-0.2
26/10/2024 17:45	665	27.8	-48	27.1	0	27.2	-42	27.1	-0.2
26/10/2024 17:50	666	27.8	-48.3	27.1	0	27.2	-42	27.1	-0.2
26/10/2024 17:55	667	27.8	-48.2	27.2	0	27.2	-42	27.1	-0.2
26/10/2024 18:00	668	27.8	-48.3	27.2	0	27.2	-41.9	27.1	-0.2
26/10/2024 18:05	669	27.8	-48.2	27.2	0	27.2	-41.9	27.1	-0.3
26/10/2024 18:10	670	27.8	-48.3	27.2	0	27.3	-41.9	27.1	-0.3
26/10/2024 18:15	671	27.8	-48.2	27.2	0	27.3	-41.9	27.1	-0.3
26/10/2024 18:20	672	27.8	-48.2	27.2	0	27.3	-41.9	27.1	-0.3
26/10/2024 18:25	673	27.8	-48.2	27.2	0	27.3	-41.9	27.1	-0.3
26/10/2024 18:30	674	27.8	-48.4	27.2	0	27.3	-41.9	27.1	-0.3
26/10/2024 18:35	675	27.8	-48.5	27.2	0	27.3	-41.9	27.1	-0.3
26/10/2024 18:40	676	27.8	-48.5	27.2	0	27.2	-41.9	27.1	-0.3
26/10/2024 18:45	677	27.8	-48.7	27.2	0	27.2	-41.9	27.1	-0.3
26/10/2024 18:50	678	27.8	-48.8	27.2	0	27.2	-41.8	27.1	-0.3
26/10/2024 18:55	679	27.8	-48.8	27.2	0	27.2	-41.9	27.1	-0.3
26/10/2024 19:00	680	27.8	-48.9	27.2	0	27.2	-41.8	27.1	-0.3
26/10/2024 19:05	681	27.8	-48.9	27.2	0	27.2	-41.8	27.1	-0.3
26/10/2024 19:10	682	27.7	-48.9	27.2	0	27.2	-41.8	27.1	-0.3
26/10/2024 19:15	683	27.7	-48.8	27.2	0	27.2	-41.9	27.1	-0.3
26/10/2024 19:20	684	27.7	-49	27.1	0	27.2	-41.7	27	-0.3
26/10/2024 19:25	685	27.7	-49.1	27.1	0	27.1	-42	27	-0.3
26/10/2024 19:30	686	27.7	-49	27.1	0	27.1	-41.9	27	-0.4
26/10/2024 19:35	687	27.6	-49	27.1	0	27.1	-41.8	27	-0.4
26/10/2024 19:40	688	27.6	-49.3	27.1	0	27.1	-41.8	27	-0.4
26/10/2024 19:45	689	27.6	-49.4	27	0	27	-41.8	26.9	-0.4
26/10/2024 19:50	690	27.5	-49.4	27	0	27	-41.9	26.9	-0.4
26/10/2024 19:55	691	27.5	-49.4	27	0	27	-41.9	26.9	-0.4
26/10/2024 20:00	692	27.4	-49.7	27	0	26.9	-41.9	26.9	-0.4
26/10/2024 20:05	693	27.4	-50	27	0	26.9	-42	26.9	-0.4
26/10/2024 20:10	694	27.3	-49.9	26.9	0	26.9	-41.9	26.9	-0.4
26/10/2024 20:15	695	27.3	-50	26.9	0	26.8	-42	26.8	-0.4
26/10/2024 20:20	696	27.2	-50.1	26.9	0	26.8	-41.9	26.8	-0.4
26/10/2024 20:25	697	27.2	-50.1	26.9	0	26.8	-41.9	26.8	-0.4
26/10/2024 20:30	698	27.2	-50.4	26.9	0	26.8	-41.9	26.8	-0.5
26/10/2024 20:35	699	27.1	-50.4	26.8	0	26.8	-42	26.8	-0.5
26/10/2024 20:40	700	27.1	-50.5	26.8	0	26.8	-42	26.7	-0.5
26/10/2024 20:45	701	27.1	-50.4	26.8	0	26.7	-42	26.7	-0.5
26/10/2024 20:50	702	27.1	-50.7	26.8	0	26.7	-42	26.7	-0.5
26/10/2024 20:55	703	27	-50.7	26.8	0	26.7	-41.9	26.7	-0.5
26/10/2024 21:00	704	27	-50.9	26.7	0	26.7	-42.1	26.7	-0.5
26/10/2024 21:05	705	27	-51	26.7	0	26.7	-42	26.6	-0.5
26/10/2024 21:10	706	27	-51	26.7	0	26.6	-42.1	26.6	-0.5
26/10/2024 21:15	707	27	-51.1	26.7	0	26.6	-42.2	26.6	-0.6
26/10/2024 21:20	708	26.9	-51	26.7	0	26.6	-42.1	26.6	-0.6
26/10/2024 21:25	709	26.9	-51.2	26.6	0	26.5	-42.2	26.5	-0.6
26/10/2024 21:30	710	26.8	-51.5	26.6	0	26.5	-42.3	26.5	-0.6
26/10/2024 21:35	711	26.8	-51.7	26.6	0	26.5	-42.1	26.5	-0.6
26/10/2024 21:40	712	26.7	-51.7	26.6	0	26.4	-42.2	26.5	-0.6
26/10/2024 21:45	713	26.7	-51.8	26.5	0	26.4	-42.3	26.4	-0.6
26/10/2024 21:50	714	26.7	-52.1	26.5	0	26.4	-42.3	26.4	-0.7
26/10/2024 21:55	715	26.6	-52.2	26.5	0	26.4	-42.4	26.4	-0.7
26/10/2024 22:00	716	26.6	-52.4	26.5	0	26.3	-42.5	26.4	-0.7
26/10/2024 22:05	717	26.6	-52.3	26.4	0	26.3	-42.4	26.3	-0.7
26/10/2024 22:10	718	26.5	-52.4	26.4	0	26.3	-42.5	26.3	-0.7
26/10/2024 22:15	719	26.5	-52.5	26.4	0	26.3	-42.3	26.3	-0.7
26/10/2024 22:20	720	26.5	-52.7	26.4	0	26.3	-42.4	26.3	-0.8
26/10/2024 22:25	721	26.5	-52.7	26.3	0	26.2	-42.5	26.3	-0.8
26/10/2024 22:30	722	26.4	-52.8	26.3	0	26.2	-42.5	26.2	-0.8
26/10/2024 22:35	723	26.4	-53.1	26.3	0	26.2	-42.5	26.2	-0.8
26/10/2024 22:40	724	26.4	-52.9	26.3	0	26.2	-42.5	26.2	-0.8
26/10/2024 22:45	725	26.4	-52.9	26.2	0	26.2	-42.4	26.2	-0.8
26/10/2024 22:50	726	26.3	-53.1	26.2	0	26.1	-42.5	26.1	-0.9
26/10/2024 22:55	727	26.3	-53.2	26.2	0	26.1	-42.6	26.1	-0.9
26/10/2024 23:00	728	26.2	-53.6	26.1	0	26	-42.4	26.1	-0.9
26/10/2024 23:05	729	26.2	-53.6	26	0	25.9	-42.5	26	-0.9
26/10/2024 23:10	730	26.1	-54	26	0	25.8	-42.4	25.9	-0.9
26/10/2024 23:15	731	26	-54.3	25.9	0	25.8	-42.5	25.8	-1
26/10/2024 23:20	732	25.8	-54.5	25.8	0	25.7	-42.6	25.8	-1
26/10/2024 23:25	733	25.7	-54.7	25.7	0	25.6	-42.6	25.7	-1
26/10/2024 23:30	734	25.6	-54.9	25.6	0	25.5	-42.6	25.6	-1
26/10/2024 23:35	735	25.5	-55	25.5	0	25.4	-42.7	25.5	-1.1
26/10/2024 23:40	736	25.3	-55.4	25.4	0	25.2	-42.8	25.4	-1.1
26/10/2024 23:45	737	25.2	-55.5	25.3	0	25.1	-42.9	25.4	-1.1
26/10/2024 23:50	738	25	-55.9	25.2	0	25.1	-43	25.2	-1.1
26/10/2024 23:55	739	24.9	-56.2	25.1	0	25	-43.1	25.2	-1.1
27/10/2024 00:00	740	24.8	-56.2	25	0	24.9	-43	25.1	-1.2
27/10/2024 00:05	741	24.7	-56.7	25	0	24.8	-43.2	25	-1.2
27/10/2024 00:10	742	24.6	-56.9	24.9	0	24.7	-43.4	24.9	-1.2
27/10/2024 00:15	743	24.4	-57.2	24.8	0	24.6	-43.5	24.8	-1.3
27/10/2024 00:20	744	24.3	-57.7	24.7	0	24.5	-43.7	24.7	-1.3
27/10/2024 00:25	745	24.2	-57.8	24.6	0	24.4	-43.6	24.6	-1.3
27/10/2024 00:30	746	24.1	-58	24.5	0	24.3	-43.6	24.5	-1.4
27/10/2024 00:35	747	24	-58.1	24.4	0	24.2	-43.7	24.4	-1.4
27/10/2024 00:40	748	23.9	-58.6	24.3	0	24.1	-44.1	24.3	-1.4
27/10/2024 00:45	749	23.8	-58.6	24.2	0	24	-44.1	24.2	-1.5
27/10/2024 00:50	750	23.7	-58.9	24.1	0	23.9	-44.2	24.1	-1.5
27/10/2024 00:55	751	23.6	-59.3	24	0	23.8	-44.2	23.9	-1.5
27/10/2024 01:00	752	23.5	-59.5	23.9	0	23.7	-44.4	23.8	-1.6
27/10/2024 01:05	753	23.4	-59.5	23.8	0	23.6	-44.4	23.7	-1.6
27/10/2024 01:10	754	23.3	-59.7	23.7	0	23.5	-44.5	23.6	-1.7
27/10/2024 01:15	755	23.2	-60.1	23.6	0	23.4	-44.7	23.5	-1.7
27/10/2024 01:20	756	23.1	-60.2	23.5	0	23.3	-44.8	23.5	-1.7
27/10/2024 01:25	757	23	-60.4	23.4	0	23.2	-44.8	23.4	-1.8
27/10/2024 01:30	758	22.9	-60.6	23.3	0	23.1	-44.9	23.3	-1.8
27/10/2024 01:35	759	22.8	-60.8	23.2	0	23	-44.9	23.2	-1.8
27/10/2024 01:40	760	22.8	-60.8	23.2	0	22.9	-45.1	23.1	-1.9
27/10/2024 01:45	761	22.7	-61	23.1	0	22.9	-45.2	23	-1.9
27/10/2024 01:50	762	22.6	-61.1	23	0	22.8	-45.3	22.9	-2
27/10/2024 01:55	763	22.5	-61.4	22.9	0	22.7	-45.4	22.8	-2
27/10/2024 02:00	764	22.4	-61.4	22.8	0	22.6	-45.4	22.8	-2
27/10/2024 02:05	765	22.4	-61.5	22.8	0	22.6	-45.4	22.7	-2.1
27/10/2024 02:10	766	22.3	-61.9	22.7	0	22.5	-45.8	22.6	-2.1
27/10/2024 02:15	767	22.2	-61.8	22.6	0	22.4	-45.7	22.5	-2.2
27/10/2024 02:20	768	22.1	-61.9	22.6	0	22.3	-45.8	22.5	-2.2
27/10/2024 02:25	769	22	-62.1	22.5	0	22.2	-45.8	22.4	-2.2
27/10/2024 02:30	770	22	-62.3	22.4	0	22.2	-45.9	22.3	-2.3
27/10/2024 02:35	771	21.9	-62.4	22.4	0	22.1	-45.9	22.2	-2.3
27/10/2024 02:40	772	21.8	-62.5	22.3	0	22	-46	22.2	-2.3
27/10/2024 02:45	773	21.8	-62.8	22.2	0	22	-46.1	22.1	-2.4
27/10/2024 02:50	774	21.7	-63	22.1	0	21.9	-46.3	22	-2.4
27/10/2024 02:55	775	21.7	-62.9	22.1	0	21.8	-46.5	22	-2.5
27/10/2024 03:00	776	21.6	-63.1	22	0	21.8	-46.5	21.9	-2.6
27/10/2024 03:05	777	21.5	-63.2	22	0	21.7	-46.5	21.9	-2.5
27/10/2024 03:10	778	21.5	-63.3	21.9	0	21.7	-46.5	21.8	-2.6
27/10/2024 03:15	779	21.4	-63.5	21.9	0	21.6	-46.4	21.8	-2.6
27/10/2024 03:20	780	21.4	-63.6	21.8	0	21.6	-46.4	21.7	-2.7
27/10/2024 03:25	781	21.3	-63.8	21.8	0	21.5	-46.8	21.7	-2.7
27/10/2024 03:30	782	21.3	-63.8	21.7	0	21.5	-46.7	21.6	-2.7
27/10/2024 03:35	783	21.2	-64	21.7	0	21.4	-46.9	21.6	-2.8
27/10/2024 03:40	784	21.2	-64.1	21.6	0	21.4	-46.9	21.5	-2.8
27/10/2024 03:45	785	21.1	-64.4	21.6	0	21.3	-47	21.5	-2.9
27/10/2024 03:50	786	21.1	-64.5	21.5	0	21.3	-47	21.4	-2.9
27/10/2024 03:55	787	21	-64.3	21.5	0	21.2	-47	21.4	-3
27/10/2024 04:00	788	21	-64.4	21.5	0	21.2	-46.9	21.3	-3
27/10/2024 04:05	789	21	-64.5	21.4	0	21.1	-47.1	21.3	-3
27/10/2024 04:10	790	20.9	-64.6	21.4	0	21.1	-47.1	21.2	-3.1
27/10/2024 04:15	791	20.9	-64.8	21.3	0	21.1	-47.2	21.2	-3.1
27/10/2024 04:20	792	20.8	-64.8	21.3	0	21	-47.3	21.1	-3.1
27/10/2024 04:25	793	20.8	-65	21.3	0	21	-47.3	21.1	-3.1
27/10/2024 04:30	794	20.8	-65	21.2	0	20.9	-47.5	21.1	-3.2
27/10/2024 04:35	795	20.7	-65	21.2	0	20.9	-47.4	21	-3.2
27/10/2024 04:40	796	20.7	-65.4	21.1	0	20.9	-47.5	21	-3.3
27/10/2024 04:45	797	20.7	-65.4	21.1	0	20.8	-47.6	20.9	-3.4
27/10/2024 04:50	798	20.6	-65.6	21.1	0	20.8	-47.5	20.9	-3.3
27/10/2024 04:55	799	20.6	-65.5	21	0	20.8	-47.6	20.9	-3.4
27/10/2024 05:00	800	20.6	-65.5	21	0	20.7	-47.5	20.8	-3.5
27/10/2024 05:05	801	20.6	-65.5	21	0	20.7	-47.7	20.8	-3.5
27/10/2024 05:10	802	20.5	-65.6	20.9	0	20.7	-47.6	20.8	-3.5
27/10/2024 05:15	803	20.5	-65.8	20.9	0	20.6	-47.6	20.7	-3.6
27/10/2024 05:20	804	20.5	-65.8	20.9	0	20.6	-47.8	20.7	-3.7
27/10/2024 05:25	805	20.5	-66.1	20.8	0	20.6	-47.8	20.7	-3.7
27/10/2024 05:30	806	20.4	-66.1	20.8	0	20.5	-47.9	20.7	-3.7
27/10/2024 05:35	807	20.4	-66.1	20.8	0	20.5	-48.1	20.6	-3.7
27/10/2024 05:40	808	20.4	-66.2	20.8	0	20.5	-48	20.6	-3.8
27/10/2024 05:45	809	20.4	-66.1	20.7	0	20.5	-48.1	20.6	-3.8
27/10/2024 05:50	810	20.3	-66.3	20.7	0	20.4	-48	20.6	-3.9
27/10/2024 05:55	811	20.3	-66.4	20.7	0	20.4	-48.1	20.5	-3.9
27/10/2024 06:00	812	20.3	-66.6	20.7	0	20.4	-48.1	20.5	-3.9
27/10/2024 06:05	813	20.3	-66.7	20.6	0	20.4	-48.1	20.5	-4
27/10/2024 06:10	814	20.3	-66.8	20.6	0	20.4	-48.1	20.5	-4.1
27/10/2024 06:15	815	20.3	-66.7	20.6	0	20.3	-48.3	20.4	-4.1
27/10/2024 06:20	816	20.3	-66.9	20.6	0	20.3	-48.1	20.4	-4.1
27/10/2024 06:25	817	20.2	-66.8	20.5	0	20.3	-48	20.4	-4.1
27/10/2024 06:30	818	20.2	-66.9	20.5	0	20.3	-48.2	20.4	-4.2
27/10/2024 06:35	819	20.2	-66.9	20.5	0	20.3	-48.1	20.3	-4.2
27/10/2024 06:40	820	20.2	-67	20.5	0	20.2	-48.1	20.3	-4.3
27/10/2024 06:45	821	20.2	-67.1	20.5	0	20.2	-48.1	20.3	-4.3
27/10/2024 06:50	822	20.2	-67.1	20.4	0	20.2	-48.2	20.3	-4.3
27/10/2024 06:55	823	20.1	-67.2	20.4	0	20.2	-48.1	20.3	-4.4
27/10/2024 07:00	824	20.1	-67.4	20.4	0	20.2	-48.3	20.2	-4.5
27/10/2024 07:05	825	20.1	-67.3	20.4	0	20.1	-48.2	20.2	-4.5
27/10/2024 07:10	826	20.1	-67.4	20.4	0	20.1	-48.3	20.2	-4.6
27/10/2024 07:15	827	20.1	-67.4	20.3	0	20.1	-48.3	20.2	-4.6
27/10/2024 07:20	828	20.1	-67.5	20.3	0	20.1	-48.3	20.2	-4.6
27/10/2024 07:25	829	20.1	-67.6	20.3	0	20.1	-48.5	20.2	-4.6
27/10/2024 07:30	830	20.1	-67.8	20.3	0	20.1	-48.5	20.1	-4.7
27/10/2024 07:35	831	20.1	-67.8	20.3	0	20.1	-48.6	20.1	-4.8
27/10/2024 07:40	832	20.1	-67.8	20.3	0	20.1	-48.7	20.1	-4.8
27/10/2024 07:45	833	20.1	-67.9	20.3	0	20.1	-48.6	20.1	-4.8
27/10/2024 07:50	834	20.1	-67.9	20.3	0	20.1	-48.7	20.1	-4.9
27/10/2024 07:55	835	20.1	-67.9	20.3	0	20.1	-48.8	20.1	-4.9
27/10/2024 08:00	836	20.2	-67.9	20.3	0	20.1	-48.6	20.1	-5
27/10/2024 08:05	837	20.2	-68.1	20.3	0	20.2	-48.6	20.1	-5
27/10/2024 08:10	838	20.3	-67.9	20.4	0	20.2	-48.7	20.2	-5
27/10/2024 08:15	839	20.3	-67.8	20.4	0	20.3	-48.7	20.2	-5
27/10/2024 08:20	840	20.4	-67.8	20.5	0	20.3	-48.7	20.3	-5
27/10/2024 08:25	841	20.5	-67.6	20.5	0	20.4	-48.6	20.3	-5
27/10/2024 08:30	842	20.6	-67.6	20.6	0	20.4	-48.5	20.4	-5
27/10/2024 08:35	843	20.7	-67.4	20.7	0	20.5	-48.6	20.4	-5.1
27/10/2024 08:40	844	20.8	-67.1	20.7	0	20.6	-48.5	20.5	-5.1
27/10/2024 08:45	845	20.9	-67.2	20.8	0	20.6	-48.5	20.6	-5.1
27/10/2024 08:50	846	20.9	-67.2	20.8	0	20.7	-48.3	20.6	-5.1
27/10/2024 08:55	847	21	-67	20.9	0	20.7	-48.2	20.7	-5.1
27/10/2024 09:00	848	21.1	-67.1	20.9	0	20.8	-48.3	20.7	-5.1
27/10/2024 09:05	849	21.2	-66.8	21	0	20.8	-48.1	20.8	-5.1
27/10/2024 09:10	850	21.3	-66.8	21	0	20.9	-48.1	20.9	-5.2
27/10/2024 09:15	851	21.4	-66.8	21.1	0	21	-48	20.9	-5.2
27/10/2024 09:20	852	21.4	-66.6	21.1	0	21	-48	21	-5.2
27/10/2024 09:25	853	21.5	-66.4	21.2	0	21.1	-48	21	-5.2
27/10/2024 09:30	854	21.6	-66.3	21.3	0	21.1	-47.9	21.1	-5.2
27/10/2024 09:35	855	21.7	-66.3	21.3	0	21.2	-47.9	21.2	-5.2
27/10/2024 09:40	856	21.7	-66.2	21.4	0	21.3	-47.9	21.2	-5.2
27/10/2024 09:45	857	21.8	-66.2	21.4	0	21.3	-47.9	21.3	-5.3
27/10/2024 09:50	858	21.9	-66.2	21.5	0	21.4	-47.8	21.4	-5.3
27/10/2024 09:55	859	22	-66.1	21.6	0	21.5	-47.9	21.4	-5.3
27/10/2024 10:00	860	22.1	-66	21.7	0	21.6	-47.8	21.5	-5.3
27/10/2024 10:05	861	22.2	-65.9	21.7	0	21.7	-47.6	21.6	-5.3
27/10/2024 10:10	862	22.3	-65.6	21.8	0	21.8	-47.6	21.7	-5.3
27/10/2024 10:15	863	22.4	-65.6	21.9	0	21.8	-47.4	21.7	-5.3
27/10/2024 10:20	864	22.5	-65.4	21.9	0	21.9	-47.2	21.8	-5.4
27/10/2024 10:25	865	22.6	-65.5	22	0	22	-47.3	21.9	-5.4
27/10/2024 10:30	866	22.7	-65.4	22.1	0	22.1	-47.2	22	-5.4
27/10/2024 10:35	867	22.8	-65.3	22.2	0	22.2	-47.1	22.1	-5.4
27/10/2024 10:40	868	22.9	-65.2	22.3	0	22.3	-47.1	22.1	-5.4
27/10/2024 10:45	869	23	-65.2	22.4	0	22.4	-46.9	22.2	-5.4
27/10/2024 10:50	870	23.1	-65	22.5	0	22.5	-46.7	22.3	-5.5
27/10/2024 10:55	871	23.3	-64.6	22.5	0	22.5	-46.7	22.4	-5.5
27/10/2024 11:00	872	23.4	-64.7	22.6	0	22.6	-46.7	22.5	-5.5
27/10/2024 11:05	873	23.5	-64.5	22.7	0	22.7	-46.7	22.6	-5.6
27/10/2024 11:10	874	23.6	-64.5	22.8	0	22.8	-46.7	22.7	-5.6
27/10/2024 11:15	875	23.7	-64.4	22.9	0	22.9	-46.6	22.8	-5.6
27/10/2024 11:20	876	23.8	-64.4	23	0	23	-46.5	22.9	-5.6
27/10/2024 11:25	877	23.9	-64.3	23.1	0	23.1	-46.4	23	-5.6
27/10/2024 11:30	878	24	-64.1	23.2	0	23.2	-46.1	23.1	-5.7
27/10/2024 11:35	879	24.1	-64.1	23.3	0	23.3	-46.1	23.2	-5.7
27/10/2024 11:40	880	24.3	-63.8	23.4	0	23.4	-46.2	23.3	-5.7
27/10/2024 11:45	881	24.4	-63.7	23.5	0	23.5	-46.1	23.4	-5.7
27/10/2024 11:50	882	24.5	-63.6	23.6	0	23.6	-45.9	23.5	-5.7
27/10/2024 11:55	883	24.6	-63.5	23.7	0	23.7	-45.8	23.6	-5.8
27/10/2024 12:00	884	24.7	-63.4	23.8	0	23.8	-45.5	23.7	-5.8
27/10/2024 12:05	885	24.8	-63.2	23.9	0	23.9	-45.6	23.8	-5.8
27/10/2024 12:10	886	24.9	-63	24	0	24	-45.5	24	-5.9
27/10/2024 12:15	887	25	-62.9	24.1	0	24.1	-45.6	24.1	-5.9
27/10/2024 12:20	888	25.1	-62.9	24.2	0	24.2	-45.5	24.2	-5.9
27/10/2024 12:25	889	25.2	-63	24.3	0	24.3	-45.3	24.3	-6
27/10/2024 12:30	890	25.3	-63	24.4	0	24.4	-45.1	24.4	-6
27/10/2024 12:35	891	25.4	-62.9	24.4	0	24.5	-44.9	24.5	-6
27/10/2024 12:40	892	25.5	-62.7	24.5	0	24.5	-44.9	24.5	-6.1
27/10/2024 12:45	893	25.6	-62.7	24.6	0	24.6	-44.9	24.6	-6.1
27/10/2024 12:50	894	25.6	-62.5	24.7	0	24.7	-44.8	24.7	-6.2
27/10/2024 12:55	895	25.7	-62.3	24.8	0	24.8	-44.8	24.8	-6.2
27/10/2024 13:00	896	25.8	-62.4	24.8	0	24.9	-44.6	24.9	-6.2
27/10/2024 13:05	897	25.8	-62.3	24.9	0	24.9	-44.5	24.9	-6.3
27/10/2024 13:10	898	25.9	-62.4	24.9	0	25	-44.5	25	-6.3
27/10/2024 13:15	899	25.9	-62.3	25	0	25	-44.4	25	-6.3
27/10/2024 13:20	900	26	-62.4	25	0	25.1	-44.3	25.1	-6.5
27/10/2024 13:25	901	26	-62.3	25.1	0	25.1	-44.4	25.1	-6.5
27/10/2024 13:30	902	26.1	-62.4	25.2	0	25.2	-44.3	25.2	-6.6
27/10/2024 13:35	903	26.1	-62.3	25.2	0	25.3	-44.4	25.2	-6.6
27/10/2024 13:40	904	26.2	-62.2	25.3	0	25.3	-44.3	25.3	-6.7
27/10/2024 13:45	905	26.2	-62.2	25.3	0	25.4	-44.2	25.4	-6.7
27/10/2024 13:50	906	26.3	-62.2	25.4	0	25.4	-44.1	25.4	-6.7
27/10/2024 13:55	907	26.3	-62.3	25.4	0	25.5	-44	25.5	-6.9
27/10/2024 14:00	908	26.4	-62.2	25.5	0	25.5	-44	25.5	-7
27/10/2024 14:05	909	26.4	-62.2	25.5	0	25.6	-44	25.6	-7.1
27/10/2024 14:10	910	26.4	-62.3	25.6	0	25.6	-43.9	25.6	-7.1
27/10/2024 14:15	911	26.5	-62.1	25.6	0	25.7	-43.9	25.7	-7.2
27/10/2024 14:20	912	26.5	-62.2	25.7	0	25.7	-43.8	25.8	-7.3
27/10/2024 14:25	913	26.6	-62.2	25.8	0	25.8	-43.8	25.8	-7.3
27/10/2024 14:30	914	26.6	-62.1	25.8	0	25.8	-43.8	25.9	-7.4
27/10/2024 14:35	915	26.7	-61.9	25.9	0	25.9	-43.8	26	-7.4
27/10/2024 14:40	916	26.7	-62	26	0	26	-43.8	26	-7.5
27/10/2024 14:45	917	26.8	-62	26	0	26	-43.7	26.1	-7.6
27/10/2024 14:50	918	26.8	-61.9	26.1	0	26.1	-43.7	26.2	-7.7
27/10/2024 14:55	919	26.9	-62	26.1	0	26.1	-43.7	26.2	-7.7
27/10/2024 15:00	920	26.9	-61.8	26.2	0	26.2	-43.7	26.3	-7.8
27/10/2024 15:05	921	27	-61.9	26.2	0	26.2	-43.6	26.3	-7.8
27/10/2024 15:10	922	27	-61.9	26.3	0	26.3	-43.6	26.3	-8
27/10/2024 15:15	923	27	-61.9	26.3	0	26.3	-43.5	26.4	-8
27/10/2024 15:20	924	27.1	-61.8	26.3	0	26.4	-43.6	26.4	-8.1
27/10/2024 15:25	925	27.1	-62	26.4	0	26.4	-43.5	26.4	-8.2
27/10/2024 15:30	926	27.2	-61.9	26.4	0	26.4	-43.4	26.5	-8.3
27/10/2024 15:35	927	27.1	-8.5	26.4	0	26.5	-43.5	26.5	-8.4
27/10/2024 15:40	928	26.7	-0.1	26.5	0	26.4	0	26.5	-8.5
27/10/2024 15:45	929	26.8	-0.1	26.5	0	26.4	0	26.5	-8.6
27/10/2024 15:50	930	26.8	-0.1	26.5	0	26.5	0	26.6	-8.6
27/10/2024 15:55	931	26.8	-0.1	26.6	0	26.5	0	26.6	-8.8
27/10/2024 16:00	932	26.9	-0.1	26.6	0	26.5	0	26.6	-8.8
27/10/2024 16:05	933	26.9	-0.1	26.6	0	26.6	0	26.6	-9
27/10/2024 16:10	934	27	-0.1	26.7	0	26.6	0	26.7	-9
27/10/2024 16:15	935	27	-0.1	26.7	0	26.7	0	26.7	-9.2
27/10/2024 16:20	936	27	-0.1	26.7	0	26.7	0	26.7	-9.2
27/10/2024 16:25	937	27.1	-0.1	26.7	0	26.7	0	26.8	-9.3
27/10/2024 16:30	938	27.1	-0.1	26.8	0	26.8	0	26.8	-9.4
27/10/2024 16:35	939	27.1	-0.1	26.8	0	26.8	0	26.8	-9.5
27/10/2024 16:40	940	27.2	-0.1	26.9	0	26.9	0	26.9	-9.6
27/10/2024 16:45	941	27.2	-0.1	26.9	0	26.9	0	26.9	-9.8
27/10/2024 16:50	942	27.3	-0.1	26.9	0	26.9	0	26.9	-9.8
27/10/2024 16:55	943	27.3	-0.1	27	0	27	0	27	-10
27/10/2024 17:00	944	27.3	-0.1	27	0	27	0	27	-10
27/10/2024 17:05	945	27.4	-0.1	27	0	27	0	27	-10.1
27/10/2024 17:10	946	27.4	-0.1	27	0	27.1	0	27	-10.1
27/10/2024 17:15	947	27.4	-0.1	27.1	0	27.1	0	27.1	-10.2
27/10/2024 17:20	948	27.4	-0.1	27.1	0	27.1	0	27.1	-10.2
27/10/2024 17:25	949	27.5	-0.1	27.1	0	27.1	0	27.1	-10.3
27/10/2024 17:30	950	27.5	-0.1	27.1	0	27.1	0	27.1	-10.4
27/10/2024 17:35	951	27.5	-0.2	27.1	0	27.1	0	27.1	-10.4
27/10/2024 17:40	952	27.5	-0.2	27.1	0	27.1	0	27.1	-10.5
27/10/2024 17:45	953	27.5	-0.2	27.1	0	27.2	0	27.1	-10.5
27/10/2024 17:50	954	27.5	-0.2	27.1	0	27.2	0	27.1	-10.6
27/10/2024 17:55	955	27.5	-0.2	27.1	0	27.2	0	27.1	-10.7
27/10/2024 18:00	956	27.5	-0.2	27.1	0	27.2	0	27.1	-10.7
27/10/2024 18:05	957	27.5	-0.2	27	0	27.2	0	27.1	-10.8
27/10/2024 18:10	958	27.5	-0.2	27	0	27.1	0	27	-10.8
27/10/2024 18:15	959	27.4	-0.2	27	0	27.1	-0.1	27	-10.9
27/10/2024 18:20	960	27.4	-0.3	26.9	0	27.1	-0.1	27	-10.9
27/10/2024 18:25	961	27.3	-0.3	26.9	0	27.1	-0.1	27	-11
27/10/2024 18:30	962	27.3	-0.3	26.8	0	27.1	-0.1	26.9	-11.1
27/10/2024 18:35	963	27.2	-0.4	26.8	0	27	-0.1	26.9	-11.2
27/10/2024 18:40	964	27.1	-0.4	26.7	0	27	-0.1	26.8	-11.2
27/10/2024 18:45	965	27.1	-0.4	26.6	-0.1	26.9	-0.1	26.8	-11.3
27/10/2024 18:50	966	27	-0.4	26.6	-0.1	26.9	-0.1	26.7	-11.3
27/10/2024 18:55	967	26.9	-0.4	26.5	-0.1	26.8	-0.1	26.7	-11.4
27/10/2024 19:00	968	26.8	-0.5	26.4	-0.1	26.8	-0.1	26.6	-11.5
27/10/2024 19:05	969	26.8	-0.5	26.3	-0.1	26.7	-0.1	26.6	-11.6
27/10/2024 19:10	970	26.7	-0.6	26.3	-0.1	26.7	-0.1	26.5	-11.6
27/10/2024 19:15	971	26.6	-0.6	26.2	-0.1	26.6	-0.1	26.4	-11.7
27/10/2024 19:20	972	26.5	-0.7	26.1	-0.1	26.5	-0.1	26.4	-11.8
27/10/2024 19:25	973	26.4	-0.8	26.1	-0.1	26.5	-0.1	26.3	-11.9
27/10/2024 19:30	974	26.3	-0.9	26	-0.2	26.4	-0.1	26.2	-12
27/10/2024 19:35	975	26.2	-0.9	25.9	-0.2	26.3	-0.1	26.2	-12
27/10/2024 19:40	976	26.2	-1	25.8	-0.2	26.3	-0.1	26.1	-12.1
27/10/2024 19:45	977	26.1	-1	25.8	-0.2	26.2	-0.1	26	-12.2
27/10/2024 19:50	978	26	-1	25.7	-0.3	26.2	-0.1	26	-12.3
27/10/2024 19:55	979	25.9	-1.1	25.6	-0.3	26.1	-0.1	25.9	-12.3
27/10/2024 20:00	980	25.8	-1.5	25.5	-0.4	26	-0.1	25.8	-12.4
27/10/2024 20:05	981	25.7	-1.7	25.4	-0.4	25.9	-0.1	25.7	-12.5
27/10/2024 20:10	982	25.6	-1.8	25.4	-0.5	25.9	-0.1	25.6	-12.5
27/10/2024 20:15	983	25.5	-1.9	25.3	-0.6	25.8	-0.1	25.6	-12.7
27/10/2024 20:20	984	25.5	-2.2	25.2	-0.7	25.7	-0.1	25.5	-12.7
27/10/2024 20:25	985	25.4	-2.4	25.1	-0.8	25.6	-0.1	25.4	-12.8
27/10/2024 20:30	986	25.3	-2.5	25	-0.9	25.6	-0.1	25.3	-12.8
27/10/2024 20:35	987	25.2	-2.7	25	-1	25.5	-0.1	25.3	-13
27/10/2024 20:40	988	25.1	-2.9	25	-1.1	25.4	-0.1	25.2	-13
27/10/2024 20:45	989	25.1	-3	24.9	-1.4	25.4	-0.1	25.1	-13.1
27/10/2024 20:50	990	25	-3.2	24.9	-1.6	25.3	-0.1	25.1	-13.2
27/10/2024 20:55	991	25	-3.3	24.8	-1.8	25.3	-0.1	25	-13.2
27/10/2024 21:00	992	25	-3.5	24.8	-2.1	25.2	-0.1	25	-13.3
27/10/2024 21:05	993	24.9	-3.6	24.7	-2.2	25.2	-0.1	24.9	-13.4
27/10/2024 21:10	994	24.9	-3.8	24.7	-2.5	25.1	-0.1	24.9	-13.5
27/10/2024 21:15	995	24.9	-3.9	24.6	-3	25.1	-0.1	24.8	-13.6
27/10/2024 21:20	996	24.8	-4.1	24.6	-3.2	25	-0.1	24.8	-13.7
27/10/2024 21:25	997	24.8	-4.2	24.5	-3.6	25	-0.1	24.7	-13.7
27/10/2024 21:30	998	24.8	-4.4	24.5	-4	24.9	-0.1	24.7	-13.8
27/10/2024 21:35	999	24.7	-4.6	24.5	-4.7	24.9	-0.1	24.6	-13.8
27/10/2024 21:40	1000	24.7	-4.7	24.4	-5.1	24.9	-0.1	24.6	-13.9
27/10/2024 21:45	1001	24.7	-4.9	24.4	-5.2	24.8	-0.1	24.5	-14
27/10/2024 21:50	1002	24.6	-5	24.3	-5.3	24.8	-0.1	24.5	-14.1
27/10/2024 21:55	1003	24.6	-5.1	24.3	-5.5	24.7	-0.1	24.4	-14.1
27/10/2024 22:00	1004	24.5	-5.1	24.3	-5.5	24.7	-0.1	24.4	-14.2
27/10/2024 22:05	1005	24.5	-5.1	24.2	-5.7	24.6	-0.1	24.3	-14.3
27/10/2024 22:10	1006	24.5	-5.2	24.2	-5.9	24.6	-0.1	24.3	-14.3
27/10/2024 22:15	1007	24.4	-5.2	24.1	-6	24.5	-0.1	24.3	-14.5
27/10/2024 22:20	1008	24.4	-5.3	24.1	-6.1	24.5	-0.1	24.2	-14.5
27/10/2024 22:25	1009	24.4	-5.3	24.1	-6.2	24.5	-0.1	24.2	-14.5
27/10/2024 22:30	1010	24.3	-5.4	24	-6.4	24.4	-0.1	24.1	-14.6
27/10/2024 22:35	1011	24.3	-5.4	24	-6.4	24.4	-0.1	24.1	-14.7
27/10/2024 22:40	1012	24.3	-5.4	23.9	-6.7	24.4	-0.1	24.1	-14.8
27/10/2024 22:45	1013	24.2	-5.5	23.9	-6.9	24.3	-0.1	24	-14.8
27/10/2024 22:50	1014	24.2	-5.5	23.9	-7	24.3	-0.1	24	-14.8
27/10/2024 22:55	1015	24.2	-5.5	23.8	-7.2	24.3	-0.1	23.9	-15
27/10/2024 23:00	1016	24.1	-5.6	23.8	-7.3	24.2	-0.1	23.9	-14.9
27/10/2024 23:05	1017	24.1	-5.6	23.8	-7.5	24.2	-0.1	23.9	-15
27/10/2024 23:10	1018	24.1	-5.7	23.8	-7.6	24.2	-0.1	23.9	-15.1
27/10/2024 23:15	1019	24.1	-5.7	23.8	-7.9	24.2	-0.1	23.8	-15.1
27/10/2024 23:20	1020	24.1	-5.7	23.8	-8	24.2	-0.1	23.8	-15.3
27/10/2024 23:25	1021	24.1	-5.7	23.7	-8.2	24.2	-0.1	23.8	-15.3
27/10/2024 23:30	1022	24.1	-5.8	23.7	-8.3	24.2	-0.1	23.8	-15.3
27/10/2024 23:35	1023	24.1	-5.8	23.8	-8.4	24.2	-0.1	23.8	-15.4
27/10/2024 23:40	1024	24.1	-5.8	23.8	-8.7	24.2	-0.1	23.8	-15.5
27/10/2024 23:45	1025	24.1	-5.8	23.8	-8.7	24.2	-0.1	23.8	-15.5
27/10/2024 23:50	1026	24.1	-5.8	23.8	-9	24.2	-0.1	23.8	-15.7
27/10/2024 23:55	1027	24.1	-5.9	23.8	-9.2	24.2	-0.1	23.8	-15.7
28/10/2024 00:00	1028	24.1	-5.9	23.7	-9.4	24.2	-0.1	23.8	-15.7
28/10/2024 00:05	1029	24.1	-5.9	23.7	-9.5	24.1	-0.1	23.7	-15.8
28/10/2024 00:10	1030	24.1	-6	23.7	-9.7	24.1	-0.1	23.7	-15.8
28/10/2024 00:15	1031	24	-6	23.6	-9.8	24.1	-0.1	23.7	-15.8
28/10/2024 00:20	1032	24	-6	23.6	-9.9	24	-0.1	23.6	-15.9
28/10/2024 00:25	1033	23.9	-6	23.5	-10	24	-0.1	23.6	-16
28/10/2024 00:30	1034	23.9	-6	23.5	-10	23.9	-0.1	23.5	-16.1
28/10/2024 00:35	1035	23.8	-6.1	23.4	-10.1	23.9	-0.1	23.5	-16.1
28/10/2024 00:40	1036	23.8	-6.1	23.4	-10.1	23.8	-0.1	23.4	-16.2
28/10/2024 00:45	1037	23.7	-6.1	23.3	-10.1	23.8	-0.1	23.3	-16.2
28/10/2024 00:50	1038	23.6	-6.2	23.3	-10.2	23.7	-0.1	23.3	-16.3
28/10/2024 00:55	1039	23.6	-6.2	23.2	-10.2	23.6	-0.1	23.2	-16.4
28/10/2024 01:00	1040	23.5	-6.2	23.1	-10.2	23.6	-0.1	23.1	-16.4
28/10/2024 01:05	1041	23.5	-6.2	23.1	-10.3	23.5	-0.1	23.1	-16.5
28/10/2024 01:10	1042	23.4	-6.2	23	-10.3	23.5	-0.1	23	-16.5
28/10/2024 01:15	1043	23.3	-6.3	22.9	-10.3	23.4	-0.1	22.9	-16.6
28/10/2024 01:20	1044	23.3	-6.3	22.8	-10.3	23.3	-0.1	22.9	-16.7
28/10/2024 01:25	1045	23.2	-6.3	22.8	-10.4	23.3	-0.1	22.8	-16.7
28/10/2024 01:30	1046	23.1	-6.4	22.7	-10.4	23.2	-0.1	22.7	-16.8
28/10/2024 01:35	1047	23	-6.4	22.6	-10.4	23.1	-0.1	22.6	-16.9
28/10/2024 01:40	1048	23	-6.4	22.5	-10.5	23.1	-0.1	22.6	-16.9
28/10/2024 01:45	1049	22.9	-6.4	22.5	-10.5	23	-0.1	22.5	-16.9
28/10/2024 01:50	1050	22.8	-6.4	22.4	-10.5	22.9	-0.1	22.4	-17.1
28/10/2024 01:55	1051	22.8	-6.5	22.4	-10.5	22.9	-0.1	22.4	-17.1
28/10/2024 02:00	1052	22.7	-6.5	22.3	-10.6	22.8	-0.1	22.3	-17.2
28/10/2024 02:05	1053	22.7	-6.5	22.2	-10.6	22.8	-0.1	22.2	-17.2
28/10/2024 02:10	1054	22.6	-6.5	22.2	-10.6	22.7	-0.1	22.2	-17.3
28/10/2024 02:15	1055	22.5	-6.6	22.1	-10.7	22.6	-0.1	22.1	-17.3
28/10/2024 02:20	1056	22.5	-6.6	22.1	-10.7	22.6	-0.1	22	-17.3
28/10/2024 02:25	1057	22.4	-6.6	22	-10.7	22.5	-0.1	22	-17.5
28/10/2024 02:30	1058	22.4	-6.6	22	-10.7	22.5	-0.1	21.9	-17.5
28/10/2024 02:35	1059	22.3	-6.7	21.9	-10.7	22.4	-0.1	21.9	-17.5
28/10/2024 02:40	1060	22.3	-6.7	21.9	-10.8	22.4	-0.1	21.8	-17.6
28/10/2024 02:45	1061	22.2	-6.7	21.9	-10.8	22.3	-0.1	21.8	-17.7
28/10/2024 02:50	1062	22.2	-6.7	21.8	-10.8	22.3	-0.1	21.7	-17.7
28/10/2024 02:55	1063	22.1	-6.7	21.8	-10.8	22.2	-0.1	21.7	-17.7
28/10/2024 03:00	1064	22.1	-6.7	21.8	-10.9	22.2	-0.1	21.7	-17.8
28/10/2024 03:05	1065	22	-6.8	21.7	-10.9	22.1	-0.1	21.6	-17.8
28/10/2024 03:10	1066	22	-6.8	21.7	-10.9	22.1	-0.1	21.6	-17.9
28/10/2024 03:15	1067	21.9	-6.9	21.7	-10.9	22	-0.1	21.5	-17.9
28/10/2024 03:20	1068	21.9	-6.9	21.7	-10.9	22	-0.1	21.5	-18
28/10/2024 03:25	1069	21.9	-6.9	21.6	-11	22	-0.1	21.5	-18.1
28/10/2024 03:30	1070	21.8	-6.9	21.6	-11	21.9	-0.2	21.4	-18.1
28/10/2024 03:35	1071	21.8	-7	21.6	-11	21.9	-0.2	21.4	-18.1
28/10/2024 03:40	1072	21.8	-7	21.5	-11	21.8	-0.2	21.4	-18.1
28/10/2024 03:45	1073	21.7	-7	21.5	-11.1	21.8	-0.2	21.3	-18.2
28/10/2024 03:50	1074	21.7	-7	21.5	-11.1	21.8	-0.2	21.3	-18.2
28/10/2024 03:55	1075	21.7	-7	21.4	-11.1	21.7	-0.2	21.3	-18.3
28/10/2024 04:00	1076	21.6	-7	21.4	-11.1	21.7	-0.2	21.2	-18.4
28/10/2024 04:05	1077	21.6	-7	21.3	-11.1	21.7	-0.2	21.2	-18.3
28/10/2024 04:10	1078	21.6	-7.1	21.3	-11.2	21.6	-0.2	21.2	-18.4
28/10/2024 04:15	1079	21.5	-7.1	21.3	-11.2	21.6	-0.2	21.1	-18.5
28/10/2024 04:20	1080	21.5	-7.1	21.3	-11.2	21.6	-0.2	21.1	-18.5
28/10/2024 04:25	1081	21.5	-7.1	21.2	-11.2	21.5	-0.2	21.1	-18.6
28/10/2024 04:30	1082	21.5	-7.1	21.2	-11.3	21.5	-0.2	21	-18.6
28/10/2024 04:35	1083	21.4	-7.2	21.2	-11.2	21.5	-0.2	21	-18.6
28/10/2024 04:40	1084	21.4	-7.2	21.1	-11.3	21.4	-0.2	21	-18.6
28/10/2024 04:45	1085	21.4	-7.2	21.1	-11.3	21.4	-0.2	20.9	-18.7
28/10/2024 04:50	1086	21.3	-7.2	21.1	-11.3	21.4	-0.2	20.9	-18.7
28/10/2024 04:55	1087	21.3	-7.2	21.1	-11.3	21.3	-0.2	20.9	-18.8
28/10/2024 05:00	1088	21.3	-7.3	21	-11.3	21.3	-0.2	20.9	-18.8
28/10/2024 05:05	1089	21.3	-7.3	21	-11.4	21.3	-0.2	20.8	-18.8
28/10/2024 05:10	1090	21.2	-7.3	21	-11.4	21.3	-0.2	20.8	-18.8
28/10/2024 05:15	1091	21.2	-7.3	21	-11.4	21.2	-0.2	20.8	-18.9
28/10/2024 05:20	1092	21.2	-7.3	21	-11.4	21.2	-0.2	20.8	-19
28/10/2024 05:25	1093	21.2	-7.3	20.9	-11.4	21.2	-0.2	20.7	-19
28/10/2024 05:30	1094	21.1	-7.4	20.9	-11.5	21.1	-0.2	20.7	-19
28/10/2024 05:35	1095	21.1	-7.4	20.9	-11.5	21.1	-0.2	20.7	-19
28/10/2024 05:40	1096	21.1	-7.4	20.9	-11.5	21.1	-0.2	20.7	-19
28/10/2024 05:45	1097	21.1	-7.4	20.8	-11.5	21.1	-0.2	20.7	-19.1
28/10/2024 05:50	1098	21	-7.4	20.8	-11.5	21	-0.2	20.6	-19.2
28/10/2024 05:55	1099	21	-7.5	20.8	-11.6	21	-0.2	20.6	-19.2
28/10/2024 06:00	1100	21	-7.5	20.8	-11.6	21	-0.2	20.6	-19.2
28/10/2024 06:05	1101	21	-7.5	20.8	-11.6	21	-0.2	20.6	-19.2
28/10/2024 06:10	1102	21	-7.5	20.7	-11.6	20.9	-0.2	20.5	-19.2
28/10/2024 06:15	1103	20.9	-7.5	20.7	-11.7	20.9	-0.2	20.5	-19.2
28/10/2024 06:20	1104	20.9	-7.5	20.7	-11.7	20.9	-0.2	20.5	-19.3
28/10/2024 06:25	1105	20.9	-7.5	20.6	-11.7	20.9	-0.2	20.5	-19.3
28/10/2024 06:30	1106	20.9	-7.6	20.6	-11.7	20.8	-0.2	20.4	-19.4
28/10/2024 06:35	1107	20.8	-7.6	20.6	-11.7	20.8	-0.2	20.4	-19.5
28/10/2024 06:40	1108	20.8	-7.6	20.5	-11.7	20.8	-0.2	20.4	-19.5
28/10/2024 06:45	1109	20.8	-7.6	20.5	-11.7	20.8	-0.2	20.4	-19.5
28/10/2024 06:50	1110	20.8	-7.6	20.5	-11.8	20.7	-0.2	20.3	-19.5
28/10/2024 06:55	1111	20.7	-7.7	20.5	-11.8	20.7	-0.2	20.3	-19.6
28/10/2024 07:00	1112	20.7	-7.7	20.4	-11.8	20.7	-0.2	20.3	-19.6
28/10/2024 07:05	1113	20.7	-7.7	20.4	-11.8	20.7	-0.2	20.3	-19.7
28/10/2024 07:10	1114	20.7	-7.7	20.4	-11.8	20.7	-0.2	20.2	-19.7
28/10/2024 07:15	1115	20.6	-7.7	20.4	-11.9	20.6	-0.2	20.2	-19.7
28/10/2024 07:20	1116	20.6	-7.8	20.4	-11.9	20.6	-0.2	20.2	-19.7
28/10/2024 07:25	1117	20.6	-7.8	20.3	-11.9	20.6	-0.2	20.2	-19.8
28/10/2024 07:30	1118	20.6	-7.8	20.3	-11.9	20.6	-0.2	20.1	-19.8
28/10/2024 07:35	1119	20.5	-7.8	20.3	-11.9	20.5	-0.2	20.1	-19.9
28/10/2024 07:40	1120	20.5	-7.8	20.3	-11.9	20.5	-0.2	20.1	-20
28/10/2024 07:45	1121	20.5	-7.9	20.3	-12	20.5	-0.2	20.1	-19.9
28/10/2024 07:50	1122	20.5	-7.9	20.2	-12	20.5	-0.2	20.1	-19.9
28/10/2024 07:55	1123	20.4	-7.9	20.2	-12	20.4	-0.2	20	-19.9
28/10/2024 08:00	1124	20.4	-7.9	20.2	-12	20.4	-0.2	20	-20
28/10/2024 08:05	1125	20.4	-7.9	20.3	-12	20.4	-0.2	20.1	-20
28/10/2024 08:10	1126	20.5	-7.9	20.3	-12.1	20.5	-0.2	20.1	-20
28/10/2024 08:15	1127	20.5	-8	20.3	-12	20.5	-0.2	20.1	-20.1
28/10/2024 08:20	1128	20.5	-8	20.4	-12.1	20.5	-0.3	20.2	-20.1
28/10/2024 08:25	1129	20.6	-8	20.4	-12.1	20.5	-0.3	20.2	-20.1
28/10/2024 08:30	1130	20.6	-8	20.5	-12.1	20.6	-0.3	20.2	-20.1
28/10/2024 08:35	1131	20.7	-8	20.5	-12.2	20.6	-0.3	20.3	-20.2
28/10/2024 08:40	1132	20.7	-8	20.6	-12.2	20.6	-0.3	20.3	-20.2
28/10/2024 08:45	1133	20.8	-8	20.6	-12.2	20.7	-0.3	20.4	-20.1
28/10/2024 08:50	1134	20.8	-8	20.7	-12.2	20.7	-0.3	20.5	-20.2
28/10/2024 08:55	1135	20.9	-8	20.7	-12.2	20.8	-0.3	20.5	-20.2
28/10/2024 09:00	1136	20.9	-8	20.8	-12.2	20.8	-0.3	20.6	-20.2
28/10/2024 09:05	1137	21	-8	20.9	-12.3	20.9	-0.3	20.6	-20.2
28/10/2024 09:10	1138	21.1	-8.1	20.9	-12.3	20.9	-0.3	20.7	-20.2
28/10/2024 09:15	1139	21.2	-8.1	21	-12.3	21	-0.3	20.8	-20.2
28/10/2024 09:20	1140	21.2	-8.1	21	-12.3	21	-0.3	20.9	-20.2
28/10/2024 09:25	1141	21.3	-8.1	21.1	-12.4	21.1	-0.3	20.9	-20.2
28/10/2024 09:30	1142	21.4	-8.1	21.2	-12.4	21.1	-0.3	21	-20.2
28/10/2024 09:35	1143	21.5	-8.1	21.4	0	21.2	-0.3	21.1	-0.2
28/10/2024 09:40	1144	21.5	-8.1	21.4	0	21.2	-0.3	21.1	-0.2
28/10/2024 09:45	1145	21.6	-8.2	21.4	0	21.2	-0.3	21.2	-0.2
28/10/2024 09:50	1146	21.7	-8.2	21.4	0	21.3	-0.3	21.2	-0.2
28/10/2024 09:55	1147	21.7	-8.2	21.5	0	21.4	-0.3	21.3	-0.2
28/10/2024 10:00	1148	21.8	-8.2	21.5	0	21.4	-0.3	21.3	-0.2
28/10/2024 10:05	1149	21.9	-8.2	21.6	0	21.5	-0.3	21.4	-0.2
28/10/2024 10:10	1150	22	-8.2	21.7	0	21.6	-0.4	21.5	-0.2
28/10/2024 10:15	1151	22	-8.2	21.7	0	21.7	-0.4	21.5	-0.2
28/10/2024 10:20	1152	22.1	-8.2	21.8	0	21.7	-0.4	21.6	-0.2
28/10/2024 10:25	1153	22.2	-8.3	21.8	0	21.8	-0.4	21.7	-0.2
28/10/2024 10:30	1154	22.3	-8.3	21.9	0	21.9	-0.4	21.7	-0.2
28/10/2024 10:35	1155	22.4	-8.3	22	0	21.9	-0.4	21.8	-0.2
28/10/2024 10:40	1156	22.5	-8.3	22	0	22	-0.4	21.8	-0.2
28/10/2024 10:45	1157	22.6	-8.3	22.1	0	22.1	-0.4	21.9	-0.2
28/10/2024 10:50	1158	22.7	-8.3	22.2	0	22.2	-0.4	22	-0.2
28/10/2024 10:55	1159	22.8	-8.3	22.2	0	22.3	-0.4	22.1	-0.2
28/10/2024 11:00	1160	22.9	-8.3	22.3	0	22.4	-0.4	22.1	-0.2
28/10/2024 11:05	1161	22.9	-8.4	22.4	0	22.4	-0.4	22.2	-0.2
28/10/2024 11:10	1162	23	-8.4	22.5	0	22.5	-0.4	22.3	-0.2
28/10/2024 11:15	1163	23.1	-8.4	22.6	0	22.6	-0.5	22.4	-0.2
28/10/2024 11:20	1164	23.2	-8.4	22.7	0	22.7	-0.5	22.5	-0.2
28/10/2024 11:25	1165	23.4	-8.4	22.8	0	22.8	-0.5	22.6	-0.2
28/10/2024 11:30	1166	23.5	-8.4	22.9	0	22.9	-0.5	22.7	-0.2
28/10/2024 11:35	1167	23.6	-8.4	23	0	23	-0.5	22.8	-0.2
28/10/2024 11:40	1168	23.8	-8.4	23.1	0	23.1	-0.5	22.9	-0.2
28/10/2024 11:45	1169	23.9	-8.4	23.3	0	23.3	-0.5	23	-0.2
28/10/2024 11:50	1170	24.1	-8.4	23.4	0	23.4	-0.5	23.1	-0.2
28/10/2024 11:55	1171	24.2	-8.4	23.5	0	23.5	-0.5	23.3	-0.2
28/10/2024 12:00	1172	24.4	-8.4	23.7	0	23.7	-0.6	23.4	-0.2
28/10/2024 12:05	1173	24.5	-8.5	23.8	0	23.8	-0.6	23.6	-0.2
28/10/2024 12:10	1174	24.7	-8.5	24	0	23.9	-0.6	23.7	-0.2
28/10/2024 12:15	1175	24.8	-8.5	24.1	0	24.1	-0.6	23.9	-0.2
28/10/2024 12:20	1176	25	-8.5	24.2	0	24.2	-0.6	24	-0.2
28/10/2024 12:25	1177	25.1	-8.5	24.4	0	24.3	-0.6	24.2	-0.2
28/10/2024 12:30	1178	25.2	-8.5	24.5	0	24.5	-0.6	24.3	-0.2
28/10/2024 12:35	1179	25.4	-8.5	24.6	0	24.6	-0.7	24.4	-0.2
28/10/2024 12:40	1180	25.5	-8.5	24.7	0	24.7	-0.7	24.5	-0.2
28/10/2024 12:45	1181	25.6	-8.6	24.8	0	24.8	-0.7	24.7	-0.2
28/10/2024 12:50	1182	25.7	-8.6	24.9	0	24.9	-0.7	24.8	-0.2
28/10/2024 12:55	1183	25.8	-8.6	25	0	25	-0.7	24.9	-0.2
28/10/2024 13:00	1184	25.9	-8.7	25.1	0	25.1	-0.7	25	-0.2
28/10/2024 13:05	1185	26	-8.7	25.2	0	25.2	-0.8	25.1	-0.2
28/10/2024 13:10	1186	26.1	-8.7	25.3	0	25.3	-0.8	25.2	-0.2
28/10/2024 13:15	1187	26.2	-8.7	25.4	0	25.4	-0.8	25.3	-0.2
28/10/2024 13:20	1188	26.3	-8.8	25.5	0	25.6	-0.8	25.4	-0.2
28/10/2024 13:25	1189	26.4	-8.8	25.6	0	25.6	-0.9	25.5	-0.2
28/10/2024 13:30	1190	26.5	-8.8	25.7	0	25.7	-0.9	25.6	-0.2
28/10/2024 13:35	1191	26.5	-8.8	25.7	0	25.8	-0.9	25.7	-0.2
28/10/2024 13:40	1192	26.6	-8.9	25.8	0	25.9	-1	25.8	-0.2
28/10/2024 13:45	1193	26.7	-8.9	25.9	0	26	-1	25.8	-0.2
28/10/2024 13:50	1194	26.8	-8.9	25.9	0	26.1	-1	25.9	-0.2
28/10/2024 13:55	1195	26.8	-9	26	0	26.1	-1	26	-0.2
28/10/2024 14:00	1196	26.9	-9	26.1	0	26.2	-1.1	26.1	-0.2
28/10/2024 14:05	1197	26.9	-9	26.1	0	26.3	-1.2	26.1	-0.2
28/10/2024 14:10	1198	27	-9.1	26.2	0	26.3	-1.2	26.2	-0.2
28/10/2024 14:15	1199	27	-9.1	26.2	0	26.4	-1.3	26.3	-0.2
28/10/2024 14:20	1200	27.1	-9.2	26.3	0	26.5	-1.3	26.3	-0.2
28/10/2024 14:25	1201	27.1	-9.2	26.3	0	26.5	-1.4	26.4	-0.2
28/10/2024 14:30	1202	27.2	-9.2	26.4	0	26.6	-1.4	26.5	-0.2
28/10/2024 14:35	1203	27.2	-9.3	26.5	0	26.6	-1.5	26.5	-0.2
28/10/2024 14:40	1204	27.3	-9.3	26.5	0	26.7	-1.5	26.6	-0.3
28/10/2024 14:45	1205	27.3	-9.4	26.5	0	26.7	-1.6	26.6	-0.3
28/10/2024 14:50	1206	27.3	-9.5	26.6	0	26.8	-1.7	26.7	-0.3
28/10/2024 14:55	1207	27.3	-9.5	26.6	0	26.8	-1.8	26.7	-0.3
28/10/2024 15:00	1208	27.4	-9.6	26.7	0	26.9	-1.9	26.7	-0.3
28/10/2024 15:05	1209	27.4	-9.6	26.7	0	26.9	-1.9	26.8	-0.3
28/10/2024 15:10	1210	27.4	-9.7	26.7	0	26.9	-2.1	26.8	-0.3
28/10/2024 15:15	1211	27.4	-9.7	26.7	0	26.9	-2.2	26.8	-0.3
28/10/2024 15:20	1212	27.4	-9.8	26.7	0	26.9	-2.3	26.8	-0.3
28/10/2024 15:25	1213	27.4	-9.8	26.7	0	26.9	-2.4	26.8	-0.3
28/10/2024 15:30	1214	27.3	-9.9	26.7	0	26.9	-2.6	26.8	-0.3
28/10/2024 15:35	1215	27.3	-10	26.7	0	26.9	-2.7	26.8	-0.3
28/10/2024 15:40	1216	27.3	-10	26.6	0	26.9	-2.9	26.8	-0.3
28/10/2024 15:45	1217	27.3	-10.1	26.6	0	26.9	-3	26.8	-0.3
28/10/2024 15:50	1218	27.2	-10.2	26.6	0	26.9	-3.1	26.8	-0.3
28/10/2024 15:55	1219	27.2	-10.2	26.6	0	26.8	-3.4	26.7	-0.3
28/10/2024 16:00	1220	27.2	-10.3	26.6	0	26.8	-3.6	26.7	-0.3
28/10/2024 16:05	1221	27.1	-10.3	26.5	0	26.8	-3.9	26.7	-0.3
28/10/2024 16:10	1222	27.1	-10.4	26.5	0	26.8	-4	26.7	-0.3
28/10/2024 16:15	1223	27.1	-10.5	26.5	0	26.8	-4.3	26.7	-0.4
28/10/2024 16:20	1224	27	-10.5	26.5	0	26.8	-4.7	26.6	-0.4
28/10/2024 16:25	1225	27	-10.6	26.5	0	26.8	-4.8	26.6	-0.4
28/10/2024 16:30	1226	27	-10.6	26.5	0	26.7	-5.1	26.6	-0.4
28/10/2024 16:35	1227	27	-10.7	26.4	0	26.7	-5.2	26.6	-0.4
28/10/2024 16:40	1228	26.9	-10.8	26.4	0	26.7	-5.3	26.5	-0.4
28/10/2024 16:45	1229	26.9	-10.8	26.4	0	26.7	-5.3	26.5	-0.5
28/10/2024 16:50	1230	26.9	-10.9	26.3	0	26.7	-5.5	26.5	-0.5
28/10/2024 16:55	1231	26.8	-10.9	26.2	0	26.6	-5.6	26.4	-0.5
28/10/2024 17:00	1232	26.7	-11	26	0	26.5	-5.7	26.3	-0.5
28/10/2024 17:05	1233	26.7	-11.1	25.8	0	26.4	-5.8	26.1	-0.5
28/10/2024 17:10	1234	26.6	-11.2	25.6	0	26.3	-5.9	26	-0.5
28/10/2024 17:15	1235	26.5	-11.2	25.6	0	26.2	-6	25.8	-0.5
28/10/2024 17:20	1236	26.4	-11.4	25.6	0	26.2	-6.1	25.8	-0.5
28/10/2024 17:25	1237	26.4	-11.4	25.6	0	26.2	-6.3	25.7	-0.5
28/10/2024 17:30	1238	26.3	-11.5	25.6	0	26.1	-6.5	25.6	-0.4
28/10/2024 17:35	1239	26.3	-11.6	25.5	0	26.1	-6.6	25.6	-0.4
28/10/2024 17:40	1240	26.2	-11.6	25.5	0	26.1	-6.7	25.6	-0.4
28/10/2024 17:45	1241	26.2	-11.7	25.5	0	26	-6.8	25.5	-0.4
28/10/2024 17:50	1242	26.2	-11.7	25.5	0	26	-7	25.5	-0.4
28/10/2024 17:55	1243	26.1	-11.8	25.5	0	26	-7.1	25.5	-0.4
28/10/2024 18:00	1244	26.1	-11.9	25.5	0	25.9	-7.2	25.4	-0.4
28/10/2024 18:05	1245	26	-11.9	25.4	0	25.9	-7.4	25.4	-0.4
28/10/2024 18:10	1246	26	-12	25.4	0	25.9	-7.6	25.4	-0.4
28/10/2024 18:15	1247	25.9	-12.1	25.4	0	25.8	-7.6	25.4	-0.4
28/10/2024 18:20	1248	25.9	-12.2	25.3	0	25.8	-7.8	25.3	-0.4
28/10/2024 18:25	1249	25.8	-12.3	25.3	0	25.7	-8	25.3	-0.4
28/10/2024 18:30	1250	25.8	-12.3	25.2	0	25.7	-8.1	25.2	-0.4
28/10/2024 18:35	1251	25.8	-12.4	25.2	0	25.7	-8.2	25.2	-0.4
28/10/2024 18:40	1252	25.7	-12.5	25.2	0	25.6	-8.4	25.2	-0.4
28/10/2024 18:45	1253	25.7	-12.5	25.2	0	25.6	-8.6	25.1	-0.4
28/10/2024 18:50	1254	25.6	-12.6	25.1	0	25.6	-8.7	25.1	-0.4
28/10/2024 18:55	1255	25.6	-12.7	25.1	0	25.5	-8.9	25.1	-0.4
28/10/2024 19:00	1256	25.6	-12.8	25.1	0	25.5	-9	25	-0.4
28/10/2024 19:05	1257	25.5	-12.8	25	0	25.5	-9.2	25	-0.4
28/10/2024 19:10	1258	25.5	-12.9	25	0	25.4	-9.4	25	-0.4
28/10/2024 19:15	1259	25.4	-13	25	0	25.4	-9.5	25	-0.4
28/10/2024 19:20	1260	25.4	-13	25	0	25.4	-9.7	24.9	-0.4
28/10/2024 19:25	1261	25.4	-13.1	24.9	0	25.3	-10	24.9	-0.4
28/10/2024 19:30	1262	25.3	-13.2	24.9	0	25.3	-10	24.9	-0.4
28/10/2024 19:35	1263	25.2	-13.3	24.8	0	25.2	-10.1	24.8	-0.4
28/10/2024 19:40	1264	25.2	-13.3	24.8	0	25.2	-10.1	24.8	-0.4
28/10/2024 19:45	1265	25.1	-13.4	24.8	0	25.1	-10.2	24.8	-0.4
28/10/2024 19:50	1266	25.1	-13.6	24.7	0	25.1	-10.2	24.7	-0.4
28/10/2024 19:55	1267	25	-13.6	24.7	0	25.1	-10.3	24.7	-0.4
28/10/2024 20:00	1268	25	-13.6	24.6	0	25	-10.3	24.6	-0.4
28/10/2024 20:05	1269	25	-13.7	24.6	0	25	-10.4	24.6	-0.4
28/10/2024 20:10	1270	25	-13.8	24.6	0	25	-10.4	24.6	-0.4
28/10/2024 20:15	1271	24.9	-13.9	24.5	0	24.9	-10.5	24.5	-0.4
28/10/2024 20:20	1272	24.9	-13.9	24.5	0	24.9	-10.5	24.5	-0.4
28/10/2024 20:25	1273	24.8	-14	24.5	0	24.9	-10.6	24.5	-0.4
28/10/2024 20:30	1274	24.8	-14.1	24.4	0	24.8	-10.6	24.4	-0.4
28/10/2024 20:35	1275	24.8	-14.2	24.4	0	24.8	-10.7	24.4	-0.4
28/10/2024 20:40	1276	24.7	-14.3	24.3	0	24.7	-10.7	24.3	-0.4
28/10/2024 20:45	1277	24.7	-14.3	24.3	0	24.7	-10.8	24.3	-0.4
28/10/2024 20:50	1278	24.7	-14.4	24.3	0	24.7	-10.8	24.3	-0.4
28/10/2024 20:55	1279	24.6	-14.5	24.2	0	24.6	-10.9	24.2	-0.4
28/10/2024 21:00	1280	24.6	-14.6	24.2	0	24.6	-11	24.2	-0.5
28/10/2024 21:05	1281	24.6	-14.6	24.2	0	24.6	-11	24.1	-0.5
28/10/2024 21:10	1282	24.5	-14.7	24.1	0	24.5	-11	24.1	-0.5
28/10/2024 21:15	1283	24.5	-14.8	24.1	0	24.5	-11.1	24.1	-0.5
28/10/2024 21:20	1284	24.5	-14.9	24.1	0	24.5	-11.2	24	-0.5
28/10/2024 21:25	1285	24.5	-14.9	24	0	24.4	-11.2	24	-0.5
28/10/2024 21:30	1286	24.4	-15	24	0	24.4	-11.2	23.9	-0.5
28/10/2024 21:35	1287	24.4	-15.1	23.9	0	24.4	-11.3	23.9	-0.5
28/10/2024 21:40	1288	24.3	-15.2	23.9	0	24.3	-11.3	23.9	-0.5
28/10/2024 21:45	1289	24.3	-15.2	23.9	0	24.3	-11.4	23.8	-0.5
28/10/2024 21:50	1290	24.3	-15.3	23.9	0	24.3	-11.4	23.8	-0.5
28/10/2024 21:55	1291	24.3	-15.4	23.8	0	24.3	-11.5	23.8	-0.5
28/10/2024 22:00	1292	24.3	-15.5	23.8	0	24.3	-11.6	23.8	-0.5
28/10/2024 22:05	1293	24.3	-15.6	23.8	0	24.3	-11.6	23.7	-0.5
28/10/2024 22:10	1294	24.3	-15.6	23.8	0	24.3	-11.7	23.7	-0.6
28/10/2024 22:15	1295	24.3	-15.7	23.8	0	24.3	-11.7	23.7	-0.6
28/10/2024 22:20	1296	24.3	-15.7	23.8	0	24.3	-11.8	23.7	-0.6
28/10/2024 22:25	1297	24.3	-15.8	23.8	0	24.3	-11.8	23.7	-0.6
28/10/2024 22:30	1298	24.3	-15.9	23.8	0	24.3	-11.9	23.7	-0.6
28/10/2024 22:35	1299	24.3	-16	23.8	0	24.3	-11.9	23.7	-0.6
28/10/2024 22:40	1300	24.3	-16.1	23.8	0	24.3	-12	23.7	-0.6
28/10/2024 22:45	1301	24.3	-16.1	23.8	0	24.3	-12	23.7	-0.6
28/10/2024 22:50	1302	24.3	-16.2	23.8	0	24.3	-12.1	23.7	-0.7
28/10/2024 22:55	1303	24.3	-16.2	23.8	0	24.3	-12.1	23.6	-0.7
28/10/2024 23:00	1304	24.3	-16.4	23.8	0	24.3	-12.2	23.6	-0.7
28/10/2024 23:05	1305	24.3	-16.4	23.8	0	24.3	-12.2	23.6	-0.7
28/10/2024 23:10	1306	24.3	-16.5	23.8	0	24.2	-12.3	23.6	-0.7
28/10/2024 23:15	1307	24.3	-16.6	23.8	0	24.2	-12.3	23.6	-0.8
28/10/2024 23:20	1308	24.3	-16.6	23.8	0	24.2	-12.3	23.6	-0.8
28/10/2024 23:25	1309	24.3	-16.7	23.8	0	24.3	-12.4	23.6	-0.8
28/10/2024 23:30	1310	24.3	-16.8	23.8	0	24.3	-12.5	23.6	-0.8
28/10/2024 23:35	1311	24.3	-16.8	23.8	0	24.3	-12.5	23.6	-0.9
28/10/2024 23:40	1312	24.3	-16.9	23.8	0	24.3	-12.6	23.6	-0.9
28/10/2024 23:45	1313	24.3	-17	23.8	0	24.3	-12.6	23.6	-0.9
28/10/2024 23:50	1314	24.3	-17.1	23.8	0	24.3	-12.7	23.6	-0.9
28/10/2024 23:55	1315	24.3	-17.1	23.7	0	24.3	-12.8	23.5	-1
29/10/2024 00:00	1316	24.3	-17.2	23.7	0	24.2	-12.8	23.5	-1
29/10/2024 00:05	1317	24.3	-17.4	23.7	0	24.2	-12.9	23.5	-1
29/10/2024 00:10	1318	24.2	-17.4	23.6	0	24.2	-12.9	23.5	-1
29/10/2024 00:15	1319	24.2	-17.5	23.6	0	24.1	-13	23.4	-1.1
29/10/2024 00:20	1320	24.1	-17.6	23.5	0	24.1	-13	23.4	-1.1
29/10/2024 00:25	1321	24.1	-17.6	23.5	0	24	-13.1	23.4	-1.1
29/10/2024 00:30	1322	24	-17.7	23.4	0	24	-13.1	23.3	-1.1
29/10/2024 00:35	1323	23.9	-17.8	23.4	0	23.9	-13.2	23.3	-1.2
29/10/2024 00:40	1324	23.9	-18	23.4	0	23.9	-13.2	23.2	-1.2
29/10/2024 00:45	1325	23.8	-18	23.3	0	23.8	-13.3	23.2	-1.2
29/10/2024 00:50	1326	23.7	-18.2	23.3	0	23.8	-13.3	23.1	-1.2
29/10/2024 00:55	1327	23.7	-18.2	23.2	0	23.7	-13.4	23.1	-1.2
29/10/2024 01:00	1328	23.6	-18.3	23.1	0	23.7	-13.4	23	-1.3
29/10/2024 01:05	1329	23.5	-18.4	23	0	23.6	-13.5	23	-1.3
29/10/2024 01:10	1330	23.5	-18.5	23	0	23.5	-13.5	22.9	-1.3
29/10/2024 01:15	1331	23.4	-18.6	22.9	0	23.5	-13.6	22.8	-1.3
29/10/2024 01:20	1332	23.3	-18.6	22.8	0	23.4	-13.6	22.7	-1.4
29/10/2024 01:25	1333	23.2	-18.8	22.8	0	23.3	-13.7	22.7	-1.4
29/10/2024 01:30	1334	23.1	-18.8	22.7	0	23.2	-13.7	22.6	-1.4
29/10/2024 01:35	1335	23.1	-18.9	22.6	0	23.1	-13.8	22.5	-1.5
29/10/2024 01:40	1336	23	-19	22.5	0	23.1	-13.8	22.5	-1.5
29/10/2024 01:45	1337	22.9	-19.1	22.5	0	23	-13.9	22.4	-1.5
29/10/2024 01:50	1338	22.8	-19.3	22.4	0	22.9	-13.9	22.3	-1.6
29/10/2024 01:55	1339	22.7	-19.3	22.3	0	22.8	-14	22.2	-1.6
29/10/2024 02:00	1340	22.7	-19.4	22.2	0	22.8	-14.1	22.2	-1.6
29/10/2024 02:05	1341	22.6	-19.5	22.2	0	22.7	-14.1	22.1	-1.6
29/10/2024 02:10	1342	22.5	-19.6	22.1	0	22.6	-14.1	22	-1.7
29/10/2024 02:15	1343	22.4	-19.7	22.1	0	22.5	-14.2	22	-1.7
29/10/2024 02:20	1344	22.3	-19.7	22	0	22.5	-14.2	21.9	-1.7
29/10/2024 02:25	1345	22.3	-19.8	21.9	0	22.4	-14.3	21.8	-1.7
29/10/2024 02:30	1346	22.2	-20	21.9	0	22.3	-14.3	21.8	-1.8
29/10/2024 02:35	1347	22.1	-20	21.8	0	22.2	-14.4	21.7	-1.8
29/10/2024 02:40	1348	22	-20.1	21.7	0	22.2	-14.5	21.7	-1.9
29/10/2024 02:45	1349	22	-20.2	21.7	0	22.1	-14.5	21.6	-1.9
29/10/2024 02:50	1350	21.9	-20.2	21.7	0	22.1	-14.6	21.5	-1.9
29/10/2024 02:55	1351	21.9	-20.3	21.6	0	22	-14.6	21.5	-1.9
29/10/2024 03:00	1352	21.8	-20.4	21.5	0	21.9	-14.6	21.4	-2
29/10/2024 03:05	1353	21.7	-20.5	21.5	0	21.9	-14.7	21.3	-2
29/10/2024 03:10	1354	21.7	-20.6	21.4	0	21.8	-14.7	21.3	-2
29/10/2024 03:15	1355	21.7	-20.6	21.4	0	21.8	-14.8	21.2	-2.1
29/10/2024 03:20	1356	21.6	-20.6	21.3	0	21.7	-14.8	21.2	-2.2
29/10/2024 03:25	1357	21.5	-20.7	21.2	0	21.7	-14.8	21.1	-2.2
29/10/2024 03:30	1358	21.5	-20.8	21.2	0	21.6	-14.9	21.1	-2.2
29/10/2024 03:35	1359	21.4	-20.8	21.1	0	21.6	-14.9	21	-2.3
29/10/2024 03:40	1360	21.4	-20.9	21.1	0	21.5	-15	21	-2.3
29/10/2024 03:45	1361	21.3	-21	21	0	21.5	-15.1	20.9	-2.3
29/10/2024 03:50	1362	21.3	-21.1	21	0	21.4	-15.1	20.9	-2.4
29/10/2024 03:55	1363	21.2	-21.1	21	0	21.4	-15.1	20.8	-2.4
29/10/2024 04:00	1364	21.2	-21.2	20.9	0	21.3	-15.2	20.8	-2.5
29/10/2024 04:05	1365	21.2	-21.3	20.9	0	21.3	-15.2	20.7	-2.5
29/10/2024 04:10	1366	21.1	-21.3	20.8	0	21.2	-15.3	20.7	-2.5
29/10/2024 04:15	1367	21.1	-21.4	20.8	0	21.2	-15.3	20.7	-2.5
29/10/2024 04:20	1368	21	-21.5	20.8	0	21.1	-15.3	20.6	-2.6
29/10/2024 04:25	1369	21	-21.5	20.7	0	21.1	-15.4	20.6	-2.6
29/10/2024 04:30	1370	20.9	-21.6	20.7	0	21	-15.4	20.5	-2.7
29/10/2024 04:35	1371	20.9	-21.7	20.7	0	21	-15.5	20.5	-2.8
29/10/2024 04:40	1372	20.8	-21.7	20.6	0	20.9	-15.5	20.5	-2.8
29/10/2024 04:45	1373	20.8	-21.8	20.6	0	20.9	-15.6	20.4	-2.8
29/10/2024 04:50	1374	20.7	-21.9	20.5	0	20.8	-15.6	20.4	-2.8
29/10/2024 04:55	1375	20.7	-21.9	20.5	0	20.8	-15.6	20.3	-2.9
29/10/2024 05:00	1376	20.7	-22	20.4	0	20.7	-15.6	20.3	-2.9
29/10/2024 05:05	1377	20.6	-22	20.4	0	20.7	-15.7	20.2	-2.9
29/10/2024 05:10	1378	20.6	-22.1	20.4	0	20.7	-15.8	20.2	-3
29/10/2024 05:15	1379	20.6	-22.2	20.3	0	20.6	-15.8	20.1	-3.1
29/10/2024 05:20	1380	20.5	-22.2	20.3	0	20.6	-15.8	20.1	-3.1
29/10/2024 05:25	1381	20.5	-22.3	20.2	0	20.5	-15.9	20	-3.1
29/10/2024 05:30	1382	20.4	-22.4	20.2	0	20.5	-15.9	20	-3.2
29/10/2024 05:35	1383	20.4	-22.4	20.1	0	20.5	-15.9	20	-3.2
29/10/2024 05:40	1384	20.4	-22.4	20.1	0	20.4	-16	19.9	-3.3
29/10/2024 05:45	1385	20.3	-22.5	20.1	0	20.4	-16	19.9	-3.3
29/10/2024 05:50	1386	20.3	-22.6	20	0	20.3	-16.1	19.8	-3.4
29/10/2024 05:55	1387	20.3	-22.6	20	0	20.3	-16.1	19.8	-3.4
29/10/2024 06:00	1388	20.2	-22.7	19.9	0	20.3	-16.2	19.8	-3.4
29/10/2024 06:05	1389	20.2	-22.8	19.9	0	20.2	-16.2	19.7	-3.4
29/10/2024 06:10	1390	20.1	-22.8	19.9	0	20.2	-16.2	19.7	-3.5
29/10/2024 06:15	1391	20.1	-22.9	19.8	0	20.1	-16.2	19.7	-3.6
29/10/2024 06:20	1392	20.1	-22.9	19.8	0	20.1	-16.3	19.6	-3.6
29/10/2024 06:25	1393	20	-23	19.8	0	20.1	-16.4	19.6	-3.6
29/10/2024 06:30	1394	20	-23.1	19.7	0	20	-16.3	19.6	-3.7
29/10/2024 06:35	1395	20	-23.1	19.7	0	20	-16.4	19.5	-3.8
29/10/2024 06:40	1396	20	-23.2	19.7	0	20	-16.5	19.5	-3.8
29/10/2024 06:45	1397	19.9	-23.2	19.6	0	19.9	-16.5	19.5	-3.8
29/10/2024 06:50	1398	19.9	-23.3	19.6	0	19.9	-16.5	19.4	-3.9
29/10/2024 06:55	1399	19.9	-23.3	19.6	0	19.9	-16.5	19.4	-4
29/10/2024 07:00	1400	19.9	-23.4	19.6	0	19.9	-16.5	19.4	-4
29/10/2024 07:05	1401	19.8	-23.5	19.5	0	19.8	-16.6	19.4	-4
29/10/2024 07:10	1402	19.8	-23.4	19.5	0	19.8	-16.6	19.3	-4.2
29/10/2024 07:15	1403	19.8	-23.5	19.5	0	19.8	-16.7	19.3	-4.2
29/10/2024 07:20	1404	19.8	-23.5	19.5	0	19.7	-16.7	19.3	-4.3
29/10/2024 07:25	1405	19.7	-23.6	19.4	0	19.7	-16.7	19.3	-4.3
29/10/2024 07:30	1406	19.7	-23.7	19.4	0	19.7	-16.8	19.2	-4.3
29/10/2024 07:35	1407	19.7	-23.7	19.4	0	19.6	-16.8	19.2	-4.3
29/10/2024 07:40	1408	19.6	-23.7	19.4	0	19.6	-16.8	19.2	-4.4
29/10/2024 07:45	1409	19.6	-23.9	19.4	0	19.6	-16.9	19.2	-4.5
29/10/2024 07:50	1410	19.6	-23.9	19.3	0	19.5	-16.9	19.2	-4.5
29/10/2024 07:55	1411	19.5	-24	19.3	0	19.5	-16.9	19.1	-4.6
29/10/2024 08:00	1412	19.5	-24	19.3	0	19.5	-17	19.1	-4.7
29/10/2024 08:05	1413	19.5	-24	19.4	0	19.5	-17	19.1	-4.7
29/10/2024 08:10	1414	19.6	-24.1	19.4	0	19.5	-17.1	19.1	-4.8
29/10/2024 08:15	1415	19.6	-24.2	19.4	0	19.5	-17.1	19.2	-4.8
29/10/2024 08:20	1416	19.6	-24.2	19.4	0	19.6	-17.1	19.2	-5
29/10/2024 08:25	1417	19.7	-24.2	19.5	0	19.6	-17.2	19.2	-5
29/10/2024 08:30	1418	19.7	-24.2	19.5	0	19.6	-17.2	19.2	-5
29/10/2024 08:35	1419	19.7	-24.3	19.6	0	19.7	-17.2	19.3	-5.1
29/10/2024 08:40	1420	19.8	-24.3	19.6	0	19.7	-17.3	19.3	-5.1
29/10/2024 08:45	1421	19.8	-24.5	19.7	0	19.7	-17.3	19.4	-5.1
29/10/2024 08:50	1422	19.9	-24.4	19.7	0	19.8	-17.4	19.4	-5.2
29/10/2024 08:55	1423	20	-24.5	19.7	0	19.8	-17.4	19.5	-5.2
29/10/2024 09:00	1424	20	-24.5	19.8	0	19.9	-17.4	19.5	-5.2
29/10/2024 09:05	1425	20.1	-24.5	19.8	0	19.9	-17.4	19.6	-5.3
29/10/2024 09:10	1426	20.1	-24.5	19.9	0	20	-17.5	19.6	-5.3
29/10/2024 09:15	1427	20.2	-24.6	19.9	0	20	-17.6	19.7	-5.3
29/10/2024 09:20	1428	20.3	-24.6	20	0	20.1	-17.5	19.7	-5.3
29/10/2024 09:25	1429	20.4	-24.7	20	0	20.1	-17.6	19.8	-5.4
29/10/2024 09:30	1430	20.4	-24.7	20.1	0	20.2	-17.6	19.9	-5.4
29/10/2024 09:35	1431	20.5	-24.7	20.2	0	20.3	-17.7	19.9	-5.4
29/10/2024 09:40	1432	20.6	-24.8	20.3	0	20.3	-17.7	20	-5.5
29/10/2024 09:45	1433	20.7	-24.8	20.3	0	20.4	-17.7	20	-5.6
29/10/2024 09:50	1434	20.8	-24.9	20.4	0	20.5	-17.7	20.1	-5.7
29/10/2024 09:55	1435	20.9	-24.9	20.5	0	20.6	-17.8	20.2	-5.7
29/10/2024 10:00	1436	21	-25	20.6	0	20.7	-17.8	20.3	-5.7
29/10/2024 10:05	1437	21.1	-24.9	20.7	0	20.8	-17.8	20.4	-5.7
29/10/2024 10:10	1438	21.2	-24.9	20.8	0	20.9	-17.8	20.5	-5.8
29/10/2024 10:15	1439	21.4	-25	20.9	0	21	-17.9	20.6	-5.9
29/10/2024 10:20	1440	21.5	-25	21	0	21.1	-17.9	20.7	-5.9
29/10/2024 10:25	1441	21.6	-25	21.1	0	21.2	-18	20.8	-6
29/10/2024 10:30	1442	21.7	-25	21.2	0	21.3	-18	20.9	-6
29/10/2024 10:35	1443	21.8	-25	21.3	0	21.4	-18	21	-6.1
29/10/2024 10:40	1444	21.9	-25	21.4	0	21.5	-18	21.1	-6.1
29/10/2024 10:45	1445	22	-25	21.5	0	21.6	-18.1	21.2	-6.1
29/10/2024 10:50	1446	22.1	-25.1	21.5	0	21.6	-18.1	21.3	-6.2
29/10/2024 10:55	1447	22.2	-25.1	21.6	0	21.7	-18.1	21.4	-6.2
29/10/2024 11:00	1448	22.3	-25.2	21.7	0	21.8	-18.2	21.5	-6.3
29/10/2024 11:05	1449	22.4	-25.2	21.8	0	21.9	-18.2	21.5	-6.3
29/10/2024 11:10	1450	22.5	-25.3	21.9	0	22	-18.2	21.6	-6.4
29/10/2024 11:15	1451	22.6	-25.3	21.9	0	22.1	-18.3	21.7	-6.4
29/10/2024 11:20	1452	22.7	-25.3	22	0	22.1	-18.3	21.8	-6.5
29/10/2024 11:25	1453	22.8	-25.4	22.1	0	22.2	-18.3	21.9	-6.6
29/10/2024 11:30	1454	22.9	-25.4	22.2	0	22.3	-18.3	22	-6.6
29/10/2024 11:35	1455	23	-25.5	22.3	0	22.4	-18.4	22	-6.7
29/10/2024 11:40	1456	23.1	-25.5	22.4	0	22.5	-18.4	22.1	-6.8
29/10/2024 11:45	1457	23.2	-25.6	22.5	0	22.6	-18.4	22.2	-6.9
29/10/2024 11:50	1458	23.3	-25.5	22.6	0	22.7	-18.5	22.3	-6.9
29/10/2024 11:55	1459	23.4	-25.6	22.7	0	22.8	-18.5	22.4	-7
29/10/2024 12:00	1460	23.5	-25.6	22.7	0	22.9	-18.6	22.5	-7.1
29/10/2024 12:05	1461	23.6	-25.7	22.8	0	23	-18.6	22.6	-7.1
29/10/2024 12:10	1462	23.7	-25.8	22.9	0	23	-18.6	22.7	-7.3
29/10/2024 12:15	1463	23.8	-25.8	23	0	23.1	-18.6	22.8	-7.3
29/10/2024 12:20	1464	23.8	-25.8	23.1	0	23.2	-18.7	22.8	-7.4
29/10/2024 12:25	1465	23.9	-25.8	23.1	0	23.3	-18.8	22.9	-7.4
29/10/2024 12:30	1466	24	-26	23.2	0	23.4	-18.8	23	-7.6
29/10/2024 12:35	1467	24.1	-26	23.3	0	23.5	-18.8	23.1	-7.6
29/10/2024 12:40	1468	24.2	-26.1	23.4	0	23.6	-18.9	23.2	-7.7
29/10/2024 12:45	1469	24.3	-26.1	23.5	0	23.6	-18.9	23.3	-7.9
29/10/2024 12:50	1470	24.4	-26.1	23.6	0	23.7	-18.9	23.4	-7.9
29/10/2024 12:55	1471	24.5	-26.2	23.7	0	23.8	-19	23.5	-8
29/10/2024 13:00	1472	24.6	-26.3	23.8	0	23.9	-19	23.5	-8.1
29/10/2024 13:05	1473	24.7	-26.4	23.9	0	24	-19.1	23.6	-8.2
29/10/2024 13:10	1474	24.8	-26.3	24	0	24.1	-19.1	23.7	-8.3
29/10/2024 13:15	1475	24.9	-26.4	24.1	0	24.2	-19.2	23.8	-8.4
29/10/2024 13:20	1476	25	-26.5	24.2	0	24.3	-19.3	23.9	-8.6
29/10/2024 13:25	1477	25.1	-26.5	24.3	0	24.4	-19.2	24	-8.7
29/10/2024 13:30	1478	25.2	-26.6	24.4	0	24.5	-19.2	24.1	-8.8
29/10/2024 13:35	1479	25.3	-26.7	24.5	0	24.7	-19.3	24.3	-8.9
29/10/2024 13:40	1480	25.5	-26.7	24.6	-0.1	24.8	-19.4	24.4	-9
29/10/2024 13:45	1481	25.6	-26.7	24.8	-0.1	24.9	-19.4	24.5	-9.1
29/10/2024 13:50	1482	25.7	-26.7	24.9	-0.1	25	-19.4	24.6	-9.3
29/10/2024 13:55	1483	25.8	-26.7	24.9	-0.1	25	-19.5	24.7	-9.4
29/10/2024 14:00	1484	25.8	-26.8	24.9	-0.1	25.1	-19.6	24.8	-9.5
29/10/2024 14:05	1485	25.9	-26.9	24.9	-0.1	25.1	-19.6	24.8	-9.7
29/10/2024 14:10	1486	26	-27.1	25	-0.1	25.2	-19.6	24.9	-9.9
29/10/2024 14:15	1487	26.1	-27	25.1	-0.1	25.3	-19.7	25	-10
29/10/2024 14:20	1488	26.1	-27	25.2	-0.1	25.4	-19.8	25	-10
29/10/2024 14:25	1489	26.2	-27.7	25.3	-0.1	25.5	-19.8	25.1	-10.1
29/10/2024 14:30	1490	26.3	-27.8	25.4	-0.1	25.6	-19.8	25.2	-10.2
29/10/2024 14:35	1491	26.3	-27.9	25.4	-0.1	25.7	-20	25.2	-10.3
29/10/2024 14:40	1492	26.4	-28	25.5	-0.1	25.7	-20	25.3	-10.4
29/10/2024 14:45	1493	26.5	-28	25.6	-0.1	25.8	-19.9	25.4	-10.5
29/10/2024 14:50	1494	26.5	-28.1	25.6	-0.1	25.9	-20.1	25.4	-10.5
29/10/2024 14:55	1495	26.6	-28.2	25.7	-0.1	25.9	-20.1	25.5	-10.6
29/10/2024 15:00	1496	26.6	-28.4	25.7	-0.1	26	-20.1	25.6	-10.7
29/10/2024 15:05	1497	26.6	-28.3	25.8	-0.1	26	-20.3	25.6	-10.8
29/10/2024 15:10	1498	26.7	-28.5	25.8	-0.1	26.1	-20.3	25.7	-10.9
29/10/2024 15:15	1499	26.7	-28.6	25.9	-0.1	26.1	-20.3	25.7	-11
29/10/2024 15:20	1500	26.8	-28.8	25.9	-0.2	26.2	-20.4	25.7	-11.1
29/10/2024 15:25	1501	26.8	-28.8	25.9	-0.2	26.2	-20.5	25.7	-11.2
29/10/2024 15:30	1502	26.8	-29	25.9	-0.2	26.2	-20.5	25.7	-11.3
29/10/2024 15:35	1503	26.8	-29.1	25.9	-0.2	26.3	-20.6	25.8	-11.4
29/10/2024 15:40	1504	26.8	-29.2	26	-0.2	26.3	-20.7	25.8	-11.4
29/10/2024 15:45	1505	26.8	-29.4	26	-0.3	26.3	-20.7	25.8	-11.5
29/10/2024 15:50	1506	26.8	-29.5	26	-0.3	26.3	-20.8	25.8	-11.6
29/10/2024 15:55	1507	26.8	-29.5	25.9	-0.3	26.3	-20.9	25.8	-11.7
29/10/2024 16:00	1508	26.8	-29.8	25.9	-0.4	26.3	-20.9	25.7	-11.9
29/10/2024 16:05	1509	26.9	-29.8	25.9	-0.4	26.3	-21	25.7	-12
29/10/2024 16:10	1510	26.9	-30	26	-0.5	26.4	-21.1	25.7	-12.1
29/10/2024 16:15	1511	26.9	-30.1	25.9	0	26.4	-21.2	25.7	-6.6
29/10/2024 16:20	1512	26.9	-30.2	25.8	0	26.4	-21.3	25.6	-0.6
29/10/2024 16:25	1513	26.9	-30.4	25.8	0	26.4	-21.3	25.6	-0.4
29/10/2024 16:30	1514	26.9	-30.5	25.9	0	26.5	-21.4	25.6	-0.3
29/10/2024 16:35	1515	27	-30.7	25.9	0	26.5	-21.5	25.6	-0.2
29/10/2024 16:40	1516	27	-30.9	25.9	0	26.5	-21.5	25.7	-0.2
29/10/2024 16:45	1517	27	-31	25.9	0	26.5	-21.7	25.7	-0.2
29/10/2024 16:50	1518	27	-31.1	25.9	0	26.5	-21.7	25.7	-0.2
29/10/2024 16:55	1519	26.9	-31.3	25.9	-0.1	26.5	-21.9	25.7	-0.2
29/10/2024 17:00	1520	26.9	-31.3	25.9	-0.1	26.5	-21.9	25.7	-0.2
29/10/2024 17:05	1521	26.9	-31.6	25.9	-0.1	26.5	-21.9	25.6	-0.2
29/10/2024 17:10	1522	26.9	-31.7	25.9	-0.1	26.5	-22.1	25.6	-0.2
29/10/2024 17:15	1523	26.9	-31.9	25.9	-0.1	26.5	-22.2	25.6	-0.2
29/10/2024 17:20	1524	26.8	-32	25.9	-0.1	26.5	-22.3	25.6	-0.2
29/10/2024 17:25	1525	26.8	-32.3	25.9	-0.1	26.5	-22.4	25.6	-0.2
29/10/2024 17:30	1526	26.8	-32.4	25.9	-0.1	26.5	-22.4	25.6	-0.2
29/10/2024 17:35	1527	26.8	-32.5	25.9	-0.1	26.4	-22.5	25.6	-0.2
29/10/2024 17:40	1528	26.7	-32.7	25.9	-0.1	26.4	-22.6	25.6	-0.2
29/10/2024 17:45	1529	26.7	-32.9	25.9	-0.1	26.4	-22.7	25.6	-0.2
29/10/2024 17:50	1530	26.7	-33.1	25.8	-0.1	26.4	-22.8	25.5	-0.2
29/10/2024 17:55	1531	26.6	-33.2	25.8	-0.1	26.3	-22.8	25.5	-0.2
29/10/2024 18:00	1532	26.6	-33.5	25.8	-0.1	26.3	-23	25.5	-0.2
29/10/2024 18:05	1533	26.6	-33.7	25.8	-0.1	26.3	-23	25.5	-0.2
29/10/2024 18:10	1534	26.5	-34	25.7	-0.1	26.3	-23.2	25.4	-0.2
29/10/2024 18:15	1535	26.5	-34	25.7	-0.1	26.2	-23.3	25.4	-0.3
29/10/2024 18:20	1536	26.4	-34.3	25.7	-0.1	26.2	-23.3	25.4	-0.3
29/10/2024 18:25	1537	26.4	-34.4	25.6	-0.1	26.2	-23.5	25.4	-0.3
29/10/2024 18:30	1538	26.4	-34.7	25.6	-0.1	26.2	-23.5	25.3	-0.3
29/10/2024 18:35	1539	26.3	-34.9	25.6	-0.1	26.1	-23.7	25.3	-0.3
29/10/2024 18:40	1540	26.3	-34.9	25.6	-0.1	26.1	-23.7	25.3	-0.3
29/10/2024 18:45	1541	26.2	-35.2	25.5	-0.1	26.1	-23.8	25.2	-0.3
29/10/2024 18:50	1542	26.2	-35.5	25.5	-0.1	26	-24	25.2	-0.3
29/10/2024 18:55	1543	26.1	-35.7	25.5	-0.1	26	-24	25.2	-0.3
29/10/2024 19:00	1544	25.6	-0.2	25.4	-0.1	25.7	0	25.1	-0.3
29/10/2024 19:05	1545	25.4	-0.2	25.4	-0.1	25.1	-0.1	25.1	-0.3
29/10/2024 19:10	1546	25.4	-0.2	25.3	-0.1	25	-0.1	25	-0.3
29/10/2024 19:15	1547	25.4	-0.2	25.2	-0.1	24.9	-0.1	25	-0.3
29/10/2024 19:20	1548	25.4	-0.2	25.2	-0.1	24.9	-0.1	24.9	-0.3
29/10/2024 19:25	1549	25.4	-0.2	25.1	-0.1	25	-0.1	24.8	-0.3
29/10/2024 19:30	1550	25.4	-0.2	25.1	-0.1	25	-0.1	24.8	-0.3
29/10/2024 19:35	1551	25.4	-0.2	25.1	-0.1	25	-0.1	24.8	-0.3
29/10/2024 19:40	1552	25.3	-0.2	25.1	-0.1	25	-0.1	24.8	-0.4
29/10/2024 19:45	1553	25.3	-0.2	25.1	-0.1	25	-0.1	24.7	-0.4
29/10/2024 19:50	1554	25.3	-0.2	25.1	-0.1	25	-0.1	24.7	-0.4
29/10/2024 19:55	1555	25.3	-0.2	25	-0.1	25	-0.1	24.7	-0.4
29/10/2024 20:00	1556	25.3	-0.2	25	-0.1	25	-0.1	24.7	-0.4
29/10/2024 20:05	1557	25.3	-0.2	25	-0.1	25	-0.1	24.7	-0.4
29/10/2024 20:10	1558	25.3	-0.2	25	-0.1	25.1	-0.1	24.7	-0.4
29/10/2024 20:15	1559	25.3	-0.2	25	-0.1	25.1	-0.1	24.7	-0.4
29/10/2024 20:20	1560	25.3	-0.3	25	-0.1	25.1	-0.1	24.7	-0.5
29/10/2024 20:25	1561	25.3	-0.3	25	-0.1	25.1	-0.1	24.7	-0.5
29/10/2024 20:30	1562	25.3	-0.3	25	-0.1	25.1	-0.1	24.7	-0.5
29/10/2024 20:35	1563	25.3	-0.3	25	-0.1	25.1	-0.1	24.7	-0.5
29/10/2024 20:40	1564	25.3	-0.3	25	-0.1	25.1	-0.1	24.7	-0.6
29/10/2024 20:45	1565	25.3	-0.3	25	-0.1	25.2	-0.1	24.7	-0.6
29/10/2024 20:50	1566	25.3	-0.3	25	-0.1	25.2	-0.1	24.7	-0.6
29/10/2024 20:55	1567	25.3	-0.3	25	-0.1	25.2	-0.1	24.7	-0.6
29/10/2024 21:00	1568	25.3	-0.3	25	-0.1	25.2	-0.1	24.6	-0.7
29/10/2024 21:05	1569	25.4	-0.3	25	-0.1	25.2	-0.1	24.6	-0.7
29/10/2024 21:10	1570	25.4	-0.3	25	-0.1	25.2	-0.1	24.6	-0.7
29/10/2024 21:15	1571	25.4	-0.3	25	-0.1	25.2	-0.1	24.6	-0.8
29/10/2024 21:20	1572	25.4	-0.3	25	-0.1	25.2	-0.1	24.6	-0.8
29/10/2024 21:25	1573	25.4	-0.3	25	-0.1	25.2	-0.1	24.6	-0.9
29/10/2024 21:30	1574	25.4	-0.3	25	-0.1	25.3	-0.1	24.6	-0.9
29/10/2024 21:35	1575	25.4	-0.3	25	-0.1	25.3	-0.1	24.6	-1
29/10/2024 21:40	1576	25.4	-0.3	25	-0.1	25.3	-0.1	24.6	-1
29/10/2024 21:45	1577	25.4	-0.3	25	-0.1	25.3	-0.1	24.6	-1
29/10/2024 21:50	1578	25.4	-0.3	25	-0.1	25.3	-0.1	24.7	-1
29/10/2024 21:55	1579	25.4	-0.3	25	-0.1	25.3	-0.1	24.7	-1.1
29/10/2024 22:00	1580	25.4	-0.3	25	-0.1	25.3	-0.1	24.7	-1.1
29/10/2024 22:05	1581	25.4	-0.3	25	-0.1	25.3	-0.1	24.7	-1.2
29/10/2024 22:10	1582	25.5	-0.3	25	-0.1	25.3	-0.1	24.7	-1.2
29/10/2024 22:15	1583	25.5	-0.3	25	-0.1	25.3	-0.1	24.7	-1.3
29/10/2024 22:20	1584	25.5	-0.3	25	-0.1	25.4	-0.1	24.7	-1.3
29/10/2024 22:25	1585	25.5	-0.3	25	-0.1	25.4	-0.1	24.7	-1.4
29/10/2024 22:30	1586	25.5	-0.3	25	-0.1	25.4	-0.1	24.7	-1.5
29/10/2024 22:35	1587	25.5	-0.3	25	-0.1	25.4	-0.1	24.7	-1.6
29/10/2024 22:40	1588	25.5	-0.3	25	-0.1	25.4	-0.1	24.7	-1.6
29/10/2024 22:45	1589	25.5	-0.3	25	-0.1	25.4	-0.1	24.7	-1.7
29/10/2024 22:50	1590	25.5	-0.3	24.9	-0.1	25.4	-0.1	24.7	-1.7
29/10/2024 22:55	1591	25.5	-0.3	24.9	-0.1	25.4	-0.1	24.7	-1.8
29/10/2024 23:00	1592	25.5	-0.3	24.9	-0.1	25.4	-0.1	24.6	-1.9
29/10/2024 23:05	1593	25.5	-0.3	24.9	-0.1	25.4	-0.1	24.6	-2
29/10/2024 23:10	1594	25.4	-0.3	24.9	-0.1	25.4	-0.1	24.6	-2.1
29/10/2024 23:15	1595	25.4	-0.3	24.9	-0.1	25.4	-0.1	24.6	-2.1
29/10/2024 23:20	1596	25.4	-0.3	24.9	-0.1	25.4	-0.1	24.6	-2.2
29/10/2024 23:25	1597	25.4	-0.3	24.9	-0.1	25.4	-0.1	24.6	-2.3
29/10/2024 23:30	1598	25.4	-0.3	24.9	-0.1	25.4	-0.2	24.6	-2.5
29/10/2024 23:35	1599	25.5	-0.3	24.9	-0.1	25.4	-0.2	24.6	-2.5
29/10/2024 23:40	1600	25.5	-0.3	24.9	-0.1	25.4	-0.2	24.6	-2.6
29/10/2024 23:45	1601	25.5	-0.3	24.9	-0.1	25.4	-0.2	24.6	-2.7
29/10/2024 23:50	1602	25.5	-0.3	24.9	-0.1	25.4	-0.2	24.6	-2.9
29/10/2024 23:55	1603	25.4	-0.3	24.8	-0.1	25.4	-0.2	24.6	-3
30/10/2024 00:00	1604	25.4	-0.3	24.8	-0.1	25.3	-0.2	24.5	-3.1
30/10/2024 00:05	1605	25.4	-0.3	24.8	-0.1	25.3	-0.1	24.5	-3.2
30/10/2024 00:10	1606	25.3	-0.3	24.7	-0.1	25.2	-0.2	24.5	-3.3
30/10/2024 00:15	1607	25.2	-0.3	24.6	-0.1	25.2	-0.2	24.4	-3.5
30/10/2024 00:20	1608	25.2	-0.3	24.6	-0.1	25.2	-0.2	24.4	-3.5
30/10/2024 00:25	1609	25.1	-0.3	24.5	-0.1	25.1	-0.2	24.3	-3.7
30/10/2024 00:30	1610	25.1	-0.3	24.5	-0.1	25.1	-0.2	24.3	-3.8
30/10/2024 00:35	1611	25	-0.3	24.4	-0.1	25	-0.2	24.2	-4
30/10/2024 00:40	1612	24.9	-0.3	24.4	-0.1	25	-0.2	24.2	-4.1
30/10/2024 00:45	1613	24.9	-0.3	24.3	-0.1	24.9	-0.2	24.1	-4.3
30/10/2024 00:50	1614	24.8	-0.3	24.2	-0.1	24.9	-0.2	24	-4.4
30/10/2024 00:55	1615	24.7	-0.3	24.2	-0.1	24.8	-0.2	24	-4.5
30/10/2024 01:00	1616	24.6	-0.3	24.1	-0.1	24.7	-0.2	23.9	-4.9
30/10/2024 01:05	1617	24.5	-0.3	24	-0.1	24.7	-0.2	23.8	-5
30/10/2024 01:10	1618	24.5	-0.3	23.9	-0.1	24.6	-0.2	23.7	-5.1
30/10/2024 01:15	1619	24.4	-0.3	23.8	-0.1	24.5	-0.2	23.7	-5.2
30/10/2024 01:20	1620	24.3	-0.3	23.8	-0.1	24.4	-0.2	23.6	-5.2
30/10/2024 01:25	1621	24.2	-0.3	23.7	-0.1	24.4	-0.2	23.5	-5.3
30/10/2024 01:30	1622	24.2	-0.3	23.6	-0.1	24.3	-0.2	23.5	-5.3
30/10/2024 01:35	1623	24.1	-0.3	23.5	-0.1	24.2	-0.2	23.4	-5.4
30/10/2024 01:40	1624	24	-0.3	23.4	-0.1	24.2	-0.2	23.3	-5.5
30/10/2024 01:45	1625	23.9	-0.3	23.4	-0.1	24.1	-0.2	23.2	-5.5
30/10/2024 01:50	1626	23.8	-0.3	23.3	-0.1	24	-0.2	23.1	-5.6
30/10/2024 01:55	1627	23.8	-0.3	23.2	-0.1	23.9	-0.2	23	-5.6
30/10/2024 02:00	1628	23.7	-0.3	23.1	-0.1	23.8	-0.2	23	-5.7
30/10/2024 02:05	1629	23.6	-0.3	23	-0.1	23.7	-0.2	22.9	-5.8
30/10/2024 02:10	1630	23.5	-0.3	22.9	-0.1	23.7	-0.2	22.8	-5.9
30/10/2024 02:15	1631	23.4	-0.3	22.8	-0.1	23.6	-0.2	22.7	-5.9
30/10/2024 02:20	1632	23.3	-0.3	22.8	-0.1	23.5	-0.2	22.6	-6
30/10/2024 02:25	1633	23.2	-0.3	22.7	-0.1	23.4	-0.2	22.6	-6
30/10/2024 02:30	1634	23.1	-0.3	22.6	-0.1	23.4	-0.2	22.5	-6.1
30/10/2024 02:35	1635	23.1	-0.3	22.5	-0.1	23.3	-0.2	22.4	-6.2
30/10/2024 02:40	1636	23	-0.3	22.5	-0.1	23.2	-0.2	22.3	-6.2
30/10/2024 02:45	1637	22.9	-0.3	22.4	-0.1	23.1	-0.2	22.2	-6.3
30/10/2024 02:50	1638	22.9	-0.3	22.3	-0.1	23.1	-0.2	22.2	-6.4
30/10/2024 02:55	1639	22.8	-0.3	22.2	-0.1	23	-0.2	22.1	-6.4
30/10/2024 03:00	1640	22.7	-0.4	22.2	-0.1	22.9	-0.2	22	-6.5
30/10/2024 03:05	1641	22.6	-0.4	22.1	-0.1	22.9	-0.2	22	-6.6
30/10/2024 03:10	1642	22.6	-0.4	22	-0.1	22.8	-0.2	21.9	-6.6
30/10/2024 03:15	1643	22.5	-0.4	22	-0.1	22.7	-0.2	21.8	-6.7
30/10/2024 03:20	1644	22.4	-0.4	21.9	-0.1	22.7	-0.2	21.8	-6.7
30/10/2024 03:25	1645	22.4	-0.4	21.8	-0.1	22.6	-0.2	21.7	-6.8
30/10/2024 03:30	1646	22.3	-0.4	21.8	-0.1	22.5	-0.2	21.7	-6.9
30/10/2024 03:35	1647	22.2	-0.4	21.7	-0.1	22.5	-0.2	21.6	-7
30/10/2024 03:40	1648	22.2	-0.4	21.7	-0.1	22.4	-0.2	21.5	-7
30/10/2024 03:45	1649	22.1	-0.4	21.6	-0.1	22.3	-0.2	21.5	-7.1
30/10/2024 03:50	1650	22.1	-0.4	21.6	-0.1	22.3	-0.2	21.4	-7.1
30/10/2024 03:55	1651	22	-0.4	21.5	-0.1	22.2	-0.2	21.4	-7.2
30/10/2024 04:00	1652	22	-0.4	21.4	-0.1	22.2	-0.2	21.3	-7.2
30/10/2024 04:05	1653	21.9	-0.4	21.4	-0.1	22.1	-0.2	21.3	-7.3
30/10/2024 04:10	1654	21.8	-0.4	21.3	-0.1	22	-0.2	21.2	-7.4
30/10/2024 04:15	1655	21.8	-0.4	21.3	-0.1	22	-0.2	21.2	-7.4
30/10/2024 04:20	1656	21.7	-0.4	21.2	-0.1	21.9	-0.2	21.1	-7.5
30/10/2024 04:25	1657	21.7	-0.4	21.2	-0.1	21.9	-0.2	21.1	-7.5
30/10/2024 04:30	1658	21.6	-0.4	21.1	-0.1	21.8	-0.2	21	-7.6
30/10/2024 04:35	1659	21.6	-0.4	21.1	-0.1	21.8	-0.2	21	-7.7
30/10/2024 04:40	1660	21.5	-0.4	21	-0.1	21.7	-0.2	20.9	-7.8
30/10/2024 04:45	1661	21.5	-0.5	21	-0.1	21.7	-0.2	20.9	-7.8
30/10/2024 04:50	1662	21.4	-0.5	21	-0.1	21.6	-0.2	20.9	-7.8
30/10/2024 04:55	1663	21.4	-0.5	20.9	-0.1	21.6	-0.2	20.8	-8
30/10/2024 05:00	1664	21.3	-0.5	20.9	-0.1	21.5	-0.2	20.8	-8
30/10/2024 05:05	1665	21.3	-0.5	20.8	-0.1	21.5	-0.2	20.7	-8.1
30/10/2024 05:10	1666	21.3	-0.5	20.8	-0.1	21.5	-0.2	20.7	-8.1
30/10/2024 05:15	1667	21.2	-0.5	20.8	-0.1	21.4	-0.2	20.7	-8.2
30/10/2024 05:20	1668	21.2	-0.5	20.7	-0.1	21.4	-0.2	20.6	-8.2
30/10/2024 05:25	1669	21.1	-0.5	20.7	-0.1	21.3	-0.2	20.6	-8.3
30/10/2024 05:30	1670	21.1	-0.5	20.7	-0.1	21.3	-0.2	20.6	-8.3
30/10/2024 05:35	1671	21.1	-0.5	20.6	-0.1	21.2	-0.2	20.5	-8.4
30/10/2024 05:40	1672	21	-0.6	20.6	-0.1	21.2	-0.2	20.5	-8.5
30/10/2024 05:45	1673	21	-0.6	20.6	-0.1	21.2	-0.2	20.5	-8.5
30/10/2024 05:50	1674	21	-0.6	20.6	-0.1	21.1	-0.2	20.4	-8.6
30/10/2024 05:55	1675	21	-0.6	20.5	-0.1	21.1	-0.2	20.4	-8.7
30/10/2024 06:00	1676	20.9	-0.6	20.5	-0.1	21.1	-0.2	20.4	-8.7
30/10/2024 06:05	1677	20.9	-0.6	20.5	-0.1	21	-0.2	20.3	-8.8
30/10/2024 06:10	1678	20.9	-0.6	20.5	-0.1	21	-0.2	20.3	-8.8
30/10/2024 06:15	1679	20.8	-0.6	20.4	-0.1	21	-0.2	20.3	-8.8
30/10/2024 06:20	1680	20.8	-0.7	20.4	-0.1	21	-0.2	20.3	-9
30/10/2024 06:25	1681	20.8	-0.7	20.4	-0.1	20.9	-0.2	20.2	-9
30/10/2024 06:30	1682	20.8	-0.7	20.4	-0.1	20.9	-0.2	20.2	-9
30/10/2024 06:35	1683	20.7	-0.7	20.3	-0.1	20.9	-0.2	20.2	-9.1
30/10/2024 06:40	1684	20.7	-0.7	20.3	-0.1	20.9	-0.2	20.2	-9.1
30/10/2024 06:45	1685	20.7	-0.8	20.3	-0.1	20.8	-0.2	20.2	-9.2
30/10/2024 06:50	1686	20.7	-0.8	20.3	-0.1	20.8	-0.2	20.1	-9.2
30/10/2024 06:55	1687	20.7	-0.8	20.3	-0.1	20.8	-0.2	20.1	-9.4
30/10/2024 07:00	1688	20.6	-0.8	20.2	-0.1	20.8	-0.2	20.1	-9.4
30/10/2024 07:05	1689	20.6	-0.8	20.2	-0.1	20.7	-0.2	20.1	-9.4
30/10/2024 07:10	1690	20.6	-0.8	20.2	-0.1	20.7	-0.2	20.1	-9.5
30/10/2024 07:15	1691	20.6	-0.9	20.2	-0.1	20.7	-0.2	20	-9.6
30/10/2024 07:20	1692	20.6	-0.9	20.2	-0.1	20.7	-0.2	20	-9.6
30/10/2024 07:25	1693	20.6	-0.9	20.1	-0.1	20.7	-0.2	20	-9.6
30/10/2024 07:30	1694	20.5	-0.9	20.1	-0.1	20.6	-0.2	20	-9.7
30/10/2024 07:35	1695	20.5	-1	20.1	-0.1	20.6	-0.2	20	-9.8
30/10/2024 07:40	1696	20.5	-1	20.1	-0.1	20.6	-0.2	20	-9.8
30/10/2024 07:45	1697	20.5	-1	20.1	-0.1	20.6	-0.2	20	-9.9
30/10/2024 07:50	1698	20.5	-1	20.1	-0.1	20.5	-0.2	20	-10
30/10/2024 07:55	1699	20.5	-1.1	20	-0.1	20.5	-0.2	19.9	-10
30/10/2024 08:00	1700	20.5	-1.1	20.1	-0.1	20.5	-0.2	19.9	-10
30/10/2024 08:05	1701	20.5	-1.1	20.1	-0.1	20.5	-0.3	20	-10.1
30/10/2024 08:10	1702	20.5	-1.1	20.2	-0.1	20.6	-0.2	20	-10.1
30/10/2024 08:15	1703	20.6	-1.2	20.2	-0.1	20.6	-0.2	20	-10.2
30/10/2024 08:20	1704	20.6	-1.2	20.3	-0.1	20.6	-0.2	20	-10.2
30/10/2024 08:25	1705	20.6	-1.3	20.3	-0.1	20.6	-0.3	20.1	-10.2
30/10/2024 08:30	1706	20.7	-1.3	20.4	-0.1	20.7	-0.3	20.1	-10.3
30/10/2024 08:35	1707	20.8	-1.3	20.4	-0.1	20.7	-0.3	20.2	-10.3
30/10/2024 08:40	1708	20.8	-1.4	20.5	-0.1	20.7	-0.3	20.2	-10.4
30/10/2024 08:45	1709	20.9	-1.4	20.5	-0.1	20.8	-0.3	20.3	-10.4
30/10/2024 08:50	1710	20.9	-1.5	20.6	-0.1	20.8	-0.3	20.3	-10.5
30/10/2024 08:55	1711	21	-1.5	20.7	-0.1	20.9	-0.3	20.4	-10.5
30/10/2024 09:00	1712	21.1	-1.6	20.7	-0.1	20.9	-0.3	20.4	-10.6
30/10/2024 09:05	1713	21.2	-1.6	20.8	-0.1	21	-0.3	20.5	-10.6
30/10/2024 09:10	1714	21.2	-1.7	20.9	-0.1	21	-0.3	20.6	-10.7
30/10/2024 09:15	1715	21.3	-1.7	20.9	-0.1	21.1	-0.3	20.6	-10.7
30/10/2024 09:20	1716	21.4	-1.8	21	-0.1	21.2	-0.3	20.7	-10.8
30/10/2024 09:25	1717	21.4	-1.8	21	-0.1	21.2	-0.3	20.7	-10.8
30/10/2024 09:30	1718	21.5	-1.9	21.1	-0.1	21.3	-0.3	20.8	-10.9
30/10/2024 09:35	1719	21.6	-1.9	21.2	-0.1	21.3	-0.3	20.9	-10.9
30/10/2024 09:40	1720	21.6	-2	21.2	-0.1	21.4	-0.3	20.9	-11
30/10/2024 09:45	1721	21.7	-2.1	21.3	-0.1	21.4	-0.3	21	-11.1
30/10/2024 09:50	1722	21.8	-2.1	21.4	-0.1	21.5	-0.3	21.1	-11.1
30/10/2024 09:55	1723	21.8	-2.2	21.4	-0.1	21.6	-0.3	21.1	-11.1
30/10/2024 10:00	1724	21.9	-2.3	21.5	-0.1	21.6	-0.3	21.2	-11.2
30/10/2024 10:05	1725	22	-2.4	21.5	-0.1	21.7	-0.3	21.2	-11.3
30/10/2024 10:10	1726	22	-2.5	21.6	-0.1	21.7	-0.3	21.3	-11.3
30/10/2024 10:15	1727	22.1	-2.5	21.7	-0.1	21.8	-0.3	21.4	-11.4
30/10/2024 10:20	1728	22.2	-2.7	21.7	-0.1	21.8	-0.3	21.5	-11.4
30/10/2024 10:25	1729	22.2	-2.7	21.8	-0.1	21.9	-0.3	21.5	-11.5
30/10/2024 10:30	1730	22.3	-2.8	21.9	-0.1	22	-0.3	21.6	-11.6
30/10/2024 10:35	1731	22.4	-2.9	21.9	-0.1	22	-0.4	21.7	-11.7
30/10/2024 10:40	1732	22.5	-3	22	-0.1	22.1	-0.4	21.7	-11.7
30/10/2024 10:45	1733	22.5	-3.1	22	-0.1	22.1	-0.4	21.8	-11.8
30/10/2024 10:50	1734	22.6	-3.3	22.1	-0.1	22.2	-0.4	21.8	-11.9
30/10/2024 10:55	1735	22.7	-3.4	22.2	-0.1	22.3	-0.4	21.9	-11.9
30/10/2024 11:00	1736	22.7	-3.5	22.2	-0.1	22.4	-0.4	22	-12
30/10/2024 11:05	1737	22.8	-3.6	22.3	-0.1	22.4	-0.4	22.1	-12.1
30/10/2024 11:10	1738	22.9	-3.8	22.4	-0.1	22.5	-0.4	22.1	-12.2
30/10/2024 11:15	1739	22.9	-3.9	22.4	-0.1	22.6	-0.4	22.2	-12.2
30/10/2024 11:20	1740	23	-4.1	22.5	-0.1	22.6	-0.4	22.2	-12.4
30/10/2024 11:25	1741	23.1	-4.2	22.6	-0.1	22.7	-0.4	22.3	-12.4
30/10/2024 11:30	1742	23.2	-4.4	22.7	-0.1	22.8	-0.5	22.4	-12.5
30/10/2024 11:35	1743	23.3	-4.6	22.7	-0.1	22.8	-0.5	22.5	-12.6
30/10/2024 11:40	1744	23.4	-4.8	22.8	-0.1	22.9	-0.5	22.5	-12.7
30/10/2024 11:45	1745	23.5	-5	22.9	-0.1	23	-0.5	22.6	-12.8
30/10/2024 11:50	1746	23.5	-5.1	23	-0.1	23.1	-0.5	22.7	-12.8
30/10/2024 11:55	1747	23.6	-5.1	23	-0.1	23.1	-0.5	22.7	-13
30/10/2024 12:00	1748	23.7	-5.2	23.1	-0.1	23.2	-0.6	22.8	-13
30/10/2024 12:05	1749	23.8	-5.2	23.1	-0.1	23.3	-0.6	22.9	-13.1
30/10/2024 12:10	1750	23.8	-5.3	23.2	-0.1	23.3	-0.6	22.9	-13.3
30/10/2024 12:15	1751	23.9	-5.4	23.3	-0.1	23.4	-0.6	23	-13.3
30/10/2024 12:20	1752	24	-5.5	23.3	-0.1	23.5	-0.7	23.1	-13.4
30/10/2024 12:25	1753	24.1	-5.5	23.4	-0.1	23.5	-0.7	23.1	-13.5
30/10/2024 12:30	1754	24.1	-5.6	23.5	-0.1	23.6	-0.8	23.2	-13.6
30/10/2024 12:35	1755	24.2	-5.6	23.5	-0.1	23.7	-0.8	23.3	-13.7
30/10/2024 12:40	1756	24.3	-5.7	23.6	-0.1	23.7	-0.9	23.3	-13.8
30/10/2024 12:45	1757	24.4	-5.8	23.7	-0.1	23.8	-0.9	23.4	-13.9
30/10/2024 12:50	1758	24.4	-5.9	23.8	-0.1	23.9	-0.9	23.5	-14
30/10/2024 12:55	1759	24.5	-6	23.8	-0.1	23.9	-1	23.5	-14.2
30/10/2024 13:00	1760	24.6	-6.1	23.9	-0.1	24	-1	23.6	-14.3
30/10/2024 13:05	1761	24.6	-6.2	24	-0.1	24.1	-1.1	23.7	-14.3
30/10/2024 13:10	1762	24.7	-6.3	24.1	-0.1	24.2	-1.1	23.8	-14.5
30/10/2024 13:15	1763	24.8	-6.3	24.2	-0.1	24.2	-1.2	23.9	-14.6
30/10/2024 13:20	1764	24.9	-6.4	24.2	-0.1	24.3	-1.3	23.9	-14.7
30/10/2024 13:25	1765	24.9	-6.5	24.3	-0.1	24.4	-1.4	24	-14.8
30/10/2024 13:30	1766	25	-6.6	24.4	-0.1	24.4	-1.4	24.1	-15
30/10/2024 13:35	1767	25.1	-6.7	24.4	-0.1	24.5	-1.5	24.2	-15.1
30/10/2024 13:40	1768	25.2	-6.8	24.5	-0.1	24.6	-1.6	24.3	-15.2
30/10/2024 13:45	1769	25.2	-6.9	24.6	-0.1	24.7	-1.7	24.3	-15.4
30/10/2024 13:50	1770	25.3	-7	24.7	-0.1	24.7	-1.9	24.4	-15.4
30/10/2024 13:55	1771	25.4	-7	24.8	-0.1	24.8	-1.9	24.5	-15.6
30/10/2024 14:00	1772	25.5	-7.1	24.8	-0.1	24.9	-2	24.5	-15.7
30/10/2024 14:05	1773	25.5	-7.2	24.9	-0.1	25	-2.2	24.6	-15.9
30/10/2024 14:10	1774	25.6	-7.3	25	-0.1	25	-2.3	24.7	-15.9
30/10/2024 14:15	1775	25.7	-7.4	25	-0.1	25.1	-2.5	24.7	-16.1
30/10/2024 14:20	1776	25.7	-7.5	25.1	-0.1	25.1	-2.7	24.8	-16.2
30/10/2024 14:25	1777	25.8	-7.6	25.1	-0.1	25.2	-2.8	24.9	-16.4
30/10/2024 14:30	1778	25.8	-7.8	25.2	-0.1	25.2	-3.1	24.9	-16.5
30/10/2024 14:35	1779	25.9	-7.8	25.2	-0.1	25.3	-3.3	25	-16.7
30/10/2024 14:40	1780	25.9	-8	25.3	-0.1	25.4	-3.5	25	-16.8
30/10/2024 14:45	1781	26	-8.1	25.4	-0.1	25.4	-3.8	25.1	-16.9
30/10/2024 14:50	1782	26	-8.2	25.4	-0.1	25.5	-4.1	25.1	-17.1
30/10/2024 14:55	1783	26.1	-8.3	25.5	-0.1	25.5	-4.4	25.2	-17.3
30/10/2024 15:00	1784	26.1	-8.4	25.5	-0.1	25.6	-4.8	25.2	-17.5
30/10/2024 15:05	1785	26.2	-8.6	25.6	-0.1	25.6	-5	25.3	-17.6
30/10/2024 15:10	1786	26.2	-8.7	25.6	-0.1	25.7	-5.2	25.3	-17.8
30/10/2024 15:15	1787	26.2	-8.8	25.6	-0.1	25.7	-5.3	25.4	-17.9
30/10/2024 15:20	1788	26.3	-8.9	25.7	-0.1	25.8	-5.5	25.4	-18.1
30/10/2024 15:25	1789	26.3	-9.1	25.7	-0.1	25.8	-5.6	25.5	-18.4
30/10/2024 15:30	1790	26.4	-9.2	25.8	-0.1	25.9	-5.8	25.5	-18.5
30/10/2024 15:35	1791	26.4	-9.3	25.9	-0.1	26	-5.9	25.6	-18.6
30/10/2024 15:40	1792	26.5	-9.4	25.9	-0.1	26	-6.1	25.6	-18.8
30/10/2024 15:45	1793	26.5	-9.6	26	-0.2	26.1	-6.2	25.6	-19.1
30/10/2024 15:50	1794	26.6	-9.8	26	-0.2	26.1	-6.4	25.7	-19.3
30/10/2024 15:55	1795	26.6	-9.9	26.1	-0.2	26.1	-6.6	25.7	-19.4
30/10/2024 16:00	1796	26.6	-10	26.1	-0.2	26.2	-6.8	25.8	-19.6
30/10/2024 16:05	1797	26.7	-10.2	26.1	-0.2	26.2	-7	25.8	-19.8
30/10/2024 16:10	1798	26.7	-10.3	26.2	-0.2	26.3	-7.2	25.8	-20
30/10/2024 16:15	1799	26.7	-10.4	26.2	-0.2	26.3	-7.3	25.8	-20.2
30/10/2024 16:20	1800	26.8	-10.5	26.2	-0.2	26.3	-7.5	25.8	-20.4
30/10/2024 16:25	1801	26.8	-10.6	26.2	-0.2	26.3	-7.8	25.8	-20.5
30/10/2024 16:30	1802	26.8	-10.7	26.2	-0.2	26.4	-8.1	25.8	-20.7
30/10/2024 16:35	1803	26.8	-10.9	26.2	-0.2	26.4	-8.3	25.8	-20.9
30/10/2024 16:40	1804	26.8	-11.1	26.2	-0.2	26.4	-8.5	25.8	-21.1
30/10/2024 16:45	1805	26.8	-11.2	26.2	-0.3	26.4	-8.8	25.8	-21.2
30/10/2024 16:50	1806	26.8	-11.3	26.2	-0.3	26.4	-9.1	25.8	-21.4
30/10/2024 16:55	1807	26.8	-11.4	26.2	-0.3	26.4	-9.4	25.8	-21.6
30/10/2024 17:00	1808	26.8	-11.5	26.2	-0.3	26.4	-9.7	25.8	-21.8
30/10/2024 17:05	1809	26.8	-11.7	26.2	-0.4	26.4	-9.9	25.8	-22.1
30/10/2024 17:10	1810	26.8	-11.8	26	0	26.4	-10.1	25.3	-0.2
30/10/2024 17:15	1811	26.8	-12	25.8	0	26.4	-10.1	25.2	-0.2
30/10/2024 17:20	1812	26.7	-12.1	25.7	0	26.4	-10.2	25.2	-0.2
30/10/2024 17:25	1813	26.7	-12.2	25.6	0	26.3	-10.3	25.1	-0.2
30/10/2024 17:30	1814	26.6	-12.4	25.6	0	26.3	-10.3	25.1	-0.2
30/10/2024 17:35	1815	26.6	-12.5	25.6	0	26.3	-10.4	25.1	-0.2
30/10/2024 17:40	1816	26.6	-12.7	25.6	0	26.3	-10.5	25.1	-0.2
30/10/2024 17:45	1817	26.6	-12.8	25.6	0	26.3	-10.6	25.1	-0.2
30/10/2024 17:50	1818	26.6	-13	25.6	0	26.3	-10.7	25.1	-0.2
30/10/2024 17:55	1819	26.6	-13.1	25.6	0	26.3	-10.7	25.2	-0.2
30/10/2024 18:00	1820	26.6	-13.3	25.7	0	26.3	-10.8	25.2	-0.2
30/10/2024 18:05	1821	26.6	-13.4	25.7	0	26.3	-10.9	25.2	-0.2
30/10/2024 18:10	1822	26.6	-13.6	25.7	0	26.3	-11	25.2	-0.2
30/10/2024 18:15	1823	26.6	-13.7	25.7	0	26.3	-11.1	25.2	-0.2
30/10/2024 18:20	1824	26.6	-13.8	25.7	0	26.3	-11.1	25.2	-0.2
30/10/2024 18:25	1825	26.6	-14	25.7	-0.1	26.3	-11.2	25.2	-0.2
30/10/2024 18:30	1826	26.6	-14.2	25.7	-0.1	26.3	-11.3	25.2	-0.2
30/10/2024 18:35	1827	26.6	-14.3	25.7	-0.1	26.3	-11.4	25.3	-0.2
30/10/2024 18:40	1828	26.6	-14.5	25.7	-0.1	26.3	-11.5	25.3	-0.2
30/10/2024 18:45	1829	26.6	-14.6	25.7	-0.1	26.3	-11.7	25.3	-0.2
30/10/2024 18:50	1830	26.6	-14.8	25.7	-0.1	26.3	-11.8	25.3	-0.2
30/10/2024 18:55	1831	26.5	-14.9	25.7	-0.1	26.3	-11.9	25.3	-0.2
30/10/2024 19:00	1832	26.5	-15.1	25.7	-0.1	26.3	-11.9	25.3	-0.2
30/10/2024 19:05	1833	26.5	-15.2	25.7	-0.1	26.2	-12	25.3	-0.3
30/10/2024 19:10	1834	26.4	-15.4	25.7	-0.1	26.2	-12.1	25.3	-0.3
30/10/2024 19:15	1835	26.4	-15.6	25.7	-0.1	26.2	-12.2	25.3	-0.3
30/10/2024 19:20	1836	26.3	-15.7	25.7	-0.1	26.2	-12.3	25.3	-0.3
30/10/2024 19:25	1837	26.3	-15.9	25.7	-0.1	26.2	-12.4	25.3	-0.3
30/10/2024 19:30	1838	26.3	-16.1	25.7	-0.1	26.1	-12.5	25.3	-0.3
30/10/2024 19:35	1839	26.2	-16.2	25.6	-0.1	26.1	-12.6	25.2	-0.3
30/10/2024 19:40	1840	26.2	-16.4	25.6	-0.1	26.1	-12.7	25.2	-0.3
30/10/2024 19:45	1841	26.1	-16.6	25.6	-0.1	26	-12.7	25.2	-0.3
30/10/2024 19:50	1842	26.1	-16.8	25.6	-0.1	26	-12.8	25.2	-0.3
30/10/2024 19:55	1843	26.1	-17	25.6	-0.1	26	-12.9	25.2	-0.3
30/10/2024 20:00	1844	26	-17.2	25.5	-0.1	26	-13.1	25.2	-0.3
30/10/2024 20:05	1845	26	-17.4	25.5	-0.1	26	-13.2	25.2	-0.3
30/10/2024 20:10	1846	26	-17.5	25.5	-0.1	26	-13.3	25.2	-0.3
30/10/2024 20:15	1847	26	-17.7	25.5	-0.1	26	-13.4	25.2	-0.3
30/10/2024 20:20	1848	26	-17.9	25.5	-0.1	26	-13.5	25.2	-0.3
30/10/2024 20:25	1849	26	-18	25.5	-0.1	25.9	-13.5	25.2	-0.3
30/10/2024 20:30	1850	26	-18.2	25.5	-0.1	25.9	-13.6	25.2	-0.3
30/10/2024 20:35	1851	25.9	-18.4	25.5	-0.1	25.9	-13.8	25.2	-0.3
30/10/2024 20:40	1852	25.9	-18.6	25.4	-0.1	25.9	-13.8	25.2	-0.3
30/10/2024 20:45	1853	25.9	-18.8	25.4	-0.1	25.8	-14	25.1	-0.3
30/10/2024 20:50	1854	25.9	-19	25.4	-0.1	25.8	-14.1	25.1	-0.3
30/10/2024 20:55	1855	25.9	-19.1	25.4	-0.1	25.8	-14.2	25.1	-0.3
30/10/2024 21:00	1856	25.8	-19.3	25.4	-0.1	25.8	-14.3	25.1	-0.3
30/10/2024 21:05	1857	25.8	-19.5	25.4	-0.1	25.8	-14.4	25.1	-0.3
30/10/2024 21:10	1858	25.8	-19.7	25.4	-0.1	25.8	-14.5	25.1	-0.3
30/10/2024 21:15	1859	25.8	-19.9	25.4	-0.1	25.8	-14.6	25.1	-0.3
30/10/2024 21:20	1860	25.8	-20.1	25.4	-0.1	25.8	-14.7	25.1	-0.3
30/10/2024 21:25	1861	25.8	-20.3	25.4	-0.1	25.7	-14.9	25.1	-0.3
30/10/2024 21:30	1862	25.8	-20.4	25.4	-0.1	25.7	-14.9	25.1	-0.3
30/10/2024 21:35	1863	25.8	-20.5	25.3	-0.1	25.7	-15	25.1	-0.3
30/10/2024 21:40	1864	25.7	-20.8	25.3	-0.1	25.7	-15.1	25.1	-0.3
30/10/2024 21:45	1865	25.7	-21	25.3	-0.1	25.7	-15.3	25.1	-0.3
30/10/2024 21:50	1866	25.7	-21.1	25.3	-0.1	25.7	-15.4	25	-0.3
30/10/2024 21:55	1867	25.7	-21.3	25.2	-0.1	25.6	-15.5	25	-0.4
30/10/2024 22:00	1868	25.6	-21.5	25.2	-0.1	25.6	-15.6	25	-0.4
30/10/2024 22:05	1869	25.6	-21.7	25.2	-0.1	25.6	-15.7	25	-0.4
30/10/2024 22:10	1870	25.6	-21.9	25.2	-0.1	25.6	-15.8	25	-0.4
30/10/2024 22:15	1871	25.5	-22	25.1	-0.1	25.5	-15.9	25	-0.4
30/10/2024 22:20	1872	25.5	-22.2	25.1	-0.1	25.5	-16	25	-0.4
30/10/2024 22:25	1873	25.5	-22.4	25.1	-0.1	25.5	-16.1	24.9	-0.4
30/10/2024 22:30	1874	25.5	-22.6	25.1	-0.1	25.5	-16.3	24.9	-0.4
30/10/2024 22:35	1875	25.4	-22.8	25.1	-0.1	25.5	-16.4	24.9	-0.4
30/10/2024 22:40	1876	25.4	-22.9	25.1	-0.1	25.5	-16.5	24.9	-0.4
30/10/2024 22:45	1877	25.4	-23.1	25	-0.1	25.4	-16.6	24.9	-0.4
30/10/2024 22:50	1878	25.4	-23.4	25	-0.1	25.4	-16.7	24.9	-0.4
30/10/2024 22:55	1879	25.4	-23.5	25	-0.1	25.4	-16.8	24.9	-0.4
30/10/2024 23:00	1880	25.3	-23.7	25	-0.1	25.4	-16.9	24.8	-0.4
30/10/2024 23:05	1881	25.3	-23.9	25	-0.1	25.3	-17	24.8	-0.4
30/10/2024 23:10	1882	25.3	-24.4	24.9	-0.1	25.3	-17.2	24.8	-0.4
30/10/2024 23:15	1883	25.2	-24.7	24.9	-0.1	25.3	-17.3	24.8	-0.4
30/10/2024 23:20	1884	25.2	-24.8	24.9	-0.1	25.3	-17.3	24.8	-0.4
30/10/2024 23:25	1885	25.2	-25	24.9	-0.1	25.3	-17.5	24.8	-0.4
30/10/2024 23:30	1886	25.2	-25.3	24.9	-0.1	25.3	-17.7	24.8	-0.4
30/10/2024 23:35	1887	25.2	-25.4	24.9	-0.1	25.3	-17.7	24.7	-0.4
30/10/2024 23:40	1888	25.2	-25.6	24.9	-0.1	25.2	-17.8	24.7	-0.4
30/10/2024 23:45	1889	25.2	-25.8	24.8	-0.1	25.2	-18	24.7	-0.5
30/10/2024 23:50	1890	25.2	-25.9	24.8	-0.1	25.2	-18	24.7	-0.5
30/10/2024 23:55	1891	25.1	-26.2	24.8	-0.1	25.2	-18.2	24.7	-0.5
31/10/2024 00:00	1892	25.1	-26.3	24.7	-0.1	25.2	-18.3	24.6	-0.5
31/10/2024 00:05	1893	25.1	-26.5	24.6	-0.1	25.1	-18.3	24.6	-0.5
31/10/2024 00:10	1894	25	-26.8	24.6	-0.1	25.1	-18.5	24.5	-0.5
31/10/2024 00:15	1895	25	-26.9	24.5	-0.1	25	-18.6	24.5	-0.5
31/10/2024 00:20	1896	24.9	-27.1	24.5	-0.1	25	-18.7	24.5	-0.5
31/10/2024 00:25	1897	24.8	-27.2	24.4	-0.1	24.9	-18.8	24.4	-0.5
31/10/2024 00:30	1898	24.8	-27.4	24.4	-0.1	24.9	-18.9	24.4	-0.5
31/10/2024 00:35	1899	24.7	-27.6	24.3	-0.1	24.8	-19	24.3	-0.5
31/10/2024 00:40	1900	24.6	-27.7	24.2	-0.1	24.8	-19.1	24.3	-0.5
31/10/2024 00:45	1901	24.5	-27.9	24.2	-0.1	24.7	-19.2	24.2	-0.5
31/10/2024 00:50	1902	24.5	-28.1	24.1	-0.1	24.6	-19.2	24.1	-0.5
31/10/2024 00:55	1903	24.4	-28.2	24	-0.1	24.5	-19.4	24.1	-0.5
31/10/2024 01:00	1904	24.3	-28.5	23.9	-0.1	24.5	-19.4	24	-0.5
31/10/2024 01:05	1905	24.2	-28.5	23.8	-0.1	24.4	-19.5	23.9	-0.5
31/10/2024 01:10	1906	24.1	-28.8	23.8	-0.1	24.3	-19.6	23.8	-0.5
31/10/2024 01:15	1907	24	-28.8	23.7	-0.1	24.2	-19.7	23.8	-0.5
31/10/2024 01:20	1908	23.9	-29	23.6	-0.1	24.1	-19.9	23.7	-0.5
31/10/2024 01:25	1909	23.8	-29.1	23.5	-0.1	24	-19.9	23.6	-0.5
31/10/2024 01:30	1910	23.7	-29.3	23.5	-0.1	23.9	-20	23.5	-0.5
31/10/2024 01:35	1911	23.5	-29.5	23.4	-0.1	23.8	-20.1	23.5	-0.5
31/10/2024 01:40	1912	23.4	-29.6	23.3	-0.1	23.7	-20.1	23.4	-0.6
31/10/2024 01:45	1913	23.3	-29.8	23.2	-0.1	23.6	-20.2	23.3	-0.6
31/10/2024 01:50	1914	23.2	-30	23.1	-0.1	23.5	-20.3	23.2	-0.6
31/10/2024 01:55	1915	23.1	-30.1	23	-0.1	23.4	-20.4	23.1	-0.6
31/10/2024 02:00	1916	23	-30.2	23	-0.1	23.3	-20.5	23	-0.6
31/10/2024 02:05	1917	22.9	-30.4	22.9	-0.1	23.2	-20.6	23	-0.6
31/10/2024 02:10	1918	22.8	-30.7	22.8	-0.1	23.1	-20.7	22.9	-0.6
31/10/2024 02:15	1919	22.7	-30.7	22.7	-0.1	23	-20.7	22.8	-0.6
31/10/2024 02:20	1920	22.6	-30.9	22.7	-0.1	23	-20.7	22.7	-0.6
31/10/2024 02:25	1921	22.5	-31.1	22.6	-0.1	22.9	-20.9	22.6	-0.6
31/10/2024 02:30	1922	22.4	-31.2	22.5	-0.1	22.8	-20.9	22.6	-0.6
31/10/2024 02:35	1923	22.3	-31.4	22.4	-0.1	22.7	-21	22.5	-0.7
31/10/2024 02:40	1924	22.2	-31.5	22.3	-0.1	22.6	-21.1	22.4	-0.7
31/10/2024 02:45	1925	22.1	-31.7	22.2	-0.1	22.5	-21.2	22.3	-0.7
31/10/2024 02:50	1926	22	-31.8	22.1	-0.1	22.5	-21.3	22.2	-0.7
31/10/2024 02:55	1927	22	-31.9	22	-0.1	22.4	-21.4	22.2	-0.7
31/10/2024 03:00	1928	21.9	-32.2	22	-0.1	22.3	-21.4	22.1	-0.7
31/10/2024 03:05	1929	21.8	-32.2	21.9	-0.1	22.2	-21.6	22	-0.7
31/10/2024 03:10	1930	21.8	-32.3	21.8	-0.1	22.2	-21.5	21.9	-0.7
31/10/2024 03:15	1931	21.7	-32.5	21.7	-0.1	22.1	-21.7	21.9	-0.7
31/10/2024 03:20	1932	21.7	-32.7	21.7	-0.1	22	-21.8	21.8	-0.7
31/10/2024 03:25	1933	21.6	-32.7	21.6	-0.1	22	-21.8	21.7	-0.8
31/10/2024 03:30	1934	21.6	-32.9	21.5	-0.1	21.9	-21.9	21.7	-0.8
31/10/2024 03:35	1935	21.5	-33.1	21.5	-0.1	21.8	-22	21.6	-0.8
31/10/2024 03:40	1936	21.5	-33.1	21.4	-0.1	21.8	-22.1	21.6	-0.8
31/10/2024 03:45	1937	21.4	-33.3	21.4	-0.1	21.7	-22.1	21.5	-0.8
31/10/2024 03:50	1938	21.4	-33.5	21.3	-0.1	21.7	-22.2	21.5	-0.8
31/10/2024 03:55	1939	21.3	-33.6	21.2	-0.1	21.6	-22.3	21.4	-0.8
31/10/2024 04:00	1940	21.2	-33.8	21.2	-0.1	21.6	-22.3	21.3	-0.9
31/10/2024 04:05	1941	21.2	-33.8	21.1	-0.1	21.5	-22.4	21.3	-0.9
31/10/2024 04:10	1942	21.2	-33.9	21.1	-0.1	21.5	-22.5	21.2	-0.9
31/10/2024 04:15	1943	21.1	-34	21	-0.1	21.4	-22.5	21.2	-0.9
31/10/2024 04:20	1944	21.1	-34.3	21	-0.1	21.4	-22.5	21.1	-0.9
31/10/2024 04:25	1945	21	-34.3	20.9	-0.1	21.3	-22.7	21.1	-1
31/10/2024 04:30	1946	21	-34.5	20.9	-0.1	21.3	-22.7	21	-1
31/10/2024 04:35	1947	21	-34.7	20.8	-0.1	21.2	-22.8	21	-1
31/10/2024 04:40	1948	20.9	-34.8	20.8	-0.1	21.2	-22.9	20.9	-1
31/10/2024 04:45	1949	20.9	-34.8	20.7	-0.1	21.1	-23	20.9	-1
31/10/2024 04:50	1950	20.9	-34.9	20.7	-0.1	21.1	-23	20.9	-1.1
31/10/2024 04:55	1951	20.8	-35.2	20.7	-0.1	21.1	-23	20.8	-1.1
31/10/2024 05:00	1952	20.8	-35.3	20.6	-0.1	21	-23.1	20.8	-1.1
31/10/2024 05:05	1953	20.8	-35.2	20.6	-0.1	21	-23.2	20.7	-1.1
31/10/2024 05:10	1954	20.7	-35.4	20.5	-0.1	20.9	-23.3	20.7	-1.2
31/10/2024 05:15	1955	20.7	-35.6	20.5	-0.1	20.9	-23.3	20.7	-1.2
31/10/2024 05:20	1956	20.7	-35.7	20.4	-0.1	20.9	-23.4	20.6	-1.2
31/10/2024 05:25	1957	20.6	-35.7	20.4	-0.1	20.8	-23.4	20.6	-1.2
31/10/2024 05:30	1958	20.6	-36	20.4	-0.1	20.8	-23.5	20.5	-1.3
31/10/2024 05:35	1959	20.6	-36.1	20.3	-0.1	20.7	-23.6	20.5	-1.3
31/10/2024 05:40	1960	20.5	-36.2	20.3	-0.1	20.7	-23.7	20.5	-1.3
31/10/2024 05:45	1961	20.5	-36.3	20.3	-0.1	20.7	-23.8	20.4	-1.4
31/10/2024 05:50	1962	20.5	-36.6	20.3	-0.1	20.6	-23.7	20.4	-1.4
31/10/2024 05:55	1963	20.5	-36.7	20.2	-0.1	20.6	-23.8	20.4	-1.4
31/10/2024 06:00	1964	20.4	-36.7	20.2	-0.1	20.6	-23.9	20.4	-1.4
31/10/2024 06:05	1965	20.4	-36.7	20.2	-0.1	20.6	-24	20.3	-1.5
31/10/2024 06:10	1966	20.4	-36.8	20.1	-0.1	20.5	-24	20.3	-1.5
31/10/2024 06:15	1967	20.4	-37	20.1	-0.1	20.5	-24	20.3	-1.6
31/10/2024 06:20	1968	20.4	-37.2	20.1	-0.1	20.5	-24.1	20.2	-1.6
31/10/2024 06:25	1969	20.3	-37.3	20.1	-0.1	20.5	-24.2	20.2	-1.6
31/10/2024 06:30	1970	20.3	-37.4	20	-0.1	20.4	-24.2	20.2	-1.6
31/10/2024 06:35	1971	20.3	-37.5	20	-0.1	20.4	-24.3	20.1	-1.7
31/10/2024 06:40	1972	20.3	-37.7	20	-0.1	20.4	-24.4	20.1	-1.7
31/10/2024 06:45	1973	20.3	-37.6	19.9	-0.1	20.4	-24.5	20.1	-1.7
31/10/2024 06:50	1974	20.2	-37.7	19.9	-0.1	20.3	-24.5	20.1	-1.7
31/10/2024 06:55	1975	20.2	-37.9	19.9	-0.1	20.3	-24.5	20	-1.8
31/10/2024 07:00	1976	20.2	-38.1	19.9	-0.1	20.3	-24.5	20	-1.8
31/10/2024 07:05	1977	20.2	-38.3	19.9	-0.1	20.3	-24.6	20	-1.9
31/10/2024 07:10	1978	20.2	-38.4	19.8	-0.1	20.3	-24.7	20	-1.9
31/10/2024 07:15	1979	20.1	-38.5	19.8	-0.1	20.2	-24.8	20	-1.9
31/10/2024 07:20	1980	20.1	-38.6	19.8	-0.1	20.2	-24.8	19.9	-2
31/10/2024 07:25	1981	20.1	-38.8	19.8	-0.1	20.2	-24.9	19.9	-2
31/10/2024 07:30	1982	20.1	-38.7	19.8	-0.1	20.2	-24.9	19.9	-2.1
31/10/2024 07:35	1983	20.1	-38.6	19.8	-0.1	20.1	-25	19.9	-2.1
31/10/2024 07:40	1984	20.1	-38.9	19.8	-0.1	20.1	-25	19.9	-2.1
31/10/2024 07:45	1985	20	-39.1	19.8	-0.1	20.1	-25	19.9	-2.2
31/10/2024 07:50	1986	20	-39.2	19.7	-0.1	20.1	-25.2	19.8	-2.3
31/10/2024 07:55	1987	20	-39.2	19.7	-0.1	20	-25.3	19.8	-2.3
31/10/2024 08:00	1988	20	-39.3	19.8	-0.1	20.1	-25.3	19.8	-2.4
31/10/2024 08:05	1989	20	-39.6	19.8	-0.1	20.1	-25.3	19.8	-2.5
31/10/2024 08:10	1990	20.1	-39.7	19.9	-0.1	20.1	-25.4	19.9	-2.6
31/10/2024 08:15	1991	20.1	-39.8	19.9	-0.1	20.1	-25.6	19.9	-2.6
31/10/2024 08:20	1992	20.2	-39.9	19.9	-0.1	20.2	-25.6	19.9	-2.8
31/10/2024 08:25	1993	20.3	-40.2	20	-0.1	20.2	-25.6	20	-2.9
31/10/2024 08:30	1994	20.3	-40.2	20.1	-0.1	20.3	-25.8	20	-3
31/10/2024 08:35	1995	20.4	-40.4	20.1	-0.1	20.3	-25.8	20	-3.2
31/10/2024 08:40	1996	20.4	-40.7	20.2	-0.1	20.3	-25.9	20.1	-3.3
31/10/2024 08:45	1997	20.5	-40.6	20.2	-0.1	20.4	-26	20.1	-3.5
31/10/2024 08:50	1998	20.6	-40.6	20.3	-0.1	20.4	-26.1	20.2	-3.7
31/10/2024 08:55	1999	20.6	-40.8	20.3	-0.1	20.4	-26.1	20.2	-3.9
31/10/2024 09:00	2000	20.6	-41	20.4	-0.1	20.5	-26.2	20.3	-4.1
31/10/2024 09:05	2001	20.7	-41.1	20.4	-0.2	20.5	-26.3	20.3	-4.3
31/10/2024 09:10	2002	20.8	-41.4	20.5	-0.2	20.6	-26.4	20.4	-4.5
31/10/2024 09:15	2003	20.8	-41.6	20.5	-0.2	20.6	-26.5	20.4	-4.7
31/10/2024 09:20	2004	20.9	-41.6	20.6	-0.2	20.7	-26.6	20.5	-4.8
31/10/2024 09:25	2005	20.9	-41.8	20.7	-0.2	20.7	-26.6	20.5	-5
31/10/2024 09:30	2006	21	-42.1	20.7	-0.2	20.8	-26.8	20.6	-5.1
31/10/2024 09:35	2007	21.1	-42.2	20.8	-0.2	20.8	-27	20.6	-5.2
31/10/2024 09:40	2008	21.1	-42.4	20.8	-0.2	20.9	-27	20.7	-5.3
31/10/2024 09:45	2009	21.2	-42.5	20.9	-0.2	20.9	-27.2	20.7	-5.4
31/10/2024 09:50	2010	21.2	-42.6	21	-0.2	21	-27.2	20.8	-5.5
31/10/2024 09:55	2011	21.3	-42.7	21	-0.2	21.1	-27.3	20.8	-5.6
31/10/2024 10:00	2012	21.4	-43.1	21.1	-0.2	21.1	-27.4	20.9	-5.7
31/10/2024 10:05	2013	21.5	-43.1	21.2	-0.2	21.2	-27.4	21	-5.8
31/10/2024 10:10	2014	21.6	-43.5	21.2	-0.2	21.3	-27.6	21.1	-5.9
31/10/2024 10:15	2015	21.6	-43.6	21.3	-0.2	21.4	-27.7	21.1	-6.1
31/10/2024 10:20	2016	21.7	-43.6	21.4	-0.3	21.4	-27.8	21.2	-6.2
31/10/2024 10:25	2017	21.8	-44	21.5	-0.3	21.5	-27.9	21.3	-6.3
31/10/2024 10:30	2018	21.9	-44.2	21.6	-0.3	21.6	-28	21.4	-6.4
31/10/2024 10:35	2019	22	-44.4	21.7	-0.3	21.7	-28.2	21.5	-6.6
31/10/2024 10:40	2020	22.1	-44.6	21.7	-0.3	21.7	-28.3	21.6	-6.7
31/10/2024 10:45	2021	22.2	-44.8	21.8	-0.3	21.8	-28.3	21.6	-6.9
31/10/2024 10:50	2022	22.3	-44.9	21.9	-0.3	21.9	-28.5	21.7	-7
31/10/2024 10:55	2023	22.4	-45.1	22	-0.4	22	-28.6	21.8	-7.2
31/10/2024 11:00	2024	22.5	-45.3	22.1	-0.4	22.1	-28.8	21.9	-7.3
31/10/2024 11:05	2025	22.6	-45.7	22.2	-0.4	22.2	-28.8	22	-7.5
31/10/2024 11:10	2026	22.7	-45.7	22.4	-0.3	22.3	-28.9	22.2	-5.9
31/10/2024 11:15	2027	22.8	-45.9	22.6	-0.3	22.4	-29.1	22.3	-4.1
31/10/2024 11:20	2028	23	-46.1	22.7	-0.2	22.5	-29.2	22.4	-2.7
31/10/2024 11:25	2029	23.1	-46.5	22.8	-0.2	22.6	-29.4	22.5	-2.1
31/10/2024 11:30	2030	23.2	-46.6	22.8	-0.1	22.7	-29.5	22.5	-1.7
31/10/2024 11:35	2031	23.3	-46.9	22.9	-0.1	22.8	-29.5	22.6	-1.5
31/10/2024 11:40	2032	23.4	-47	23	-0.1	22.8	-29.7	22.7	-1.3
31/10/2024 11:45	2033	23.5	-47.3	23	-0.1	22.9	-29.7	22.8	-1.2
31/10/2024 11:50	2034	23.6	-47.5	23.1	-0.1	23	-30	22.8	-1.1
31/10/2024 11:55	2035	23.7	-47.9	23.2	-0.1	23.1	-30.1	22.9	-1.1
31/10/2024 12:00	2036	23.8	-48.1	23.2	-0.1	23.2	-30.2	23	-1
31/10/2024 12:05	2037	23.9	-48.1	23.3	-0.1	23.3	-30.3	23.1	-1
31/10/2024 12:10	2038	24	-48.6	23.4	-0.1	23.3	-30.4	23.1	-1
31/10/2024 12:15	2039	24.1	-48.7	23.4	-0.1	23.4	-30.7	23.2	-1
31/10/2024 12:20	2040	24.2	-49.1	23.5	-0.1	23.5	-30.8	23.3	-1
31/10/2024 12:25	2041	24.3	-49.3	23.6	-0.1	23.6	-30.9	23.4	-1
31/10/2024 12:30	2042	24.5	-49.4	23.7	-0.1	23.7	-31.1	23.4	-1
31/10/2024 12:35	2043	24.6	-49.8	23.7	-0.1	23.8	-31.1	23.5	-1
31/10/2024 12:40	2044	24.7	-49.9	23.8	-0.1	23.9	-31.4	23.6	-1
31/10/2024 12:45	2045	24.8	-50.4	23.9	-0.1	24	-31.4	23.7	-1
31/10/2024 12:50	2046	24.9	-50.4	24	-0.1	24.1	-31.6	23.7	-1
31/10/2024 12:55	2047	25	-50.9	24.1	-0.1	24.2	-31.7	23.8	-1
31/10/2024 13:00	2048	25.1	-51.2	24.2	-0.1	24.3	-31.9	23.9	-1.1
31/10/2024 13:05	2049	25.2	-51.5	24.3	-0.1	24.4	-32.1	24.1	-1.1
31/10/2024 13:10	2050	25.4	-51.9	24.4	-0.1	24.5	-32.2	24.2	-1.1
31/10/2024 13:15	2051	25.5	-52.1	24.5	-0.1	24.6	-32.5	24.3	-1.2
31/10/2024 13:20	2052	25.6	-52.4	24.7	-0.1	24.8	-32.5	24.4	-1.2
31/10/2024 13:25	2053	25.7	-52.7	24.8	-0.1	24.9	-32.8	24.5	-1.3
31/10/2024 13:30	2054	25.9	-52.8	24.9	-0.1	25	-32.8	24.6	-1.3
31/10/2024 13:35	2055	26	-53.2	25	-0.1	25.2	-32.9	24.7	-1.4
31/10/2024 13:40	2056	26.1	-53.5	25.1	-0.1	25.3	-33.1	24.8	-1.5
31/10/2024 13:45	2057	26.3	-53.7	25.2	-0.1	25.4	-33.3	25	-1.5
31/10/2024 13:50	2058	26.4	-54.3	25.4	-0.1	25.5	-33.5	25.1	-1.6
31/10/2024 13:55	2059	26.5	-54.5	25.5	-0.1	25.7	-33.5	25.2	-1.7
31/10/2024 14:00	2060	26.6	-54.9	25.6	-0.1	25.8	-33.8	25.3	-1.8
31/10/2024 14:05	2061	26.7	-55.2	25.6	-0.1	25.8	-33.8	25.3	-1.9
31/10/2024 14:10	2062	26.8	-55.6	25.6	-0.1	25.9	-34.1	25.4	-2
31/10/2024 14:15	2063	26.8	-55.9	25.7	-0.2	26	-34.2	25.4	-2.2
31/10/2024 14:20	2064	26.9	-56.6	25.7	-0.2	26.1	-34.4	25.5	-2.3
31/10/2024 14:25	2065	27	-56.7	25.8	-0.2	26.2	-34.6	25.6	-2.4
31/10/2024 14:30	2066	27	-57.3	25.9	-0.2	26.2	-34.6	25.7	-2.6
31/10/2024 14:35	2067	27.1	-57.6	26	-0.2	26.3	-35	25.7	-2.8
31/10/2024 14:40	2068	27.2	-58.1	26.1	-0.2	26.4	-35	25.8	-3.2
31/10/2024 14:45	2069	27.3	-58.3	26.2	-0.2	26.5	-35.3	25.9	-3.4
31/10/2024 14:50	2070	27.4	-58.8	26.2	-0.2	26.6	-35.4	26	-3.7
31/10/2024 14:55	2071	27.5	-59.3	26.3	-0.2	26.7	-35.6	26	-3.9
31/10/2024 15:00	2072	27.5	-59.4	26.4	-0.2	26.8	-35.9	26.1	-4.2
31/10/2024 15:05	2073	27.6	-60	26.4	-0.2	26.8	-35.9	26.2	-4.6
31/10/2024 15:10	2074	27.6	-60.3	26.5	-0.2	26.9	-36.2	26.2	-4.9
31/10/2024 15:15	2075	27.6	-60.6	26.5	-0.2	26.9	-36.3	26.3	-5.1
31/10/2024 15:20	2076	27.6	-61.1	26.5	-0.2	26.9	-36.7	26.3	-5.2
31/10/2024 15:25	2077	27.6	-61.3	26.5	-0.2	26.9	-36.6	26.3	-5.4
31/10/2024 15:30	2078	27.6	-61.8	26.5	-0.3	26.9	-36.9	26.3	-5.5
31/10/2024 15:35	2079	27.6	-62.1	26.5	-0.3	27	-37.1	26.3	-5.7
31/10/2024 15:40	2080	27.6	-62.6	26.5	-0.3	27	-37.3	26.3	-5.9
31/10/2024 15:45	2081	27.6	-62.7	26.6	-0.3	27	-37.6	26.4	-6
31/10/2024 15:50	2082	27.6	-63.3	26.6	-0.3	27	-37.6	26.4	-6.2
31/10/2024 15:55	2083	27.6	-63.7	26.6	-0.3	27	-37.9	26.4	-6.4
31/10/2024 16:00	2084	27.6	-63.8	26.6	-0.3	27	-38	26.4	-6.5
31/10/2024 16:05	2085	27.5	-64.3	26.6	-0.3	27	-38.4	26.4	-6.8
31/10/2024 16:10	2086	27.5	-64.6	26.6	-0.4	27	-38.5	26.5	-6.9
31/10/2024 16:15	2087	27.5	-65.1	26.6	-0.4	27	-38.7	26.5	-7.1
31/10/2024 16:20	2088	27.5	-65.3	26.6	-0.4	27	-38.9	26.5	-7.3
31/10/2024 16:25	2089	27.5	-65.9	26.6	-0.4	27	-39.1	26.5	-7.5
31/10/2024 16:30	2090	27.4	-66.3	26.6	-0.5	27	-39.3	26.4	-7.8
31/10/2024 16:35	2091	27.4	-66.7	26.6	-0.5	27	-39.5	26.4	-8
31/10/2024 16:40	2092	27.4	-67.1	26.6	-0.5	27	-39.8	26.4	-8.2
31/10/2024 16:45	2093	27.4	-67.2	26.6	-0.6	27	-39.9	26.4	-8.6
31/10/2024 16:50	2094	27.4	-67.8	26.6	-0.6	27	-40.4	26.4	-8.8
31/10/2024 16:55	2095	27.4	-68.2	26.6	-0.7	27	-40.4	26.4	-9.1
31/10/2024 17:00	2096	27.4	-68.5	26.6	-0.7	27	-40.6	26.4	-9.4
31/10/2024 17:05	2097	27.4	-69.2	26.6	-0.8	27	-40.8	26.4	-9.7
31/10/2024 17:10	2098	27.3	-69.3	26.7	-0.9	27	-40.8	26.4	-10.1
31/10/2024 17:15	2099	27.3	-69.8	26.7	-1	27	-41.7	26.4	-10.2
31/10/2024 17:20	2100	27.3	-70.5	26.6	-1.1	27	-42	26.4	-10.4
31/10/2024 17:25	2101	27.2	-18.1	26.6	-1.3	26.8	-0.1	26.4	-10.6
31/10/2024 17:30	2102	27.1	-8.8	26.6	-1.5	26.7	-0.2	26.4	-10.8
31/10/2024 17:35	2103	27.1	-7.6	26.6	-1.8	26.6	-0.2	26.4	-10.9
31/10/2024 17:40	2104	27.1	-6.1	26.6	-2	26.6	-0.2	26.4	-11.1
31/10/2024 17:45	2105	27.1	-4.6	26.6	-2.2	26.6	-0.2	26.3	-11.3
31/10/2024 17:50	2106	27.1	-2.5	26.6	-2.5	26.6	-0.2	26.3	-11.5
31/10/2024 17:55	2107	27.1	-1.5	26.6	-3	26.6	-0.2	26.3	-11.7
31/10/2024 18:00	2108	27.1	-1	26.5	-3.4	26.6	-0.2	26.3	-11.9
31/10/2024 18:05	2109	27	-0.7	26.5	-4.1	26.6	-0.2	26.3	-12.2
31/10/2024 18:10	2110	27	-0.6	26.5	-4.8	26.6	-0.2	26.3	-12.3
31/10/2024 18:15	2111	27	-0.5	26.4	-5.2	26.5	-0.2	26.3	-12.5
31/10/2024 18:20	2112	27	-0.4	26.4	-5.5	26.5	-0.2	26.2	-12.7
31/10/2024 18:25	2113	27	-0.4	26.4	-5.7	26.5	-0.2	26.2	-13
31/10/2024 18:30	2114	26.9	-0.4	26.3	-6	26.4	-0.2	26.2	-13.2
31/10/2024 18:35	2115	26.9	-0.4	26.3	-6.2	26.4	-0.2	26.1	-13.4
31/10/2024 18:40	2116	26.8	-0.4	26.2	-6.5	26.3	-0.2	26.1	-13.6
31/10/2024 18:45	2117	26.8	-0.4	26.1	-6.8	26.3	-0.2	26	-13.9
31/10/2024 18:50	2118	26.7	-0.4	26.1	-7.2	26.2	-0.2	26	-14.1
31/10/2024 18:55	2119	26.6	-0.4	26	-7.6	26.2	-0.2	26	-14.3
31/10/2024 19:00	2120	26.6	-0.4	26	-8	26.1	-0.2	25.9	-14.5
31/10/2024 19:05	2121	26.5	-0.4	25.9	-8.5	26.1	-0.2	25.9	-14.7
31/10/2024 19:10	2122	26.5	-0.4	25.9	-9	26	-0.3	25.8	-15
31/10/2024 19:15	2123	26.4	-0.4	25.8	-9.4	26	-0.3	25.8	-15.2
31/10/2024 19:20	2124	26.4	-0.4	25.8	-10	26	-0.3	25.7	-15.5
31/10/2024 19:25	2125	26.3	-0.4	25.8	-10.1	25.9	-0.3	25.7	-15.7
31/10/2024 19:30	2126	26.3	-0.4	25.7	-10.2	25.9	-0.3	25.6	-15.9
31/10/2024 19:35	2127	26.2	-0.4	25.7	-10.3	25.8	-0.3	25.6	-16.2
31/10/2024 19:40	2128	26.2	-0.4	25.6	-10.4	25.7	-0.3	25.5	-16.5
31/10/2024 19:45	2129	26.1	-0.4	25.5	-10.5	25.7	-0.3	25.4	-16.7
31/10/2024 19:50	2130	26	-0.4	25.5	-10.6	25.6	-0.3	25.4	-16.9
31/10/2024 19:55	2131	26	-0.4	25.4	-10.7	25.6	-0.3	25.3	-17.1
31/10/2024 20:00	2132	25.9	-0.4	25.4	-10.9	25.5	-0.3	25.3	-17.5
31/10/2024 20:05	2133	25.9	-0.4	25.3	-11	25.5	-0.3	25.2	-17.6
31/10/2024 20:10	2134	25.9	-0.4	25.2	-11.1	25.4	-0.3	25.2	-17.9
31/10/2024 20:15	2135	25.8	-0.5	25.2	-11.2	25.4	-0.3	25.1	-18.2
31/10/2024 20:20	2136	25.8	-0.5	25.2	-11.3	25.3	-0.3	25.1	-18.4
31/10/2024 20:25	2137	25.8	-0.5	25.1	-11.4	25.3	-0.3	25.1	-18.8
31/10/2024 20:30	2138	25.7	-0.5	25	-11.5	25.2	-0.3	25	-19
31/10/2024 20:35	2139	25.7	-0.5	25	-11.6	25.2	-0.3	25	-19.3
31/10/2024 20:40	2140	25.6	-0.5	25	-11.7	25.1	-0.3	24.9	-19.5
31/10/2024 20:45	2141	25.6	-0.5	24.9	-11.8	25.1	-0.3	24.9	-19.7
31/10/2024 20:50	2142	25.5	-0.5	24.9	-11.9	25	-0.3	24.9	-20
31/10/2024 20:55	2143	25.5	-0.5	24.9	-12	25	-0.3	24.8	-20.2
31/10/2024 21:00	2144	25.4	-0.5	24.8	-12.1	25	-0.3	24.8	-20.6
31/10/2024 21:05	2145	25.4	-0.5	24.8	-12.2	24.9	-0.3	24.8	-20.8
31/10/2024 21:10	2146	25.4	-0.5	24.7	-12.3	24.9	-0.3	24.7	-21.1
31/10/2024 21:15	2147	25.3	-0.6	24.7	-12.5	24.8	-0.3	24.7	-21.3
31/10/2024 21:20	2148	25.2	-0.6	24.6	-12.5	24.8	-0.3	24.6	-21.6
31/10/2024 21:25	2149	25.2	-0.6	24.6	-12.7	24.7	-0.3	24.6	-21.9
31/10/2024 21:30	2150	25.1	-0.6	24.5	-12.8	24.7	-0.3	24.5	-22.1
31/10/2024 21:35	2151	25.1	-0.6	24.5	-12.9	24.6	-0.3	24.5	-22.3
31/10/2024 21:40	2152	25	-0.6	24.4	-13	24.6	-0.3	24.4	-22.6
31/10/2024 21:45	2153	25	-0.6	24.4	-13.1	24.5	-0.3	24.4	-22.9
31/10/2024 21:50	2154	24.9	-0.7	24.3	-13.2	24.5	-0.3	24.4	-23.1
31/10/2024 21:55	2155	24.9	-0.7	24.3	-13.3	24.4	-0.4	24.3	-23.4
31/10/2024 22:00	2156	24.8	-0.7	24.2	-13.4	24.4	-0.4	24.3	-23.7
31/10/2024 22:05	2157	24.8	-0.7	24.2	-13.5	24.3	-0.4	24.3	-23.9
31/10/2024 22:10	2158	24.7	-0.8	24.2	-13.6	24.3	-0.4	24.2	-24.2
31/10/2024 22:15	2159	24.6	-0.8	24.1	-13.7	24.2	-0.4	24.2	-24.5
31/10/2024 22:20	2160	24.6	-0.8	24.1	-13.8	24.2	-0.4	24.1	-24.7
31/10/2024 22:25	2161	24.5	-0.9	24	-14	24.1	-0.4	24.1	-24.9
31/10/2024 22:30	2162	24.5	-0.9	24	-14.1	24.1	-0.4	24.1	-25
31/10/2024 22:35	2163	24.4	-0.9	23.9	-14.1	24.1	-0.4	24	-25.9
31/10/2024 22:40	2164	24.4	-1	23.9	-14.3	24	-0.4	24	-26.1
31/10/2024 22:45	2165	24.3	-1.1	23.9	-14.4	24	-0.4	23.9	-26.4
31/10/2024 22:50	2166	24.3	-1.1	23.8	-14.5	23.9	-0.4	23.9	-26.6
31/10/2024 22:55	2167	24.3	-1.2	23.8	-14.6	23.9	-0.4	23.9	-26.9
31/10/2024 23:00	2168	24.3	-1.3	23.7	-14.7	23.9	-0.4	23.8	-27.2
31/10/2024 23:05	2169	24.2	-1.4	23.7	-14.8	23.9	-0.4	23.8	-27.3
31/10/2024 23:10	2170	24.2	-1.4	23.7	-14.9	23.8	-0.4	23.8	-27.7
31/10/2024 23:15	2171	24.2	-1.6	23.6	-15	23.8	-0.4	23.7	-27.9
31/10/2024 23:20	2172	24.2	-1.7	23.6	-15.1	23.8	-0.4	23.7	-28.2
31/10/2024 23:25	2173	24.2	-1.8	23.6	-15.2	23.8	-0.4	23.7	-28.4
31/10/2024 23:30	2174	24.2	-1.9	23.6	-15.3	23.8	-0.4	23.6	-28.6
31/10/2024 23:35	2175	24.2	-2.1	23.5	-15.5	23.8	-0.4	23.6	-28.9
31/10/2024 23:40	2176	24.2	-2.2	23.5	-15.5	23.8	-0.4	23.6	-29.1
31/10/2024 23:45	2177	24.2	-2.3	23.5	-15.7	23.8	-0.4	23.6	-29.4
31/10/2024 23:50	2178	24.2	-2.5	23.5	-15.7	23.8	-0.4	23.6	-29.7
31/10/2024 23:55	2179	24.2	-2.7	23.5	-15.9	23.7	-0.4	23.5	-29.9
01/11/2024 00:00	2180	24.2	-2.9	23.5	-15.9	23.7	-0.4	23.5	-30
01/11/2024 00:05	2181	24.1	-3.1	23.4	-16	23.7	-0.4	23.5	-30.2
01/11/2024 00:10	2182	24.1	-3.2	23.4	-16.1	23.6	-0.5	23.4	-30.4
01/11/2024 00:15	2183	24	-3.4	23.3	-16.2	23.6	-0.5	23.4	-30.6
01/11/2024 00:20	2184	23.9	-3.6	23.2	-16.3	23.5	-0.5	23.3	-30.8
01/11/2024 00:25	2185	23.9	-3.8	23.1	-16.3	23.5	-0.5	23.3	-30.9
01/11/2024 00:30	2186	23.8	-3.9	23.1	-16.4	23.4	-0.5	23.2	-31.1
01/11/2024 00:35	2187	23.8	-4.1	23	-16.5	23.4	-0.5	23.1	-31.2
01/11/2024 00:40	2188	23.7	-4.3	22.9	-16.6	23.3	-0.5	23.1	-31.4
01/11/2024 00:45	2189	23.6	-4.5	22.9	-16.7	23.3	-0.5	23	-31.6
01/11/2024 00:50	2190	23.6	-4.7	22.8	-16.7	23.2	-0.5	23	-31.6
01/11/2024 00:55	2191	23.5	-4.9	22.7	-16.7	23.2	-0.5	22.9	-31.9
01/11/2024 01:00	2192	23.4	-5	22.6	-16.8	23.1	-0.5	22.8	-32.1
01/11/2024 01:05	2193	23.4	-5.1	22.6	-16.9	23.1	-0.5	22.8	-32.1
01/11/2024 01:10	2194	23.3	-5.1	22.5	-16.9	23	-0.5	22.7	-32.3
01/11/2024 01:15	2195	23.2	-5.2	22.4	-17	22.9	-0.5	22.7	-32.4
01/11/2024 01:20	2196	23.1	-5.3	22.4	-17	22.9	-0.5	22.6	-32.4
01/11/2024 01:25	2197	23.1	-5.3	22.3	-17.1	22.8	-0.5	22.5	-32.7
01/11/2024 01:30	2198	23	-5.4	22.2	-17.2	22.8	-0.5	22.5	-32.8
01/11/2024 01:35	2199	22.9	-5.5	22.2	-17.2	22.7	-0.5	22.4	-32.9
01/11/2024 01:40	2200	22.9	-5.6	22.1	-17.3	22.7	-0.5	22.4	-33.2
01/11/2024 01:45	2201	22.8	-5.7	22	-17.3	22.6	-0.5	22.3	-33.3
01/11/2024 01:50	2202	22.7	-5.7	22	-17.3	22.6	-0.5	22.2	-33.3
01/11/2024 01:55	2203	22.7	-5.8	21.9	-17.4	22.5	-0.5	22.2	-33.5
01/11/2024 02:00	2204	22.6	-5.9	21.9	-17.5	22.4	-0.5	22.1	-33.6
01/11/2024 02:05	2205	22.6	-5.9	21.8	-17.5	22.4	-0.5	22.1	-33.7
01/11/2024 02:10	2206	22.5	-6	21.8	-17.6	22.3	-0.5	22	-33.8
01/11/2024 02:15	2207	22.5	-6	21.7	-17.6	22.3	-0.5	22	-34
01/11/2024 02:20	2208	22.4	-6.1	21.7	-17.6	22.2	-0.5	21.9	-34.1
01/11/2024 02:25	2209	22.3	-6.2	21.7	-17.7	22.2	-0.5	21.9	-34.1
01/11/2024 02:30	2210	22.3	-6.2	21.6	-17.8	22.1	-0.5	21.8	-34.2
01/11/2024 02:35	2211	22.2	-6.3	21.6	-17.8	22.1	-0.5	21.8	-34.3
01/11/2024 02:40	2212	22.2	-6.4	21.5	-17.8	22	-0.5	21.7	-34.5
01/11/2024 02:45	2213	22.1	-6.5	21.5	-17.9	22	-0.5	21.7	-34.5
01/11/2024 02:50	2214	22.1	-6.5	21.4	-18	22	-0.5	21.7	-34.7
01/11/2024 02:55	2215	22	-6.6	21.4	-18	21.9	-0.6	21.6	-34.8
01/11/2024 03:00	2216	22	-6.7	21.4	-17.9	21.9	-0.6	21.6	-35
01/11/2024 03:05	2217	21.9	-6.7	21.3	-18	21.8	-0.6	21.5	-35
01/11/2024 03:10	2218	21.9	-6.8	21.3	-18.1	21.8	-0.6	21.5	-35.1
01/11/2024 03:15	2219	21.8	-6.9	21.2	-18.1	21.8	-0.6	21.5	-35.3
01/11/2024 03:20	2220	21.8	-7	21.2	-18.1	21.7	-0.6	21.4	-35.4
01/11/2024 03:25	2221	21.8	-7	21.2	-18.2	21.7	-0.6	21.4	-35.5
01/11/2024 03:30	2222	21.7	-7.1	21.1	-18.2	21.7	-0.6	21.3	-35.5
01/11/2024 03:35	2223	21.7	-7.2	21.1	-18.3	21.6	-0.6	21.3	-35.7
01/11/2024 03:40	2224	21.7	-7.2	21.1	-18.3	21.6	-0.6	21.3	-35.9
01/11/2024 03:45	2225	21.6	-7.3	21.1	-18.3	21.6	-0.6	21.2	-35.9
01/11/2024 03:50	2226	21.6	-7.4	21	-18.4	21.5	-0.6	21.2	-35.8
01/11/2024 03:55	2227	21.6	-7.5	21	-18.4	21.5	-0.6	21.2	-35.9
01/11/2024 04:00	2228	21.5	-7.5	21	-18.5	21.4	-0.6	21.1	-36
01/11/2024 04:05	2229	21.5	-7.6	20.9	-18.5	21.4	-0.6	21.1	-36.2
01/11/2024 04:10	2230	21.5	-7.7	20.9	-18.5	21.4	-0.6	21.1	-36.3
01/11/2024 04:15	2231	21.4	-7.7	20.9	-18.6	21.4	-0.6	21.1	-36.4
01/11/2024 04:20	2232	21.4	-7.8	20.9	-18.6	21.3	-0.6	21	-36.5
01/11/2024 04:25	2233	21.4	-7.9	20.8	-18.7	21.3	-0.6	21	-36.7
01/11/2024 04:30	2234	21.3	-8	20.8	-18.7	21.3	-0.6	21	-36.8
01/11/2024 04:35	2235	21.3	-8.1	20.8	-18.7	21.2	-0.6	20.9	-36.8
01/11/2024 04:40	2236	21.3	-8.2	20.8	-18.7	21.2	-0.7	20.9	-36.8
01/11/2024 04:45	2237	21.2	-8.2	20.8	-18.8	21.2	-0.7	20.9	-37
01/11/2024 04:50	2238	21.2	-8.3	20.7	-18.8	21.2	-0.7	20.9	-37.1
01/11/2024 04:55	2239	21.2	-8.4	20.7	-18.8	21.1	-0.7	20.8	-37.1
01/11/2024 05:00	2240	21.2	-8.5	20.7	-18.9	21.1	-0.7	20.8	-37.3
01/11/2024 05:05	2241	21.1	-8.5	20.7	-18.9	21.1	-0.7	20.8	-37.4
01/11/2024 05:10	2242	21.1	-8.6	20.7	-19	21.1	-0.7	20.8	-37.3
01/11/2024 05:15	2243	21.1	-8.7	20.7	-19	21	-0.7	20.8	-37.4
01/11/2024 05:20	2244	21.1	-8.8	20.6	-19	21	-0.8	20.7	-37.5
01/11/2024 05:25	2245	21.1	-8.9	20.6	-19	21	-0.7	20.7	-37.5
01/11/2024 05:30	2246	21	-8.9	20.6	-19	21	-0.7	20.7	-37.8
01/11/2024 05:35	2247	21	-9	20.6	-19	21	-0.8	20.7	-37.8
01/11/2024 05:40	2248	21	-9.1	20.6	-19.1	21	-0.8	20.7	-37.8
01/11/2024 05:45	2249	21	-9.2	20.6	-19.2	20.9	-0.8	20.6	-38
01/11/2024 05:50	2250	21	-9.2	20.6	-19.2	20.9	-0.8	20.6	-38
01/11/2024 05:55	2251	20.9	-9.3	20.6	-19.2	20.9	-0.8	20.6	-38
01/11/2024 06:00	2252	20.9	-9.4	20.5	-19.2	20.9	-0.8	20.6	-38.2
01/11/2024 06:05	2253	20.9	-9.5	20.5	-19.2	20.9	-0.8	20.6	-38.4
01/11/2024 06:10	2254	20.9	-9.6	20.5	-19.3	20.9	-0.8	20.6	-38.4
01/11/2024 06:15	2255	20.9	-9.6	20.5	-19.3	20.8	-0.9	20.5	-38.4
01/11/2024 06:20	2256	20.9	-9.7	20.5	-19.4	20.8	-0.9	20.5	-38.4
01/11/2024 06:25	2257	20.8	-9.8	20.5	-19.4	20.8	-0.9	20.5	-38.6
01/11/2024 06:30	2258	20.8	-9.9	20.5	-19.4	20.8	-0.9	20.5	-38.8
01/11/2024 06:35	2259	20.8	-10	20.5	-19.4	20.8	-0.9	20.5	-38.8
01/11/2024 06:40	2260	20.8	-10	20.5	-19.5	20.8	-0.9	20.5	-38.9
01/11/2024 06:45	2261	20.8	-10.1	20.4	-19.5	20.8	-1	20.5	-38.9
01/11/2024 06:50	2262	20.8	-10.2	20.4	-19.5	20.7	-1	20.4	-39
01/11/2024 06:55	2263	20.8	-10.2	20.4	-19.6	20.7	-1	20.4	-38.9
01/11/2024 07:00	2264	20.7	-10.3	20.4	-19.6	20.7	-1	20.4	-39
01/11/2024 07:05	2265	20.7	-10.4	20.4	-19.6	20.7	-1	20.4	-39.1
01/11/2024 07:10	2266	20.7	-10.4	20.4	-19.7	20.7	-1	20.4	-39.3
01/11/2024 07:15	2267	20.7	-10.5	20.4	-19.7	20.7	-1	20.4	-39.5
01/11/2024 07:20	2268	20.7	-10.5	20.4	-19.8	20.7	-1	20.4	-39.5
01/11/2024 07:25	2269	20.7	-10.6	20.4	-19.8	20.7	-1.1	20.4	-39.4
01/11/2024 07:30	2270	20.7	-10.7	20.4	-19.8	20.7	-1.1	20.4	-39.6
01/11/2024 07:35	2271	20.7	-10.7	20.4	-19.7	20.7	-1.1	20.4	-39.4
01/11/2024 07:40	2272	20.7	-10.8	20.3	-19.8	20.6	-1.1	20.3	-39.8
01/11/2024 07:45	2273	20.7	-10.9	20.3	-19.9	20.6	-1.2	20.3	-39.8
01/11/2024 07:50	2274	20.7	-11	20.3	-19.9	20.6	-1.2	20.3	-39.9
01/11/2024 07:55	2275	20.7	-11	20.2	-19.9	20.6	-1.2	20.3	-40.1
01/11/2024 08:00	2276	20.7	-11.1	20.2	-20	20.6	-1.2	20.3	-40
01/11/2024 08:05	2277	20.7	-11.2	20.2	-20	20.6	-1.3	20.3	-40.2
01/11/2024 08:10	2278	20.7	-11.3	20.2	-20.1	20.6	-1.4	20.3	-40.4
01/11/2024 08:15	2279	20.8	-11.4	20.2	-20.2	20.6	-1.4	20.3	-40.4
01/11/2024 08:20	2280	20.8	-11.4	20.2	-20.2	20.6	-1.5	20.3	-40.6
01/11/2024 08:25	2281	20.8	-11.6	20.3	-20.2	20.6	-1.5	20.4	-40.9
01/11/2024 08:30	2282	20.9	-11.6	20.3	-20.4	20.7	-1.6	20.4	-40.9
01/11/2024 08:35	2283	20.9	-11.8	20.4	-20.4	20.7	-1.7	20.4	-41.1
01/11/2024 08:40	2284	21	-11.8	20.4	-20.4	20.7	-1.8	20.5	-41.3
01/11/2024 08:45	2285	21	-11.9	20.5	-20.5	20.7	-1.9	20.5	-41.4
01/11/2024 08:50	2286	21.1	-12.1	20.5	-20.6	20.7	-1.9	20.5	-41.7
01/11/2024 08:55	2287	21.1	-12.2	20.6	-20.7	20.8	-2.1	20.6	-41.9
01/11/2024 09:00	2288	21.2	-12.3	20.6	-20.8	20.8	-2.2	20.6	-41.9
01/11/2024 09:05	2289	21.2	-12.4	20.6	-20.9	20.8	-2.3	20.6	-42.3
01/11/2024 09:10	2290	21.2	-12.6	20.7	-21	20.8	-2.4	20.7	-42.4
01/11/2024 09:15	2291	21.3	-12.7	20.7	-21.2	20.9	-2.6	20.7	-42.7
01/11/2024 09:20	2292	21.3	-12.8	20.8	-21.2	20.9	-2.8	20.8	-42.9
01/11/2024 09:25	2293	21.4	-13	20.8	-21.3	20.9	-2.9	20.8	-43
01/11/2024 09:30	2294	21.4	-13.1	20.9	-21.5	20.9	-3.1	20.8	-43.2
01/11/2024 09:35	2295	21.5	-13.2	20.9	-21.5	21	-3.3	20.9	-43.4
01/11/2024 09:40	2296	21.5	-13.4	21	-21.7	21	-3.5	20.9	-43.9
01/11/2024 09:45	2297	21.6	-13.5	21	-21.7	21	-3.7	21	-43.9
01/11/2024 09:50	2298	21.6	-13.7	21	-21.9	21.1	-4	21	-44.1
01/11/2024 09:55	2299	21.7	-13.8	21.1	-21.9	21.1	-4.3	21	-44.4
01/11/2024 10:00	2300	21.7	-14	21.1	-22.1	21.1	-4.5	21.1	-44.7
01/11/2024 10:05	2301	21.7	-14.2	21.2	-22.1	21.2	-4.8	21.1	-44.9
01/11/2024 10:10	2302	21.8	-14.3	21.2	-22.4	21.2	-5.1	21.1	-45
01/11/2024 10:15	2303	21.8	-14.5	21.2	-22.3	21.2	-5.2	21.2	-45.4
01/11/2024 10:20	2304	21.8	-14.6	21.3	-22.6	21.2	-5.3	21.2	-45.7
01/11/2024 10:25	2305	21.9	-14.8	21.3	-22.6	21.3	-5.4	21.3	-46
01/11/2024 10:30	2306	21.9	-15	21.4	-22.8	21.3	-5.6	21.3	-46
01/11/2024 10:35	2307	21.9	-15.2	21.4	-22.9	21.3	-5.7	21.3	-46.6
01/11/2024 10:40	2308	22	-15.3	21.4	-23.1	21.4	-5.8	21.4	-46.5
01/11/2024 10:45	2309	22	-15.5	21.5	-23.2	21.4	-6	21.4	-47.1
01/11/2024 10:50	2310	22	-15.7	21.5	-23.4	21.4	-6.2	21.5	-47.2
01/11/2024 10:55	2311	22.1	-15.9	21.6	-23.5	21.5	-6.3	21.5	-47.4
01/11/2024 11:00	2312	22.1	-16	21.6	-23.6	21.5	-6.5	21.5	-47.7
01/11/2024 11:05	2313	22.1	-16.2	21.6	-23.8	21.5	-6.6	21.6	-48.1
01/11/2024 11:10	2314	22.2	-16.4	21.7	-23.9	21.5	-6.8	21.6	-48.3
01/11/2024 11:15	2315	22.2	-16.6	21.7	-24	21.6	-7	21.7	-48.8
01/11/2024 11:20	2316	22.2	-16.8	21.7	-24.1	21.6	-7.2	21.7	-48.9
01/11/2024 11:25	2317	22.3	-17	21.8	-24.4	21.6	-7.4	21.7	-49.4
01/11/2024 11:30	2318	22.3	-17.3	21.8	-24.4	21.7	-7.6	21.7	-49.3
01/11/2024 11:35	2319	22.4	-17.4	21.8	-24.7	21.7	-7.7	21.8	-49.9
01/11/2024 11:40	2320	22.4	-17.7	21.9	-24.8	21.7	-7.9	21.8	-50.1
01/11/2024 11:45	2321	22.4	-17.9	21.9	-24.9	21.7	-8.1	21.9	-50.7
01/11/2024 11:50	2322	22.5	-18.1	22	-25.1	21.8	-8.4	21.9	-50.7
01/11/2024 11:55	2323	22.5	-18.4	22	-25.3	21.8	-8.7	22	-51.3
01/11/2024 12:00	2324	22.6	-18.6	22	-25.4	21.9	-8.9	22	-51.7
01/11/2024 12:05	2325	22.6	-18.8	22.1	-25.5	21.9	-9.2	22	-51.9
01/11/2024 12:10	2326	22.7	-19	22.2	-25.8	21.9	-9.4	22.1	-52.3
01/11/2024 12:15	2327	22.7	-19.2	22.2	-25.9	22	-9.6	22.1	-52.8
01/11/2024 12:20	2328	22.8	-19.5	22.3	-26.2	22	-10	22.2	-53.2
01/11/2024 12:25	2329	22.8	-19.8	22.3	-26.2	22.1	-10	22.2	-53.4
01/11/2024 12:30	2330	22.9	-20	22.4	-26.5	22.1	-10.1	22.3	-53.9
01/11/2024 12:35	2331	22.9	-20.3	22.5	-26.8	22.2	-10.2	22.4	-54.3
01/11/2024 12:40	2332	23	-20.4	22.5	-26.7	22.2	-10.3	22.4	-54.8
01/11/2024 12:45	2333	23	-20.8	22.5	-27.1	22.2	-10.3	22.5	-55.1
01/11/2024 12:50	2334	23.1	-21	22.6	-27.2	22.3	-10.4	22.5	-55.4
01/11/2024 12:55	2335	23.1	-21.2	22.6	-27.3	22.4	-10.5	22.6	-55.8
01/11/2024 13:00	2336	23.2	-21.4	22.7	-27.5	22.4	-10.6	22.6	-56.3
01/11/2024 13:05	2337	23.2	-21.6	22.7	-27.7	22.4	-10.7	22.7	-56.9
01/11/2024 13:10	2338	23.3	-21.9	22.7	-28	22.5	-10.7	22.7	-57.2
01/11/2024 13:15	2339	23.3	-22.5	22.8	-28	22.5	-10.8	22.7	-57.5
01/11/2024 13:20	2340	23.3	-22.7	22.8	-28.3	22.5	-10.9	22.7	-58.2
01/11/2024 13:25	2341	23.3	-23	22.8	-28.6	22.5	-11	22.8	-58.5
01/11/2024 13:30	2342	23.4	-23.2	22.9	-28.7	22.6	-11.1	22.8	-59.1
01/11/2024 13:35	2343	23.4	-23.6	22.9	-29	22.6	-11.2	22.8	-59.4
01/11/2024 13:40	2344	23.4	-23.8	22.9	-29	22.6	-11.3	22.9	-60
01/11/2024 13:45	2345	23.5	-24.1	22.9	-29.4	22.7	-11.4	22.9	-60.5
01/11/2024 13:50	2346	23.5	-24.4	23	-29.5	22.7	-11.5	22.9	-60.8
01/11/2024 13:55	2347	23.5	-24.7	23	-29.7	22.7	-11.6	23	-60.9
01/11/2024 14:00	2348	23.5	-25	23	-30.1	22.8	-11.7	23	-61.4
01/11/2024 14:05	2349	23.6	-25.2	23	-30.2	22.8	-11.8	23	-61.6
01/11/2024 14:10	2350	23.6	-25.6	23.1	-30.5	22.8	-11.9	23	-62.1
01/11/2024 14:15	2351	23.6	-25.8	23.1	-30.7	22.9	-12	23.1	-62.5
01/11/2024 14:20	2352	23.7	-26.1	23.2	-30.7	22.9	-12.1	23.1	-62.6
01/11/2024 14:25	2353	23.7	-26.5	23.2	-31.2	22.9	-12.2	23.1	-63.1
01/11/2024 14:30	2354	23.7	-26.7	23.2	-31.3	22.9	-12.3	23.2	-63.3
01/11/2024 14:35	2355	23.7	-27	23.2	-31.7	22.9	-12.4	23.2	-63.6
01/11/2024 14:40	2356	23.8	-27.3	23.3	-31.7	23	-12.5	23.2	-64.2
01/11/2024 14:45	2357	23.8	-27.7	23.3	-32.1	23	-12.6	23.2	-64.3
01/11/2024 14:50	2358	23.8	-28	23.3	-32.5	23	-12.7	23.3	-64.7
01/11/2024 14:55	2359	23.8	-28.3	23.3	-32.5	23	-12.8	23.3	-65.2
01/11/2024 15:00	2360	23.8	-28.6	23.3	-32.8	23	-12.9	23.3	-65.4
01/11/2024 15:05	2361	23.8	-29.1	23.3	-33.1	23	-13	23.3	-65.8
01/11/2024 15:10	2362	23.8	-29.3	23.3	-33.3	23.1	-13.1	23.3	-66.3
01/11/2024 15:15	2363	23.9	-29.7	23.3	-33.5	23.1	-13.2	23.3	-66.6
01/11/2024 15:20	2364	23.9	-30.1	23.3	-33.7	23.1	-13.3	23.3	-67.1
01/11/2024 15:25	2365	23.9	-30.5	23.3	-34.1	23.1	-13.4	23.3	-67.2
01/11/2024 15:30	2366	23.9	-30.8	23.3	-34.3	23.1	-13.5	23.3	-67.9
01/11/2024 15:35	2367	23.9	-31.2	23.3	-34.6	23.1	-13.6	23.3	-68
01/11/2024 15:40	2368	23.9	-31.5	23.3	-35	23.1	-13.8	23.3	-68.4
01/11/2024 15:45	2369	23.9	-31.7	23.3	-35	23.1	-13.9	23.3	-69
01/11/2024 15:50	2370	23.9	-32.2	23.3	-35.4	23.1	-14	23.3	-69.3
01/11/2024 15:55	2371	23.9	-32.6	23.3	-35.6	23.1	-14.1	23.3	-69.7
01/11/2024 16:00	2372	23.9	-32.9	23.3	-36.1	23.1	-14.2	23.3	-70
01/11/2024 16:05	2373	23.9	-33.3	23.3	-36.1	23.1	-14.3	23.4	-70.4
01/11/2024 16:10	2374	23.9	-33.7	23.3	-36.5	23.1	-14.5	23.4	-70.9
01/11/2024 16:15	2375	23.9	-34.2	23.3	-36.7	23.1	-14.6	23.4	-71
01/11/2024 16:20	2376	23.9	-34.6	23.3	-37	23.1	-14.6	23.4	-71.7
01/11/2024 16:25	2377	23.9	-35	23.3	-37.3	23.1	-14.8	23.4	-72
01/11/2024 16:30	2378	23.9	-35.4	23.3	-37.5	23.2	-14.9	23.4	-72.3
01/11/2024 16:35	2379	23.9	-35.7	23.3	-37.9	23.2	-15.1	23.4	-72.8
01/11/2024 16:40	2380	23.9	-36.2	23.3	-38	23.2	-15.2	23.4	-73.2
01/11/2024 16:45	2381	23.9	-36.5	23.3	-38.6	23.2	-15.3	23.4	-73.9
01/11/2024 16:50	2382	23.9	-36.9	23.3	-38.7	23.2	-15.4	23.4	-74.1
01/11/2024 16:55	2383	23.9	-37.4	23.3	-39	23.2	-15.6	23.4	-74.4
01/11/2024 17:00	2384	23.9	-37.8	23.2	-39.5	23.1	-15.7	23.4	-74.8
01/11/2024 17:05	2385	23.9	-38.3	23.2	-39.5	23.1	-15.9	23.4	-75.2
01/11/2024 17:10	2386	23.9	-38.8	23.2	-40.6	23.1	-15.9	23.3	-76
01/11/2024 17:15	2387	23.9	-39.4	23.2	-40.7	23.1	-16	23.3	-76
01/11/2024 17:20	2388	23.9	-39.6	23.2	-41	23.1	-16.2	23.3	-76.7
01/11/2024 17:25	2389	23.9	-40	23.1	-41.2	23.1	-16.3	23.3	-76.9
01/11/2024 17:30	2390	23.8	-40.5	23.1	-41.6	23.1	-16.5	23.3	-77.1
01/11/2024 17:35	2391	23.8	-41	23.1	-41.7	23.1	-16.6	23.3	-77.5
01/11/2024 17:40	2392	23.8	-41.5	23.1	-42.1	23.1	-16.8	23.3	-78
01/11/2024 17:45	2393	23.8	-41.7	23.1	-42.2	23.1	-16.8	23.3	-78.5
01/11/2024 17:50	2394	23.8	-42.3	23.1	-42.6	23.1	-17	23.2	-79.1
01/11/2024 17:55	2395	23.8	-42.5	23.1	-42.9	23.1	-17.1	23.2	-79.5
01/11/2024 18:00	2396	23.8	-43	23.1	-43	23.1	-17.3	23.2	-79.7
01/11/2024 18:05	2397	23.8	-43.7	23.1	-43.3	23.1	-17.4	23.2	-80.3
01/11/2024 18:10	2398	23.8	-43.9	23.1	-43.7	23.1	-17.6	23.2	-80.8
01/11/2024 18:15	2399	23.8	-44.4	23.1	-43.9	23.1	-17.7	23.2	-81.5
01/11/2024 18:20	2400	23.8	-44.7	23.1	-44.2	23.1	-17.8	23.2	-81.7
01/11/2024 18:25	2401	23.8	-45.3	23.1	-44.5	23.1	-18	23.1	-82.2
01/11/2024 18:30	2402	23.8	-45.8	23.1	-44.7	23	-18.1	23.1	-82.5
01/11/2024 18:35	2403	23.8	-46.2	23	-45.2	23	-18.3	23.1	-83.1
01/11/2024 18:40	2404	23.8	-46.7	23	-45.1	23	-18.5	23.1	-83.4
01/11/2024 18:45	2405	23.8	-47.2	23	-45.7	23	-18.5	23.1	-84.2
01/11/2024 18:50	2406	23.8	-47.7	23	-45.7	23	-18.7	23.1	-84.5
01/11/2024 18:55	2407	23.7	-48	23	-46.4	23	-18.8	23.1	-85.1
01/11/2024 19:00	2408	23.7	-48.6	23	-46.3	23	-19	23.1	-85.4
01/11/2024 19:05	2409	23.7	-49.1	23	-46.9	23	-19.2	23	-86.1
01/11/2024 19:10	2410	23.7	-49.5	23	-47	23	-19.3	23	-86.4
01/11/2024 19:15	2411	23.7	-50.2	23	-47.4	23	-19.5	23	-86.8
01/11/2024 19:20	2412	23.7	-50.6	23	-47.4	23	-19.5	23	-87.3
01/11/2024 19:25	2413	23.7	-51.1	23	-47.9	23	-19.8	23	-88
01/11/2024 19:30	2414	23.7	-51.4	23	-48.1	23	-19.9	23	-88.5
01/11/2024 19:35	2415	23.7	-52.3	23	-48.5	23	-20	23	-88.8
01/11/2024 19:40	2416	23.7	-52.8	23	-48.9	23	-20.2	23	-89.5
01/11/2024 19:45	2417	23.7	-53.1	23	-49.1	23	-20.3	23	-89.6
01/11/2024 19:50	2418	23.7	-53.7	23	-49.3	23	-20.5	23	-90.4
01/11/2024 19:55	2419	23.7	-54.3	23	-49.8	22.9	-20.7	23	-90.9
01/11/2024 20:00	2420	23.7	-55	23	-49.9	22.9	-20.8	23	-91.5
01/11/2024 20:05	2421	23.7	-55.3	23	-50.4	22.9	-21	23	-91.8
01/11/2024 20:10	2422	23.7	-56	22.9	-50.6	22.9	-21.1	23	-92.5
01/11/2024 20:15	2423	23.7	-56.6	22.9	-51.1	23	-21.3	23	-92.7
01/11/2024 20:20	2424	23.7	-57.1	22.9	-51.2	23	-21.5	23	-93.4
01/11/2024 20:25	2425	23.7	-57.7	22.9	-51.8	23	-21.6	23	-93.7
01/11/2024 20:30	2426	23.7	-58.5	22.9	-51.9	23	-21.7	23	-93.7
01/11/2024 20:35	2427	23.7	-59	22.9	-52.3	23	-22	23	-94.7
01/11/2024 20:40	2428	23.7	-59.4	22.9	-52.5	23	-22.1	23	-95.1
01/11/2024 20:45	2429	23.7	-60	22.9	-53	23	-22.3	23	-95.8
01/11/2024 20:50	2430	23.7	-60.6	22.9	-53.3	23	-22.4	23	-96
01/11/2024 20:55	2431	23.7	-61	22.9	-53.8	23	-22.6	23	-96.8
01/11/2024 21:00	2432	23.7	-61.5	22.9	-53.8	23	-22.8	23	-97
01/11/2024 21:05	2433	23.7	-62	22.9	-54.3	23	-22.9	23	-97.8
01/11/2024 21:10	2434	23.7	-62.4	22.9	-54.6	23	-23.1	23	-98.2
01/11/2024 21:15	2435	23.7	-62.7	22.9	-55	23	-23.3	23	-98.3
01/11/2024 21:20	2436	23.7	-63.3	22.9	-55.4	23	-23.5	23	-99.2
01/11/2024 21:25	2437	23.7	-63.9	22.9	-55.7	23	-23.6	23	-99.5
01/11/2024 21:30	2438	23.7	-64.2	22.9	-56	23	-23.7	23	-100.2
01/11/2024 21:35	2439	23.7	-64.7	22.9	-56.3	23	-24	23	-100.7
01/11/2024 21:40	2440	23.7	-65.3	22.9	-56.8	23	-24.1	23	-101.1
01/11/2024 21:45	2441	23.7	-65.6	22.9	-57	23	-24.3	23	-102
01/11/2024 21:50	2442	23.7	-66.3	22.9	-57.3	23	-24.6	23	-102.2
01/11/2024 21:55	2443	23.7	-66.7	22.9	-57.6	22.9	-24.7	23	-102.7
01/11/2024 22:00	2444	23.7	-67.2	22.9	-58.4	22.9	-24.8	23	-103.3
01/11/2024 22:05	2445	23.7	-67.6	22.9	-58.3	22.9	-25.1	23	-103.2
01/11/2024 22:10	2446	23.6	-68.2	22.9	-58.8	22.9	-25.3	23	-104.2
01/11/2024 22:15	2447	23.6	-69	22.8	-59.1	22.9	-25.4	23	-104.6
01/11/2024 22:20	2448	23.6	-69.5	22.8	-59.2	22.9	-25.6	23	-104.5
01/11/2024 22:25	2449	23.6	-69.9	22.8	-59.8	22.9	-25.8	23	-105.7
01/11/2024 22:30	2450	23.5	-70.5	22.8	-60.1	22.9	-25.9	22.9	-106
01/11/2024 22:35	2451	23.5	-71.1	22.8	-60.5	22.9	-26.2	22.9	-106.5
01/11/2024 22:40	2452	23.5	-71.5	22.8	-60.7	22.9	-26.3	22.9	-107.2
01/11/2024 22:45	2453	23.5	-72.1	22.8	-61	22.9	-26.4	22.9	-107.2
01/11/2024 22:50	2454	23.5	-72.8	22.8	-61.2	22.8	-26.7	22.9	-108
01/11/2024 22:55	2455	23.5	-73.1	22.8	-61.5	22.8	-26.9	22.9	-108.6
01/11/2024 23:00	2456	23.5	-73.9	22.8	-61.6	22.8	-27	22.9	-108.6
01/11/2024 23:05	2457	23.5	-74.3	22.8	-62	22.8	-27.3	22.9	-109.5
01/11/2024 23:10	2458	23.5	-74.8	22.8	-62.1	22.8	-27.5	22.9	-109.9
01/11/2024 23:15	2459	23.5	-75.4	22.8	-62.3	22.8	-27.6	22.9	-110.1
01/11/2024 23:20	2460	23.5	-76.3	22.8	-62.5	22.9	-27.9	22.9	-112.7
01/11/2024 23:25	2461	23.5	-76.5	22.8	-62.9	22.9	-28	22.9	-114.2
01/11/2024 23:30	2462	23.5	-77	22.8	-63.1	22.9	-28.2	22.9	-114
01/11/2024 23:35	2463	23.6	-77.6	22.9	-63.4	22.9	-28.4	22.9	-114.5
01/11/2024 23:40	2464	23.6	-78.3	22.9	-63.7	23	-28.5	22.9	-114.9
01/11/2024 23:45	2465	23.6	-79.3	23	-63.8	23	-28.8	22.9	-116.1
01/11/2024 23:50	2466	23.7	-79.6	23	-64.2	23	-29	22.9	-116.2
01/11/2024 23:55	2467	23.7	-80.1	23	-64.3	23	-29.1	22.9	-116.5
02/11/2024 00:00	2468	23.7	-80.9	23	-64.7	23	-29.4	22.9	-117.1
02/11/2024 00:05	2469	23.7	-81.2	23	-64.9	23	-29.5	22.9	-117.6
02/11/2024 00:10	2470	23.6	-81.8	22.9	-65	23	-29.8	22.9	-117.7
02/11/2024 00:15	2471	23.6	-82.5	22.9	-65.4	23	-29.8	22.9	-117.8
02/11/2024 00:20	2472	23.6	-83.1	22.9	-65.4	22.9	-30.1	22.9	-118.2
02/11/2024 00:25	2473	23.5	-83.3	22.8	-65.5	22.9	-30.2	22.8	-118.6
02/11/2024 00:30	2474	23.5	-84.3	22.8	-65.6	22.9	-30.4	22.8	-119.4
02/11/2024 00:35	2475	23.4	-84.4	22.7	-66.1	22.9	-30.6	22.8	-118.7
02/11/2024 00:40	2476	23.4	-84.9	22.7	-66.1	22.9	-30.8	22.7	-119.3
02/11/2024 00:45	2477	23.3	-85.3	22.6	-66.1	22.8	-30.7	22.7	-119.6
02/11/2024 00:50	2478	23.3	-85.7	22.6	-66.5	22.8	-31	22.6	-119.6
02/11/2024 00:55	2479	23.2	-86.3	22.5	-66.6	22.8	-31.2	22.6	-120.1
02/11/2024 01:00	2480	23.1	-86.5	22.4	-66.7	22.7	-31.4	22.5	-120.5
02/11/2024 01:05	2481	23.1	-86.8	22.4	-66.8	22.7	-31.5	22.5	-120.6
02/11/2024 01:10	2482	23	-87.5	22.3	-67	22.6	-31.6	22.4	-120.6
02/11/2024 01:15	2483	23	-87.5	22.2	-67.2	22.6	-31.8	22.4	-120.6
02/11/2024 01:20	2484	22.9	-88.1	22.1	-67.2	22.5	-31.9	22.3	-120.9
02/11/2024 01:25	2485	22.8	-88.6	22	-67.4	22.5	-32	22.2	-121.7
02/11/2024 01:30	2486	22.8	-88.8	22	-67.7	22.4	-32.3	22.1	-121.5
02/11/2024 01:35	2487	22.7	-89.2	21.9	-67.8	22.4	-32.2	22.1	-122
02/11/2024 01:40	2488	22.6	-89.7	21.8	-68.1	22.3	-32.5	22	-122
02/11/2024 01:45	2489	22.6	-90.3	21.7	-68	22.2	-32.6	21.9	-122.3
02/11/2024 01:50	2490	22.5	-90.5	21.6	-68.2	22.2	-32.8	21.9	-122.3
02/11/2024 01:55	2491	22.4	-91.2	21.6	-68.1	22.1	-33.1	21.8	-123.2
02/11/2024 02:00	2492	22.3	-91.7	21.5	-68.4	22	-33.1	21.7	-123.7
02/11/2024 02:05	2493	22.3	-91.6	21.4	-68.8	22	-33.1	21.7	-123.8
02/11/2024 02:10	2494	22.2	-91.8	21.3	-68.9	21.9	-33.4	21.6	-123.9
02/11/2024 02:15	2495	22.1	-92.7	21.3	-68.9	21.9	-33.5	21.5	-124
02/11/2024 02:20	2496	22.1	-92.9	21.2	-69	21.8	-33.6	21.4	-124.2
02/11/2024 02:25	2497	22	-93.3	21.1	-69.3	21.7	-33.9	21.4	-125
02/11/2024 02:30	2498	21.9	-94.3	21.1	-69.5	21.7	-34	21.3	-124.9
02/11/2024 02:35	2499	21.9	-94	21.1	-69.5	21.6	-34	21.2	-125.5
02/11/2024 02:40	2500	21.8	-94.4	21	-69.5	21.6	-34.3	21.2	-125.8
02/11/2024 02:45	2501	21.8	-94.7	21	-69.6	21.5	-34.4	21.1	-125.8
02/11/2024 02:50	2502	21.7	-95.4	20.9	-69.9	21.5	-34.4	21.1	-125.7
02/11/2024 02:55	2503	21.7	-95.4	20.9	-70.3	21.5	-34.7	21	-126
02/11/2024 03:00	2504	21.6	-96.1	20.9	-70.3	21.4	-34.8	21	-127
02/11/2024 03:05	2505	21.6	-96.7	20.8	-70.2	21.4	-34.8	21	-127
02/11/2024 03:10	2506	21.5	-96.7	20.8	-70.4	21.3	-35.1	20.9	-127.2
02/11/2024 03:15	2507	21.5	-96.9	20.8	-70.7	21.3	-35.1	20.9	-127.7
02/11/2024 03:20	2508	21.4	-97.7	20.7	-70.9	21.2	-35.2	20.8	-127.1
02/11/2024 03:25	2509	21.4	-98	20.7	-70.9	21.2	-35.6	20.8	-127.6
02/11/2024 03:30	2510	21.3	-98.2	20.7	-70.8	21.1	-35.6	20.7	-127.8
02/11/2024 03:35	2511	21.3	-98.8	20.6	-71	21.1	-35.6	20.7	-128.2
02/11/2024 03:40	2512	21.3	-99	20.6	-71.1	21.1	-35.8	20.7	-128.6
02/11/2024 03:45	2513	21.2	-99.7	20.6	-71.4	21	-36	20.6	-128.9
02/11/2024 03:50	2514	21.2	-99.9	20.5	-71.5	21	-36	20.6	-129.3
02/11/2024 03:55	2515	21.1	-100.1	20.5	-71.6	21	-36.2	20.5	-129.3
02/11/2024 04:00	2516	21.1	-100.8	20.5	-71.7	20.9	-36.4	20.5	-129.1
02/11/2024 04:05	2517	21.1	-100.9	20.4	-71.6	20.9	-36.5	20.5	-129.3
02/11/2024 04:10	2518	21	-101.4	20.4	-72	20.8	-36.5	20.4	-129.9
02/11/2024 04:15	2519	21	-101.8	20.4	-72.3	20.8	-36.7	20.4	-129.4
02/11/2024 04:20	2520	21	-102.1	20.3	-72.5	20.8	-36.9	20.4	-130.3
02/11/2024 04:25	2521	20.9	-102.5	20.3	-72.4	20.7	-37	20.3	-130.9
02/11/2024 04:30	2522	20.9	-103	20.3	-72.4	20.7	-37	20.3	-131
02/11/2024 04:35	2523	20.9	-103.1	20.3	-72.7	20.7	-37.4	20.3	-131
02/11/2024 04:40	2524	20.8	-103.9	20.2	-72.6	20.7	-37.4	20.2	-130.9
02/11/2024 04:45	2525	20.8	-104.1	20.2	-72.9	20.6	-37.4	20.2	-131
02/11/2024 04:50	2526	20.8	-104.4	20.2	-73	20.6	-37.6	20.2	-131.1
02/11/2024 04:55	2527	20.7	-104.9	20.2	-73.1	20.6	-37.7	20.1	-131.9
02/11/2024 05:00	2528	20.7	-105.5	20.1	-73.3	20.5	-38	20.1	-132.2
02/11/2024 05:05	2529	20.7	-105.6	20.1	-73.5	20.5	-37.9	20.1	-132.6
02/11/2024 05:10	2530	20.7	-105.7	20.1	-73.7	20.5	-38	20	-133.1
02/11/2024 05:15	2531	20.6	-106.1	20	-74	20.5	-38.3	20	-133
02/11/2024 05:20	2532	20.6	-106.6	20	-73.8	20.4	-38.4	20	-133
02/11/2024 05:25	2533	20.6	-107.2	20	-73.8	20.4	-38.4	20	-133.2
02/11/2024 05:30	2534	20.6	-109.8	20	-74	20.4	-38.5	20	-133.1
02/11/2024 05:35	2535	20.5	-109.8	20	-74.1	20.4	-38.7	19.9	-133.7
02/11/2024 05:40	2536	20.5	-110.4	20	-74.3	20.3	-38.9	19.9	-134.3
02/11/2024 05:45	2537	20.5	-110.6	20	-74.5	20.3	-38.9	19.9	-134.6
02/11/2024 05:50	2538	20.5	-111.8	20	-74.6	20.3	-39.1	19.9	-134.8
02/11/2024 05:55	2539	20.5	-112.2	19.9	-74.6	20.3	-39.3	19.8	-134.6
02/11/2024 06:00	2540	20.4	-111.8	19.9	-74.8	20.3	-39.2	19.8	-134.5
02/11/2024 06:05	2541	20.4	-112.4	19.9	-75	20.2	-39.4	19.8	-134.8
02/11/2024 06:10	2542	20.4	-112.9	19.9	-75.2	20.2	-39.4	19.8	-134.8
02/11/2024 06:15	2543	20.4	-113.3	19.9	-75.3	20.2	-39.8	19.8	-135.2
02/11/2024 06:20	2544	20.4	-113.6	19.9	-75.4	20.2	-39.8	19.8	-135
02/11/2024 06:25	2545	20.4	-113.9	19.9	-75.3	20.2	-39.9	19.8	-135.7
02/11/2024 06:30	2546	20.3	-113.8	19.9	-75.4	20.1	-39.9	19.7	-136
02/11/2024 06:35	2547	20.3	-114.7	19.8	-75.5	20.1	-40.5	19.7	-136.5
02/11/2024 06:40	2548	20.3	-115.3	19.8	-75.9	20.1	-40.8	19.7	-136.5
02/11/2024 06:45	2549	20.3	-115.6	19.8	-75.8	20.1	-40.8	19.7	-136.7
02/11/2024 06:50	2550	20.3	-115.3	19.8	-76.2	20.1	-41	19.7	-136.8
02/11/2024 06:55	2551	20.3	-116.2	19.8	-76.2	20	-41.3	19.7	-136.7
02/11/2024 07:00	2552	20.2	-116.6	19.7	-76.2	20	-41.2	19.6	-137.4
02/11/2024 07:05	2553	20.2	-117.1	19.7	-76.2	20	-41.2	19.6	-137.1
02/11/2024 07:10	2554	20.2	-117.6	19.7	-76.6	20	-41.3	19.6	-136.9
02/11/2024 07:15	2555	20.2	-117.8	19.7	-76.7	20	-41.4	19.6	-137.4
02/11/2024 07:20	2556	20.2	-118	19.7	-76.7	20	-41.6	19.6	-138.8
02/11/2024 07:25	2557	20.2	-118.8	19.7	-76.9	20	-41.7	19.6	-138.3
02/11/2024 07:30	2558	20.1	-119.3	19.6	-76.8	19.9	-41.7	19.6	-138.2
02/11/2024 07:35	2559	20.1	-118.8	19.6	-77.2	19.9	-41.7	19.6	-138.8
02/11/2024 07:40	2560	20.1	-119.6	19.6	-77	19.9	-42	19.6	-138.8
02/11/2024 07:45	2561	20.1	-119.9	19.6	-77.2	19.9	-42.1	19.6	-139
02/11/2024 07:50	2562	20.1	-120.7	19.5	-77.5	19.9	-42.2	19.6	-139.6
02/11/2024 07:55	2563	20.1	-121	19.5	-77.4	19.9	-42.2	19.6	-139.9
02/11/2024 08:00	2564	20.1	-121.3	19.5	-77.6	19.9	-42.4	19.6	-140
02/11/2024 08:05	2565	20.2	-121.6	19.6	-77.8	19.9	-42.6	19.6	-140.3
02/11/2024 08:10	2566	20.2	-122.3	19.6	-77.7	20	-42.7	19.6	-140.9
02/11/2024 08:15	2567	20.3	-123	19.7	-78.1	20	-42.8	19.7	-140.8
02/11/2024 08:20	2568	20.4	-123.2	19.8	-78.5	20	-43.2	19.7	-141.2
02/11/2024 08:25	2569	20.4	-124.4	19.9	-78.5	20.1	-43.1	19.8	-142.1
02/11/2024 08:30	2570	20.5	-124.9	19.9	-78.6	20.1	-43.2	19.9	-142.8
02/11/2024 08:35	2571	20.6	-125.7	20	-79	20.2	-43.4	19.9	-142.7
02/11/2024 08:40	2572	20.6	-126	20.1	-79.3	20.2	-43.6	20	-143.3
02/11/2024 08:45	2573	20.7	-127.2	20.2	-79.6	20.3	-43.6	20.1	-144.2
02/11/2024 08:50	2574	20.8	-127.8	20.3	-80.1	20.3	-43.7	20.1	-144.8
02/11/2024 08:55	2575	20.9	-128.3	20.3	-79.9	20.4	-44	20.2	-144.8
02/11/2024 09:00	2576	20.9	-129.6	20.4	-80.3	20.4	-44.1	20.3	-145.7
02/11/2024 09:05	2577	21	-130.1	20.5	-80.6	20.5	-44.3	20.4	-146.4
02/11/2024 09:10	2578	21.1	-131.1	20.6	-80.4	20.6	-44.5	20.4	-147.3
02/11/2024 09:15	2579	21.2	-132.3	20.6	-81.1	20.6	-44.6	20.5	-147.4
02/11/2024 09:20	2580	21.2	-133.6	20.7	-81.4	20.7	-44.9	20.6	-147.6
02/11/2024 09:25	2581	21.3	-134	20.8	-81.4	20.7	-45	20.6	-148.8
02/11/2024 09:30	2582	21.4	-134.2	20.8	-82	20.8	-45.1	20.7	-150.2
02/11/2024 09:35	2583	21.4	-136.2	20.9	-82.5	20.8	-45.3	20.8	-150.1
02/11/2024 09:40	2584	21.5	-136.6	20.9	-82.8	20.9	-45.5	20.8	-151
02/11/2024 09:45	2585	21.5	-138.1	21	-83	20.9	-45.5	20.9	-151.7
02/11/2024 09:50	2586	21.6	-138.3	21	-83.2	20.9	-46	20.9	-152
02/11/2024 09:55	2587	21.6	-139.8	21.1	-83.9	21	-46	21	-152.4
02/11/2024 10:00	2588	21.7	-141	21.1	-84	21	-46.1	21	-153.5
02/11/2024 10:05	2589	21.7	-142.6	21.2	-84.3	21.1	-46.4	21.1	-154.3
02/11/2024 10:10	2590	21.8	-142.8	21.2	-84.8	21.1	-46.5	21.1	-155
02/11/2024 10:15	2591	21.8	-144.5	21.3	-85.3	21.1	-46.7	21.2	-155.8
02/11/2024 10:20	2592	21.9	-145.3	21.3	-85.3	21.2	-47	21.2	-156.8
02/11/2024 10:25	2593	21.9	-147.2	21.4	-85.7	21.2	-47	21.3	-156.8
02/11/2024 10:30	2594	21.9	-148	21.4	-86.4	21.2	-47.2	21.4	-157.3
02/11/2024 10:35	2595	22	-149.2	21.4	-86.9	21.3	-47.6	21.4	-158.7
02/11/2024 10:40	2596	22	-149.9	21.5	-86.7	21.3	-47.7	21.4	-159.2
02/11/2024 10:45	2597	22	-151.5	21.5	-87.5	21.3	-48.1	21.5	-159.6
02/11/2024 10:50	2598	22	-153	21.5	-87.9	21.4	-48.3	21.5	-161.3
02/11/2024 10:55	2599	22.1	-154.4	21.6	-87.9	21.4	-48.3	21.6	-161.4
02/11/2024 11:00	2600	22.1	-155.9	21.6	-88.7	21.4	-48.6	21.6	-162.1
02/11/2024 11:05	2601	22.1	-157.7	21.6	-89	21.5	-48.8	21.7	-162.4
02/11/2024 11:10	2602	22.1	-158.1	21.7	-89.3	21.5	-49.2	21.7	-164
02/11/2024 11:15	2603	22.2	-159.2	21.7	-90	21.5	-49.2	21.7	-164.8
02/11/2024 11:20	2604	22.2	-161.1	21.7	-90.1	21.5	-49.2	21.8	-165
02/11/2024 11:25	2605	22.2	-162.7	21.8	-90.9	21.6	-49.8	21.8	-166.4
02/11/2024 11:30	2606	22.2	-163.5	21.8	-91	21.6	-49.8	21.8	-167.2
02/11/2024 11:35	2607	22.2	-164.9	21.8	-91.3	21.6	-50.1	21.9	-167.9
02/11/2024 11:40	2608	22.2	-166.8	21.8	-91.8	21.6	-50.5	21.9	-168.5
02/11/2024 11:45	2609	22.2	-167.8	21.8	-92.3	21.6	-50.5	21.9	-170
02/11/2024 11:50	2610	22.2	-169.8	21.8	-92.7	21.6	-51	22	-170.3
02/11/2024 11:55	2611	22.2	-170.2	21.9	-93.4	21.6	-50.9	22	-171.5
02/11/2024 12:00	2612	22.3	-172.3	21.9	-93.7	21.6	-51.3	22	-173.4
02/11/2024 12:05	2613	22.3	-173.8	21.9	-94.3	21.7	-51.7	22	-173.3
02/11/2024 12:10	2614	22.3	-176	22	-94.5	21.7	-51.7	22.1	-174
02/11/2024 12:15	2615	22.3	-176.3	22	-95.2	21.7	-52.3	22.1	-174.6
02/11/2024 12:20	2616	22.4	-178.7	22	-95.8	21.7	-52.3	22.2	-176.4
02/11/2024 12:25	2617	22.4	-180.3	22.1	-96	21.8	-52.9	22.2	-176
02/11/2024 12:30	2618	22.4	-183.3	22.1	-96.7	21.8	-52.9	22.2	-177.3
02/11/2024 12:35	2619	22.5	-183.7	22.1	-97	21.8	-53.2	22.3	-179
02/11/2024 12:40	2620	22.5	-185.5	22.2	-97.9	21.9	-53.6	22.3	-179.4
02/11/2024 12:45	2621	22.6	-187.6	22.2	-97.8	21.9	-53.7	22.4	-181
02/11/2024 12:50	2622	22.6	-190.4	22.4	-98.7	22	-54.4	22.4	-180.9
02/11/2024 12:55	2623	22.7	-190.2	22.5	-99.3	22.1	-54.2	22.5	-182.5
02/11/2024 13:00	2624	22.8	-192.3	22.6	-99.9	22.2	-54.7	22.6	-183.3
02/11/2024 13:05	2625	22.9	-193.3	22.7	-100.5	22.3	-55	22.7	-185.4
02/11/2024 13:10	2626	23	-196.2	22.8	-100.6	22.4	-55.4	22.8	-185.1
02/11/2024 13:15	2627	23.2	-197.3	22.9	-101.9	22.5	-55.6	22.9	-185.7
02/11/2024 13:20	2628	23.3	-199.3	23.1	-101.7	22.6	-55.8	23	-188.2
02/11/2024 13:25	2629	23.4	-200.7	23.2	-102.6	22.6	-56	23.1	-188.9
02/11/2024 13:30	2630	23.5	-202.3	23.3	-102.6	22.7	-56.5	23.2	-189
02/11/2024 13:35	2631	23.6	-205.2	23.4	-103.8	22.8	-56.8	23.3	-190.7
02/11/2024 13:40	2632	23.7	-204.9	23.4	-104.4	22.9	-56.9	23.3	-191.5
02/11/2024 13:45	2633	23.8	-208	23.5	-104.9	23	-57.4	23.4	-192.6
02/11/2024 13:50	2634	23.9	-208.8	23.5	-105.2	23	-57.4	23.5	-193
02/11/2024 13:55	2635	24	-212.1	23.6	-105.8	23.1	-57.8	23.5	-193.8
02/11/2024 14:00	2636	24	-212.7	23.6	-106.3	23.1	-58	23.6	-195.4
02/11/2024 14:05	2637	24.1	-216.4	23.7	-107.1	23.2	-58.6	23.7	-196
02/11/2024 14:10	2638	24.1	-217.9	23.7	-107.8	23.3	-58.9	23.7	-198
02/11/2024 14:15	2639	24.2	-218.5	23.8	-108.1	23.3	-59.2	23.7	-200.3
02/11/2024 14:20	2640	24.2	-222.5	23.8	-108.9	23.4	-59.6	23.8	-200.3
02/11/2024 14:25	2641	24.2	-222.3	23.8	-109.6	23.4	-59.8	23.8	-199.9
02/11/2024 14:30	2642	24.3	-224.8	23.9	-110.2	23.4	-60.2	23.9	-202
02/11/2024 14:35	2643	24.3	-227	23.9	-110.8	23.5	-60.3	23.9	-203.2
02/11/2024 14:40	2644	24.3	-230.4	23.9	-111.1	23.5	-60.6	23.9	-203
02/11/2024 14:45	2645	24.4	-230.8	24	-112.4	23.6	-60.7	24	-205.6
02/11/2024 14:50	2646	24.4	-233.1	24.1	-112.5	23.6	-61	24	-207.2
02/11/2024 14:55	2647	24.5	-236.5	24.1	-113.9	23.7	-61.2	24	-207.1
02/11/2024 15:00	2648	24.5	-237.8	24.1	-114.3	23.7	-61.7	24.1	-208.4
02/11/2024 15:05	2649	24.6	-241.7	24.2	-114.7	23.7	-61.6	24.1	-210.6
02/11/2024 15:10	2650	24.6	-242	24.2	-115.6	23.8	-62	24.2	-210.6
02/11/2024 15:15	2651	24.7	-244.6	24.3	-116.1	23.8	-62.2	24.2	-211.8
02/11/2024 15:20	2652	24.7	-248	24.3	-117.4	23.9	-62.4	24.2	-214.2
02/11/2024 15:25	2653	24.8	-251	24.3	-117.4	23.9	-62.6	24.3	-214.6
02/11/2024 15:30	2654	24.8	-252.3	24.4	-118.7	23.9	-62.8	24.3	-215.8
02/11/2024 15:35	2655	24.8	-253.4	24.4	-118.8	23.9	-63.1	24.3	-216.8
02/11/2024 15:40	2656	24.8	-256.4	24.4	-119.9	24	-63.3	24.3	-218.2
02/11/2024 15:45	2657	24.8	-257.5	24.4	-120.4	24	-63.7	24.3	-219
02/11/2024 15:50	2658	24.8	-261.6	24.4	-120.9	24	-63.8	24.4	-221.1
02/11/2024 15:55	2659	24.8	-265	24.4	-121.8	24	-64.2	24.4	-222.6
02/11/2024 16:00	2660	24.8	-265.4	24.4	-122.7	24	-64.2	24.4	-223.3
02/11/2024 16:05	2661	24.8	-268.4	24.4	-123.8	24	-64.8	24.4	-224
02/11/2024 16:10	2662	24.8	-270	24.4	-124.1	24	-64.8	24.4	-226.3
02/11/2024 16:15	2663	24.9	-271.7	24.4	-125.3	24.1	-65.3	24.4	-227.5
02/11/2024 16:20	2664	24.9	-277.8	24.5	-125.7	24.1	-65.4	24.4	-228.8
02/11/2024 16:25	2665	24.9	-277.2	24.5	-126.5	24.1	-66	24.4	-231.3
02/11/2024 16:30	2666	24.9	-279.1	24.5	-127.8	24.1	-66	24.4	-232.8
02/11/2024 16:35	2667	24.9	-283.9	24.5	-127.8	24.1	-66.3	24.4	-231.8
02/11/2024 16:40	2668	24.9	-285.5	24.5	-128.9	24.1	-66.6	24.4	-234.5
02/11/2024 16:45	2669	24.9	-289.5	24.5	-129.5	24.1	-66.9	24.4	-236.4
02/11/2024 16:50	2670	24.9	-291.4	24.5	-131.5	24.1	-67	24.4	-236.3
02/11/2024 16:55	2671	24.9	-292.8	24.5	-131.4	24.2	-67.4	24.4	-238.8
02/11/2024 17:00	2672	24.9	-296.8	24.5	-132.2	24.2	-67.7	24.4	-241.3
02/11/2024 17:05	2673	25	-298	24.5	-133.4	24.2	-68.1	24.4	-242.2
02/11/2024 17:10	2674	25	-301.8	24.5	-133.7	24.2	-68.2	24.5	-241.5
02/11/2024 17:15	2675	25	-304	24.5	-134.8	24.2	-68.7	24.5	-244
02/11/2024 17:20	2676	25	-306.3	24.5	-135.6	24.2	-68.8	24.5	-247.4
02/11/2024 17:25	2677	25	-311.3	24.5	-137	24.2	-69.1	24.5	-247.4
02/11/2024 17:30	2678	25	-312.3	24.6	-137.8	24.2	-69.5	24.5	-248.1
02/11/2024 17:35	2679	25	-316	24.6	-138.5	24.2	-69.7	24.5	-251.8
02/11/2024 17:40	2680	25	-318.7	24.6	-139.7	24.3	-70	24.5	-252
02/11/2024 17:45	2681	25.1	-321.3	24.6	-140	24.3	-70.4	24.5	-253.6
02/11/2024 17:50	2682	25.1	-322.5	24.6	-141.3	24.3	-70.8	24.5	-255.3
02/11/2024 17:55	2683	25.1	-325.7	24.6	-141.8	24.3	-71.1	24.5	-257.8
02/11/2024 18:00	2684	25.1	-329.1	24.5	-143.5	24.3	-71.4	24.4	-257.9
02/11/2024 18:05	2685	25.1	-331.7	24.5	-144.4	24.3	-71.7	24.4	-259.7
02/11/2024 18:10	2686	25.1	-334.5	24.5	-144.5	24.3	-72.1	24.4	-263.8
02/11/2024 18:15	2687	25.1	-337.6	24.5	-146	24.3	-72.1	24.4	-263.3
02/11/2024 18:20	2688	25.1	-339	24.5	-146.3	24.3	-72.7	24.4	-265.4
02/11/2024 18:25	2689	25.1	-343.2	24.5	-147.6	24.3	-72.8	24.4	-268
02/11/2024 18:30	2690	25.1	-347.1	24.5	-149.1	24.3	-73.3	24.4	-268.6
02/11/2024 18:35	2691	25.1	-348.8	24.5	-149	24.3	-73.4	24.4	-270.9
02/11/2024 18:40	2692	25.1	-352.3	24.5	-151.3	24.3	-73.8	24.4	-273.4
02/11/2024 18:45	2693	25.1	-357.3	24.5	-151.8	24.3	-74.1	24.4	-275
02/11/2024 18:50	2694	25.2	-358.1	24.5	-153.3	24.3	-74.8	24.4	-275.2
02/11/2024 18:55	2695	25.2	-357.3	24.5	-154.5	24.3	-74.7	24.4	-275.7
02/11/2024 19:00	2696	25.2	-365.6	24.5	-154.7	24.3	-75.2	24.4	-279.4
02/11/2024 19:05	2697	25.2	-367.6	24.5	-156	24.3	-75.6	24.4	-281
02/11/2024 19:10	2698	25.2	-371.5	24.5	-156	24.4	-75.9	24.4	-281.8
02/11/2024 19:15	2699	25.2	-377.7	24.5	-157.5	24.4	-76.2	24.4	-286.3
02/11/2024 19:20	2700	25.2	-379.2	24.5	-158.9	24.4	-76.4	24.4	-285.6
02/11/2024 19:25	2701	25.2	-379.4	24.5	-159.2	24.4	-76.9	24.4	-286.7
02/11/2024 19:30	2702	25.2	-379.4	24.4	-160.6	24.3	-76.7	24.4	-289
02/11/2024 19:35	2703	25.2	-386.5	24.4	-161.7	24.3	-77.4	24.4	-292.5
02/11/2024 19:40	2704	25.2	-389.5	24.4	-162.7	24.4	-77.7	24.4	-292.6
02/11/2024 19:45	2705	25.2	-389.6	24.4	-164.3	24.4	-78.4	24.4	-296.8
02/11/2024 19:50	2706	25.2	-394	24.4	-165.2	24.3	-78.6	24.4	-298.4
02/11/2024 19:55	2707	25.2	-398.6	24.4	-165.7	24.3	-79	24.4	-300.5
02/11/2024 20:00	2708	25.2	-399.6	24.4	-168	24.3	-79.2	24.4	-300
02/11/2024 20:05	2709	25.1	-404.2	24.4	-167.9	24.3	-79.5	24.4	-303.6
02/11/2024 20:10	2710	25.1	-409.1	24.4	-170.1	24.3	-79.9	24.4	-303.4
02/11/2024 20:15	2711	25.1	-412.5	24.3	-170.5	24.2	-80.1	24.3	-308
02/11/2024 20:20	2712	25	-414.2	24.3	-171.3	24.2	-80.8	24.3	-307.6
02/11/2024 20:25	2713	25	-415.6	24.3	-172.6	24.2	-80.8	24.3	-311.5
02/11/2024 20:30	2714	25	-418.5	24.2	-174.4	24.1	-81.7	24.3	-314.7
02/11/2024 20:35	2715	24.9	-421.5	24.2	-174.9	24.1	-81.9	24.2	-314.8
02/11/2024 20:40	2716	24.9	-426.7	24.2	-176.1	24.1	-82.4	24.2	-315.1
02/11/2024 20:45	2717	24.9	-426.4	24.2	-176.6	24.1	-82.8	24.2	-317.2
02/11/2024 20:50	2718	24.8	-432.3	24.2	-178.2	24.1	-83.2	24.2	-320.8
02/11/2024 20:55	2719	24.8	-436.8	24.1	-179	24.1	-83.5	24.2	-321.4
02/11/2024 21:00	2720	24.8	-441.7	24.1	-180.3	24	-84	24.1	-326.4
02/11/2024 21:05	2721	24.8	-445.7	24.1	-182.3	24	-84.5	24.1	-328.8
02/11/2024 21:10	2722	24.8	-449.7	24.1	-183.7	24	-84.7	24.1	-329.8
02/11/2024 21:15	2723	24.7	-455.4	24.1	-183.7	24	-85.4	24.1	-327.9
02/11/2024 21:20	2724	24.7	-458.7	24.1	-185.6	24	-85.4	24.1	-332.5
02/11/2024 21:25	2725	24.7	-455.9	24	-187.1	24	-86.4	24.1	-335.9
02/11/2024 21:30	2726	24.7	-458.7	24	-186.7	23.9	-86.3	24	-338
02/11/2024 21:35	2727	24.6	-463.7	24	-188.7	23.9	-87	24	-341.7
02/11/2024 21:40	2728	24.6	-468.3	24	-190.6	23.9	-87.4	24	-343.6
02/11/2024 21:45	2729	24.6	-472.6	24	-190.2	23.9	-87.7	24	-346.6
02/11/2024 21:50	2730	24.5	-471.3	23.9	-192.2	23.9	-88.4	23.9	-345.2
02/11/2024 21:55	2731	24.5	-474.8	23.9	-193.3	23.8	-88.4	23.9	-346.6
02/11/2024 22:00	2732	24.5	-481.6	23.9	-194.4	23.8	-89	23.9	-350.4
02/11/2024 22:05	2733	24.4	-484.2	23.8	-195.6	23.8	-89.3	23.9	-352.6
02/11/2024 22:10	2734	24.4	-490.6	23.8	-198.4	23.7	-90	23.8	-354.8
02/11/2024 22:15	2735	24.3	-491.1	23.8	-197.8	23.7	-90.3	23.8	-357.9
02/11/2024 22:20	2736	24.3	-494.9	23.7	-197.9	23.7	-90.8	23.8	-359.5
02/11/2024 22:25	2737	24.3	-494.3	23.7	-200.5	23.6	-91.4	23.7	-363.3
02/11/2024 22:30	2738	24.2	-505.6	23.7	-201.9	23.6	-91.5	23.7	-364.1
02/11/2024 22:35	2739	24.2	-502.7	23.7	-202.3	23.6	-92.5	23.7	-364.4
02/11/2024 22:40	2740	24.1	-503.2	23.6	-209.3	23.5	-92.7	23.7	-369
02/11/2024 22:45	2741	24.1	-514.8	23.6	-210.4	23.5	-93.2	23.6	-372.5
02/11/2024 22:50	2742	24	-518.8	23.5	-212.9	23.5	-93.7	23.6	-372.8
02/11/2024 22:55	2743	24	-524	23.5	-214.3	23.4	-94	23.5	-371.9
02/11/2024 23:00	2744	23.9	-525.3	23.4	-215.6	23.4	-94.8	23.5	-378.3
02/11/2024 23:05	2745	23.9	-524.8	23.4	-215.5	23.4	-95.1	23.5	-380.8
02/11/2024 23:10	2746	23.9	-528.7	23.4	-219.2	23.4	-95.7	23.4	-382.5
02/11/2024 23:15	2747	23.9	-526.5	23.4	-219.6	23.4	-95.9	23.4	-382.5
02/11/2024 23:20	2748	23.9	-540.5	23.4	-219	23.4	-96.7	23.4	-388.4
02/11/2024 23:25	2749	23.9	-542.6	23.4	-221.8	23.4	-97.2	23.4	-392
02/11/2024 23:30	2750	23.9	-545.8	23.4	-224.1	23.4	-97.2	23.4	-395.9
02/11/2024 23:35	2751	23.9	-545.3	23.5	-222.6	23.4	-98.3	23.4	-393.4
02/11/2024 23:40	2752	24	-542.3	23.5	-226	23.4	-98.4	23.4	-397
02/11/2024 23:45	2753	24	-550.5	23.5	-227.8	23.4	-99.4	23.4	-403.1
02/11/2024 23:50	2754	24	-555.4	23.5	-228.4	23.5	-99.3	23.4	-402.5
02/11/2024 23:55	2755	24.1	-557.6	23.5	-228.6	23.4	-99.9	23.4	-406.4
03/11/2024 00:00	2756	24	-558.6	23.5	-233.7	23.4	-100.6	23.4	-405.9
03/11/2024 00:05	2757	24	-561.5	23.5	-231.8	23.4	-100.9	23.4	-404.7
03/11/2024 00:10	2758	24	-565	23.4	-232.5	23.4	-101.7	23.3	-411.3
03/11/2024 00:15	2759	23.9	-571.2	23.4	-233.8	23.4	-102	23.3	-414.6
03/11/2024 00:20	2760	23.9	-573.1	23.3	-235.2	23.3	-102.1	23.2	-413.8
03/11/2024 00:25	2761	23.8	-580.3	23.3	-236.2	23.3	-102.9	23.2	-416.7
03/11/2024 00:30	2762	23.8	-579.5	23.2	-239	23.3	-102.9	23.1	-419.6
03/11/2024 00:35	2763	23.7	-590.8	23.1	-238.7	23.2	-104	23.1	-421.7
03/11/2024 00:40	2764	23.7	-584.9	23.1	-238.7	23.2	-104.3	23	-424.7
03/11/2024 00:45	2765	23.6	-592.9	23	-238.8	23.1	-104.7	23	-426.4
03/11/2024 00:50	2766	23.5	-598.9	22.9	-240.1	23.1	-105.1	22.9	-427.8
03/11/2024 00:55	2767	23.5	-601.3	22.8	-241.1	23	-105.8	22.8	-429.2
03/11/2024 01:00	2768	23.4	-599.8	22.7	-244.5	22.9	-106	22.8	-434.6
03/11/2024 01:05	2769	23.3	-602.4	22.7	-244.9	22.9	-106.4	22.7	-436.6
03/11/2024 01:10	2770	23.2	-610.2	22.6	-245	22.8	-106.8	22.6	-438.8
03/11/2024 01:15	2771	23.1	-613.4	22.5	-246.3	22.7	-107.2	22.5	-438.9
03/11/2024 01:20	2772	23	-607.7	22.3	-246.3	22.7	-108.1	22.4	-441.3
03/11/2024 01:25	2773	22.9	-618.1	22.2	-248.3	22.6	-108.2	22.4	-441.7
03/11/2024 01:30	2774	22.8	-618.5	22.1	-248.3	22.5	-108.9	22.3	-444.7
03/11/2024 01:35	2775	22.8	-620.9	22.1	-249.1	22.4	-109.3	22.2	-449.4
03/11/2024 01:40	2776	22.7	-620.7	22	-250.2	22.4	-109.9	22.1	-451.5
03/11/2024 01:45	2777	22.6	-623.5	21.9	-250.7	22.3	-110.1	22	-451.5
03/11/2024 01:50	2778	22.5	-620.7	21.8	-252.2	22.2	-110.1	21.9	-451.3
03/11/2024 01:55	2779	22.4	-621.7	21.7	-252.1	22.1	-111.4	21.8	-454
03/11/2024 02:00	2780	22.3	-634.1	21.6	-253.1	22	-111.8	21.8	-458.1
03/11/2024 02:05	2781	22.3	-635	21.6	-254.7	22	-112.1	21.7	-459.7
03/11/2024 02:10	2782	22.2	-641.8	21.5	-255	21.9	-112.8	21.6	-465.6
03/11/2024 02:15	2783	22.1	-634.5	21.4	-255.2	21.9	-113.5	21.5	-463.7
03/11/2024 02:20	2784	22	-641.9	21.3	-257.3	21.8	-113.5	21.5	-468.3
03/11/2024 02:25	2785	22	-641.4	21.2	-259.1	21.7	-113.9	21.4	-469.3
03/11/2024 02:30	2786	21.9	-649.7	21.2	-263	21.7	-115.5	21.3	-467.2
03/11/2024 02:35	2787	21.8	-649.3	21.1	-259.7	21.6	-115.1	21.2	-472
03/11/2024 02:40	2788	21.7	-650.7	21	-259.6	21.5	-115.2	21.2	-470.3
03/11/2024 02:45	2789	21.7	-652.8	20.9	-261.3	21.4	-115.8	21.1	-478.2
03/11/2024 02:50	2790	21.6	-654.5	20.9	-259.8	21.4	-116.5	21	-478.1
03/11/2024 02:55	2791	21.5	-655.5	20.8	-259.1	21.3	-116.5	21	-482
03/11/2024 03:00	2792	21.5	-655.7	20.7	-261.7	21.2	-117.1	20.9	-480.3
03/11/2024 03:05	2793	21.4	-658.5	20.7	-261.5	21.2	-117.2	20.8	-483.3
03/11/2024 03:10	2794	21.3	-659.2	20.6	-264.2	21.1	-118.1	20.8	-481.3
03/11/2024 03:15	2795	21.3	-650.7	20.6	-264.7	21	-118.4	20.7	-481.5
03/11/2024 03:20	2796	21.2	-663.9	20.5	-265.7	21	-118.9	20.7	-482.5
03/11/2024 03:25	2797	21.2	-661.7	20.4	-266.8	20.9	-119.5	20.6	-481.7
03/11/2024 03:30	2798	21.1	-662.2	20.4	-266.5	20.9	-120.2	20.5	-488.5
03/11/2024 03:35	2799	21.1	-668	20.3	-266.5	20.8	-120.5	20.5	-489.1
03/11/2024 03:40	2800	21	-674.9	20.3	-268	20.8	-120.3	20.4	-495.7
03/11/2024 03:45	2801	21	-676.9	20.2	-267.9	20.7	-121.3	20.4	-499.1
03/11/2024 03:50	2802	20.9	-681.8	20.2	-269.3	20.7	-121.6	20.3	-499.5
03/11/2024 03:55	2803	20.9	-674	20.2	-268.3	20.6	-122.4	20.3	-497.8
03/11/2024 04:00	2804	20.8	-681.5	20.1	-269	20.6	-122.1	20.2	-496.3
03/11/2024 04:05	2805	20.8	-683.3	20.1	-271.4	20.5	-123.3	20.2	-502.1
03/11/2024 04:10	2806	20.7	-690	20.1	-272.4	20.5	-123.9	20.2	-502.9
03/11/2024 04:15	2807	20.7	-689.6	20	-273.8	20.5	-124.4	20.1	-504.5
03/11/2024 04:20	2808	20.6	-687.9	20	-275	20.4	-123.6	20.1	-505.1
03/11/2024 04:25	2809	20.6	-687.9	20	-273.7	20.4	-124	20	-512.3
03/11/2024 04:30	2810	20.6	-689.2	19.9	-276.2	20.3	-125.3	20	-509.5
03/11/2024 04:35	2811	20.5	-698.3	19.9	-273.8	20.3	-125.8	20	-514.5
03/11/2024 04:40	2812	20.5	-690.7	19.9	-275.4	20.3	-125.6	19.9	-512.4
03/11/2024 04:45	2813	20.5	-688.9	19.8	-276	20.2	-126	19.9	-513.9
03/11/2024 04:50	2814	20.4	-699.5	19.8	-275.4	20.2	-126.2	19.8	-515.7
03/11/2024 04:55	2815	20.4	-700	19.7	-276	20.1	-127.7	19.8	-512.8
03/11/2024 05:00	2816	20.4	-700.4	19.7	-277.3	20.1	-127.5	19.8	-515.5
03/11/2024 05:05	2817	20.3	-700.4	19.7	-277	20.1	-127.8	19.7	-514.7
03/11/2024 05:10	2818	20.3	-702.4	19.6	-276.2	20	-127.4	19.7	-516.9
03/11/2024 05:15	2819	20.2	-700.1	19.6	-278.9	20	-128.4	19.7	-517.2
03/11/2024 05:20	2820	20.2	-697.7	19.6	-279.3	19.9	-129	19.6	-524.1
03/11/2024 05:25	2821	20.2	-704.8	19.5	-280.2	19.9	-129.3	19.6	-528.5
03/11/2024 05:30	2822	20.1	-708	19.5	-279.8	19.9	-129.5	19.6	-525.8
03/11/2024 05:35	2823	20.1	-702.5	19.5	-282.3	19.9	-130.4	19.6	-527.9
03/11/2024 05:40	2824	20.1	-709.8	19.4	-283.5	19.8	-130.3	19.5	-527.6
03/11/2024 05:45	2825	20	-713.5	19.4	-284.2	19.8	-131	19.5	-529.9
03/11/2024 05:50	2826	20	-712.1	19.4	-284	19.8	-131.6	19.5	-533.6
03/11/2024 05:55	2827	20	-712.9	19.4	-283.5	19.8	-131.7	19.5	-531.7
03/11/2024 06:00	2828	20	-712.1	19.4	-285	19.7	-131.6	19.4	-532.5
03/11/2024 06:05	2829	20	-712.9	19.4	-283	19.7	-132.6	19.4	-530.9
03/11/2024 06:10	2830	19.9	-726.5	19.4	-286.5	19.7	-133.2	19.4	-532.4
03/11/2024 06:15	2831	19.9	-718.2	19.3	-286.6	19.7	-133.3	19.4	-533.8
03/11/2024 06:20	2832	19.9	-714.6	19.3	-287.2	19.7	-133.1	19.4	-536.3
03/11/2024 06:25	2833	19.9	-723.4	19.3	-287.5	19.6	-133.8	19.4	-534
03/11/2024 06:30	2834	19.9	-725	19.3	-288.6	19.6	-134.1	19.4	-539.8
03/11/2024 06:35	2835	19.9	-730.3	19.3	-290.1	19.6	-134.3	19.3	-538.9
03/11/2024 06:40	2836	19.8	-724.6	19.3	-290	19.6	-135.3	19.3	-546.3
03/11/2024 06:45	2837	19.8	-728.7	19.3	-289.3	19.6	-135.3	19.3	-545.1
03/11/2024 06:50	2838	19.8	-728.6	19.3	-291.7	19.6	-135.7	19.3	-546.8
03/11/2024 06:55	2839	19.8	-725.2	19.3	-291.6	19.6	-135.7	19.3	-550.8
03/11/2024 07:00	2840	19.8	-730.2	19.3	-292.4	19.6	-136.7	19.3	-546.8
03/11/2024 07:05	2841	19.8	-728.7	19.3	-291.5	19.5	-136.9	19.3	-551.8
03/11/2024 07:10	2842	19.8	-727.2	19.3	-292.2	19.5	-137.7	19.3	-550
03/11/2024 07:15	2843	19.8	-729.5	19.3	-290.5	19.5	-137.4	19.3	-546.5
03/11/2024 07:20	2844	19.8	-731.9	19.3	-293.3	19.5	-138.4	19.3	-549.6
03/11/2024 07:25	2845	19.8	-732.5	19.2	-290.1	19.5	-138.6	19.2	-553.1
03/11/2024 07:30	2846	19.8	-733.6	19.2	-292.3	19.5	-138.9	19.2	-550.9
03/11/2024 07:35	2847	19.8	-731.8	19.1	-292.5	19.5	-139.4	19.2	-553.6
03/11/2024 07:40	2848	19.7	-731.7	19.1	-293.2	19.4	-139.8	19.2	-553
03/11/2024 07:45	2849	19.7	-726.7	19.1	-296.5	19.4	-139.8	19.2	-553.8
03/11/2024 07:50	2850	19.7	-738.5	19	-296.8	19.4	-139.5	19.1	-556.9
03/11/2024 07:55	2851	19.7	-738.6	19	-296.7	19.3	-140.7	19.1	-565.1
03/11/2024 08:00	2852	19.7	-734.6	19	-298.8	19.3	-141.2	19.1	-559.4
03/11/2024 08:05	2853	19.7	-749.8	19.1	-297.8	19.3	-141.8	19.1	-566.9
03/11/2024 08:10	2854	19.7	-747.3	19.1	-298.5	19.3	-141.9	19.2	-562.1
03/11/2024 08:15	2855	19.7	-745.5	19.1	-298.1	19.3	-142.2	19.2	-567.2
03/11/2024 08:20	2856	19.7	-752.7	19.2	-299.4	19.3	-143.7	19.2	-567.9
03/11/2024 08:25	2857	19.8	-755.7	19.2	-303.1	19.4	-144	19.3	-566.3
03/11/2024 08:30	2858	19.8	-750.1	19.3	-303.9	19.4	-143.8	19.3	-568.7
03/11/2024 08:35	2859	19.8	-759.2	19.3	-305.6	19.4	-144.2	19.4	-573
03/11/2024 08:40	2860	19.9	-754.6	19.4	-304.3	19.4	-145.6	19.4	-570.1
03/11/2024 08:45	2861	19.9	-753.5	19.4	-305.8	19.5	-145.8	19.5	-569.6
03/11/2024 08:50	2862	20	-758.1	19.5	-308.8	19.5	-146.2	19.5	-572.6
03/11/2024 08:55	2863	20	-750.2	19.6	-309.7	19.5	-147.2	19.6	-576.2
03/11/2024 09:00	2864	20.1	-750.3	19.6	-311.5	19.6	-147.7	19.6	-579.2
03/11/2024 09:05	2865	20.1	-753.2	19.7	-311.7	19.6	-148.7	19.7	-591.3
03/11/2024 09:10	2866	20.2	-757.9	19.7	-314.2	19.6	-148.3	19.7	-580.6
03/11/2024 09:15	2867	20.2	-761.9	19.8	-316.3	19.6	-150.1	19.8	-583.6
03/11/2024 09:20	2868	20.3	-757.7	19.8	-317.2	19.7	-150.1	19.8	-583.1
03/11/2024 09:25	2869	20.3	-765	19.8	-315.9	19.7	-149.3	19.8	-584.8
03/11/2024 09:30	2870	20.4	-773.9	19.9	-319	19.8	-149.9	19.9	-585.6
03/11/2024 09:35	2871	20.4	-767.1	19.9	-317.2	19.8	-151.7	19.9	-584.8
03/11/2024 09:40	2872	20.5	-780.5	20	-323.2	19.8	-152.3	20	-584.7
03/11/2024 09:45	2873	20.5	-781.6	20	-323.5	19.8	-152.3	20	-591
03/11/2024 09:50	2874	20.5	-774.1	20	-325.3	19.9	-153.2	20.1	-588.6
03/11/2024 09:55	2875	20.6	-777.5	20.1	-325.4	19.9	-154.5	20.1	-597.9
03/11/2024 10:00	2876	20.6	-781	20.1	-329.2	20	-154.3	20.2	-599.4
03/11/2024 10:05	2877	20.7	-767.9	20.2	-330	20	-155.5	20.3	-604.8
03/11/2024 10:10	2878	20.7	-783.4	20.3	-333.8	20	-156.6	20.3	-604.2
03/11/2024 10:15	2879	20.8	-780.6	20.3	-331.3	20.1	-156.4	20.4	-606.7
03/11/2024 10:20	2880	20.9	-783.8	20.4	-333.8	20.2	-156.4	20.5	-603.7
03/11/2024 10:25	2881	20.9	-800	20.5	-334.7	20.2	-157.3	20.5	-606.8
03/11/2024 10:30	2882	21	-795.8	20.5	-337.8	20.3	-158.6	20.6	-613.4
03/11/2024 10:35	2883	21	-794.9	20.6	-338.6	20.3	-158.4	20.7	-622.2
03/11/2024 10:40	2884	21.1	-797.3	20.7	-339.4	20.4	-160.2	20.8	-625.5
03/11/2024 10:45	2885	21.2	-799.6	20.7	-342.6	20.4	-160.8	20.8	-619.3
03/11/2024 10:50	2886	21.2	-801	20.8	-344.3	20.5	-160.8	20.9	-619.7
03/11/2024 10:55	2887	21.3	-133.1	20.9	-324.6	20.3	-0.4	21	-6.6
03/11/2024 11:00	2888	21.4	-56.1	21.1	-81.3	20.3	-0.5	21.1	-0.8
03/11/2024 11:05	2889	21.4	-38.5	21.1	-36.1	20.3	-0.5	21.2	-0.8
03/11/2024 11:10	2890	21.5	-26.9	21.2	-20.3	20.4	-0.6	21.2	-0.9
03/11/2024 11:15	2891	21.5	-19.4	21.3	-17	20.4	-0.6	21.3	-0.9
03/11/2024 11:20	2892	21.6	-14.8	21.3	-14.7	20.5	-0.6	21.3	-0.9
03/11/2024 11:25	2893	21.6	-12.5	21.3	-13.1	20.5	-0.6	21.4	-0.9
03/11/2024 11:30	2894	21.6	-11.9	21.3	-11.8	20.5	-0.6	21.4	-0.9
03/11/2024 11:35	2895	21.7	-11.5	21.4	-10.5	20.6	-0.6	21.4	-0.9
03/11/2024 11:40	2896	21.7	-11.2	21.4	-8	20.6	-0.6	21.5	-1
03/11/2024 11:45	2897	21.7	-10.9	21.4	-5	20.7	-0.6	21.5	-1
03/11/2024 11:50	2898	21.7	-10.7	21.4	-1.1	20.7	-0.7	21.5	-1
03/11/2024 11:55	2899	21.7	-10.6	21.5	-0.3	20.7	-0.7	21.6	-1
03/11/2024 12:00	2900	21.8	-10.4	21.5	-0.1	20.8	-0.7	21.6	-1
03/11/2024 12:05	2901	21.8	-10.2	21.5	-0.1	20.8	-0.7	21.6	-1
03/11/2024 12:10	2902	21.8	-10.1	21.5	-0.1	20.9	-0.7	21.6	-1
03/11/2024 12:15	2903	21.8	-9.9	21.5	-0.1	20.9	-0.7	21.7	-1.1
03/11/2024 12:20	2904	21.9	-9.7	21.6	-0.1	21	-0.7	21.7	-1.1
03/11/2024 12:25	2905	21.9	-9.6	21.6	-0.1	21	-0.7	21.7	-1.1
03/11/2024 12:30	2906	22	-9.4	21.7	-0.1	21.1	-0.7	21.8	-1.1
03/11/2024 12:35	2907	22	-9.2	21.7	-0.1	21.1	-0.7	21.8	-1.1
03/11/2024 12:40	2908	22	-9.1	21.7	-0.1	21.2	-0.7	21.8	-1.1
03/11/2024 12:45	2909	22.1	-8.9	21.8	-0.1	21.3	-0.7	21.9	-1.1
03/11/2024 12:50	2910	22.2	-8.8	21.9	-0.1	21.4	-0.8	21.9	-1.2
03/11/2024 12:55	2911	22.3	-8.6	22	-0.1	21.4	-0.8	22	-1.2
03/11/2024 13:00	2912	22.4	-8.5	22.1	-0.1	21.5	-0.8	22	-1.2
03/11/2024 13:05	2913	22.5	-8.3	22.1	-0.1	21.6	-0.8	22.1	-1.2
03/11/2024 13:10	2914	22.6	-8.3	22.2	-0.1	21.7	-0.8	22.2	-1.3
03/11/2024 13:15	2915	22.7	-8.1	22.3	-0.1	21.8	-0.8	22.2	-1.3
03/11/2024 13:20	2916	22.8	-8	22.4	-0.1	21.9	-0.8	22.3	-1.3
03/11/2024 13:25	2917	22.9	-8	22.5	-0.1	22	-0.8	22.4	-1.3
03/11/2024 13:30	2918	23	-7.8	22.6	-0.1	22.1	-0.8	22.5	-1.3
03/11/2024 13:35	2919	23.1	-7.8	22.7	-0.1	22.1	-0.9	22.5	-1.3
03/11/2024 13:40	2920	23.2	-7.7	22.7	-0.1	22.2	-0.9	22.6	-1.3
03/11/2024 13:45	2921	23.3	-7.6	22.8	-0.1	22.3	-0.9	22.7	-1.4
03/11/2024 13:50	2922	23.4	-7.6	22.9	-0.1	22.4	-0.9	22.7	-1.4
03/11/2024 13:55	2923	23.4	-7.5	23	-0.1	22.5	-0.9	22.8	-1.4
03/11/2024 14:00	2924	23.5	-7.5	23	-0.1	22.5	-0.9	22.9	-1.5
03/11/2024 14:05	2925	23.6	-7.4	23.1	-0.1	22.6	-0.9	22.9	-1.5
03/11/2024 14:10	2926	23.7	-7.5	23.2	-0.1	22.7	-0.9	23	-1.6
03/11/2024 14:15	2927	23.7	-7.4	23.3	-0.1	22.8	-0.9	23.1	-1.6
03/11/2024 14:20	2928	23.8	-7.4	23.3	-0.1	22.8	-1	23.1	-1.7
03/11/2024 14:25	2929	23.9	-7.4	23.4	-0.1	22.9	-1	23.2	-1.8
03/11/2024 14:30	2930	23.9	-7.4	23.5	-0.1	23	-1	23.3	-2
03/11/2024 14:35	2931	24	-7.4	23.5	-0.1	23.1	-1	23.3	-2.1
03/11/2024 14:40	2932	24.1	-7.5	23.6	-0.1	23.1	-1	23.4	-2.3
03/11/2024 14:45	2933	24.2	-7.5	23.7	-0.1	23.2	-1	23.5	-2.5
03/11/2024 14:50	2934	24.2	-7.6	23.7	-0.2	23.3	-1	23.5	-2.6
03/11/2024 14:55	2935	24.3	-7.7	23.8	-0.2	23.3	-1	23.6	-3
03/11/2024 15:00	2936	24.3	-7.7	23.9	-0.2	23.4	-1	23.7	-3.3
03/11/2024 15:05	2937	24.4	-7.9	23.9	-0.2	23.5	-1	23.7	-3.6
03/11/2024 15:10	2938	24.4	-8	23.9	-0.2	23.5	-1	23.7	-4
03/11/2024 15:15	2939	24.5	-8.2	24	-0.2	23.6	-1	23.8	-4.5
03/11/2024 15:20	2940	24.5	-8.4	24	-0.2	23.6	-1	23.8	-4.9
03/11/2024 15:25	2941	24.6	-8.5	24	-0.2	23.7	-1	23.9	-5.1
03/11/2024 15:30	2942	24.6	-8.8	24	-0.3	23.7	-1.1	23.9	-5.4
03/11/2024 15:35	2943	24.6	-9	24.1	-0.3	23.7	-1.1	23.9	-5.6
03/11/2024 15:40	2944	24.6	-9.2	24.1	-0.3	23.8	-1.1	23.9	-5.8
03/11/2024 15:45	2945	24.7	-9.3	24.2	-0.3	23.8	-1.1	24	-6
03/11/2024 15:50	2946	24.7	-9.5	24.2	-0.4	23.9	-1.1	24	-6.2
03/11/2024 15:55	2947	24.8	-9.8	24.3	-0.4	24	-1.1	24.1	-6.5
03/11/2024 16:00	2948	24.8	-10	24.3	-0.5	24	-1.1	24.1	-6.7
03/11/2024 16:05	2949	24.9	-10.1	24.4	-0.5	24.1	-1.1	24.2	-7
03/11/2024 16:10	2950	24.9	-10.3	24.4	-0.6	24.2	-1.1	24.2	-7.3
03/11/2024 16:15	2951	25	-10.4	24.5	-0.8	24.2	-1.2	24.3	-7.6
03/11/2024 16:20	2952	25	-10.6	24.5	-0.8	24.3	-1.1	24.3	-7.8
03/11/2024 16:25	2953	25.1	-10.7	24.5	-1	24.3	-1.2	24.3	-8.2
03/11/2024 16:30	2954	25.1	-11	24.6	-1.2	24.3	-1.2	24.4	-8.5
03/11/2024 16:35	2955	25.1	-11.1	24.6	-1.4	24.4	-1.2	24.4	-8.8
03/11/2024 16:40	2956	25.2	-11.3	24.6	-1.7	24.4	-1.2	24.4	-9.1
03/11/2024 16:45	2957	25.2	-11.4	24.6	-2.2	24.5	-1.2	24.4	-9.5
03/11/2024 16:50	2958	25.2	-11.6	24.6	-2.6	24.5	-1.2	24.4	-9.9
03/11/2024 16:55	2959	25.3	-11.9	24.7	-3.4	24.5	-1.3	24.5	-10.2
03/11/2024 17:00	2960	25.3	-12.1	24.7	-4.3	24.6	-1.3	24.5	-10.4
03/11/2024 17:05	2961	25.3	-12.3	24.7	-5.2	24.6	-1.3	24.5	-10.6
03/11/2024 17:10	2962	25.4	-12.5	24.7	-5.4	24.7	-1.3	24.5	-10.8
03/11/2024 17:15	2963	25.4	-12.8	24.7	-5.8	24.7	-1.3	24.5	-11
03/11/2024 17:20	2964	25.4	-13.1	24.7	-6.3	24.7	-1.3	24.5	-11.3
03/11/2024 17:25	2965	25.4	-13.3	24.7	-6.6	24.7	-1.4	24.5	-11.4
03/11/2024 17:30	2966	25.4	-13.5	24.7	-7	24.7	-1.4	24.5	-11.7
03/11/2024 17:35	2967	25.4	-13.8	24.6	-7.4	24.7	-1.4	24.5	-11.9
03/11/2024 17:40	2968	25.4	-14.1	24.6	-8	24.7	-1.5	24.5	-12.2
03/11/2024 17:45	2969	25.4	-14.4	24.6	-8.6	24.7	-1.5	24.4	-12.5
03/11/2024 17:50	2970	25.4	-14.6	24.6	-9.3	24.7	-1.5	24.4	-12.7
03/11/2024 17:55	2971	25.4	-14.9	24.6	-9.8	24.7	-1.6	24.4	-12.9
03/11/2024 18:00	2972	25.4	-15.2	24.5	-10.1	24.7	-1.6	24.4	-13.2
03/11/2024 18:05	2973	25.3	-15.5	24.5	-10.2	24.7	-1.7	24.3	-13.5
03/11/2024 18:10	2974	25.3	-15.7	24.5	-10.3	24.7	-1.7	24.3	-13.7
03/11/2024 18:15	2975	25.3	-16.1	24.4	-10.5	24.7	-1.7	24.3	-14
03/11/2024 18:20	2976	25.2	-16.4	24.4	-10.6	24.6	-1.8	24.2	-14.2
03/11/2024 18:25	2977	25.2	-16.6	24.3	-10.7	24.6	-1.9	24.2	-14.5
03/11/2024 18:30	2978	25.2	-17	24.3	-10.9	24.6	-2	24.1	-14.7
03/11/2024 18:35	2979	25.1	-17.3	24.2	-11	24.5	-2	24.1	-15
03/11/2024 18:40	2980	25.1	-17.6	24.2	-11.1	24.5	-2.2	24.1	-15.3
03/11/2024 18:45	2981	25	-18	24.1	-11.2	24.5	-2.2	24	-15.5
03/11/2024 18:50	2982	25	-18.4	24.1	-11.4	24.4	-2.3	24	-15.7
03/11/2024 18:55	2983	25	-18.6	24	-11.6	24.4	-2.4	23.9	-16.1
03/11/2024 19:00	2984	25	-19	24	-11.7	24.4	-2.6	23.9	-16.3
03/11/2024 19:05	2985	24.9	-19.3	23.9	-11.8	24.4	-2.8	23.8	-16.6
03/11/2024 19:10	2986	24.9	-19.8	23.9	-11.9	24.3	-2.8	23.8	-16.9
03/11/2024 19:15	2987	24.9	-20.1	23.8	-12.1	24.3	-3	23.7	-17.1
03/11/2024 19:20	2988	24.8	-20.4	23.8	-12.2	24.3	-3.3	23.7	-17.5
03/11/2024 19:25	2989	24.8	-20.7	23.8	-12.3	24.3	-3.6	23.7	-17.7
03/11/2024 19:30	2990	24.8	-21.1	23.7	-12.4	24.2	-3.9	23.6	-17.9
03/11/2024 19:35	2991	24.7	-21.4	23.7	-12.6	24.2	-4.1	23.6	-18.3
03/11/2024 19:40	2992	24.7	-21.8	23.6	-12.7	24.2	-4.5	23.5	-18.6
03/11/2024 19:45	2993	24.7	-22.5	23.6	-12.8	24.1	-4.7	23.5	-18.9
03/11/2024 19:50	2994	24.6	-22.8	23.6	-13	24.1	-5.1	23.5	-19.1
03/11/2024 19:55	2995	24.6	-23.1	23.5	-13.1	24.1	-5.2	23.4	-19.5
03/11/2024 20:00	2996	24.6	-23.5	23.5	-13.2	24.1	-5.3	23.4	-19.8
03/11/2024 20:05	2997	24.5	-23.8	23.4	-13.4	24	-5.4	23.4	-20.1
03/11/2024 20:10	2998	24.5	-24.2	23.4	-13.5	24	-5.6	23.3	-20.3
03/11/2024 20:15	2999	24.5	-24.7	23.4	-13.7	23.9	-5.9	23.3	-20.5
03/11/2024 20:20	3000	24.4	-25	23.3	-13.8	23.9	-6.1	23.2	-20.8
03/11/2024 20:25	3001	24.4	-25.5	23.3	-13.9	23.8	-6.2	23.2	-21
03/11/2024 20:30	3002	24.3	-25.8	23.2	-14.1	23.8	-6.4	23.1	-21.4
03/11/2024 20:35	3003	24.3	-26.2	23.2	-14.2	23.8	-6.6	23.1	-21.5
03/11/2024 20:40	3004	24.3	-26.6	23.2	-14.4	23.8	-6.9	23.1	-21.9
03/11/2024 20:45	3005	24.3	-27	23.2	-14.5	23.8	-7.1	23.1	-22.1
03/11/2024 20:50	3006	24.3	-27.4	23.2	-14.6	23.8	-7.4	23.1	-22.4
03/11/2024 20:55	3007	24.3	-27.8	23.2	-14.8	23.8	-7.6	23	-22.7
03/11/2024 21:00	3008	24.3	-28.3	23.2	-14.9	23.8	-8	23	-23.3
03/11/2024 21:05	3009	24.3	-28.7	23.2	-15.1	23.8	-8.2	23	-23.5
03/11/2024 21:10	3010	24.3	-29	23.1	-15.2	23.8	-8.5	23	-23.9
03/11/2024 21:15	3011	24.3	-29.5	23.1	-15.4	23.8	-8.9	23	-24.1
03/11/2024 21:20	3012	24.3	-29.8	23.1	-15.5	23.8	-9.1	23	-24.5
03/11/2024 21:25	3013	24.2	-30.5	23.1	-15.6	23.7	-9.5	23	-24.7
03/11/2024 21:30	3014	24.2	-30.9	23.1	-15.8	23.7	-9.8	23	-25
03/11/2024 21:35	3015	24.2	-31.3	23.1	-15.9	23.7	-10.1	22.9	-25.3
03/11/2024 21:40	3016	24.2	-31.6	23.1	-16	23.7	-10.1	22.9	-25.6
03/11/2024 21:45	3017	24.2	-32.2	23.1	-16.2	23.7	-10.2	22.9	-25.9
03/11/2024 21:50	3018	24.1	-32.8	23	-16.3	23.7	-10.3	22.9	-26.2
03/11/2024 21:55	3019	24.1	-33.2	23	-16.5	23.6	-10.5	22.9	-26.5
03/11/2024 22:00	3020	24.1	-33.7	23	-16.6	23.6	-10.6	22.9	-26.8
03/11/2024 22:05	3021	24	-34.1	22.9	-16.8	23.6	-10.7	22.8	-27.1
03/11/2024 22:10	3022	24	-34.6	22.9	-16.9	23.5	-10.7	22.8	-27.3
03/11/2024 22:15	3023	23.9	-35.1	22.9	-17.1	23.5	-10.9	22.8	-27.6
03/11/2024 22:20	3024	23.9	-35.6	22.8	-17.2	23.5	-11	22.8	-27.9
03/11/2024 22:25	3025	23.8	-36	22.8	-17.4	23.5	-11.1	22.7	-28.2
03/11/2024 22:30	3026	23.8	-36.4	22.8	-17.5	23.4	-11.3	22.7	-28.5
03/11/2024 22:35	3027	23.7	-37	22.7	-17.6	23.4	-11.4	22.7	-28.8
03/11/2024 22:40	3028	23.7	-37.5	22.7	-17.8	23.3	-11.5	22.6	-29.1
03/11/2024 22:45	3029	23.7	-38	22.7	-18	23.3	-11.6	22.6	-29.3
03/11/2024 22:50	3030	23.6	-38.5	22.6	-18.1	23.3	-11.7	22.6	-29.7
03/11/2024 22:55	3031	23.6	-39.2	22.6	-18.3	23.3	-11.8	22.6	-30.1
03/11/2024 23:00	3032	23.6	-39.6	22.6	-18.4	23.2	-11.9	22.5	-30.3
03/11/2024 23:05	3033	23.5	-40.1	22.5	-18.5	23.2	-12	22.5	-30.6
03/11/2024 23:10	3034	23.5	-40.5	22.5	-18.7	23.2	-12.1	22.5	-31
03/11/2024 23:15	3035	23.5	-41	22.5	-18.8	23.2	-12.2	22.5	-31.3
03/11/2024 23:20	3036	23.5	-41.5	22.5	-19	23.2	-12.3	22.4	-31.6
03/11/2024 23:25	3037	23.5	-42	22.5	-19.2	23.2	-12.5	22.4	-31.8
03/11/2024 23:30	3038	23.5	-42.6	22.5	-19.3	23.2	-12.6	22.4	-32.2
03/11/2024 23:35	3039	23.5	-43	22.5	-19.5	23.2	-12.7	22.4	-32.6
03/11/2024 23:40	3040	23.5	-43.6	22.5	-19.7	23.2	-12.9	22.4	-32.8
03/11/2024 23:45	3041	23.5	-44	22.5	-19.7	23.2	-13	22.4	-33.1
03/11/2024 23:50	3042	23.5	-44.5	22.5	-19.9	23.2	-13.1	22.4	-33.6
03/11/2024 23:55	3043	23.5	-44.7	22.5	-20.1	23.2	-13.2	22.4	-33.6
04/11/2024 00:00	3044	23.5	-45.3	22.5	-20.1	23.2	-13.3	22.3	-33.9
04/11/2024 00:05	3045	23.5	-45.7	22.4	-20.4	23.1	-13.4	22.3	-34.2
04/11/2024 00:10	3046	23.4	-45.8	22.4	-20.5	23.1	-13.5	22.3	-34.4
04/11/2024 00:15	3047	23.4	-46.1	22.3	-20.6	23	-13.6	22.2	-34.7
04/11/2024 00:20	3048	23.3	-46.5	22.3	-20.8	23	-13.7	22.2	-34.9
04/11/2024 00:25	3049	23.3	-46.8	22.2	-20.9	22.9	-13.8	22.1	-35
04/11/2024 00:30	3050	23.2	-47.2	22.1	-21.1	22.8	-13.9	22.1	-35.3
04/11/2024 00:35	3051	23.1	-47.3	22.1	-21.2	22.8	-13.9	22	-35.3
04/11/2024 00:40	3052	23	-47.7	22	-21.3	22.7	-14.1	21.9	-35.5
04/11/2024 00:45	3053	23	-47.8	21.9	-21.4	22.7	-14.1	21.9	-35.7
04/11/2024 00:50	3054	22.9	-48.2	21.9	-21.5	22.6	-14.2	21.8	-35.8
04/11/2024 00:55	3055	22.8	-48.3	21.8	-21.7	22.5	-14.3	21.8	-36.1
04/11/2024 01:00	3056	22.7	-48.5	21.7	-21.8	22.5	-14.3	21.7	-36.2
04/11/2024 01:05	3057	22.6	-48.9	21.7	-21.9	22.4	-14.4	21.7	-36.4
04/11/2024 01:10	3058	22.6	-49	21.6	-22	22.3	-14.5	21.6	-36.5
04/11/2024 01:15	3059	22.5	-49.3	21.5	-22.1	22.2	-14.6	21.5	-36.6
04/11/2024 01:20	3060	22.4	-49.7	21.5	-22.2	22.1	-14.6	21.5	-36.8
04/11/2024 01:25	3061	22.3	-50	21.4	-22.3	22.1	-14.7	21.4	-36.9
04/11/2024 01:30	3062	22.2	-50.1	21.3	-22.5	22	-14.7	21.3	-37.2
04/11/2024 01:35	3063	22.2	-50.4	21.3	-22.5	21.9	-14.8	21.3	-37.3
04/11/2024 01:40	3064	22.1	-50.7	21.2	-22.6	21.9	-14.9	21.2	-37.4
04/11/2024 01:45	3065	22	-50.7	21.1	-22.8	21.8	-15	21.1	-37.5
04/11/2024 01:50	3066	21.9	-51.2	21.1	-22.8	21.7	-15	21.1	-37.7
04/11/2024 01:55	3067	21.9	-51.3	21	-23	21.7	-15.1	21	-37.9
04/11/2024 02:00	3068	21.8	-51.6	21	-23	21.6	-15.2	21	-37.9
04/11/2024 02:05	3069	21.7	-52	20.9	-23.2	21.6	-15.2	20.9	-38
04/11/2024 02:10	3070	21.7	-52.1	20.8	-23.3	21.5	-15.3	20.8	-38.3
04/11/2024 02:15	3071	21.6	-52.5	20.8	-23.3	21.4	-15.3	20.8	-38.4
04/11/2024 02:20	3072	21.6	-52.7	20.7	-23.5	21.4	-15.4	20.7	-38.6
04/11/2024 02:25	3073	21.5	-52.6	20.7	-23.6	21.3	-15.5	20.7	-38.6
04/11/2024 02:30	3074	21.4	-53	20.6	-23.6	21.3	-15.6	20.6	-38.8
04/11/2024 02:35	3075	21.4	-53.4	20.6	-23.8	21.2	-15.6	20.6	-39.1
04/11/2024 02:40	3076	21.3	-53.3	20.5	-23.9	21.2	-15.6	20.5	-39.1
04/11/2024 02:45	3077	21.3	-53.7	20.5	-24	21.1	-15.7	20.5	-39.2
04/11/2024 02:50	3078	21.2	-54.1	20.4	-24.1	21	-15.8	20.4	-39.5
04/11/2024 02:55	3079	21.1	-54.1	20.4	-24.1	21	-15.8	20.4	-39.6
04/11/2024 03:00	3080	21.1	-54.4	20.3	-24.2	20.9	-15.9	20.3	-39.6
04/11/2024 03:05	3081	21	-54.7	20.3	-24.3	20.9	-15.9	20.3	-39.7
04/11/2024 03:10	3082	21	-55.1	20.2	-24.5	20.9	-16	20.2	-39.9
04/11/2024 03:15	3083	20.9	-55.4	20.2	-24.5	20.8	-16	20.2	-40
04/11/2024 03:20	3084	20.9	-55.6	20.1	-24.7	20.8	-16.1	20.1	-40.1
04/11/2024 03:25	3085	20.8	-55.6	20.1	-24.8	20.7	-16.2	20.1	-40.2
04/11/2024 03:30	3086	20.8	-55.7	20	-24.8	20.7	-16.2	20	-40.3
04/11/2024 03:35	3087	20.7	-56.3	20	-24.8	20.6	-16.3	20	-40.5
04/11/2024 03:40	3088	20.7	-56.4	20	-25	20.6	-16.3	19.9	-40.7
04/11/2024 03:45	3089	20.7	-56.6	19.9	-25	20.5	-16.4	19.9	-40.7
04/11/2024 03:50	3090	20.6	-57	19.9	-25.2	20.5	-16.5	19.9	-40.7
04/11/2024 03:55	3091	20.6	-57.3	19.9	-25.3	20.5	-16.5	19.8	-40.9
04/11/2024 04:00	3092	20.5	-57.5	19.8	-25.4	20.4	-16.5	19.8	-40.9
04/11/2024 04:05	3093	20.5	-57.5	19.8	-25.4	20.4	-16.6	19.8	-41.1
04/11/2024 04:10	3094	20.5	-57.8	19.8	-25.5	20.3	-16.7	19.7	-41.1
04/11/2024 04:15	3095	20.4	-58.2	19.7	-25.6	20.3	-16.7	19.7	-41.3
04/11/2024 04:20	3096	20.4	-58.3	19.7	-25.6	20.3	-16.8	19.7	-41.5
04/11/2024 04:25	3097	20.3	-58.6	19.7	-25.8	20.2	-16.8	19.6	-41.6
04/11/2024 04:30	3098	20.3	-59	19.6	-26	20.2	-16.9	19.6	-41.6
04/11/2024 04:35	3099	20.3	-59.1	19.6	-26	20.2	-16.9	19.6	-41.7
04/11/2024 04:40	3100	20.2	-59.1	19.6	-25.9	20.1	-17	19.6	-41.7
04/11/2024 04:45	3101	20.2	-59.4	19.6	-26.1	20.1	-17	19.5	-41.7
04/11/2024 04:50	3102	20.2	-59.9	19.5	-26.3	20	-17	19.5	-42.1
04/11/2024 04:55	3103	20.1	-59.9	19.5	-26.4	20	-17.2	19.5	-42.1
04/11/2024 05:00	3104	20.1	-60	19.5	-26.4	20	-17.2	19.4	-42.1
04/11/2024 05:05	3105	20.1	-60.4	19.5	-26.6	20	-17.2	19.4	-42.3
04/11/2024 05:10	3106	20	-60.4	19.4	-26.7	19.9	-17.3	19.4	-42.5
04/11/2024 05:15	3107	20	-60.7	19.4	-26.7	19.9	-17.4	19.4	-42.6
04/11/2024 05:20	3108	20	-60.7	19.4	-26.7	19.9	-17.4	19.4	-42.6
04/11/2024 05:25	3109	20	-60.9	19.4	-26.7	19.8	-17.4	19.3	-42.6
04/11/2024 05:30	3110	19.9	-61.2	19.3	-27	19.8	-17.5	19.3	-42.7
04/11/2024 05:35	3111	19.9	-61.4	19.3	-27	19.8	-17.5	19.3	-42.7
04/11/2024 05:40	3112	19.9	-61.4	19.3	-27	19.8	-17.5	19.3	-43
04/11/2024 05:45	3113	19.9	-61.7	19.3	-27.2	19.7	-17.6	19.2	-43.1
04/11/2024 05:50	3114	19.8	-61.8	19.2	-27.3	19.7	-17.7	19.2	-43.1
04/11/2024 05:55	3115	19.8	-61.9	19.2	-27.2	19.7	-17.7	19.2	-43.3
04/11/2024 06:00	3116	19.8	-62.2	19.2	-27.3	19.7	-17.8	19.2	-43.4
04/11/2024 06:05	3117	19.8	-62.4	19.2	-27.5	19.6	-17.9	19.2	-43.6
04/11/2024 06:10	3118	19.7	-62.3	19.2	-27.6	19.6	-17.9	19.2	-43.6
04/11/2024 06:15	3119	19.7	-62.6	19.1	-27.6	19.6	-17.9	19.1	-43.6
04/11/2024 06:20	3120	19.7	-62.9	19.1	-27.7	19.6	-17.9	19.1	-43.7
04/11/2024 06:25	3121	19.7	-63.1	19.1	-27.9	19.6	-18	19.1	-43.8
04/11/2024 06:30	3122	19.6	-63.3	19.1	-28	19.5	-18.1	19.1	-43.9
04/11/2024 06:35	3123	19.6	-63.3	19.1	-27.9	19.5	-18.1	19.1	-44.1
04/11/2024 06:40	3124	19.6	-63.5	19	-28	19.5	-18.2	19	-44.2
04/11/2024 06:45	3125	19.6	-63.5	19	-28.1	19.4	-18.2	19	-44.2
04/11/2024 06:50	3126	19.6	-63.9	19	-28.3	19.4	-18.2	19	-44.2
04/11/2024 06:55	3127	19.5	-64	19	-28.3	19.4	-18.3	19	-44.3
04/11/2024 07:00	3128	19.5	-64.3	19	-28.3	19.4	-18.4	18.9	-44.6
04/11/2024 07:05	3129	19.5	-64.5	18.9	-28.3	19.3	-18.4	18.9	-44.7
04/11/2024 07:10	3130	19.5	-64.4	18.9	-28.5	19.3	-18.4	18.9	-44.7
04/11/2024 07:15	3131	19.4	-64.6	18.9	-28.7	19.3	-18.5	18.9	-44.8
04/11/2024 07:20	3132	19.4	-64.8	18.9	-28.6	19.3	-18.6	18.9	-44.7
04/11/2024 07:25	3133	19.4	-65.2	18.9	-28.8	19.3	-18.6	18.8	-44.9
04/11/2024 07:30	3134	19.4	-65.3	18.8	-28.8	19.2	-18.6	18.8	-45.2
04/11/2024 07:35	3135	19.4	-65.3	18.8	-28.9	19.2	-18.6	18.8	-45.2
04/11/2024 07:40	3136	19.4	-65.6	18.8	-29	19.2	-18.7	18.8	-45.4
04/11/2024 07:45	3137	19.4	-66	18.8	-29	19.2	-18.8	18.8	-45.4
04/11/2024 07:50	3138	19.4	-65.8	18.8	-29.1	19.2	-18.8	18.8	-45.8
04/11/2024 07:55	3139	19.4	-66	18.8	-29.3	19.2	-18.8	18.8	-45.9
04/11/2024 08:00	3140	19.4	-66.3	18.8	-29.4	19.2	-19	18.8	-45.9
04/11/2024 08:05	3141	19.4	-66.7	18.8	-29.3	19.2	-19	18.8	-45.9
04/11/2024 08:10	3142	19.5	-66.9	18.9	-29.6	19.3	-19	18.8	-46.1
04/11/2024 08:15	3143	19.5	-67.2	18.9	-29.6	19.3	-19.2	18.9	-46.3
04/11/2024 08:20	3144	19.6	-67.4	19	-29.7	19.4	-19.3	18.9	-46.4
04/11/2024 08:25	3145	19.6	-68	19.1	-29.9	19.4	-19.3	19	-46.8
04/11/2024 08:30	3146	19.7	-68.3	19.1	-30	19.5	-19.3	19	-46.9
04/11/2024 08:35	3147	19.8	-68.7	19.2	-30.1	19.5	-19.5	19.1	-47.1
04/11/2024 08:40	3148	19.9	-69.2	19.2	-30.3	19.6	-19.6	19.1	-47.4
04/11/2024 08:45	3149	19.9	-69.4	19.3	-30.4	19.6	-19.7	19.2	-47.6
04/11/2024 08:50	3150	20	-70.4	19.3	-30.6	19.7	-19.7	19.2	-48.1
04/11/2024 08:55	3151	20.1	-70.3	19.4	-30.7	19.7	-19.8	19.3	-48.1
04/11/2024 09:00	3152	20.1	-70.8	19.4	-30.9	19.7	-19.9	19.3	-48.6
04/11/2024 09:05	3153	20.2	-71.4	19.4	-31	19.8	-20	19.3	-48.5
04/11/2024 09:10	3154	20.2	-71.6	19.4	-31.1	19.8	-20.2	19.4	-49.1
04/11/2024 09:15	3155	20.3	-72.5	19.5	-31.5	19.8	-20.3	19.4	-49.3
04/11/2024 09:20	3156	20.3	-72.8	19.5	-31.6	19.8	-20.4	19.4	-49.7
04/11/2024 09:25	3157	20.4	-73.3	19.6	-31.8	19.9	-20.5	19.4	-50
04/11/2024 09:30	3158	20.4	-73.8	19.6	-31.9	19.9	-20.7	19.5	-50.4
04/11/2024 09:35	3159	20.5	-74.2	19.6	-32.2	19.9	-20.7	19.5	-50.6
04/11/2024 09:40	3160	20.5	-74.7	19.7	-32.2	20	-20.9	19.5	-51.1
04/11/2024 09:45	3161	20.6	-75.5	19.7	-32.5	20	-21	19.6	-51
04/11/2024 09:50	3162	20.6	-76.1	19.8	-32.7	20	-21.2	19.6	-51.5
04/11/2024 09:55	3163	20.7	-76.5	19.8	-32.8	20.1	-21.3	19.7	-51.8
04/11/2024 10:00	3164	20.7	-77.2	19.9	-33	20.1	-21.4	19.7	-52.3
04/11/2024 10:05	3165	20.7	-77.6	20	-33.2	20.2	-21.5	19.8	-52.6
04/11/2024 10:10	3166	20.8	-78.3	20	-33.4	20.2	-21.6	19.8	-53.1
04/11/2024 10:15	3167	20.8	-78.9	20.1	-33.8	20.3	-21.9	19.9	-53.5
04/11/2024 10:20	3168	20.9	-79.3	20.1	-33.9	20.3	-21.9	19.9	-53.7
04/11/2024 10:25	3169	20.9	-80.4	20.2	-34	20.4	-22.1	20	-54.2
04/11/2024 10:30	3170	21	-81	20.3	-34.4	20.4	-22.3	20	-54.5
04/11/2024 10:35	3171	21.1	-81.5	20.4	-34.6	20.5	-22.3	20.1	-55
04/11/2024 10:40	3172	21.2	-82.2	20.5	-34.7	20.6	-22.5	20.2	-55.5
04/11/2024 10:45	3173	21.3	-83	20.6	-35	20.7	-22.7	20.3	-55.8
04/11/2024 10:50	3174	21.4	-83.6	20.7	-35.1	20.8	-22.9	20.4	-56.5
04/11/2024 10:55	3175	21.5	-84.2	20.8	-35.6	20.9	-23	20.5	-56.6
04/11/2024 11:00	3176	21.6	-85.2	20.9	-35.6	21	-23.2	20.7	-57.3
04/11/2024 11:05	3177	21.7	-86	21.1	-35.9	21.1	-23.4	20.8	-57.9
04/11/2024 11:10	3178	21.8	-86.7	21.2	-36.2	21.1	-23.5	20.9	-58.3
04/11/2024 11:15	3179	21.9	-87.5	21.2	-36.4	21.2	-23.7	21	-58.7
04/11/2024 11:20	3180	22	-88.4	21.3	-36.7	21.3	-23.9	21.1	-59
04/11/2024 11:25	3181	22.1	-89.3	21.5	-36.9	21.4	-24.1	21.2	-59.8
04/11/2024 11:30	3182	22.2	-89.9	21.6	-37.4	21.5	-24.3	21.3	-60.2
04/11/2024 11:35	3183	22.3	-90.6	21.6	-37.3	21.6	-24.4	21.4	-60.7
04/11/2024 11:40	3184	22.4	-92	21.7	-37.8	21.6	-24.6	21.5	-61
04/11/2024 11:45	3185	22.4	-93	21.8	-38	21.7	-24.8	21.5	-61.2
04/11/2024 11:50	3186	22.5	-93.6	21.8	-38.2	21.7	-25	21.6	-61.6
04/11/2024 11:55	3187	22.5	-94.5	21.9	-38.6	21.8	-25.2	21.7	-62.1
04/11/2024 12:00	3188	22.6	-95.4	22	-38.8	21.9	-25.3	21.8	-62.4
04/11/2024 12:05	3189	22.7	-96.4	22	-39.3	21.9	-25.6	21.8	-62.8
04/11/2024 12:10	3190	22.7	-98.1	22.1	-39.5	22	-25.9	21.9	-63.4
04/11/2024 12:15	3191	22.8	-98.5	22.2	-39.9	22.1	-26	22	-63.6
04/11/2024 12:20	3192	22.9	-99.7	22.3	-40.2	22.2	-26.3	22.1	-64
04/11/2024 12:25	3193	23	-100.8	22.4	-40.3	22.3	-26.4	22.1	-64.6
04/11/2024 12:30	3194	23.1	-102.1	22.5	-40.7	22.4	-26.7	22.2	-65
04/11/2024 12:35	3195	23.2	-103.5	22.6	-41.1	22.5	-26.9	22.3	-65.7
04/11/2024 12:40	3196	23.3	-104.6	22.6	-41.6	22.5	-27.1	22.4	-65.9
04/11/2024 12:45	3197	23.4	-107.9	22.8	-42.1	22.7	-27.3	22.5	-66.4
04/11/2024 12:50	3198	23.5	-109.5	22.9	-42.3	22.8	-27.6	22.6	-66.9
04/11/2024 12:55	3199	23.6	-110.5	23	-42.6	22.9	-27.9	22.7	-67.4
