24/10/2024,12:00:00,,,,,,,,,,0.00,21.90 ,present ,12.60 ,38.09 ,skipped: low power,
24/10/2024,12:15:00,,,,,,,,,,0.00,21.90 ,present ,24.05 ,6.60 ,skipped: low power,
24/10/2024,12:30:00,,,,,,,,,,0.00,21.90 ,present ,24.06 ,7.80 ,skipped: low power,
24/10/2024,12:45:00,,,,,,,,,,3.46,34.30 ,present ,23.91 ,92.70 ,skipped: low power,
24/10/2024,13:00:00,25.05,-5.457,0.429,-0.58,1.00,-3.80,-0.595,-0.73,8.198,3.71,45.10 ,present ,23.91 ,111.00 ,
24/10/2024,13:15:00,24.27,-7.160,0.090,-0.72,1.00,-3.80,-0.569,-0.96,8.226,3.74,45.50 ,present ,23.91 ,111.30 ,
24/10/2024,13:30:00,25.23,-9.139,-0.137,-0.92,1.00,-3.80,-0.811,-1.22,8.191,3.77,46.20 ,present ,23.91 ,111.30 ,
24/10/2024,13:45:00,25.96,-9.942,0.014,-1.07,1.00,-3.80,-0.488,-1.33,8.166,3.79,47.10 ,present ,23.91 ,111.30 ,
24/10/2024,14:00:00,26.22,-6.679,0.001,-0.63,1.00,-3.80,-0.334,-0.89,8.154,3.80,47.00 ,present ,23.92 ,111.60 ,
24/10/2024,14:15:00,26.00,-11.683,-0.024,-1.29,1.00,-3.80,-0.068,-1.56,8.161,3.81,48.00 ,present ,23.92 ,111.60 ,
24/10/2024,14:30:00,25.94,-14.209,-0.262,-1.57,1.00,-3.80,0.018,-1.90,8.166,3.82,47.90 ,present ,23.91 ,111.30 ,
24/10/2024,14:45:00,26.05,-14.819,-0.250,-1.65,1.00,-3.80,0.112,-1.98,8.161,3.83,47.80 ,present ,23.92 ,111.60 ,
24/10/2024,15:00:00,25.85,-17.158,-0.315,-1.95,1.00,-3.80,0.152,-2.29,8.168,3.85,48.20 ,present ,23.91 ,111.30 ,
24/10/2024,15:15:00,26.07,-19.492,-0.087,-2.32,1.00,-3.80,-0.048,-2.60,8.161,3.87,48.00 ,present ,23.92 ,111.60 ,
24/10/2024,15:30:00,26.15,-17.384,-0.045,-2.05,1.00,-3.80,-0.235,-2.32,8.159,3.91,48.20 ,present ,23.91 ,111.30 ,
24/10/2024,15:45:00,26.40,-20.271,-0.075,-2.42,1.00,-3.80,-0.098,-2.70,8.148,3.95,48.20 ,present ,23.91 ,111.30 ,
24/10/2024,16:00:00,25.57,-1.577,0.000,0.00,1.00,-3.80,0.941,-0.21,8.180,3.97,44.10 ,present ,12.37 ,162.89 ,
24/10/2024,16:15:00,24.56,-2.486,0.088,-0.09,1.00,-3.80,-0.308,-0.33,8.215,3.98,41.50 ,present ,12.33 ,162.89 ,
24/10/2024,16:30:00,24.65,-2.112,-0.052,0.00,1.00,-3.80,-0.165,-0.28,8.212,3.97,31.50 ,not present ,0.00 ,0.00 ,
24/10/2024,16:45:00,24.66,-1.979,0.000,0.00,1.00,-3.80,-0.132,-0.26,8.212,4.01,38.30 ,present ,12.30 ,163.20 ,
24/10/2024,17:00:00,24.44,-2.227,-0.072,-0.01,1.00,-3.80,-0.014,-0.30,8.219,4.04,39.20 ,present ,12.31 ,163.80 ,
24/10/2024,17:15:00,24.33,-2.294,-0.004,-0.04,1.00,-3.80,-0.108,-0.30,8.222,4.08,39.30 ,present ,12.24 ,165.00 ,
24/10/2024,17:30:00,24.20,-2.270,-0.051,-0.02,1.00,-3.80,-0.144,-0.30,8.226,4.10,39.30 ,present ,12.21 ,165.30 ,
24/10/2024,17:45:00,24.30,-2.139,-0.036,-0.01,1.00,-3.80,-0.050,-0.28,8.222,4.12,39.30 ,present ,12.18 ,165.60 ,
24/10/2024,18:00:00,24.33,-2.113,-0.005,-0.02,1.00,-3.80,0.038,-0.28,8.222,4.15,39.40 ,present ,12.19 ,163.20 ,
24/10/2024,18:15:00,24.03,-1.753,0.217,-0.03,1.00,-3.80,0.331,-0.23,8.233,4.17,36.50 ,present ,12.27 ,45.90 ,
24/10/2024,18:30:00,23.80,-2.095,0.096,-0.04,1.00,-3.80,0.091,-0.28,8.240,4.17,30.20 ,present ,12.23 ,45.60 ,
24/10/2024,18:45:00,23.72,-1.970,0.000,0.00,1.00,-3.80,0.078,-0.26,8.244,4.17,28.50 ,present ,12.23 ,45.00 ,
24/10/2024,19:00:00,23.74,-1.830,0.081,0.00,1.00,-3.80,0.283,-0.24,8.244,4.18,27.50 ,present ,12.22 ,44.10 ,
24/10/2024,19:15:00,23.64,-1.932,0.099,-0.02,1.00,-3.80,0.055,-0.26,8.247,4.18,27.10 ,present ,12.22 ,43.80 ,
24/10/2024,19:30:00,23.49,-1.806,0.080,0.00,1.00,-3.80,0.273,-0.24,8.254,4.19,26.70 ,present ,12.25 ,43.20 ,
24/10/2024,19:45:00,23.52,-2.058,0.144,-0.05,1.00,-3.80,0.083,-0.27,8.251,4.19,26.70 ,present ,12.28 ,42.60 ,
24/10/2024,20:00:00,23.37,-1.751,0.103,0.00,1.00,-3.80,0.210,-0.23,8.258,4.19,26.20 ,present ,12.26 ,35.70 ,
24/10/2024,20:15:00,22.96,-1.535,0.000,0.00,1.00,-3.80,0.189,-0.20,8.272,4.19,25.60 ,present ,12.28 ,32.70 ,
24/10/2024,20:30:00,22.71,-1.773,0.185,-0.02,1.00,-3.80,0.052,-0.24,8.279,4.19,25.10 ,present ,12.27 ,31.80 ,
24/10/2024,20:45:00,22.51,-1.688,0.271,-0.04,1.00,-3.80,0.150,-0.22,8.287,4.19,24.80 ,present ,12.26 ,31.20 ,
24/10/2024,21:00:00,22.38,-1.729,0.453,-0.10,1.00,-3.80,-0.009,-0.23,8.294,4.19,24.30 ,present ,12.30 ,30.90 ,
24/10/2024,21:15:00,22.55,-1.932,0.233,-0.06,1.00,-3.80,-0.219,-0.26,8.287,4.19,24.30 ,present ,12.26 ,30.90 ,
24/10/2024,21:30:00,22.94,-1.838,0.224,-0.04,1.00,-3.80,-0.160,-0.24,8.272,4.19,24.20 ,present ,12.29 ,30.60 ,
24/10/2024,21:45:00,23.05,-1.707,0.229,-0.03,1.00,-3.80,0.039,-0.23,8.269,4.19,24.30 ,present ,12.26 ,30.90 ,
24/10/2024,22:00:00,22.90,-1.687,0.279,-0.04,1.00,-3.80,-0.082,-0.22,8.272,4.19,24.40 ,present ,12.26 ,30.90 ,
24/10/2024,22:15:00,22.80,-1.636,0.266,-0.03,1.00,-3.80,-0.075,-0.22,8.276,4.19,24.30 ,present ,12.26 ,30.60 ,
24/10/2024,22:30:00,22.90,-1.857,0.278,-0.06,1.00,-3.80,-0.217,-0.25,8.272,4.19,24.40 ,present ,12.26 ,30.60 ,
24/10/2024,22:45:00,23.09,-1.666,0.233,-0.02,1.00,-3.80,-0.274,-0.22,8.269,4.19,24.40 ,present ,12.26 ,30.30 ,
24/10/2024,23:00:00,22.69,-0.605,0.000,0.00,1.00,-3.80,0.288,-0.08,8.283,4.19,24.10 ,present ,12.26 ,30.60 ,
24/10/2024,23:15:00,22.10,-0.445,0.000,0.00,1.00,-3.80,0.112,-0.06,8.301,4.19,23.50 ,present ,12.26 ,30.30 ,
24/10/2024,23:30:00,21.63,-0.421,0.000,0.00,1.00,-3.80,-0.066,-0.05,8.319,4.19,23.00 ,present ,12.26 ,30.30 ,
24/10/2024,23:45:00,21.26,-0.498,0.000,0.00,1.00,-3.80,0.060,-0.06,8.333,4.19,22.60 ,present ,12.26 ,30.30 ,
25/10/2024,00:00:00,20.95,-0.500,0.000,0.00,1.00,-3.80,-0.055,-0.06,8.344,4.19,22.40 ,present ,12.22 ,30.00 ,
25/10/2024,00:15:00,20.74,-0.454,0.000,0.00,1.00,-3.80,-0.041,-0.06,8.352,4.19,22.00 ,present ,12.22 ,30.30 ,
25/10/2024,00:30:00,20.55,-0.493,0.000,0.00,1.00,-3.80,0.053,-0.06,8.359,4.19,21.80 ,present ,12.22 ,30.30 ,
25/10/2024,00:45:00,20.43,-0.544,0.000,0.00,1.00,-3.80,0.019,-0.07,8.362,4.19,21.50 ,present ,12.22 ,30.30 ,
25/10/2024,01:00:00,20.30,-0.496,0.000,0.00,1.00,-3.80,0.051,-0.06,8.366,4.19,21.40 ,present ,12.22 ,30.30 ,
25/10/2024,01:15:00,20.21,-0.454,0.000,0.00,1.00,-3.80,-0.046,-0.06,8.370,4.19,21.20 ,present ,12.22 ,30.30 ,
25/10/2024,01:30:00,20.11,-0.500,0.000,0.00,1.00,-3.80,0.032,-0.06,8.373,4.19,21.00 ,present ,12.22 ,30.30 ,
25/10/2024,01:45:00,20.03,-0.509,0.000,0.00,1.00,-3.80,0.006,-0.06,8.377,4.19,20.80 ,present ,12.22 ,30.30 ,
25/10/2024,02:00:00,19.95,-0.346,0.000,0.00,1.00,-3.80,-0.003,-0.04,8.381,4.19,20.70 ,present ,12.19 ,30.30 ,
25/10/2024,02:15:00,19.88,-0.454,0.000,0.00,1.00,-3.80,-0.041,-0.06,8.384,4.19,20.70 ,present ,12.19 ,30.30 ,
25/10/2024,02:30:00,19.77,-0.450,0.000,0.00,1.00,-3.80,-0.041,-0.06,8.388,4.19,20.50 ,present ,12.19 ,30.30 ,
25/10/2024,02:45:00,19.70,-0.399,0.000,0.00,1.00,-3.80,-0.045,-0.05,8.388,4.19,20.40 ,present ,12.19 ,30.30 ,
25/10/2024,03:00:00,19.66,-0.409,0.000,0.00,1.00,-3.80,-0.114,-0.05,8.392,4.19,20.29 ,present ,12.19 ,30.30 ,
25/10/2024,03:15:00,19.63,-0.524,0.000,0.00,1.00,-3.80,-0.110,-0.07,8.392,4.19,20.40 ,present ,12.19 ,30.30 ,
25/10/2024,03:30:00,19.59,-0.347,0.000,0.00,1.00,-3.80,-0.046,-0.04,8.395,4.19,20.29 ,present ,12.19 ,30.30 ,
25/10/2024,03:45:00,19.57,-0.411,0.000,0.00,1.00,-3.80,-0.097,-0.05,8.395,4.19,20.29 ,present ,12.15 ,30.30 ,
25/10/2024,04:00:00,19.56,-0.395,0.000,0.00,1.00,-3.80,-0.089,-0.05,8.395,4.19,20.20 ,present ,12.19 ,30.30 ,
25/10/2024,04:15:00,19.58,-0.450,0.000,0.00,1.00,-3.80,-0.145,-0.06,8.395,4.19,20.10 ,present ,12.19 ,30.30 ,
25/10/2024,04:30:00,19.54,-0.428,0.000,0.00,1.00,-3.80,-0.135,-0.05,8.395,4.19,20.10 ,present ,12.15 ,30.30 ,
25/10/2024,04:45:00,19.48,-0.356,0.000,0.00,1.00,-3.80,-0.073,-0.04,8.399,4.19,20.00 ,present ,12.19 ,30.30 ,
25/10/2024,05:00:00,19.41,-0.398,0.000,0.00,1.00,-3.80,-0.106,-0.05,8.399,4.19,20.20 ,present ,12.19 ,30.30 ,
25/10/2024,05:15:00,19.35,-0.337,0.000,0.00,1.00,-3.80,-0.092,-0.04,8.403,4.19,20.00 ,present ,12.15 ,30.30 ,
25/10/2024,05:30:00,19.29,-0.357,0.000,0.00,1.00,-3.80,-0.115,-0.04,8.406,4.19,19.79 ,present ,12.15 ,30.30 ,
25/10/2024,05:45:00,19.22,-0.284,0.000,0.00,1.00,-3.80,-0.215,-0.03,8.406,4.19,19.79 ,present ,12.15 ,30.00 ,
25/10/2024,06:00:00,19.19,-0.482,0.000,0.00,1.00,-3.80,-0.158,-0.06,8.410,4.19,19.79 ,present ,12.19 ,30.30 ,
25/10/2024,06:15:00,19.16,-0.226,0.000,0.00,1.00,-3.80,-0.081,-0.03,8.410,4.19,19.79 ,present ,12.15 ,30.30 ,
25/10/2024,06:30:00,19.21,-0.572,0.000,0.00,1.00,-3.80,-0.209,-0.07,8.406,4.19,19.79 ,present ,12.15 ,30.30 ,
25/10/2024,06:45:00,19.23,-0.347,0.000,0.00,1.00,-3.80,-0.084,-0.04,8.406,4.19,19.90 ,present ,12.15 ,30.60 ,
25/10/2024,07:00:00,19.36,-1.674,0.000,0.00,1.00,-3.80,-0.753,-0.23,8.403,4.19,19.90 ,present ,12.15 ,30.30 ,
25/10/2024,07:15:00,20.03,-1.364,0.000,0.00,1.00,-3.80,-0.532,-0.18,8.377,4.19,20.50 ,present ,12.15 ,30.30 ,
25/10/2024,07:30:00,20.48,-1.391,0.000,0.00,1.00,-3.80,-0.497,-0.19,8.362,4.19,21.10 ,present ,12.12 ,30.60 ,
25/10/2024,07:45:00,20.83,-1.105,0.000,0.00,1.00,-3.80,-0.339,-0.15,8.348,4.19,21.80 ,present ,12.12 ,30.60 ,
25/10/2024,08:00:00,20.96,-1.193,0.000,0.00,1.00,-3.80,-0.297,-0.16,8.344,4.19,22.00 ,present ,12.12 ,30.30 ,
25/10/2024,08:15:00,21.04,-1.395,0.000,0.00,1.00,-3.80,-0.312,-0.19,8.341,4.19,22.20 ,present ,12.15 ,30.60 ,
25/10/2024,08:30:00,21.06,-1.542,0.000,0.00,1.00,-3.80,-0.374,-0.21,8.341,4.19,22.30 ,present ,12.12 ,30.60 ,
25/10/2024,08:45:00,21.19,-1.772,0.000,0.00,1.00,-3.80,-0.270,-0.24,8.337,4.19,22.50 ,present ,12.12 ,30.90 ,
25/10/2024,09:00:00,21.41,-1.895,0.000,0.00,1.00,-3.80,-0.358,-0.25,8.326,4.19,22.70 ,present ,12.12 ,30.60 ,
25/10/2024,09:15:00,21.67,-1.767,0.000,0.00,1.00,-3.80,-0.366,-0.24,8.319,4.18,21.60 ,not present ,0.00 ,0.00 ,
25/10/2024,09:30:00,21.75,-1.665,0.000,0.00,1.00,-3.80,-0.293,-0.22,8.315,4.18,21.60 ,not present ,0.00 ,0.00 ,
25/10/2024,09:45:00,21.93,-1.968,0.000,0.00,1.00,-3.80,-0.370,-0.26,8.308,4.18,21.70 ,not present ,0.00 ,0.00 ,
25/10/2024,10:00:00,22.03,-1.612,0.000,0.00,1.00,-3.80,-0.438,-0.21,8.305,4.18,21.70 ,not present ,0.00 ,0.00 ,
25/10/2024,10:15:00,22.54,-2.103,-0.033,-0.01,1.00,-3.80,-0.425,-0.28,8.287,4.18,21.90 ,not present ,0.00 ,0.00 ,
25/10/2024,10:30:00,22.91,-2.025,0.000,0.00,1.00,-3.80,-0.505,-0.27,8.272,4.17,22.40 ,not present ,0.00 ,0.00 ,
25/10/2024,10:45:00,23.02,-2.236,-0.123,0.00,1.00,-3.80,-0.599,-0.30,8.269,4.17,22.70 ,not present ,0.00 ,0.00 ,
25/10/2024,11:00:00,23.41,-2.373,-0.060,-0.04,1.00,-3.80,-0.604,-0.32,8.254,4.17,23.00 ,not present ,0.00 ,0.00 ,
25/10/2024,11:15:00,24.04,-2.165,-0.017,-0.02,1.00,-3.80,-0.609,-0.29,8.233,4.17,23.30 ,not present ,0.00 ,0.00 ,
25/10/2024,11:30:00,24.48,-1.693,0.000,0.00,1.00,-3.80,-0.284,-0.22,8.219,4.17,23.90 ,not present ,0.00 ,0.00 ,
25/10/2024,11:45:00,24.69,-2.082,-0.052,0.00,1.00,-3.80,-0.452,-0.28,8.212,4.17,24.30 ,not present ,0.00 ,0.00 ,
25/10/2024,12:00:00,24.98,-2.248,-0.062,-0.02,1.00,-3.80,-0.472,-0.30,8.201,4.17,24.70 ,not present ,0.00 ,0.00 ,
25/10/2024,12:15:00,25.21,-2.075,0.074,-0.03,1.00,-3.80,-0.401,-0.27,8.191,4.17,24.80 ,not present ,0.00 ,0.00 ,
25/10/2024,12:30:00,25.31,-2.033,0.132,-0.04,1.00,-3.80,-0.354,-0.27,8.187,4.17,25.00 ,not present ,0.00 ,0.00 ,
25/10/2024,12:45:00,25.32,-2.318,-0.100,-0.02,1.00,-3.80,-0.595,-0.31,8.187,4.17,25.30 ,not present ,0.00 ,0.00 ,
25/10/2024,13:00:00,24.82,-1.517,0.303,-0.02,1.00,-3.80,-0.177,-0.20,8.205,4.17,25.40 ,not present ,0.00 ,0.00 ,
25/10/2024,13:15:00,24.19,-1.862,0.000,0.00,1.00,-3.80,-0.369,-0.25,8.229,4.16,25.00 ,not present ,0.00 ,0.00 ,
25/10/2024,13:30:00,23.84,-1.857,0.000,0.00,1.00,-3.80,-0.412,-0.25,8.240,4.19,29.20 ,present ,12.11 ,70.19 ,
25/10/2024,13:45:00,24.45,-2.169,0.000,0.00,1.00,-3.80,-0.588,-0.29,8.219,4.19,27.20 ,present ,12.18 ,39.00 ,
25/10/2024,14:00:00,25.14,-2.092,0.000,0.00,1.00,-3.80,-0.615,-0.28,8.194,4.19,26.50 ,present ,12.20 ,32.40 ,
25/10/2024,14:15:00,25.55,-1.725,0.000,0.00,1.00,-3.80,-0.266,-0.23,8.180,4.19,26.70 ,present ,12.19 ,31.20 ,
25/10/2024,14:30:00,25.56,-1.942,0.000,0.00,1.00,-3.80,-0.514,-0.26,8.180,4.19,26.90 ,present ,12.19 ,30.90 ,
25/10/2024,14:45:00,25.93,-2.066,0.000,0.00,1.00,-3.80,-0.360,-0.27,8.166,4.19,27.10 ,present ,12.19 ,30.60 ,
25/10/2024,15:00:00,26.25,-1.963,0.000,0.00,1.00,-3.80,-0.424,-0.26,8.154,4.19,27.50 ,present ,12.19 ,30.60 ,
25/10/2024,15:15:00,26.35,-2.146,-0.080,0.00,1.00,-3.80,-0.453,-0.28,8.152,4.19,27.50 ,present ,12.19 ,30.60 ,
25/10/2024,15:30:00,26.19,-1.081,0.000,0.00,1.00,-3.80,0.137,-0.14,8.159,4.19,27.60 ,present ,12.19 ,30.60 ,
25/10/2024,15:45:00,25.85,-2.181,-0.070,-0.01,1.00,-3.80,-0.246,-0.29,8.168,4.18,26.60 ,not present ,0.00 ,0.00 ,
25/10/2024,16:00:00,26.15,-1.949,0.000,0.00,1.00,-3.80,-0.172,-0.26,8.159,4.18,26.40 ,not present ,0.00 ,0.00 ,
25/10/2024,16:15:00,26.02,-1.868,0.000,0.00,1.00,-3.80,-0.168,-0.25,8.161,4.18,26.20 ,not present ,0.00 ,0.00 ,
25/10/2024,16:30:00,26.02,-2.025,0.000,0.00,1.00,-3.80,-0.181,-0.27,8.161,4.18,26.00 ,not present ,0.00 ,0.00 ,
25/10/2024,16:45:00,25.93,-2.048,0.000,0.00,1.00,-3.80,-0.122,-0.27,8.166,4.18,26.00 ,not present ,0.00 ,0.00 ,
25/10/2024,17:00:00,25.99,-1.947,0.000,0.00,1.00,-3.80,-0.120,-0.26,8.166,4.18,25.90 ,not present ,0.00 ,0.00 ,
25/10/2024,17:15:00,25.94,-1.481,0.000,0.00,1.00,-3.80,0.190,-0.19,8.166,4.17,26.00 ,not present ,0.00 ,0.00 ,
25/10/2024,17:30:00,25.84,-1.896,0.000,0.00,1.00,-3.80,-0.017,-0.25,8.168,4.17,25.80 ,not present ,0.00 ,0.00 ,
25/10/2024,17:45:00,25.96,-2.065,0.004,-0.01,1.00,-3.80,0.119,-0.27,8.166,4.17,25.80 ,not present ,0.00 ,0.00 ,
25/10/2024,18:00:00,25.87,-1.969,0.019,0.00,1.00,-3.80,0.200,-0.26,8.168,4.17,26.00 ,not present ,0.00 ,0.00 ,
25/10/2024,18:15:00,25.82,-2.108,-0.010,-0.01,1.00,-3.80,0.166,-0.28,8.168,4.17,25.90 ,not present ,0.00 ,0.00 ,
25/10/2024,18:30:00,25.78,-1.932,0.072,-0.01,1.00,-3.80,0.342,-0.25,8.173,4.17,25.90 ,not present ,0.00 ,0.00 ,
25/10/2024,18:45:00,25.64,-1.932,0.000,0.00,1.00,-3.80,0.284,-0.25,8.175,4.17,25.60 ,not present ,0.00 ,0.00 ,
25/10/2024,19:00:00,25.47,-2.049,0.146,-0.04,1.00,-3.80,0.249,-0.27,8.184,4.17,25.60 ,not present ,0.00 ,0.00 ,
25/10/2024,19:15:00,25.26,-1.960,0.000,0.00,1.00,-3.80,0.395,-0.26,8.191,4.17,25.50 ,not present ,0.00 ,0.00 ,
25/10/2024,19:30:00,25.10,-1.967,0.000,0.00,1.00,-3.80,0.363,-0.26,8.194,4.17,25.30 ,not present ,0.00 ,0.00 ,
25/10/2024,19:45:00,24.80,-1.798,0.000,0.00,1.00,-3.80,0.513,-0.24,8.205,4.16,25.10 ,not present ,0.00 ,0.00 ,
25/10/2024,20:00:00,24.57,-1.911,0.000,0.00,1.00,-3.80,0.345,-0.25,8.215,4.16,24.80 ,not present ,0.00 ,0.00 ,
25/10/2024,20:15:00,24.47,-2.090,0.062,-0.03,1.00,-3.80,0.211,-0.28,8.219,4.16,24.70 ,not present ,0.00 ,0.00 ,
25/10/2024,20:30:00,24.27,-1.889,0.138,-0.02,1.00,-3.80,0.181,-0.25,8.226,4.16,24.60 ,not present ,0.00 ,0.00 ,
25/10/2024,20:45:00,24.03,-1.815,0.190,-0.03,1.00,-3.80,0.458,-0.24,8.233,4.16,24.20 ,not present ,0.00 ,0.00 ,
25/10/2024,21:00:00,23.92,-1.840,0.063,0.00,1.00,-3.80,0.356,-0.24,8.237,4.16,24.00 ,not present ,0.00 ,0.00 ,
25/10/2024,21:15:00,23.69,-1.905,0.082,-0.01,1.00,-3.80,0.333,-0.25,8.247,4.16,23.90 ,not present ,0.00 ,0.00 ,
25/10/2024,21:30:00,23.62,-1.958,0.201,-0.05,1.00,-3.80,0.207,-0.26,8.247,4.16,23.60 ,not present ,0.00 ,0.00 ,
25/10/2024,21:45:00,23.61,-1.825,0.231,-0.04,1.00,-3.80,0.299,-0.24,8.247,4.15,23.50 ,not present ,0.00 ,0.00 ,
25/10/2024,22:00:00,23.51,-1.660,0.000,0.00,1.00,-3.80,0.369,-0.22,8.251,4.15,23.40 ,not present ,0.00 ,0.00 ,
25/10/2024,22:15:00,23.24,-1.869,0.107,-0.01,1.00,-3.80,0.180,-0.25,8.262,4.15,23.30 ,not present ,0.00 ,0.00 ,
25/10/2024,22:30:00,23.40,-1.987,0.077,-0.02,1.00,-3.80,-0.025,-0.26,8.254,4.15,23.20 ,not present ,0.00 ,0.00 ,
25/10/2024,22:45:00,23.61,-1.909,0.060,-0.01,1.00,-3.80,0.127,-0.25,8.247,4.15,23.20 ,not present ,0.00 ,0.00 ,
25/10/2024,23:00:00,23.24,-0.908,0.000,0.00,1.00,-3.80,0.452,-0.12,8.262,4.15,23.00 ,not present ,0.00 ,0.00 ,
25/10/2024,23:15:00,22.67,-0.647,0.000,0.00,1.00,-3.80,0.200,-0.08,8.283,4.15,22.50 ,not present ,0.00 ,0.00 ,
25/10/2024,23:30:00,22.21,-0.574,0.000,0.00,1.00,-3.80,0.095,-0.07,8.297,4.15,21.90 ,not present ,0.00 ,0.00 ,
25/10/2024,23:45:00,21.84,-0.524,0.000,0.00,1.00,-3.80,0.195,-0.07,8.312,4.15,21.50 ,not present ,0.00 ,0.00 ,
26/10/2024,00:00:00,21.40,-0.354,0.000,0.00,1.00,-3.80,0.061,-0.04,8.326,4.14,21.10 ,not present ,0.00 ,0.00 ,
26/10/2024,00:15:00,20.86,-0.407,0.000,0.00,1.00,-3.80,0.176,-0.05,8.348,4.14,20.40 ,not present ,0.00 ,0.00 ,
26/10/2024,00:30:00,20.34,-0.322,0.000,0.00,1.00,-3.80,0.093,-0.04,8.366,4.14,20.00 ,not present ,0.00 ,0.00 ,
26/10/2024,00:45:00,19.96,-0.372,0.000,0.00,1.00,-3.80,0.105,-0.05,8.381,4.14,19.40 ,not present ,0.00 ,0.00 ,
26/10/2024,01:00:00,19.64,-0.396,0.000,0.00,1.00,-3.80,0.022,-0.05,8.392,4.14,19.10 ,not present ,0.00 ,0.00 ,
26/10/2024,01:15:00,19.45,-0.278,0.000,0.00,1.00,-3.80,0.159,-0.03,8.399,4.14,18.90 ,not present ,0.00 ,0.00 ,
26/10/2024,01:30:00,19.31,-0.443,0.000,0.00,1.00,-3.80,-0.049,-0.06,8.403,4.14,18.70 ,not present ,0.00 ,0.00 ,
26/10/2024,01:45:00,19.20,-0.345,0.000,0.00,1.00,-3.80,0.039,-0.04,8.406,4.14,18.40 ,not present ,0.00 ,0.00 ,
26/10/2024,02:00:00,19.12,-0.287,0.000,0.00,1.00,-3.80,0.097,-0.03,8.410,4.13,18.40 ,not present ,0.00 ,0.00 ,
26/10/2024,02:15:00,18.98,-0.257,0.000,0.00,1.00,-3.80,-0.091,-0.03,8.417,4.13,18.29 ,not present ,0.00 ,0.00 ,
26/10/2024,02:30:00,18.88,-0.361,0.000,0.00,1.00,-3.80,-0.089,-0.04,8.421,4.13,18.10 ,not present ,0.00 ,0.00 ,
26/10/2024,02:45:00,18.84,-0.374,0.000,0.00,1.00,-3.80,-0.016,-0.05,8.421,4.13,18.00 ,not present ,0.00 ,0.00 ,
26/10/2024,03:00:00,18.81,-0.422,0.000,0.00,1.00,-3.80,-0.262,-0.05,8.421,4.13,17.90 ,not present ,0.00 ,0.00 ,
26/10/2024,03:15:00,18.73,-0.307,0.000,0.00,1.00,-3.80,-0.041,-0.04,8.425,4.13,17.79 ,not present ,0.00 ,0.00 ,
26/10/2024,03:30:00,18.66,-0.423,0.000,0.00,1.00,-3.80,0.026,-0.05,8.428,4.13,17.79 ,not present ,0.00 ,0.00 ,
26/10/2024,03:45:00,18.60,-0.400,0.000,0.00,1.00,-3.80,0.000,-0.05,8.428,4.13,17.70 ,not present ,0.00 ,0.00 ,
26/10/2024,04:00:00,18.58,-0.332,0.000,0.00,1.00,-3.80,-0.215,-0.04,8.432,4.13,17.70 ,not present ,0.00 ,0.00 ,
26/10/2024,04:15:00,18.63,-0.401,0.000,0.00,1.00,-3.80,-0.081,-0.05,8.428,4.12,17.60 ,not present ,0.00 ,0.00 ,
26/10/2024,04:30:00,18.72,-0.390,0.000,0.00,1.00,-3.80,-0.141,-0.05,8.425,4.12,17.60 ,not present ,0.00 ,0.00 ,
26/10/2024,04:45:00,18.73,-0.322,0.000,0.00,1.00,-3.80,-0.057,-0.04,8.425,4.12,17.60 ,not present ,0.00 ,0.00 ,
26/10/2024,05:00:00,18.70,-0.399,0.000,0.00,1.00,-3.80,-0.151,-0.05,8.425,4.12,17.60 ,not present ,0.00 ,0.00 ,
26/10/2024,05:15:00,18.64,-0.308,0.000,0.00,1.00,-3.80,-0.129,-0.04,8.428,4.12,17.60 ,not present ,0.00 ,0.00 ,
26/10/2024,05:30:00,18.64,-0.361,0.000,0.00,1.00,-3.80,-0.157,-0.04,8.428,4.12,17.60 ,not present ,0.00 ,0.00 ,
26/10/2024,05:45:00,18.60,-0.284,0.000,0.00,1.00,-3.80,-0.030,-0.03,8.428,4.12,17.50 ,not present ,0.00 ,0.00 ,
26/10/2024,06:00:00,18.74,-0.396,0.000,0.00,1.00,-3.80,-0.144,-0.05,8.425,4.12,17.50 ,not present ,0.00 ,0.00 ,
26/10/2024,06:15:00,18.76,-0.224,0.000,0.00,1.00,-3.80,0.007,-0.03,8.425,4.12,17.50 ,not present ,0.00 ,0.00 ,
26/10/2024,06:30:00,18.63,-0.364,0.000,0.00,1.00,-3.80,-0.071,-0.05,8.428,4.11,17.60 ,not present ,0.00 ,0.00 ,
26/10/2024,06:45:00,18.42,-0.415,0.000,0.00,1.00,-3.80,-0.048,-0.05,8.436,4.11,17.60 ,not present ,0.00 ,0.00 ,
26/10/2024,07:00:00,18.61,-1.598,0.000,0.00,1.00,-3.80,-0.843,-0.22,8.428,4.11,17.60 ,not present ,0.00 ,0.00 ,
26/10/2024,07:15:00,19.31,-1.360,0.000,0.00,1.00,-3.80,-0.482,-0.18,8.403,4.11,18.29 ,not present ,0.00 ,0.00 ,
26/10/2024,07:30:00,19.90,-1.441,0.000,0.00,1.00,-3.80,-0.404,-0.19,8.381,4.11,18.90 ,not present ,0.00 ,0.00 ,
26/10/2024,07:45:00,20.29,-1.199,0.000,0.00,1.00,-3.80,-0.388,-0.16,8.370,4.11,19.29 ,not present ,0.00 ,0.00 ,
26/10/2024,08:00:00,20.53,-1.433,0.000,0.00,1.00,-3.80,-0.302,-0.19,8.359,4.11,19.70 ,not present ,0.00 ,0.00 ,
26/10/2024,08:15:00,20.55,-1.114,0.000,0.00,1.00,-3.80,-0.206,-0.15,8.359,4.11,20.00 ,not present ,0.00 ,0.00 ,
26/10/2024,08:30:00,20.42,-1.298,0.000,0.00,1.00,-3.80,-0.317,-0.17,8.362,4.11,20.10 ,not present ,0.00 ,0.00 ,
26/10/2024,08:45:00,20.44,-1.630,0.000,0.00,1.00,-3.80,-0.352,-0.22,8.362,4.11,20.10 ,not present ,0.00 ,0.00 ,
26/10/2024,09:00:00,20.57,-1.776,0.000,0.00,1.00,-3.80,-0.345,-0.24,8.359,4.10,20.20 ,not present ,0.00 ,0.00 ,
26/10/2024,09:15:00,21.03,-1.562,0.000,0.00,1.00,-3.80,-0.269,-0.21,8.341,4.10,20.40 ,not present ,0.00 ,0.00 ,
26/10/2024,09:30:00,21.41,-1.854,0.000,0.00,1.00,-3.80,-0.454,-0.25,8.326,4.10,20.60 ,not present ,0.00 ,0.00 ,
26/10/2024,09:45:00,21.74,-1.887,0.000,0.00,1.00,-3.80,-0.424,-0.25,8.315,4.10,20.90 ,not present ,0.00 ,0.00 ,
26/10/2024,10:00:00,22.18,-1.917,0.000,0.00,1.00,-3.80,-0.379,-0.26,8.301,4.10,21.40 ,not present ,0.00 ,0.00 ,
26/10/2024,10:15:00,22.55,-1.928,0.000,0.00,1.00,-3.80,-0.420,-0.26,8.287,4.10,21.90 ,not present ,0.00 ,0.00 ,
26/10/2024,10:30:00,23.12,-1.901,0.000,0.00,1.00,-3.80,-0.446,-0.25,8.265,4.10,22.30 ,not present ,0.00 ,0.00 ,
26/10/2024,10:45:00,23.53,-1.986,0.000,0.00,1.00,-3.80,-0.407,-0.26,8.251,4.10,22.80 ,not present ,0.00 ,0.00 ,
26/10/2024,11:00:00,23.99,-2.028,-0.038,0.00,1.00,-3.80,-0.477,-0.27,8.237,4.09,23.20 ,not present ,0.00 ,0.00 ,
26/10/2024,11:15:00,24.33,-1.931,0.000,0.00,1.00,-3.80,-0.403,-0.26,8.222,4.09,23.60 ,not present ,0.00 ,0.00 ,
26/10/2024,11:30:00,24.86,-1.553,0.000,0.00,1.00,-3.80,-0.210,-0.20,8.205,4.09,24.10 ,not present ,0.00 ,0.00 ,
26/10/2024,11:45:00,25.36,-1.861,0.000,0.00,1.00,-3.80,-0.340,-0.24,8.187,4.09,24.80 ,not present ,0.00 ,0.00 ,
26/10/2024,12:00:00,25.75,-1.735,0.000,0.00,1.00,-3.80,-0.135,-0.23,8.173,4.09,25.10 ,not present ,0.00 ,0.00 ,
26/10/2024,12:15:00,26.26,-1.673,0.000,0.00,1.00,-3.80,-0.138,-0.22,8.154,4.09,25.60 ,not present ,0.00 ,0.00 ,
26/10/2024,12:30:00,26.35,-2.050,-0.033,0.00,1.00,-3.80,-0.251,-0.27,8.152,4.09,25.90 ,not present ,0.00 ,0.00 ,
26/10/2024,12:45:00,26.64,-1.981,0.000,0.00,1.00,-3.80,-0.355,-0.26,8.141,4.09,26.50 ,not present ,0.00 ,0.00 ,
26/10/2024,13:00:00,26.76,-2.314,0.008,-0.04,1.00,-3.80,-0.541,-0.30,8.137,4.09,26.80 ,not present ,0.00 ,0.00 ,
26/10/2024,13:15:00,26.71,-2.011,0.000,0.00,1.00,-3.80,-0.341,-0.26,8.137,4.09,27.00 ,not present ,0.00 ,0.00 ,
26/10/2024,13:30:00,26.51,-2.007,0.000,0.00,1.00,-3.80,-0.304,-0.26,8.145,4.09,26.80 ,not present ,0.00 ,0.00 ,
26/10/2024,13:45:00,26.75,-2.325,-0.076,-0.02,1.00,-3.80,-0.470,-0.31,8.137,4.08,26.60 ,not present ,0.00 ,0.00 ,
26/10/2024,14:00:00,26.81,-1.714,0.000,0.00,1.00,-3.80,-0.202,-0.22,8.134,4.08,26.60 ,not present ,0.00 ,0.00 ,
26/10/2024,14:15:00,26.59,-1.785,0.214,-0.02,1.00,-3.80,-0.151,-0.23,8.145,4.08,26.50 ,not present ,0.00 ,0.00 ,
26/10/2024,14:30:00,26.58,-1.977,0.000,0.00,1.00,-3.80,-0.281,-0.26,8.145,4.08,26.30 ,not present ,0.00 ,0.00 ,
26/10/2024,14:45:00,26.62,-1.808,0.000,0.00,1.00,-3.80,-0.125,-0.24,8.141,4.08,26.40 ,not present ,0.00 ,0.00 ,
26/10/2024,15:00:00,26.82,-1.855,0.000,0.00,1.00,-3.80,-0.068,-0.24,8.134,4.08,26.50 ,not present ,0.00 ,0.00 ,
26/10/2024,15:15:00,26.47,-1.291,0.000,0.00,1.00,-3.80,0.506,-0.17,8.148,4.08,26.50 ,not present ,0.00 ,0.00 ,
26/10/2024,15:30:00,26.15,-2.267,-0.030,-0.03,1.00,-3.80,-0.173,-0.30,8.159,4.11,31.50 ,present ,12.00 ,101.70 ,
26/10/2024,15:45:00,26.55,-1.785,0.000,0.00,1.00,-3.80,0.093,-0.23,8.145,4.13,33.40 ,present ,11.97 ,102.30 ,
26/10/2024,16:00:00,26.76,-1.931,0.000,0.00,1.00,-3.80,0.047,-0.25,8.137,4.14,34.30 ,present ,11.97 ,102.60 ,
26/10/2024,16:15:00,26.82,-1.905,0.000,0.00,1.00,-3.80,0.096,-0.25,8.134,4.16,34.50 ,present ,11.99 ,100.80 ,
26/10/2024,16:30:00,26.77,-1.810,0.000,0.00,1.00,-3.80,-0.027,-0.24,8.137,4.17,34.30 ,present ,12.01 ,98.10 ,
26/10/2024,16:45:00,26.57,-2.010,0.000,0.00,1.00,-3.80,0.253,-0.26,8.145,4.19,33.59 ,present ,12.01 ,75.30 ,
26/10/2024,17:00:00,26.32,-1.739,0.000,0.00,1.00,-3.80,0.255,-0.23,8.152,4.19,30.70 ,present ,12.09 ,40.50 ,
26/10/2024,17:15:00,26.15,-1.866,0.000,0.00,1.00,-3.80,0.154,-0.24,8.159,4.19,29.20 ,present ,12.14 ,33.30 ,
26/10/2024,17:30:00,26.23,-2.098,0.073,-0.03,1.00,-3.80,0.189,-0.28,8.154,4.19,28.60 ,present ,12.13 ,31.80 ,
26/10/2024,17:45:00,26.28,-2.029,-0.024,0.00,1.00,-3.80,0.025,-0.27,8.154,4.19,28.20 ,present ,12.12 ,31.20 ,
26/10/2024,18:00:00,26.27,-1.666,0.000,0.00,1.00,-3.80,0.290,-0.22,8.154,4.19,28.00 ,present ,12.12 ,31.20 ,
26/10/2024,18:15:00,26.17,-1.592,0.000,0.00,1.00,-3.80,0.485,-0.21,8.159,4.19,28.00 ,present ,12.12 ,31.20 ,
26/10/2024,18:30:00,25.93,-1.842,0.000,0.00,1.00,-3.80,0.275,-0.24,8.166,4.19,27.80 ,present ,12.12 ,30.90 ,
26/10/2024,18:45:00,25.94,-1.910,0.089,-0.01,1.00,-3.80,0.492,-0.25,8.166,4.19,27.80 ,present ,12.12 ,30.90 ,
26/10/2024,19:00:00,25.83,-2.001,0.135,-0.03,1.00,-3.80,0.558,-0.26,8.168,4.19,27.60 ,present ,12.12 ,30.90 ,
26/10/2024,19:15:00,25.65,-1.998,0.096,-0.02,1.00,-3.80,0.525,-0.26,8.175,4.19,27.50 ,present ,12.12 ,30.90 ,
26/10/2024,19:30:00,25.40,-1.924,0.099,-0.02,1.00,-3.80,0.629,-0.25,8.184,4.19,27.30 ,present ,12.12 ,30.90 ,
26/10/2024,19:45:00,25.27,-1.843,0.079,0.00,1.00,-3.80,0.662,-0.24,8.191,4.19,27.10 ,present ,12.12 ,30.60 ,
26/10/2024,20:00:00,25.18,-1.917,0.161,-0.03,1.00,-3.80,0.526,-0.25,8.194,4.19,27.10 ,present ,12.08 ,30.60 ,
26/10/2024,20:15:00,25.14,-2.000,0.128,-0.03,1.00,-3.80,0.523,-0.26,8.194,4.19,26.90 ,present ,12.12 ,30.60 ,
26/10/2024,20:30:00,25.16,-1.743,0.167,-0.01,1.00,-3.80,0.513,-0.23,8.194,4.19,26.80 ,present ,12.12 ,30.60 ,
26/10/2024,20:45:00,25.07,-1.882,0.189,-0.03,1.00,-3.80,0.457,-0.25,8.198,4.19,26.70 ,present ,12.08 ,30.60 ,
26/10/2024,21:00:00,25.02,-1.801,0.161,-0.02,1.00,-3.80,0.432,-0.24,8.198,4.19,26.70 ,present ,12.08 ,30.60 ,
26/10/2024,21:15:00,24.84,-1.772,0.129,0.00,1.00,-3.80,0.581,-0.23,8.205,4.19,26.70 ,present ,12.08 ,30.60 ,
26/10/2024,21:30:00,24.68,-1.879,0.180,-0.03,1.00,-3.80,0.447,-0.25,8.212,4.19,26.40 ,present ,12.08 ,30.60 ,
26/10/2024,21:45:00,24.59,-1.470,0.000,0.00,1.00,-3.80,0.570,-0.19,8.215,4.19,26.30 ,present ,12.08 ,30.60 ,
26/10/2024,22:00:00,24.55,-1.697,0.159,0.00,1.00,-3.80,0.385,-0.22,8.215,4.19,26.30 ,present ,12.08 ,30.60 ,
26/10/2024,22:15:00,24.59,-1.849,0.204,-0.04,1.00,-3.80,0.300,-0.24,8.215,4.19,26.10 ,present ,12.08 ,30.90 ,
26/10/2024,22:30:00,24.58,-1.727,0.198,-0.02,1.00,-3.80,0.309,-0.23,8.215,4.19,26.10 ,present ,12.08 ,30.60 ,
26/10/2024,22:45:00,24.39,-1.598,0.201,0.00,1.00,-3.80,0.405,-0.21,8.222,4.19,26.10 ,present ,12.08 ,30.90 ,
26/10/2024,23:00:00,23.81,-0.679,0.000,0.00,1.00,-3.80,0.528,-0.09,8.240,4.19,25.80 ,present ,12.08 ,30.60 ,
26/10/2024,23:15:00,22.92,-0.362,0.000,0.00,1.00,-3.80,0.337,-0.04,8.272,4.19,25.00 ,present ,12.08 ,30.60 ,
26/10/2024,23:30:00,22.23,-0.348,0.000,0.00,1.00,-3.80,0.107,-0.04,8.297,4.19,24.10 ,present ,12.08 ,30.60 ,
26/10/2024,23:45:00,21.75,-0.465,0.000,0.00,1.00,-3.80,0.040,-0.06,8.315,4.19,23.30 ,present ,12.08 ,30.30 ,
27/10/2024,00:00:00,21.42,-0.458,0.000,0.00,1.00,-3.80,0.137,-0.06,8.326,4.19,22.90 ,present ,12.08 ,30.30 ,
27/10/2024,00:15:00,21.15,-0.410,0.000,0.00,1.00,-3.80,0.175,-0.05,8.337,4.19,22.40 ,present ,12.08 ,30.30 ,
27/10/2024,00:30:00,20.89,-0.387,0.000,0.00,1.00,-3.80,0.119,-0.05,8.348,4.19,22.20 ,present ,12.04 ,30.30 ,
27/10/2024,00:45:00,20.62,-0.384,0.000,0.00,1.00,-3.80,0.076,-0.05,8.355,4.19,21.90 ,present ,12.04 ,30.30 ,
27/10/2024,01:00:00,20.40,-0.296,0.000,0.00,1.00,-3.80,0.099,-0.04,8.362,4.19,21.60 ,present ,12.08 ,30.30 ,
27/10/2024,01:15:00,20.21,-0.467,0.000,0.00,1.00,-3.80,0.093,-0.06,8.370,4.19,21.20 ,present ,12.05 ,30.60 ,
27/10/2024,01:30:00,20.02,-0.325,0.000,0.00,1.00,-3.80,-0.063,-0.04,8.377,4.19,21.10 ,present ,12.04 ,30.30 ,
27/10/2024,01:45:00,19.92,-0.374,0.000,0.00,1.00,-3.80,0.067,-0.05,8.381,4.19,20.80 ,present ,12.04 ,30.30 ,
27/10/2024,02:00:00,19.81,-0.357,0.000,0.00,1.00,-3.80,0.026,-0.04,8.384,4.19,20.80 ,present ,12.08 ,30.60 ,
27/10/2024,02:15:00,19.74,-0.305,0.000,0.00,1.00,-3.80,0.151,-0.04,8.388,4.19,20.60 ,present ,12.04 ,30.30 ,
27/10/2024,02:30:00,19.60,-0.224,0.000,0.00,1.00,-3.80,0.021,-0.03,8.392,4.19,20.40 ,present ,12.05 ,30.60 ,
27/10/2024,02:45:00,19.49,-0.280,0.000,0.00,1.00,-3.80,-0.028,-0.03,8.399,4.19,20.40 ,present ,12.04 ,30.30 ,
27/10/2024,03:00:00,19.47,-0.255,0.000,0.00,1.00,-3.80,-0.098,-0.03,8.399,4.19,20.20 ,present ,12.05 ,30.60 ,
27/10/2024,03:15:00,19.38,-0.256,0.000,0.00,1.00,-3.80,0.010,-0.03,8.403,4.19,20.20 ,present ,12.04 ,30.30 ,
27/10/2024,03:30:00,19.31,-0.417,0.000,0.00,1.00,-3.80,-0.036,-0.05,8.403,4.19,20.10 ,present ,12.01 ,30.30 ,
27/10/2024,03:45:00,19.28,-0.371,0.000,0.00,1.00,-3.80,-0.199,-0.05,8.406,4.19,20.00 ,present ,12.04 ,30.30 ,
27/10/2024,04:00:00,19.27,-0.357,0.000,0.00,1.00,-3.80,-0.098,-0.04,8.406,4.19,20.00 ,present ,12.01 ,30.60 ,
27/10/2024,04:15:00,19.23,-0.314,0.000,0.00,1.00,-3.80,-0.190,-0.04,8.406,4.19,20.00 ,present ,12.04 ,30.30 ,
27/10/2024,04:30:00,19.20,-0.350,0.000,0.00,1.00,-3.80,-0.135,-0.04,8.406,4.19,20.00 ,present ,12.01 ,30.60 ,
27/10/2024,04:45:00,19.13,-0.325,0.000,0.00,1.00,-3.80,-0.125,-0.04,8.410,4.19,19.79 ,present ,12.01 ,30.60 ,
27/10/2024,05:00:00,19.11,-0.395,0.000,0.00,1.00,-3.80,-0.075,-0.05,8.410,4.19,19.90 ,present ,12.05 ,30.60 ,
27/10/2024,05:15:00,19.10,-0.285,0.000,0.00,1.00,-3.80,-0.077,-0.03,8.410,4.19,19.70 ,present ,12.01 ,30.30 ,
27/10/2024,05:30:00,19.07,-0.263,0.000,0.00,1.00,-3.80,-0.054,-0.03,8.414,4.19,19.79 ,present ,12.01 ,30.60 ,
27/10/2024,05:45:00,19.08,-0.306,0.000,0.00,1.00,-3.80,-0.142,-0.04,8.414,4.19,19.70 ,present ,12.01 ,30.30 ,
27/10/2024,06:00:00,19.09,-0.384,0.000,0.00,1.00,-3.80,-0.151,-0.05,8.414,4.19,19.79 ,present ,12.01 ,30.60 ,
27/10/2024,06:15:00,19.07,-0.384,0.000,0.00,1.00,-3.80,-0.056,-0.05,8.414,4.19,19.79 ,present ,12.01 ,30.60 ,
27/10/2024,06:30:00,19.06,-0.314,0.000,0.00,1.00,-3.80,-0.179,-0.04,8.414,4.19,19.70 ,present ,11.98 ,30.60 ,
27/10/2024,06:45:00,19.05,-0.280,0.000,0.00,1.00,-3.80,-0.015,-0.03,8.414,4.19,19.60 ,present ,12.01 ,30.60 ,
27/10/2024,07:00:00,19.06,-0.410,0.000,0.00,1.00,-3.80,-0.048,-0.05,8.414,4.19,19.60 ,present ,12.01 ,30.30 ,
27/10/2024,07:15:00,19.05,-0.231,0.000,0.00,1.00,-3.80,-0.033,-0.03,8.414,4.19,19.70 ,present ,11.98 ,30.60 ,
27/10/2024,07:30:00,19.11,-0.438,0.000,0.00,1.00,-3.80,-0.214,-0.06,8.410,4.19,19.79 ,present ,11.98 ,30.60 ,
27/10/2024,07:45:00,19.19,-0.325,0.000,0.00,1.00,-3.80,-0.105,-0.04,8.410,4.19,19.79 ,present ,12.01 ,30.60 ,
27/10/2024,08:00:00,19.78,-1.512,0.000,0.00,1.00,-3.80,-0.556,-0.20,8.388,4.19,20.10 ,present ,11.98 ,30.60 ,
27/10/2024,08:15:00,20.59,-1.315,0.000,0.00,1.00,-3.80,-0.562,-0.18,8.359,4.19,20.90 ,present ,12.01 ,30.60 ,
27/10/2024,08:30:00,21.17,-1.408,0.000,0.00,1.00,-3.80,-0.324,-0.19,8.337,4.19,21.60 ,present ,11.98 ,30.90 ,
27/10/2024,08:45:00,21.60,-1.427,0.000,0.00,1.00,-3.80,-0.404,-0.19,8.319,4.19,22.10 ,present ,12.01 ,30.60 ,
27/10/2024,09:00:00,21.71,-1.333,0.000,0.00,1.00,-3.80,-0.413,-0.18,8.315,4.19,22.50 ,present ,11.98 ,30.90 ,
27/10/2024,09:15:00,21.84,-1.625,0.000,0.00,1.00,-3.80,-0.538,-0.22,8.312,4.19,22.90 ,present ,12.01 ,30.90 ,
27/10/2024,09:30:00,22.03,-1.561,0.000,0.00,1.00,-3.80,-0.160,-0.21,8.305,4.19,23.10 ,present ,11.98 ,30.90 ,
27/10/2024,09:45:00,22.40,-1.911,0.000,0.00,1.00,-3.80,-0.358,-0.25,8.290,4.19,23.30 ,present ,12.01 ,30.90 ,
27/10/2024,10:00:00,22.93,-1.653,0.000,0.00,1.00,-3.80,-0.296,-0.22,8.272,4.19,23.70 ,present ,11.98 ,30.90 ,
27/10/2024,10:15:00,23.28,-1.829,0.000,0.00,1.00,-3.80,-0.256,-0.24,8.262,4.19,24.10 ,present ,11.98 ,30.90 ,
27/10/2024,10:30:00,23.52,-1.781,0.000,0.00,1.00,-3.80,-0.302,-0.24,8.251,4.19,24.30 ,present ,11.98 ,30.90 ,
27/10/2024,10:45:00,23.77,-1.859,0.000,0.00,1.00,-3.80,-0.245,-0.25,8.244,4.19,24.80 ,present ,11.98 ,30.60 ,
27/10/2024,11:00:00,24.10,-1.908,0.000,0.00,1.00,-3.80,-0.291,-0.25,8.229,4.19,25.20 ,present ,12.01 ,30.60 ,
27/10/2024,11:15:00,24.42,-1.673,0.000,0.00,1.00,-3.80,-0.210,-0.22,8.219,4.19,25.50 ,present ,11.98 ,30.90 ,
27/10/2024,11:30:00,24.79,-1.916,0.000,0.00,1.00,-3.80,-0.200,-0.25,8.208,4.19,25.80 ,present ,11.98 ,30.90 ,
27/10/2024,11:45:00,25.14,-1.972,0.000,0.00,1.00,-3.80,-0.097,-0.26,8.194,4.19,26.20 ,present ,11.98 ,30.60 ,
27/10/2024,12:00:00,25.28,-2.085,-0.043,0.00,1.00,-3.80,-0.170,-0.28,8.191,4.19,26.50 ,present ,12.01 ,30.90 ,
27/10/2024,12:15:00,25.61,-2.080,-0.034,0.00,1.00,-3.80,-0.030,-0.27,8.175,4.19,26.90 ,present ,11.98 ,30.90 ,
27/10/2024,12:30:00,25.73,-1.842,0.000,0.00,1.00,-3.80,0.098,-0.24,8.173,4.19,27.20 ,present ,11.98 ,30.90 ,
27/10/2024,12:45:00,25.74,-1.710,0.000,0.00,1.00,-3.80,0.166,-0.22,8.173,4.19,27.20 ,present ,11.98 ,30.90 ,
27/10/2024,13:00:00,25.70,-1.728,0.000,0.00,1.00,-3.80,0.294,-0.23,8.173,4.19,27.30 ,present ,11.98 ,30.90 ,
27/10/2024,13:15:00,25.52,-1.849,0.079,0.00,1.00,-3.80,0.179,-0.24,8.180,4.19,27.20 ,present ,11.98 ,30.90 ,
27/10/2024,13:30:00,25.64,-1.952,0.074,-0.01,1.00,-3.80,0.054,-0.26,8.175,4.19,27.20 ,present ,11.98 ,30.90 ,
27/10/2024,13:45:00,25.70,-1.916,0.051,0.00,1.00,-3.80,0.148,-0.25,8.173,4.19,27.30 ,present ,11.98 ,30.90 ,
27/10/2024,14:00:00,25.69,-1.937,0.000,0.00,1.00,-3.80,0.273,-0.25,8.175,4.19,27.40 ,present ,11.98 ,30.90 ,
27/10/2024,14:15:00,25.85,-1.935,0.033,0.00,1.00,-3.80,0.333,-0.25,8.168,4.19,27.80 ,present ,11.98 ,30.90 ,
27/10/2024,14:30:00,26.11,-2.447,0.054,-0.07,1.00,-3.80,0.160,-0.32,8.159,4.19,27.90 ,present ,11.98 ,30.90 ,
27/10/2024,14:45:00,26.45,-1.886,0.216,-0.04,1.00,-3.80,0.473,-0.25,8.148,4.19,28.00 ,present ,11.98 ,30.90 ,
27/10/2024,15:00:00,26.31,-1.823,0.000,0.00,1.00,-3.80,0.384,-0.24,8.152,4.19,28.10 ,present ,11.98 ,30.60 ,
27/10/2024,15:15:00,26.29,-2.003,0.149,-0.04,1.00,-3.80,0.341,-0.26,8.154,4.19,28.00 ,present ,11.94 ,30.60 ,
27/10/2024,15:30:00,26.34,-1.961,0.146,-0.03,1.00,-3.80,0.293,-0.26,8.152,4.19,28.00 ,present ,11.98 ,30.90 ,
27/10/2024,15:45:00,26.37,-1.914,0.112,-0.02,1.00,-3.80,0.148,-0.25,8.152,4.18,26.90 ,not present ,0.00 ,0.00 ,
27/10/2024,16:00:00,27.53,4.845,3.843,-0.03,1.00,-3.80,0.422,0.64,8.109,4.18,26.60 ,not present ,0.00 ,0.00 ,
27/10/2024,16:15:00,26.56,-1.275,0.999,-0.15,1.00,-3.80,-0.827,-0.17,8.145,4.18,26.40 ,not present ,0.00 ,0.00 ,
27/10/2024,16:30:00,26.57,-1.728,0.544,-0.10,1.00,-3.80,-0.543,-0.23,8.145,4.18,26.40 ,not present ,0.00 ,0.00 ,
27/10/2024,16:45:00,26.71,-1.760,0.474,-0.09,1.00,-3.80,-0.307,-0.23,8.137,4.18,26.60 ,not present ,0.00 ,0.00 ,
27/10/2024,17:00:00,26.64,-1.772,0.393,-0.07,1.00,-3.80,-0.322,-0.23,8.141,4.18,26.40 ,not present ,0.00 ,0.00 ,
27/10/2024,17:15:00,26.48,-1.757,0.457,-0.08,1.00,-3.80,-0.134,-0.23,8.148,4.17,26.50 ,not present ,0.00 ,0.00 ,
27/10/2024,17:30:00,26.24,-1.644,0.374,-0.05,1.00,-3.80,-0.194,-0.21,8.154,4.17,26.40 ,not present ,0.00 ,0.00 ,
27/10/2024,17:45:00,26.07,-1.690,0.314,-0.04,1.00,-3.80,-0.045,-0.22,8.161,4.17,26.30 ,not present ,0.00 ,0.00 ,
27/10/2024,18:00:00,25.79,-1.795,0.588,-0.12,1.00,-3.80,-0.138,-0.24,8.173,4.17,26.10 ,not present ,0.00 ,0.00 ,
27/10/2024,18:15:00,25.44,-1.805,0.373,-0.07,1.00,-3.80,-0.199,-0.24,8.184,4.17,25.80 ,not present ,0.00 ,0.00 ,
27/10/2024,18:30:00,24.96,-1.764,0.407,-0.08,1.00,-3.80,-0.021,-0.23,8.201,4.17,25.40 ,not present ,0.00 ,0.00 ,
27/10/2024,18:45:00,24.64,-1.586,0.247,-0.01,1.00,-3.80,-0.135,-0.21,8.212,4.17,25.10 ,not present ,0.00 ,0.00 ,
27/10/2024,19:00:00,24.22,-1.736,0.393,-0.07,1.00,-3.80,-0.093,-0.23,8.226,4.17,24.60 ,not present ,0.00 ,0.00 ,
27/10/2024,19:15:00,23.86,-1.770,0.402,-0.08,1.00,-3.80,-0.300,-0.23,8.240,4.17,24.20 ,not present ,0.00 ,0.00 ,
27/10/2024,19:30:00,23.63,-1.738,0.428,-0.08,1.00,-3.80,-0.244,-0.23,8.247,4.17,23.90 ,not present ,0.00 ,0.00 ,
27/10/2024,19:45:00,23.36,-1.649,0.355,-0.05,1.00,-3.80,-0.110,-0.22,8.258,4.17,23.60 ,not present ,0.00 ,0.00 ,
27/10/2024,20:00:00,23.05,-1.694,0.439,-0.08,1.00,-3.80,-0.194,-0.22,8.269,4.16,23.30 ,not present ,0.00 ,0.00 ,
27/10/2024,20:15:00,22.83,-1.405,0.370,-0.03,1.00,-3.80,0.124,-0.19,8.276,4.16,22.90 ,not present ,0.00 ,0.00 ,
27/10/2024,20:30:00,22.67,-1.727,0.346,-0.06,1.00,-3.80,-0.264,-0.23,8.283,4.16,22.90 ,not present ,0.00 ,0.00 ,
27/10/2024,20:45:00,22.76,-1.761,0.486,-0.11,1.00,-3.80,-0.310,-0.23,8.279,4.16,22.70 ,not present ,0.00 ,0.00 ,
27/10/2024,21:00:00,22.86,-1.831,0.605,-0.15,1.00,-3.80,-0.254,-0.24,8.276,4.16,22.90 ,not present ,0.00 ,0.00 ,
27/10/2024,21:15:00,22.82,-1.655,0.564,-0.11,1.00,-3.80,-0.169,-0.22,8.276,4.16,22.80 ,not present ,0.00 ,0.00 ,
27/10/2024,21:30:00,22.76,-1.706,0.465,-0.09,1.00,-3.80,-0.267,-0.23,8.279,4.16,22.90 ,not present ,0.00 ,0.00 ,
27/10/2024,21:45:00,22.61,-1.819,0.520,-0.13,1.00,-3.80,-0.207,-0.24,8.283,4.15,22.80 ,not present ,0.00 ,0.00 ,
27/10/2024,22:00:00,22.49,-1.688,0.711,-0.16,1.00,-3.80,-0.130,-0.22,8.290,4.15,22.70 ,not present ,0.00 ,0.00 ,
27/10/2024,22:15:00,22.49,-1.810,0.482,-0.11,1.00,-3.80,-0.256,-0.24,8.290,4.15,22.50 ,not present ,0.00 ,0.00 ,
27/10/2024,22:30:00,22.40,-1.755,0.563,-0.13,1.00,-3.80,-0.249,-0.23,8.290,4.15,22.40 ,not present ,0.00 ,0.00 ,
27/10/2024,22:45:00,22.31,-1.513,0.391,-0.05,1.00,-3.80,-0.083,-0.20,8.294,4.15,22.30 ,not present ,0.00 ,0.00 ,
27/10/2024,23:00:00,22.26,-1.877,0.500,-0.13,1.00,-3.80,-0.421,-0.25,8.297,4.15,22.20 ,not present ,0.00 ,0.00 ,
27/10/2024,23:15:00,22.72,-1.778,0.450,-0.10,1.00,-3.80,-0.245,-0.24,8.279,4.15,22.20 ,not present ,0.00 ,0.00 ,
27/10/2024,23:30:00,22.98,-1.717,0.454,-0.09,1.00,-3.80,-0.180,-0.23,8.272,4.15,22.40 ,not present ,0.00 ,0.00 ,
27/10/2024,23:45:00,23.17,-1.718,0.447,-0.09,1.00,-3.80,-0.182,-0.23,8.265,4.15,22.60 ,not present ,0.00 ,0.00 ,
28/10/2024,00:00:00,22.65,-0.354,0.000,0.00,1.00,-3.80,0.070,-0.04,8.283,4.15,22.30 ,not present ,0.00 ,0.00 ,
28/10/2024,00:15:00,22.09,-0.226,0.000,0.00,1.00,-3.80,-0.113,-0.03,8.305,4.14,21.70 ,not present ,0.00 ,0.00 ,
28/10/2024,00:30:00,21.59,-0.299,0.000,0.00,1.00,-3.80,-0.166,-0.04,8.323,4.14,21.10 ,not present ,0.00 ,0.00 ,
28/10/2024,00:45:00,21.17,-0.233,0.000,0.00,1.00,-3.80,0.000,-0.03,8.337,4.14,20.80 ,not present ,0.00 ,0.00 ,
28/10/2024,01:00:00,20.85,-0.283,0.000,0.00,1.00,-3.80,0.077,-0.03,8.348,4.14,20.40 ,not present ,0.00 ,0.00 ,
28/10/2024,01:15:00,20.51,-0.237,0.000,0.00,1.00,-3.80,-0.008,-0.03,8.359,4.14,20.00 ,not present ,0.00 ,0.00 ,
28/10/2024,01:30:00,20.24,-0.438,0.000,0.00,1.00,-3.80,-0.122,-0.06,8.370,4.14,19.79 ,not present ,0.00 ,0.00 ,
28/10/2024,01:45:00,20.11,-0.430,0.000,0.00,1.00,-3.80,0.032,-0.05,8.373,4.14,19.50 ,not present ,0.00 ,0.00 ,
28/10/2024,02:00:00,20.02,-0.356,0.000,0.00,1.00,-3.80,-0.024,-0.04,8.377,4.14,19.29 ,not present ,0.00 ,0.00 ,
28/10/2024,02:15:00,19.94,-0.457,0.000,0.00,1.00,-3.80,-0.085,-0.06,8.381,4.13,19.20 ,not present ,0.00 ,0.00 ,
28/10/2024,02:30:00,19.91,-0.416,0.000,0.00,1.00,-3.80,-0.055,-0.05,8.381,4.13,19.00 ,not present ,0.00 ,0.00 ,
28/10/2024,02:45:00,19.89,-0.403,0.000,0.00,1.00,-3.80,-0.118,-0.05,8.384,4.13,18.90 ,not present ,0.00 ,0.00 ,
28/10/2024,03:00:00,19.91,-0.453,0.000,0.00,1.00,-3.80,0.005,-0.06,8.381,4.13,18.90 ,not present ,0.00 ,0.00 ,
28/10/2024,03:15:00,19.91,-0.445,0.000,0.00,1.00,-3.80,-0.001,-0.06,8.381,4.13,18.79 ,not present ,0.00 ,0.00 ,
28/10/2024,03:30:00,19.88,-0.384,0.000,0.00,1.00,-3.80,-0.026,-0.05,8.384,4.13,18.70 ,not present ,0.00 ,0.00 ,
28/10/2024,03:45:00,19.79,-0.410,0.000,0.00,1.00,-3.80,-0.143,-0.05,8.388,4.13,18.79 ,not present ,0.00 ,0.00 ,
28/10/2024,04:00:00,19.73,-0.468,0.000,0.00,1.00,-3.80,-0.093,-0.06,8.388,4.13,18.70 ,not present ,0.00 ,0.00 ,
28/10/2024,04:15:00,19.68,-0.400,0.000,0.00,1.00,-3.80,0.032,-0.05,8.392,4.13,18.60 ,not present ,0.00 ,0.00 ,
28/10/2024,04:30:00,19.64,-0.396,0.000,0.00,1.00,-3.80,0.032,-0.05,8.392,4.12,18.60 ,not present ,0.00 ,0.00 ,
28/10/2024,04:45:00,19.59,-0.376,0.000,0.00,1.00,-3.80,-0.127,-0.05,8.395,4.12,18.50 ,not present ,0.00 ,0.00 ,
28/10/2024,05:00:00,19.55,-0.440,0.000,0.00,1.00,-3.80,-0.216,-0.06,8.395,4.12,18.50 ,not present ,0.00 ,0.00 ,
28/10/2024,05:15:00,19.53,-0.379,0.000,0.00,1.00,-3.80,-0.031,-0.05,8.395,4.12,18.40 ,not present ,0.00 ,0.00 ,
28/10/2024,05:30:00,19.52,-0.342,0.000,0.00,1.00,-3.80,0.012,-0.04,8.395,4.12,18.50 ,not present ,0.00 ,0.00 ,
28/10/2024,05:45:00,19.50,-0.426,0.000,0.00,1.00,-3.80,-0.008,-0.05,8.395,4.12,18.50 ,not present ,0.00 ,0.00 ,
28/10/2024,06:00:00,19.43,-0.423,0.000,0.00,1.00,-3.80,-0.043,-0.05,8.399,4.12,18.40 ,not present ,0.00 ,0.00 ,
28/10/2024,06:15:00,19.27,-0.188,0.000,0.00,1.00,-3.80,0.028,-0.02,8.406,4.12,18.40 ,not present ,0.00 ,0.00 ,
28/10/2024,06:30:00,19.19,-0.485,0.000,0.00,1.00,-3.80,-0.112,-0.06,8.410,4.11,18.10 ,not present ,0.00 ,0.00 ,
28/10/2024,06:45:00,19.14,-0.452,0.000,0.00,1.00,-3.80,-0.202,-0.06,8.410,4.11,18.00 ,not present ,0.00 ,0.00 ,
28/10/2024,07:00:00,19.11,-0.379,0.000,0.00,1.00,-3.80,-0.068,-0.05,8.410,4.11,18.00 ,not present ,0.00 ,0.00 ,
28/10/2024,07:15:00,19.01,-0.510,0.000,0.00,1.00,-3.80,-0.021,-0.07,8.414,4.11,18.00 ,not present ,0.00 ,0.00 ,
28/10/2024,07:30:00,18.88,-0.476,0.000,0.00,1.00,-3.80,0.011,-0.06,8.421,4.11,17.90 ,not present ,0.00 ,0.00 ,
28/10/2024,07:45:00,18.86,-0.520,0.000,0.00,1.00,-3.80,-0.052,-0.07,8.421,4.11,18.00 ,not present ,0.00 ,0.00 ,
28/10/2024,08:00:00,19.28,-1.479,0.000,0.00,1.00,-3.80,-0.651,-0.20,8.406,4.11,18.10 ,not present ,0.00 ,0.00 ,
28/10/2024,08:15:00,20.00,-1.708,0.000,0.00,1.00,-3.80,-0.390,-0.23,8.377,4.11,18.90 ,not present ,0.00 ,0.00 ,
28/10/2024,08:30:00,20.44,-1.765,0.000,0.00,1.00,-3.80,-0.114,-0.24,8.362,4.11,19.50 ,not present ,0.00 ,0.00 ,
28/10/2024,08:45:00,20.90,-1.980,-0.025,0.00,1.00,-3.80,-0.143,-0.27,8.344,4.11,19.90 ,not present ,0.00 ,0.00 ,
28/10/2024,09:00:00,21.27,-1.931,0.000,0.00,1.00,-3.80,0.007,-0.26,8.333,4.10,20.40 ,not present ,0.00 ,0.00 ,
28/10/2024,09:15:00,21.59,-1.984,0.002,0.00,1.00,-3.80,0.060,-0.27,8.323,4.10,20.80 ,not present ,0.00 ,0.00 ,
28/10/2024,09:30:00,21.79,-1.410,0.000,0.00,1.00,-3.80,0.567,-0.19,8.315,4.10,21.10 ,not present ,0.00 ,0.00 ,
28/10/2024,09:45:00,21.86,-2.004,0.000,0.00,1.00,-3.80,-0.306,-0.27,8.312,4.10,21.10 ,not present ,0.00 ,0.00 ,
28/10/2024,10:00:00,22.31,-1.801,0.000,0.00,1.00,-3.80,-0.422,-0.24,8.294,4.10,21.50 ,not present ,0.00 ,0.00 ,
28/10/2024,10:15:00,22.65,-1.772,0.000,0.00,1.00,-3.80,-0.346,-0.24,8.283,4.10,22.00 ,not present ,0.00 ,0.00 ,
28/10/2024,10:30:00,22.93,-1.728,0.000,0.00,1.00,-3.80,-0.303,-0.23,8.272,4.10,22.30 ,not present ,0.00 ,0.00 ,
28/10/2024,10:45:00,23.24,-1.736,0.000,0.00,1.00,-3.80,-0.269,-0.23,8.262,4.10,22.60 ,not present ,0.00 ,0.00 ,
28/10/2024,11:00:00,23.58,-1.812,0.000,0.00,1.00,-3.80,-0.400,-0.24,8.251,4.10,23.10 ,not present ,0.00 ,0.00 ,
28/10/2024,11:15:00,24.06,-2.029,0.000,0.00,1.00,-3.80,-0.383,-0.27,8.233,4.09,23.30 ,not present ,0.00 ,0.00 ,
28/10/2024,11:30:00,24.76,-2.226,-0.040,-0.02,1.00,-3.80,-0.569,-0.29,8.208,4.09,23.90 ,not present ,0.00 ,0.00 ,
28/10/2024,11:45:00,25.54,-2.456,-0.113,-0.03,1.00,-3.80,-0.528,-0.32,8.180,4.09,24.70 ,not present ,0.00 ,0.00 ,
28/10/2024,12:00:00,26.49,-2.037,0.000,0.00,1.00,-3.80,-0.273,-0.27,8.148,4.09,25.40 ,not present ,0.00 ,0.00 ,
28/10/2024,12:15:00,26.69,-2.311,-0.134,-0.01,1.00,-3.80,-0.496,-0.30,8.141,4.09,26.00 ,not present ,0.00 ,0.00 ,
28/10/2024,12:30:00,26.82,-1.800,0.000,0.00,1.00,-3.80,-0.035,-0.24,8.134,4.09,26.50 ,not present ,0.00 ,0.00 ,
28/10/2024,12:45:00,26.77,-1.999,0.000,0.00,1.00,-3.80,-0.048,-0.26,8.137,4.09,26.70 ,not present ,0.00 ,0.00 ,
28/10/2024,13:00:00,26.70,-2.105,0.258,-0.08,1.00,-3.80,-0.090,-0.28,8.137,4.09,26.80 ,not present ,0.00 ,0.00 ,
28/10/2024,13:15:00,26.92,-2.256,-0.026,-0.03,1.00,-3.80,-0.281,-0.30,8.130,4.09,26.80 ,not present ,0.00 ,0.00 ,
28/10/2024,13:30:00,26.92,-2.168,-0.101,0.00,1.00,-3.80,-0.112,-0.28,8.130,4.09,27.00 ,not present ,0.00 ,0.00 ,
28/10/2024,13:45:00,26.86,-2.053,0.055,-0.02,1.00,-3.80,-0.087,-0.27,8.134,4.09,27.10 ,not present ,0.00 ,0.00 ,
28/10/2024,14:00:00,26.85,-2.100,0.087,-0.03,1.00,-3.80,-0.019,-0.28,8.134,4.08,27.20 ,not present ,0.00 ,0.00 ,
28/10/2024,14:15:00,26.66,-2.160,0.035,-0.03,1.00,-3.80,-0.164,-0.28,8.141,4.08,27.10 ,not present ,0.00 ,0.00 ,
28/10/2024,14:30:00,26.69,-1.945,0.000,0.00,1.00,-3.80,-0.078,-0.25,8.141,4.08,27.10 ,not present ,0.00 ,0.00 ,
28/10/2024,14:45:00,26.48,-2.140,-0.011,-0.01,1.00,-3.80,-0.138,-0.28,8.148,4.08,27.00 ,not present ,0.00 ,0.00 ,
28/10/2024,15:00:00,26.47,-1.641,0.000,0.00,1.00,-3.80,0.264,-0.21,8.148,4.08,26.90 ,not present ,0.00 ,0.00 ,
28/10/2024,15:15:00,25.63,-1.854,0.000,0.00,1.00,-3.80,-0.161,-0.24,8.175,4.08,26.60 ,not present ,0.00 ,0.00 ,
28/10/2024,15:30:00,25.32,-2.099,0.000,0.00,1.00,-3.80,-0.224,-0.28,8.187,4.08,26.20 ,not present ,0.00 ,0.00 ,
28/10/2024,15:45:00,25.05,-1.907,0.000,0.00,1.00,-3.80,-0.183,-0.25,8.198,4.08,25.90 ,not present ,0.00 ,0.00 ,
28/10/2024,16:00:00,24.84,-1.990,0.000,0.00,1.00,-3.80,-0.204,-0.26,8.205,4.08,25.60 ,not present ,0.00 ,0.00 ,
28/10/2024,16:15:00,24.87,-2.008,0.000,0.00,1.00,-3.80,-0.241,-0.27,8.205,4.08,25.50 ,not present ,0.00 ,0.00 ,
28/10/2024,16:30:00,24.86,-1.959,0.060,-0.01,1.00,-3.80,-0.262,-0.26,8.205,4.07,25.30 ,not present ,0.00 ,0.00 ,
28/10/2024,16:45:00,24.59,-1.871,0.000,0.00,1.00,-3.80,-0.101,-0.25,8.215,4.07,25.10 ,not present ,0.00 ,0.00 ,
28/10/2024,17:00:00,23.45,-1.017,0.000,0.00,1.00,-3.80,0.676,-0.13,8.254,4.10,30.20 ,present ,11.84 ,103.80 ,
28/10/2024,17:15:00,23.62,-2.177,-0.032,-0.02,1.00,-3.80,-0.266,-0.29,8.247,4.12,31.10 ,present ,11.80 ,104.10 ,
28/10/2024,17:30:00,23.98,-1.931,0.000,0.00,1.00,-3.80,-0.258,-0.26,8.237,4.14,31.80 ,present ,11.77 ,104.40 ,
28/10/2024,17:45:00,24.15,-1.702,0.000,0.00,1.00,-3.80,0.000,-0.22,8.229,4.16,32.00 ,present ,11.76 ,103.20 ,
28/10/2024,18:00:00,23.94,-2.027,0.025,-0.01,1.00,-3.80,0.009,-0.27,8.237,4.17,32.20 ,present ,11.75 ,101.10 ,
28/10/2024,18:15:00,23.92,-1.587,0.000,0.00,1.00,-3.80,0.363,-0.21,8.237,4.19,31.80 ,present ,11.77 ,90.00 ,
28/10/2024,18:30:00,23.66,-1.884,0.000,0.00,1.00,-3.80,-0.023,-0.25,8.247,4.19,28.60 ,present ,11.79 ,43.80 ,
28/10/2024,18:45:00,23.68,-1.884,0.000,0.00,1.00,-3.80,0.076,-0.25,8.247,4.19,26.90 ,present ,11.87 ,34.80 ,
28/10/2024,19:00:00,23.54,-1.904,0.147,-0.03,1.00,-3.80,0.136,-0.25,8.251,4.19,26.10 ,present ,11.88 ,32.40 ,
28/10/2024,19:15:00,23.37,-1.934,0.000,0.00,1.00,-3.80,0.157,-0.26,8.258,4.19,25.70 ,present ,11.88 ,31.80 ,
28/10/2024,19:30:00,23.21,-1.808,0.117,-0.01,1.00,-3.80,0.154,-0.24,8.262,4.19,25.30 ,present ,11.88 ,31.50 ,
28/10/2024,19:45:00,23.05,-1.708,0.000,0.00,1.00,-3.80,0.075,-0.23,8.269,4.19,25.10 ,present ,11.87 ,31.20 ,
28/10/2024,20:00:00,23.01,-1.821,0.081,0.00,1.00,-3.80,0.208,-0.24,8.269,4.19,25.00 ,present ,11.88 ,31.50 ,
28/10/2024,20:15:00,22.91,-2.040,0.055,-0.02,1.00,-3.80,0.044,-0.27,8.272,4.19,24.90 ,present ,11.88 ,31.50 ,
28/10/2024,20:30:00,22.80,-2.005,0.287,-0.08,1.00,-3.80,0.098,-0.27,8.276,4.19,24.80 ,present ,11.87 ,31.20 ,
28/10/2024,20:45:00,22.74,-1.709,0.128,0.00,1.00,-3.80,0.300,-0.23,8.279,4.19,24.80 ,present ,11.87 ,31.20 ,
28/10/2024,21:00:00,22.70,-2.054,0.082,-0.03,1.00,-3.80,0.288,-0.27,8.279,4.19,24.60 ,present ,11.87 ,31.20 ,
28/10/2024,21:15:00,22.61,-2.009,0.426,-0.12,1.00,-3.80,0.235,-0.27,8.283,4.19,24.60 ,present ,11.87 ,31.20 ,
28/10/2024,21:30:00,22.45,-1.912,0.188,-0.04,1.00,-3.80,0.167,-0.25,8.290,4.19,24.30 ,present ,11.87 ,31.20 ,
28/10/2024,21:45:00,22.49,-2.088,0.152,-0.06,1.00,-3.80,0.018,-0.28,8.290,4.19,24.20 ,present ,11.87 ,31.20 ,
28/10/2024,22:00:00,22.97,-1.931,0.171,-0.04,1.00,-3.80,0.086,-0.26,8.272,4.19,24.20 ,present ,11.87 ,31.20 ,
28/10/2024,22:15:00,23.12,-1.704,0.283,-0.04,1.00,-3.80,0.097,-0.23,8.265,4.19,24.60 ,present ,11.87 ,31.20 ,
28/10/2024,22:30:00,23.10,-1.780,0.185,-0.02,1.00,-3.80,0.191,-0.24,8.265,4.19,24.40 ,present ,11.84 ,31.20 ,
28/10/2024,22:45:00,23.11,-1.973,0.246,-0.07,1.00,-3.80,0.061,-0.26,8.265,4.19,24.60 ,present ,11.84 ,31.20 ,
28/10/2024,23:00:00,22.96,-1.672,0.241,-0.03,1.00,-3.80,0.153,-0.22,8.272,4.19,24.60 ,present ,11.84 ,31.20 ,
28/10/2024,23:15:00,22.93,-1.796,0.303,-0.06,1.00,-3.80,-0.077,-0.24,8.272,4.19,24.40 ,present ,11.84 ,31.20 ,
28/10/2024,23:30:00,23.09,-1.860,0.241,-0.05,1.00,-3.80,-0.035,-0.25,8.269,4.19,24.40 ,present ,11.84 ,31.20 ,
28/10/2024,23:45:00,23.24,-1.748,0.268,-0.04,1.00,-3.80,-0.083,-0.23,8.262,4.19,24.30 ,present ,11.84 ,31.20 ,
29/10/2024,00:00:00,22.68,-0.641,0.000,0.00,1.00,-3.80,0.383,-0.08,8.283,4.19,24.10 ,present ,11.84 ,31.20 ,
29/10/2024,00:15:00,22.19,-0.458,0.000,0.00,1.00,-3.80,0.037,-0.06,8.301,4.19,23.60 ,present ,11.84 ,31.20 ,
29/10/2024,00:30:00,21.78,-0.377,0.000,0.00,1.00,-3.80,-0.015,-0.05,8.315,4.19,23.00 ,present ,11.84 ,30.90 ,
29/10/2024,00:45:00,21.41,-0.355,0.000,0.00,1.00,-3.80,0.016,-0.04,8.326,4.19,22.70 ,present ,11.84 ,30.90 ,
29/10/2024,01:00:00,20.95,-0.296,0.000,0.00,1.00,-3.80,0.090,-0.04,8.344,4.19,22.30 ,present ,11.83 ,30.60 ,
29/10/2024,01:15:00,20.57,-0.295,0.000,0.00,1.00,-3.80,0.037,-0.04,8.359,4.19,22.00 ,present ,11.80 ,30.90 ,
29/10/2024,01:30:00,20.29,-0.403,0.000,0.00,1.00,-3.80,0.005,-0.05,8.370,4.19,21.50 ,present ,11.80 ,30.90 ,
29/10/2024,01:45:00,20.03,-0.101,0.000,0.00,1.00,-3.80,0.195,-0.01,8.377,4.19,21.40 ,present ,11.84 ,31.20 ,
29/10/2024,02:00:00,19.82,-0.490,0.000,0.00,1.00,-3.80,0.039,-0.06,8.384,4.19,20.90 ,present ,11.84 ,31.20 ,
29/10/2024,02:15:00,19.73,-0.532,0.000,0.00,1.00,-3.80,-0.061,-0.07,8.388,4.19,20.80 ,present ,11.80 ,30.90 ,
29/10/2024,02:30:00,19.62,-0.365,0.000,0.00,1.00,-3.80,0.080,-0.05,8.392,4.19,20.60 ,present ,11.80 ,30.90 ,
29/10/2024,02:45:00,19.54,-0.466,0.000,0.00,1.00,-3.80,-0.098,-0.06,8.395,4.19,20.29 ,present ,11.84 ,30.90 ,
29/10/2024,03:00:00,19.48,-0.433,0.000,0.00,1.00,-3.80,-0.029,-0.05,8.399,4.19,20.29 ,present ,11.80 ,30.90 ,
29/10/2024,03:15:00,19.37,-0.409,0.000,0.00,1.00,-3.80,-0.062,-0.05,8.403,4.19,20.20 ,present ,11.80 ,31.20 ,
29/10/2024,03:30:00,19.33,-0.508,0.000,0.00,1.00,-3.80,0.036,-0.07,8.403,4.19,20.10 ,present ,11.80 ,31.20 ,
29/10/2024,03:45:00,19.29,-0.469,0.000,0.00,1.00,-3.80,-0.059,-0.06,8.406,4.19,20.10 ,present ,11.80 ,30.90 ,
29/10/2024,04:00:00,19.19,-0.344,0.000,0.00,1.00,-3.80,0.002,-0.04,8.410,4.19,20.00 ,present ,11.80 ,31.20 ,
29/10/2024,04:15:00,19.04,-0.425,0.000,0.00,1.00,-3.80,0.057,-0.05,8.414,4.19,19.79 ,present ,11.80 ,31.20 ,
29/10/2024,04:30:00,18.94,-0.409,0.000,0.00,1.00,-3.80,-0.028,-0.05,8.417,4.19,19.79 ,present ,11.80 ,30.90 ,
29/10/2024,04:45:00,18.86,-0.518,0.000,0.00,1.00,-3.80,-0.069,-0.07,8.421,4.19,19.60 ,present ,11.80 ,31.20 ,
29/10/2024,05:00:00,18.81,-0.451,0.000,0.00,1.00,-3.80,-0.072,-0.06,8.421,4.19,19.50 ,present ,11.80 ,30.90 ,
29/10/2024,05:15:00,18.73,-0.495,0.000,0.00,1.00,-3.80,0.005,-0.06,8.425,4.19,19.50 ,present ,11.77 ,30.90 ,
29/10/2024,05:30:00,18.60,-0.401,0.000,0.00,1.00,-3.80,0.053,-0.05,8.428,4.19,19.40 ,present ,11.77 ,31.20 ,
29/10/2024,05:45:00,18.50,-0.471,0.000,0.00,1.00,-3.80,-0.082,-0.06,8.432,4.19,19.29 ,present ,11.80 ,30.90 ,
29/10/2024,06:00:00,18.43,-0.439,0.000,0.00,1.00,-3.80,-0.092,-0.06,8.436,4.19,19.20 ,present ,11.77 ,31.20 ,
29/10/2024,06:15:00,18.43,-0.487,0.000,0.00,1.00,-3.80,-0.087,-0.06,8.436,4.19,19.00 ,present ,11.80 ,30.90 ,
29/10/2024,06:30:00,18.44,-0.441,0.000,0.00,1.00,-3.80,-0.177,-0.06,8.436,4.19,19.00 ,present ,11.77 ,31.20 ,
29/10/2024,06:45:00,18.41,-0.490,0.000,0.00,1.00,-3.80,0.046,-0.06,8.436,4.19,19.00 ,present ,11.77 ,30.90 ,
29/10/2024,07:00:00,18.33,-0.453,0.000,0.00,1.00,-3.80,-0.049,-0.06,8.439,4.19,19.00 ,present ,11.77 ,30.90 ,
29/10/2024,07:15:00,18.23,-0.413,0.000,0.00,1.00,-3.80,-0.071,-0.05,8.443,4.19,18.90 ,present ,11.77 ,30.90 ,
29/10/2024,07:30:00,18.03,-0.526,0.000,0.00,1.00,-3.80,-0.083,-0.07,8.451,4.19,18.90 ,present ,11.77 ,30.90 ,
29/10/2024,07:45:00,17.89,-0.473,0.000,0.00,1.00,-3.80,-0.086,-0.06,8.458,4.19,18.90 ,present ,11.77 ,30.90 ,
29/10/2024,08:00:00,18.29,-1.354,0.000,0.00,1.00,-3.80,-0.521,-0.18,8.443,4.19,19.00 ,present ,11.77 ,30.90 ,
29/10/2024,08:15:00,18.98,-1.492,0.000,0.00,1.00,-3.80,-0.525,-0.20,8.417,4.19,19.50 ,present ,11.73 ,31.20 ,
29/10/2024,08:30:00,19.61,-1.513,0.000,0.00,1.00,-3.80,-0.387,-0.20,8.392,4.19,20.10 ,present ,11.77 ,31.20 ,
29/10/2024,08:45:00,20.03,-1.818,0.000,0.00,1.00,-3.80,-0.343,-0.24,8.377,4.19,20.70 ,present ,11.77 ,31.20 ,
29/10/2024,09:00:00,20.31,-1.559,0.000,0.00,1.00,-3.80,-0.280,-0.21,8.366,4.19,21.10 ,present ,11.73 ,31.50 ,
29/10/2024,09:15:00,20.66,-1.646,0.000,0.00,1.00,-3.80,-0.145,-0.22,8.355,4.19,21.60 ,present ,11.77 ,31.50 ,
29/10/2024,09:30:00,21.01,-1.860,0.000,0.00,1.00,-3.80,-0.362,-0.25,8.341,4.19,21.90 ,present ,11.77 ,31.20 ,
29/10/2024,09:45:00,21.45,-2.227,-0.044,-0.02,1.00,-3.80,-0.549,-0.30,8.326,4.19,22.30 ,present ,11.77 ,31.50 ,
29/10/2024,10:00:00,22.31,-2.034,0.000,0.00,1.00,-3.80,-0.466,-0.27,8.294,4.19,22.90 ,present ,11.77 ,31.20 ,
29/10/2024,10:15:00,22.90,-1.980,0.000,0.00,1.00,-3.80,-0.181,-0.26,8.272,4.19,23.60 ,present ,11.77 ,31.50 ,
29/10/2024,10:30:00,23.02,-1.802,0.000,0.00,1.00,-3.80,-0.229,-0.24,8.269,4.19,23.90 ,present ,11.77 ,31.20 ,
29/10/2024,10:45:00,22.99,-2.118,-0.046,-0.01,1.00,-3.80,-0.466,-0.28,8.272,4.19,24.20 ,present ,11.73 ,31.20 ,
29/10/2024,11:00:00,23.11,-1.753,0.000,0.00,1.00,-3.80,-0.226,-0.23,8.265,4.19,24.40 ,present ,11.77 ,31.20 ,
29/10/2024,11:15:00,23.29,-1.874,0.000,0.00,1.00,-3.80,-0.293,-0.25,8.262,4.19,24.70 ,present ,11.77 ,31.20 ,
29/10/2024,11:30:00,23.64,-2.093,-0.054,0.00,1.00,-3.80,-0.548,-0.28,8.247,4.19,25.10 ,present ,11.77 ,31.20 ,
29/10/2024,11:45:00,23.90,-2.210,-0.116,0.00,1.00,-3.80,-0.360,-0.29,8.237,4.19,25.30 ,present ,11.73 ,31.50 ,
29/10/2024,12:00:00,24.10,-2.296,0.000,0.00,1.00,-3.80,-0.322,-0.30,8.229,4.19,25.70 ,present ,11.73 ,31.20 ,
29/10/2024,12:15:00,24.26,-2.012,0.224,-0.06,1.00,-3.80,-0.167,-0.27,8.226,4.19,25.80 ,present ,11.73 ,31.20 ,
29/10/2024,12:30:00,24.46,-2.342,-0.027,-0.04,1.00,-3.80,-0.444,-0.31,8.219,4.19,25.90 ,present ,11.73 ,31.50 ,
29/10/2024,12:45:00,24.95,-2.509,-0.061,-0.05,1.00,-3.80,-0.450,-0.33,8.201,4.19,26.30 ,present ,11.77 ,31.50 ,
29/10/2024,13:00:00,25.34,-2.603,0.016,-0.09,1.00,-3.80,-0.408,-0.34,8.187,4.19,26.60 ,present ,11.73 ,31.20 ,
29/10/2024,13:15:00,25.67,-2.214,0.005,-0.03,1.00,-3.80,-0.181,-0.29,8.175,4.19,27.10 ,present ,11.77 ,31.50 ,
29/10/2024,13:30:00,26.33,-2.432,0.113,-0.09,1.00,-3.80,-0.033,-0.32,8.152,4.19,27.80 ,present ,11.77 ,31.50 ,
29/10/2024,13:45:00,26.67,-2.756,0.075,-0.12,1.00,-3.80,-0.156,-0.36,8.141,4.19,27.90 ,present ,11.77 ,31.20 ,
29/10/2024,14:00:00,26.00,-2.627,0.058,-0.10,1.00,-3.80,-0.042,-0.35,8.161,4.19,27.90 ,present ,11.77 ,31.20 ,
29/10/2024,14:15:00,26.50,-2.204,-0.069,-0.01,1.00,-3.80,0.248,-0.29,8.145,4.19,28.00 ,present ,11.77 ,31.20 ,
29/10/2024,14:30:00,26.39,-2.313,0.009,-0.04,1.00,-3.80,0.151,-0.30,8.152,4.19,28.00 ,present ,11.77 ,31.50 ,
29/10/2024,14:45:00,26.37,-1.985,0.000,0.00,1.00,-3.80,0.457,-0.26,8.152,4.19,28.00 ,present ,11.77 ,31.50 ,
29/10/2024,15:00:00,26.28,-2.366,0.051,-0.06,1.00,-3.80,0.200,-0.31,8.154,4.19,28.00 ,present ,11.73 ,31.50 ,
29/10/2024,15:15:00,25.95,-2.103,0.048,-0.03,1.00,-3.80,0.330,-0.28,8.166,4.19,28.00 ,present ,11.73 ,31.50 ,
29/10/2024,15:30:00,25.55,-2.260,0.052,-0.05,1.00,-3.80,-0.028,-0.30,8.180,4.19,27.80 ,present ,11.77 ,31.50 ,
29/10/2024,15:45:00,25.51,-2.355,0.047,-0.06,1.00,-3.80,-0.075,-0.31,8.180,4.19,27.60 ,present ,11.77 ,31.50 ,
29/10/2024,16:00:00,25.25,-2.307,0.057,-0.06,1.00,-3.80,-0.132,-0.30,8.191,4.19,27.50 ,present ,11.73 ,31.50 ,
29/10/2024,16:15:00,25.65,-2.332,0.071,-0.06,1.00,-3.80,0.037,-0.31,8.175,4.19,27.30 ,present ,11.73 ,31.20 ,
29/10/2024,16:30:00,25.76,-1.831,0.091,0.00,1.00,-3.80,-0.095,-0.24,8.173,4.19,27.40 ,present ,11.73 ,31.50 ,
29/10/2024,16:45:00,25.44,-1.551,0.231,0.00,1.00,-3.80,0.052,-0.20,8.184,4.19,27.30 ,present ,11.73 ,31.50 ,
29/10/2024,17:00:00,25.12,-1.501,0.000,0.00,1.00,-3.80,-0.063,-0.20,8.194,4.19,27.10 ,present ,11.73 ,31.20 ,
29/10/2024,17:15:00,24.91,-1.473,0.000,0.00,1.00,-3.80,0.070,-0.19,8.201,4.19,26.90 ,present ,11.73 ,31.50 ,
29/10/2024,17:30:00,24.83,-1.609,0.000,0.00,1.00,-3.80,-0.031,-0.21,8.205,4.19,26.70 ,present ,11.73 ,31.50 ,
29/10/2024,17:45:00,24.66,-1.766,0.000,0.00,1.00,-3.80,-0.074,-0.23,8.212,4.19,26.70 ,present ,11.70 ,31.20 ,
29/10/2024,18:00:00,24.31,-1.846,0.055,0.00,1.00,-3.80,-0.068,-0.24,8.222,4.19,26.20 ,present ,11.73 ,31.50 ,
29/10/2024,18:15:00,24.14,-1.693,0.000,0.00,1.00,-3.80,-0.019,-0.22,8.229,4.19,26.20 ,present ,11.70 ,31.20 ,
29/10/2024,18:30:00,24.16,-1.720,0.197,-0.02,1.00,-3.80,0.040,-0.23,8.229,4.19,26.00 ,present ,11.70 ,31.50 ,
29/10/2024,18:45:00,23.79,-1.666,0.000,0.00,1.00,-3.80,0.125,-0.22,8.244,4.19,25.90 ,present ,11.70 ,31.20 ,
29/10/2024,19:00:00,23.70,-1.728,0.000,0.00,1.00,-3.80,0.054,-0.23,8.244,4.18,25.00 ,not present ,0.00 ,0.00 ,
29/10/2024,19:15:00,23.67,-1.551,0.000,0.00,1.00,-3.80,0.340,-0.20,8.247,4.18,24.20 ,not present ,0.00 ,0.00 ,
29/10/2024,19:30:00,23.74,-1.805,0.194,-0.03,1.00,-3.80,0.037,-0.24,8.244,4.18,23.90 ,not present ,0.00 ,0.00 ,
29/10/2024,19:45:00,23.71,-1.760,0.105,0.00,1.00,-3.80,0.063,-0.23,8.244,4.18,23.90 ,not present ,0.00 ,0.00 ,
29/10/2024,20:00:00,23.67,-1.887,0.062,0.00,1.00,-3.80,-0.058,-0.25,8.247,4.18,23.80 ,not present ,0.00 ,0.00 ,
29/10/2024,20:15:00,24.05,-1.868,0.084,-0.01,1.00,-3.80,0.065,-0.25,8.233,4.18,23.90 ,not present ,0.00 ,0.00 ,
29/10/2024,20:30:00,24.12,-1.795,0.101,0.00,1.00,-3.80,-0.031,-0.24,8.229,4.17,23.90 ,not present ,0.00 ,0.00 ,
29/10/2024,20:45:00,24.14,-1.809,0.176,-0.02,1.00,-3.80,-0.013,-0.24,8.229,4.17,24.00 ,not present ,0.00 ,0.00 ,
29/10/2024,21:00:00,24.10,-1.920,0.106,-0.02,1.00,-3.80,-0.014,-0.25,8.229,4.17,24.00 ,not present ,0.00 ,0.00 ,
29/10/2024,21:15:00,24.27,-1.758,0.109,0.00,1.00,-3.80,-0.093,-0.23,8.226,4.17,24.20 ,not present ,0.00 ,0.00 ,
29/10/2024,21:30:00,24.35,-1.712,0.134,0.00,1.00,-3.80,0.061,-0.23,8.222,4.17,24.10 ,not present ,0.00 ,0.00 ,
29/10/2024,21:45:00,24.35,-1.591,0.000,0.00,1.00,-3.80,0.188,-0.21,8.222,4.17,24.00 ,not present ,0.00 ,0.00 ,
29/10/2024,22:00:00,24.31,-1.678,0.163,0.00,1.00,-3.80,0.083,-0.22,8.222,4.17,24.00 ,not present ,0.00 ,0.00 ,
29/10/2024,22:15:00,24.23,-1.641,0.177,0.00,1.00,-3.80,0.012,-0.22,8.226,4.17,24.00 ,not present ,0.00 ,0.00 ,
29/10/2024,22:30:00,24.21,-1.632,0.000,0.00,1.00,-3.80,-0.070,-0.22,8.226,4.17,24.00 ,not present ,0.00 ,0.00 ,
29/10/2024,22:45:00,24.14,-1.580,0.185,0.00,1.00,-3.80,0.020,-0.21,8.229,4.17,23.90 ,not present ,0.00 ,0.00 ,
29/10/2024,23:00:00,24.11,-1.685,0.163,0.00,1.00,-3.80,-0.011,-0.22,8.229,4.17,23.90 ,not present ,0.00 ,0.00 ,
29/10/2024,23:15:00,24.09,-1.578,0.000,0.00,1.00,-3.80,-0.048,-0.21,8.233,4.16,23.90 ,not present ,0.00 ,0.00 ,
29/10/2024,23:30:00,24.13,-1.457,0.000,0.00,1.00,-3.80,0.066,-0.19,8.229,4.16,23.80 ,not present ,0.00 ,0.00 ,
29/10/2024,23:45:00,24.17,-1.618,0.184,0.00,1.00,-3.80,-0.121,-0.21,8.229,4.16,23.80 ,not present ,0.00 ,0.00 ,
30/10/2024,00:00:00,23.52,-0.536,0.000,0.00,1.00,-3.80,0.201,-0.07,8.251,4.16,23.40 ,not present ,0.00 ,0.00 ,
30/10/2024,00:15:00,22.93,-0.459,0.000,0.00,1.00,-3.80,0.198,-0.06,8.272,4.16,22.90 ,not present ,0.00 ,0.00 ,
30/10/2024,00:30:00,22.43,-0.438,0.000,0.00,1.00,-3.80,0.056,-0.05,8.290,4.16,22.20 ,not present ,0.00 ,0.00 ,
30/10/2024,00:45:00,21.94,-0.458,0.000,0.00,1.00,-3.80,-0.042,-0.06,8.308,4.16,21.80 ,not present ,0.00 ,0.00 ,
30/10/2024,01:00:00,21.57,-0.269,0.000,0.00,1.00,-3.80,0.065,-0.03,8.323,4.16,21.40 ,not present ,0.00 ,0.00 ,
30/10/2024,01:15:00,21.26,-0.346,0.000,0.00,1.00,-3.80,-0.059,-0.04,8.333,4.15,21.00 ,not present ,0.00 ,0.00 ,
30/10/2024,01:30:00,21.03,-0.340,0.000,0.00,1.00,-3.80,-0.032,-0.04,8.341,4.15,20.60 ,not present ,0.00 ,0.00 ,
30/10/2024,01:45:00,20.74,-0.318,0.000,0.00,1.00,-3.80,0.013,-0.04,8.352,4.15,20.20 ,not present ,0.00 ,0.00 ,
30/10/2024,02:00:00,20.37,-0.476,0.000,0.00,1.00,-3.80,0.000,-0.06,8.366,4.15,19.90 ,not present ,0.00 ,0.00 ,
30/10/2024,02:15:00,20.06,-0.466,0.000,0.00,1.00,-3.80,-0.091,-0.06,8.377,4.15,19.60 ,not present ,0.00 ,0.00 ,
30/10/2024,02:30:00,20.05,-0.310,0.000,0.00,1.00,-3.80,-0.073,-0.04,8.377,4.15,19.40 ,not present ,0.00 ,0.00 ,
30/10/2024,02:45:00,19.98,-0.391,0.000,0.00,1.00,-3.80,-0.012,-0.05,8.381,4.15,19.10 ,not present ,0.00 ,0.00 ,
30/10/2024,03:00:00,19.84,-0.352,0.000,0.00,1.00,-3.80,-0.059,-0.04,8.384,4.15,19.00 ,not present ,0.00 ,0.00 ,
30/10/2024,03:15:00,19.73,-0.434,0.000,0.00,1.00,-3.80,0.019,-0.05,8.388,4.15,19.00 ,not present ,0.00 ,0.00 ,
30/10/2024,03:30:00,19.66,-0.457,0.000,0.00,1.00,-3.80,-0.127,-0.06,8.392,4.14,18.79 ,not present ,0.00 ,0.00 ,
30/10/2024,03:45:00,19.55,-0.376,0.000,0.00,1.00,-3.80,-0.119,-0.05,8.395,4.14,18.60 ,not present ,0.00 ,0.00 ,
30/10/2024,04:00:00,19.46,-0.306,0.000,0.00,1.00,-3.80,-0.110,-0.04,8.399,4.14,18.60 ,not present ,0.00 ,0.00 ,
30/10/2024,04:15:00,19.31,-0.407,0.000,0.00,1.00,-3.80,-0.019,-0.05,8.403,4.14,18.50 ,not present ,0.00 ,0.00 ,
30/10/2024,04:30:00,19.29,-0.290,0.000,0.00,1.00,-3.80,-0.097,-0.04,8.406,4.14,18.50 ,not present ,0.00 ,0.00 ,
30/10/2024,04:45:00,19.27,-0.400,0.000,0.00,1.00,-3.80,-0.130,-0.05,8.406,4.14,18.29 ,not present ,0.00 ,0.00 ,
30/10/2024,05:00:00,19.24,-0.522,0.000,0.00,1.00,-3.80,-0.156,-0.07,8.406,4.14,18.40 ,not present ,0.00 ,0.00 ,
30/10/2024,05:15:00,19.24,-0.308,0.000,0.00,1.00,-3.80,-0.110,-0.04,8.406,4.14,18.10 ,not present ,0.00 ,0.00 ,
30/10/2024,05:30:00,19.23,-0.357,0.000,0.00,1.00,-3.80,-0.071,-0.04,8.406,4.13,18.00 ,not present ,0.00 ,0.00 ,
30/10/2024,05:45:00,19.23,-0.303,0.000,0.00,1.00,-3.80,-0.133,-0.04,8.406,4.13,18.10 ,not present ,0.00 ,0.00 ,
30/10/2024,06:00:00,19.24,-0.353,0.000,0.00,1.00,-3.80,-0.108,-0.04,8.406,4.13,18.00 ,not present ,0.00 ,0.00 ,
30/10/2024,06:15:00,19.19,-0.280,0.000,0.00,1.00,-3.80,-0.139,-0.03,8.410,4.13,18.00 ,not present ,0.00 ,0.00 ,
30/10/2024,06:30:00,19.16,-0.389,0.000,0.00,1.00,-3.80,-0.128,-0.05,8.410,4.13,18.00 ,not present ,0.00 ,0.00 ,
30/10/2024,06:45:00,19.14,-0.474,0.000,0.00,1.00,-3.80,-0.260,-0.06,8.410,4.13,17.90 ,not present ,0.00 ,0.00 ,
30/10/2024,07:00:00,19.13,-0.278,0.000,0.00,1.00,-3.80,-0.179,-0.03,8.410,4.13,17.90 ,not present ,0.00 ,0.00 ,
30/10/2024,07:15:00,19.13,-0.367,0.000,0.00,1.00,-3.80,-0.125,-0.05,8.410,4.13,17.90 ,not present ,0.00 ,0.00 ,
30/10/2024,07:30:00,19.14,-0.429,0.000,0.00,1.00,-3.80,-0.126,-0.05,8.410,4.13,18.00 ,not present ,0.00 ,0.00 ,
30/10/2024,07:45:00,19.02,-0.419,0.000,0.00,1.00,-3.80,-0.225,-0.05,8.414,4.13,18.10 ,not present ,0.00 ,0.00 ,
30/10/2024,08:00:00,19.44,-1.191,0.000,0.00,1.00,-3.80,-0.747,-0.16,8.399,4.12,18.29 ,not present ,0.00 ,0.00 ,
30/10/2024,08:15:00,20.14,-1.284,0.000,0.00,1.00,-3.80,-0.460,-0.17,8.373,4.12,19.00 ,not present ,0.00 ,0.00 ,
30/10/2024,08:30:00,20.68,-1.410,0.000,0.00,1.00,-3.80,-0.425,-0.19,8.355,4.12,19.50 ,not present ,0.00 ,0.00 ,
30/10/2024,08:45:00,21.08,-1.422,0.000,0.00,1.00,-3.80,-0.322,-0.19,8.341,4.12,20.20 ,not present ,0.00 ,0.00 ,
30/10/2024,09:00:00,21.49,-1.512,0.000,0.00,1.00,-3.80,-0.349,-0.20,8.326,4.12,20.50 ,not present ,0.00 ,0.00 ,
30/10/2024,09:15:00,21.76,-1.454,0.000,0.00,1.00,-3.80,-0.294,-0.19,8.315,4.12,21.00 ,not present ,0.00 ,0.00 ,
30/10/2024,09:30:00,21.87,-1.635,0.000,0.00,1.00,-3.80,-0.345,-0.22,8.312,4.12,21.40 ,not present ,0.00 ,0.00 ,
30/10/2024,09:45:00,22.11,-1.438,0.000,0.00,1.00,-3.80,-0.400,-0.19,8.301,4.12,21.70 ,not present ,0.00 ,0.00 ,
30/10/2024,10:00:00,22.36,-1.378,0.000,0.00,1.00,-3.80,-0.327,-0.18,8.294,4.11,21.80 ,not present ,0.00 ,0.00 ,
30/10/2024,10:15:00,22.45,-1.736,0.000,0.00,1.00,-3.80,-0.488,-0.23,8.290,4.11,22.10 ,not present ,0.00 ,0.00 ,
30/10/2024,10:30:00,22.79,-1.545,0.000,0.00,1.00,-3.80,-0.325,-0.20,8.279,4.11,22.30 ,not present ,0.00 ,0.00 ,
30/10/2024,10:45:00,22.87,-1.472,0.000,0.00,1.00,-3.80,-0.500,-0.19,8.276,4.11,22.60 ,not present ,0.00 ,0.00 ,
30/10/2024,11:00:00,23.14,-1.682,0.000,0.00,1.00,-3.80,-0.500,-0.22,8.265,4.11,22.80 ,not present ,0.00 ,0.00 ,
30/10/2024,11:15:00,23.42,-1.694,0.000,0.00,1.00,-3.80,-0.306,-0.22,8.254,4.11,23.00 ,not present ,0.00 ,0.00 ,
30/10/2024,11:30:00,23.73,-1.634,0.000,0.00,1.00,-3.80,-0.246,-0.22,8.244,4.11,23.20 ,not present ,0.00 ,0.00 ,
30/10/2024,11:45:00,23.99,-1.395,0.000,0.00,1.00,-3.80,-0.383,-0.18,8.237,4.11,23.60 ,not present ,0.00 ,0.00 ,
30/10/2024,12:00:00,24.08,-1.482,0.000,0.00,1.00,-3.80,-0.323,-0.20,8.233,4.11,23.70 ,not present ,0.00 ,0.00 ,
30/10/2024,12:15:00,24.08,-1.642,0.000,0.00,1.00,-3.80,-0.365,-0.22,8.233,4.11,23.80 ,not present ,0.00 ,0.00 ,
30/10/2024,12:30:00,24.37,-1.597,0.000,0.00,1.00,-3.80,-0.287,-0.21,8.222,4.11,24.10 ,not present ,0.00 ,0.00 ,
30/10/2024,12:45:00,24.62,-1.685,0.000,0.00,1.00,-3.80,-0.272,-0.22,8.212,4.10,24.20 ,not present ,0.00 ,0.00 ,
30/10/2024,13:00:00,24.84,-1.899,0.000,0.00,1.00,-3.80,-0.416,-0.25,8.205,4.10,24.80 ,not present ,0.00 ,0.00 ,
30/10/2024,13:15:00,24.97,-1.695,0.000,0.00,1.00,-3.80,-0.182,-0.22,8.201,4.10,25.00 ,not present ,0.00 ,0.00 ,
30/10/2024,13:30:00,25.21,-1.753,0.000,0.00,1.00,-3.80,-0.375,-0.23,8.191,4.10,25.20 ,not present ,0.00 ,0.00 ,
30/10/2024,13:45:00,25.55,-1.177,0.000,0.00,1.00,-3.80,0.119,-0.15,8.180,4.10,25.50 ,not present ,0.00 ,0.00 ,
30/10/2024,14:00:00,25.73,-1.633,0.000,0.00,1.00,-3.80,-0.169,-0.21,8.173,4.10,25.60 ,not present ,0.00 ,0.00 ,
30/10/2024,14:15:00,25.68,-1.820,0.000,0.00,1.00,-3.80,-0.197,-0.24,8.175,4.10,25.70 ,not present ,0.00 ,0.00 ,
30/10/2024,14:30:00,25.62,-1.791,0.000,0.00,1.00,-3.80,-0.171,-0.24,8.175,4.10,25.70 ,not present ,0.00 ,0.00 ,
30/10/2024,14:45:00,25.87,-1.730,0.000,0.00,1.00,-3.80,-0.082,-0.23,8.168,4.09,25.80 ,not present ,0.00 ,0.00 ,
30/10/2024,15:00:00,25.75,-1.688,0.000,0.00,1.00,-3.80,0.007,-0.22,8.173,4.09,25.90 ,not present ,0.00 ,0.00 ,
30/10/2024,15:15:00,25.83,-1.788,0.000,0.00,1.00,-3.80,-0.082,-0.23,8.168,4.09,26.00 ,not present ,0.00 ,0.00 ,
30/10/2024,15:30:00,25.95,-1.853,0.000,0.00,1.00,-3.80,-0.110,-0.24,8.166,4.09,26.10 ,not present ,0.00 ,0.00 ,
30/10/2024,15:45:00,26.06,-1.658,0.000,0.00,1.00,-3.80,-0.066,-0.22,8.161,4.09,26.20 ,not present ,0.00 ,0.00 ,
30/10/2024,16:00:00,26.01,-1.604,0.000,0.00,1.00,-3.80,0.138,-0.21,8.161,4.09,26.10 ,not present ,0.00 ,0.00 ,
30/10/2024,16:15:00,25.95,-1.503,0.000,0.00,1.00,-3.80,0.365,-0.20,8.166,4.09,26.10 ,not present ,0.00 ,0.00 ,
30/10/2024,16:30:00,25.59,-1.795,0.000,0.00,1.00,-3.80,0.047,-0.24,8.180,4.09,25.90 ,not present ,0.00 ,0.00 ,
30/10/2024,16:45:00,25.32,-1.848,0.000,0.00,1.00,-3.80,-0.096,-0.24,8.187,4.09,25.90 ,not present ,0.00 ,0.00 ,
30/10/2024,17:00:00,25.13,-1.746,0.000,0.00,1.00,-3.80,0.046,-0.23,8.194,4.09,25.60 ,not present ,0.00 ,0.00 ,
30/10/2024,17:15:00,24.91,-1.771,0.000,0.00,1.00,-3.80,0.024,-0.23,8.201,4.08,25.40 ,not present ,0.00 ,0.00 ,
30/10/2024,17:30:00,24.26,-2.001,0.000,0.00,1.00,-3.80,-0.176,-0.26,8.226,4.13,32.30 ,present ,12.39 ,160.50 ,
30/10/2024,17:45:00,24.94,-1.917,0.000,0.00,1.00,-3.80,-0.083,-0.25,8.201,4.16,36.59 ,present ,12.40 ,157.50 ,
30/10/2024,18:00:00,25.24,-1.884,0.000,0.00,1.00,-3.80,0.042,-0.25,8.191,4.17,35.50 ,present ,12.54 ,44.10 ,
30/10/2024,18:15:00,25.06,-1.801,0.000,0.00,1.00,-3.80,-0.073,-0.24,8.198,4.18,30.40 ,present ,12.61 ,43.50 ,
30/10/2024,18:30:00,25.21,-1.895,0.000,0.00,1.00,-3.80,0.026,-0.25,8.191,4.18,29.20 ,present ,12.60 ,42.60 ,
30/10/2024,18:45:00,24.87,-1.751,0.000,0.00,1.00,-3.80,0.081,-0.23,8.205,4.18,28.60 ,present ,12.63 ,42.00 ,
30/10/2024,19:00:00,24.77,-1.860,0.000,0.00,1.00,-3.80,0.129,-0.25,8.208,4.19,28.20 ,present ,12.59 ,41.70 ,
30/10/2024,19:15:00,24.40,-1.837,0.000,0.00,1.00,-3.80,0.042,-0.24,8.219,4.19,27.80 ,present ,12.61 ,39.00 ,
30/10/2024,19:30:00,24.36,-1.762,0.000,0.00,1.00,-3.80,0.162,-0.23,8.222,4.19,27.10 ,present ,12.62 ,31.80 ,
30/10/2024,19:45:00,24.22,-1.792,0.101,0.00,1.00,-3.80,0.246,-0.24,8.226,4.19,26.60 ,present ,12.65 ,30.30 ,
30/10/2024,20:00:00,24.31,-1.924,0.026,0.00,1.00,-3.80,0.202,-0.25,8.222,4.19,26.40 ,present ,12.64 ,30.00 ,
30/10/2024,20:15:00,24.52,-1.883,0.000,0.00,1.00,-3.80,0.264,-0.25,8.215,4.19,26.20 ,present ,12.64 ,29.70 ,
30/10/2024,20:30:00,24.40,-1.771,0.000,0.00,1.00,-3.80,0.304,-0.23,8.219,4.19,26.20 ,present ,12.64 ,29.40 ,
30/10/2024,20:45:00,24.36,-1.859,0.069,0.00,1.00,-3.80,0.088,-0.25,8.222,4.19,26.10 ,present ,12.64 ,29.70 ,
30/10/2024,21:00:00,24.34,-1.907,0.151,-0.03,1.00,-3.80,0.050,-0.25,8.222,4.19,26.20 ,present ,12.64 ,29.70 ,
30/10/2024,21:15:00,24.32,-1.575,0.000,0.00,1.00,-3.80,0.462,-0.21,8.222,4.19,26.20 ,present ,12.64 ,29.40 ,
30/10/2024,21:30:00,24.32,-1.793,0.186,-0.02,1.00,-3.80,0.226,-0.24,8.222,4.19,26.10 ,present ,12.64 ,29.40 ,
30/10/2024,21:45:00,24.10,-1.570,0.000,0.00,1.00,-3.80,0.352,-0.21,8.229,4.19,26.00 ,present ,12.64 ,29.40 ,
30/10/2024,22:00:00,23.95,-1.779,0.107,0.00,1.00,-3.80,0.316,-0.24,8.237,4.19,25.80 ,present ,12.64 ,29.40 ,
30/10/2024,22:15:00,23.81,-1.778,0.000,0.00,1.00,-3.80,0.078,-0.24,8.240,4.19,25.70 ,present ,12.64 ,29.40 ,
30/10/2024,22:30:00,23.85,-1.735,0.000,0.00,1.00,-3.80,0.146,-0.23,8.240,4.19,25.50 ,present ,12.57 ,29.40 ,
30/10/2024,22:45:00,23.76,-1.466,0.000,0.00,1.00,-3.80,0.306,-0.19,8.244,4.19,25.50 ,present ,12.60 ,29.40 ,
30/10/2024,23:00:00,23.60,-1.783,0.000,0.00,1.00,-3.80,0.147,-0.24,8.247,4.19,25.40 ,present ,12.60 ,29.40 ,
30/10/2024,23:15:00,23.73,-1.697,0.000,0.00,1.00,-3.80,0.082,-0.22,8.244,4.19,25.40 ,present ,12.60 ,29.40 ,
30/10/2024,23:30:00,23.78,-1.629,0.000,0.00,1.00,-3.80,0.113,-0.22,8.244,4.19,25.30 ,present ,12.60 ,29.40 ,
30/10/2024,23:45:00,23.74,-1.669,0.000,0.00,1.00,-3.80,0.057,-0.22,8.244,4.19,25.30 ,present ,12.60 ,29.40 ,
31/10/2024,00:00:00,23.24,-0.689,0.000,0.00,1.00,-3.80,0.474,-0.09,8.262,4.19,25.00 ,present ,12.60 ,29.40 ,
31/10/2024,00:15:00,22.74,-0.469,0.000,0.00,1.00,-3.80,0.125,-0.06,8.279,4.19,24.30 ,present ,12.60 ,29.10 ,
31/10/2024,00:30:00,22.32,-0.535,0.000,0.00,1.00,-3.80,0.106,-0.07,8.294,4.19,23.70 ,present ,12.60 ,29.10 ,
31/10/2024,00:45:00,21.89,-0.473,0.000,0.00,1.00,-3.80,0.187,-0.06,8.312,4.19,23.30 ,present ,12.60 ,29.40 ,
31/10/2024,01:00:00,21.43,-0.347,0.000,0.00,1.00,-3.80,0.222,-0.04,8.326,4.19,22.80 ,present ,12.60 ,29.10 ,
31/10/2024,01:15:00,20.89,-0.335,0.000,0.00,1.00,-3.80,0.165,-0.04,8.348,4.19,22.50 ,present ,12.60 ,29.40 ,
31/10/2024,01:30:00,20.44,-0.419,0.000,0.00,1.00,-3.80,0.156,-0.05,8.362,4.19,22.00 ,present ,12.60 ,29.10 ,
31/10/2024,01:45:00,20.16,-0.513,0.000,0.00,1.00,-3.80,0.073,-0.07,8.373,4.19,21.60 ,present ,12.57 ,29.10 ,
31/10/2024,02:00:00,19.94,-0.361,0.000,0.00,1.00,-3.80,0.106,-0.04,8.381,4.19,21.20 ,present ,12.57 ,29.10 ,
31/10/2024,02:15:00,19.70,-0.405,0.000,0.00,1.00,-3.80,-0.028,-0.05,8.388,4.19,21.00 ,present ,12.60 ,29.10 ,
31/10/2024,02:30:00,19.58,-0.358,0.000,0.00,1.00,-3.80,0.051,-0.04,8.395,4.19,20.70 ,present ,12.57 ,29.10 ,
31/10/2024,02:45:00,19.54,-0.459,0.000,0.00,1.00,-3.80,-0.047,-0.06,8.395,4.19,20.60 ,present ,12.60 ,29.10 ,
31/10/2024,03:00:00,19.57,-0.325,0.000,0.00,1.00,-3.80,-0.041,-0.04,8.395,4.19,20.40 ,present ,12.57 ,29.10 ,
31/10/2024,03:15:00,19.56,-0.293,0.000,0.00,1.00,-3.80,0.151,-0.04,8.395,4.19,20.40 ,present ,12.57 ,29.10 ,
31/10/2024,03:30:00,19.42,-0.375,0.000,0.00,1.00,-3.80,-0.001,-0.05,8.399,4.19,20.29 ,present ,12.57 ,29.40 ,
31/10/2024,03:45:00,19.29,-0.491,0.000,0.00,1.00,-3.80,0.024,-0.06,8.406,4.19,20.10 ,present ,12.57 ,29.10 ,
31/10/2024,04:00:00,19.32,-0.460,0.000,0.00,1.00,-3.80,-0.027,-0.06,8.403,4.19,20.10 ,present ,12.57 ,29.10 ,
31/10/2024,04:15:00,19.31,-0.453,0.000,0.00,1.00,-3.80,-0.105,-0.06,8.403,4.19,20.10 ,present ,12.57 ,29.10 ,
31/10/2024,04:30:00,19.31,-0.475,0.000,0.00,1.00,-3.80,-0.025,-0.06,8.403,4.19,20.10 ,present ,12.57 ,29.10 ,
31/10/2024,04:45:00,19.19,-0.391,0.000,0.00,1.00,-3.80,0.012,-0.05,8.410,4.19,20.00 ,present ,12.57 ,29.10 ,
31/10/2024,05:00:00,19.07,-0.395,0.000,0.00,1.00,-3.80,-0.162,-0.05,8.414,4.19,19.90 ,present ,12.57 ,29.10 ,
31/10/2024,05:15:00,19.10,-0.422,0.000,0.00,1.00,-3.80,0.082,-0.05,8.410,4.19,19.79 ,present ,12.53 ,29.10 ,
31/10/2024,05:30:00,18.97,-0.432,0.000,0.00,1.00,-3.80,-0.123,-0.05,8.417,4.19,19.79 ,present ,12.53 ,29.10 ,
31/10/2024,05:45:00,18.98,-0.276,0.000,0.00,1.00,-3.80,-0.058,-0.03,8.417,4.19,19.79 ,present ,12.57 ,29.10 ,
31/10/2024,06:00:00,19.00,-0.391,0.000,0.00,1.00,-3.80,-0.080,-0.05,8.414,4.19,19.79 ,present ,12.53 ,29.10 ,
31/10/2024,06:15:00,19.00,-0.380,0.000,0.00,1.00,-3.80,-0.124,-0.05,8.414,4.19,19.60 ,present ,12.53 ,29.10 ,
31/10/2024,06:30:00,18.99,-0.433,0.000,0.00,1.00,-3.80,-0.102,-0.05,8.417,4.19,19.60 ,present ,12.57 ,29.10 ,
31/10/2024,06:45:00,18.96,-0.492,0.000,0.00,1.00,-3.80,0.010,-0.06,8.417,4.19,19.60 ,present ,12.53 ,29.10 ,
31/10/2024,07:00:00,18.91,-0.316,0.000,0.00,1.00,-3.80,-0.192,-0.04,8.417,4.19,19.50 ,present ,12.53 ,29.10 ,
31/10/2024,07:15:00,18.93,-0.459,0.000,0.00,1.00,-3.80,-0.087,-0.06,8.417,4.19,19.50 ,present ,12.53 ,29.40 ,
31/10/2024,07:30:00,18.85,-0.495,0.000,0.00,1.00,-3.80,0.005,-0.06,8.421,4.19,19.50 ,present ,12.53 ,29.40 ,
31/10/2024,07:45:00,18.77,-0.430,0.000,0.00,1.00,-3.80,-0.013,-0.05,8.425,4.19,19.70 ,present ,12.53 ,29.40 ,
31/10/2024,08:00:00,19.21,-1.458,0.000,0.00,1.00,-3.80,-0.619,-0.20,8.406,4.19,19.79 ,present ,12.53 ,29.40 ,
31/10/2024,08:15:00,20.01,-1.539,0.000,0.00,1.00,-3.80,-0.514,-0.21,8.377,4.19,20.50 ,present ,12.53 ,29.40 ,
31/10/2024,08:30:00,20.46,-1.681,0.000,0.00,1.00,-3.80,-0.431,-0.23,8.362,4.19,21.10 ,present ,12.53 ,29.40 ,
31/10/2024,08:45:00,20.71,-1.511,0.000,0.00,1.00,-3.80,-0.294,-0.20,8.352,4.19,21.50 ,present ,12.54 ,29.70 ,
31/10/2024,09:00:00,20.81,-1.657,0.000,0.00,1.00,-3.80,-0.314,-0.22,8.348,4.19,21.90 ,present ,12.53 ,29.40 ,
31/10/2024,09:15:00,21.09,-1.659,0.000,0.00,1.00,-3.80,-0.345,-0.22,8.341,4.19,22.10 ,present ,12.54 ,29.70 ,
31/10/2024,09:30:00,21.38,-1.587,0.000,0.00,1.00,-3.80,-0.310,-0.21,8.330,4.19,22.60 ,present ,12.53 ,29.40 ,
31/10/2024,09:45:00,21.65,-1.691,0.000,0.00,1.00,-3.80,-0.468,-0.23,8.319,4.19,22.80 ,present ,12.54 ,29.70 ,
31/10/2024,10:00:00,21.97,-1.849,0.000,0.00,1.00,-3.80,-0.492,-0.25,8.308,4.19,23.10 ,present ,12.53 ,29.40 ,
31/10/2024,10:15:00,22.53,-1.803,0.000,0.00,1.00,-3.80,-0.338,-0.24,8.287,4.19,23.40 ,present ,12.53 ,29.40 ,
31/10/2024,10:30:00,22.86,-1.858,0.000,0.00,1.00,-3.80,-0.421,-0.25,8.276,4.19,23.90 ,present ,12.54 ,29.70 ,
31/10/2024,10:45:00,23.11,-1.910,0.000,0.00,1.00,-3.80,-0.506,-0.25,8.265,4.19,24.30 ,present ,12.53 ,29.40 ,
31/10/2024,11:00:00,23.48,-2.048,0.000,0.00,1.00,-3.80,-0.484,-0.27,8.254,4.19,24.70 ,present ,12.54 ,29.70 ,
31/10/2024,11:15:00,24.19,-1.830,0.000,0.00,1.00,-3.80,-0.373,-0.24,8.229,4.19,25.10 ,present ,12.57 ,29.40 ,
31/10/2024,11:30:00,24.06,-1.765,0.000,0.00,1.00,-3.80,-0.462,-0.23,8.233,4.19,25.40 ,present ,12.53 ,29.40 ,
31/10/2024,11:45:00,24.22,-1.676,0.000,0.00,1.00,-3.80,-0.387,-0.22,8.226,4.19,25.60 ,present ,12.54 ,29.70 ,
31/10/2024,12:00:00,24.26,-1.384,0.000,0.00,1.00,-3.80,-0.061,-0.18,8.226,4.19,25.80 ,present ,12.53 ,29.40 ,
31/10/2024,12:15:00,24.58,-2.206,-0.065,-0.01,1.00,-3.80,-0.513,-0.29,8.215,4.19,25.90 ,present ,12.53 ,29.40 ,
31/10/2024,12:30:00,24.83,-1.347,0.000,0.00,1.00,-3.80,-0.112,-0.18,8.205,4.19,26.00 ,present ,12.54 ,29.70 ,
31/10/2024,12:45:00,25.08,-1.690,0.000,0.00,1.00,-3.80,-0.323,-0.22,8.198,4.19,26.40 ,present ,12.53 ,29.40 ,
31/10/2024,13:00:00,25.90,-2.065,0.000,0.00,1.00,-3.80,-0.206,-0.27,8.166,4.19,26.90 ,present ,12.53 ,29.40 ,
31/10/2024,13:15:00,26.68,-1.936,0.000,0.00,1.00,-3.80,-0.321,-0.25,8.141,4.19,27.50 ,present ,12.54 ,29.70 ,
31/10/2024,13:30:00,27.11,-1.815,0.000,0.00,1.00,-3.80,-0.062,-0.24,8.123,4.19,28.00 ,present ,12.57 ,29.70 ,
31/10/2024,13:45:00,27.55,-2.288,-0.042,-0.03,1.00,-3.80,-0.300,-0.30,8.109,4.19,28.30 ,present ,12.57 ,29.70 ,
31/10/2024,14:00:00,27.31,-0.282,0.000,0.00,1.00,-3.80,1.636,-0.03,8.116,4.19,28.50 ,present ,12.54 ,29.70 ,
31/10/2024,14:15:00,27.00,-2.022,0.000,0.00,1.00,-3.80,0.020,-0.26,8.128,4.19,28.30 ,present ,12.57 ,29.70 ,
31/10/2024,14:30:00,27.23,-1.692,0.000,0.00,1.00,-3.80,0.182,-0.22,8.121,4.19,28.30 ,present ,12.54 ,29.70 ,
31/10/2024,14:45:00,27.44,-1.911,0.000,0.00,1.00,-3.80,0.312,-0.25,8.114,4.19,28.50 ,present ,12.54 ,29.70 ,
31/10/2024,15:00:00,27.29,-1.507,0.000,0.00,1.00,-3.80,0.712,-0.20,8.121,4.19,28.70 ,present ,12.54 ,29.70 ,
31/10/2024,15:15:00,26.44,-1.643,0.000,0.00,1.00,-3.80,0.541,-0.21,8.148,4.19,28.40 ,present ,12.54 ,29.70 ,
31/10/2024,15:30:00,25.70,-1.593,0.000,0.00,1.00,-3.80,0.325,-0.21,8.173,4.19,28.00 ,present ,12.53 ,29.40 ,
31/10/2024,15:45:00,25.72,-1.839,0.000,0.00,1.00,-3.80,-0.016,-0.24,8.173,4.19,27.80 ,present ,12.53 ,29.40 ,
31/10/2024,16:00:00,25.62,-1.556,0.000,0.00,1.00,-3.80,0.284,-0.20,8.175,4.19,27.80 ,present ,12.54 ,29.70 ,
31/10/2024,16:15:00,25.42,-1.693,0.000,0.00,1.00,-3.80,0.203,-0.22,8.184,4.19,27.60 ,present ,12.54 ,29.70 ,
31/10/2024,16:30:00,25.42,-1.776,0.000,0.00,1.00,-3.80,0.003,-0.23,8.184,4.19,27.40 ,present ,12.53 ,29.40 ,
31/10/2024,16:45:00,25.58,-1.639,0.000,0.00,1.00,-3.80,0.262,-0.21,8.180,4.19,27.40 ,present ,12.53 ,29.40 ,
31/10/2024,17:00:00,25.60,-1.690,0.000,0.00,1.00,-3.80,0.298,-0.22,8.175,4.19,27.40 ,present ,12.53 ,29.40 ,
31/10/2024,17:15:00,25.55,-1.845,0.112,-0.01,1.00,-3.80,0.250,-0.24,8.180,4.19,27.20 ,present ,12.53 ,29.40 ,
31/10/2024,17:30:00,25.45,-1.773,0.000,0.00,1.00,-3.80,0.313,-0.23,8.184,4.18,26.00 ,not present ,0.00 ,0.00 ,
31/10/2024,17:45:00,25.24,-1.732,0.000,0.00,1.00,-3.80,0.391,-0.23,8.191,4.18,25.50 ,not present ,0.00 ,0.00 ,
31/10/2024,18:00:00,25.01,-1.743,0.000,0.00,1.00,-3.80,0.338,-0.23,8.198,4.18,25.40 ,not present ,0.00 ,0.00 ,
31/10/2024,18:15:00,24.72,-1.645,0.000,0.00,1.00,-3.80,0.458,-0.22,8.208,4.18,25.10 ,not present ,0.00 ,0.00 ,
31/10/2024,18:30:00,24.21,-1.567,0.000,0.00,1.00,-3.80,0.535,-0.21,8.226,4.18,24.90 ,not present ,0.00 ,0.00 ,
31/10/2024,18:45:00,23.81,-1.370,0.000,0.00,1.00,-3.80,0.463,-0.18,8.240,4.18,24.70 ,not present ,0.00 ,0.00 ,
31/10/2024,19:00:00,23.80,-1.690,0.000,0.00,1.00,-3.80,0.160,-0.22,8.240,4.17,24.20 ,not present ,0.00 ,0.00 ,
31/10/2024,19:15:00,23.78,-1.729,0.000,0.00,1.00,-3.80,0.316,-0.23,8.244,4.17,24.00 ,not present ,0.00 ,0.00 ,
31/10/2024,19:30:00,23.52,-1.284,0.000,0.00,1.00,-3.80,0.588,-0.17,8.251,4.17,23.90 ,not present ,0.00 ,0.00 ,
31/10/2024,19:45:00,23.06,-1.694,0.120,0.00,1.00,-3.80,0.057,-0.22,8.269,4.17,23.70 ,not present ,0.00 ,0.00 ,
31/10/2024,20:00:00,23.28,-1.692,0.000,0.00,1.00,-3.80,0.083,-0.22,8.262,4.17,23.40 ,not present ,0.00 ,0.00 ,
31/10/2024,20:15:00,23.28,-1.807,0.129,-0.01,1.00,-3.80,-0.012,-0.24,8.262,4.17,23.40 ,not present ,0.00 ,0.00 ,
31/10/2024,20:30:00,23.12,-1.583,0.312,-0.03,1.00,-3.80,0.197,-0.21,8.265,4.17,23.40 ,not present ,0.00 ,0.00 ,
31/10/2024,20:45:00,22.95,-1.697,0.292,-0.04,1.00,-3.80,0.081,-0.23,8.272,4.17,23.20 ,not present ,0.00 ,0.00 ,
31/10/2024,21:00:00,22.93,-1.653,0.000,0.00,1.00,-3.80,0.163,-0.22,8.272,4.17,23.10 ,not present ,0.00 ,0.00 ,
31/10/2024,21:15:00,22.81,-1.473,0.511,-0.07,1.00,-3.80,0.362,-0.19,8.276,4.17,23.10 ,not present ,0.00 ,0.00 ,
31/10/2024,21:30:00,22.59,-1.713,0.237,-0.03,1.00,-3.80,0.100,-0.23,8.287,4.17,22.80 ,not present ,0.00 ,0.00 ,
31/10/2024,21:45:00,22.58,-1.295,0.000,0.00,1.00,-3.80,0.313,-0.17,8.287,4.16,22.70 ,not present ,0.00 ,0.00 ,
31/10/2024,22:00:00,22.46,-1.139,0.000,0.00,1.00,-3.80,0.352,-0.15,8.290,4.16,22.50 ,not present ,0.00 ,0.00 ,
31/10/2024,22:15:00,22.30,-1.302,0.400,-0.02,1.00,-3.80,0.274,-0.17,8.294,4.16,22.50 ,not present ,0.00 ,0.00 ,
31/10/2024,22:30:00,22.23,-1.503,0.446,-0.06,1.00,-3.80,0.025,-0.20,8.297,4.16,22.30 ,not present ,0.00 ,0.00 ,
31/10/2024,22:45:00,22.24,-1.295,0.382,-0.02,1.00,-3.80,0.142,-0.17,8.297,4.16,22.20 ,not present ,0.00 ,0.00 ,
31/10/2024,23:00:00,22.23,-1.170,0.000,0.00,1.00,-3.80,0.036,-0.15,8.297,4.16,22.20 ,not present ,0.00 ,0.00 ,
31/10/2024,23:15:00,22.44,-1.455,0.394,-0.04,1.00,-3.80,-0.077,-0.19,8.290,4.16,22.20 ,not present ,0.00 ,0.00 ,
31/10/2024,23:30:00,22.62,-1.457,0.409,-0.04,1.00,-3.80,-0.113,-0.19,8.283,4.16,22.20 ,not present ,0.00 ,0.00 ,
31/10/2024,23:45:00,22.78,-1.416,0.406,-0.04,1.00,-3.80,-0.097,-0.19,8.279,4.15,22.30 ,not present ,0.00 ,0.00 ,
01/11/2024,00:00:00,22.25,-0.359,0.000,0.00,1.00,-3.80,0.145,-0.04,8.297,4.15,22.00 ,not present ,0.00 ,0.00 ,
01/11/2024,00:15:00,21.72,-0.279,0.000,0.00,1.00,-3.80,0.015,-0.03,8.315,4.15,21.40 ,not present ,0.00 ,0.00 ,
01/11/2024,00:30:00,21.26,-0.250,0.000,0.00,1.00,-3.80,-0.033,-0.03,8.333,4.15,20.90 ,not present ,0.00 ,0.00 ,
01/11/2024,00:45:00,20.88,-0.300,0.000,0.00,1.00,-3.80,-0.061,-0.04,8.348,4.15,20.50 ,not present ,0.00 ,0.00 ,
01/11/2024,01:00:00,20.61,-0.225,0.000,0.00,1.00,-3.80,-0.015,-0.03,8.355,4.15,20.20 ,not present ,0.00 ,0.00 ,
01/11/2024,01:15:00,20.38,-0.208,0.000,0.00,1.00,-3.80,0.033,-0.02,8.366,4.15,19.79 ,not present ,0.00 ,0.00 ,
01/11/2024,01:30:00,20.20,-0.286,0.000,0.00,1.00,-3.80,-0.048,-0.03,8.370,4.15,19.60 ,not present ,0.00 ,0.00 ,
01/11/2024,01:45:00,20.09,-0.328,0.000,0.00,1.00,-3.80,0.007,-0.04,8.377,4.14,19.50 ,not present ,0.00 ,0.00 ,
01/11/2024,02:00:00,19.97,-0.249,0.000,0.00,1.00,-3.80,0.010,-0.03,8.381,4.14,19.20 ,not present ,0.00 ,0.00 ,
01/11/2024,02:15:00,19.89,-0.262,0.000,0.00,1.00,-3.80,-0.052,-0.03,8.384,4.14,19.20 ,not present ,0.00 ,0.00 ,
01/11/2024,02:30:00,19.83,-0.397,0.000,0.00,1.00,-3.80,-0.023,-0.05,8.384,4.14,19.10 ,not present ,0.00 ,0.00 ,
01/11/2024,02:45:00,19.78,-0.298,0.000,0.00,1.00,-3.80,-0.061,-0.04,8.388,4.14,19.00 ,not present ,0.00 ,0.00 ,
01/11/2024,03:00:00,19.74,-0.320,0.000,0.00,1.00,-3.80,-0.004,-0.04,8.388,4.14,18.90 ,not present ,0.00 ,0.00 ,
01/11/2024,03:15:00,19.69,-0.329,0.000,0.00,1.00,-3.80,-0.111,-0.04,8.392,4.14,18.90 ,not present ,0.00 ,0.00 ,
01/11/2024,03:30:00,19.64,-0.379,0.000,0.00,1.00,-3.80,-0.036,-0.05,8.392,4.14,18.70 ,not present ,0.00 ,0.00 ,
01/11/2024,03:45:00,19.61,-0.322,0.000,0.00,1.00,-3.80,-0.083,-0.04,8.392,4.14,18.70 ,not present ,0.00 ,0.00 ,
01/11/2024,04:00:00,19.58,-0.328,0.000,0.00,1.00,-3.80,-0.079,-0.04,8.395,4.13,18.60 ,not present ,0.00 ,0.00 ,
01/11/2024,04:15:00,19.56,-0.467,0.000,0.00,1.00,-3.80,-0.031,-0.06,8.395,4.13,18.60 ,not present ,0.00 ,0.00 ,
01/11/2024,04:30:00,19.54,-0.396,0.000,0.00,1.00,-3.80,-0.010,-0.05,8.395,4.13,18.50 ,not present ,0.00 ,0.00 ,
01/11/2024,04:45:00,19.52,-0.490,0.000,0.00,1.00,-3.80,-0.068,-0.06,8.395,4.13,18.50 ,not present ,0.00 ,0.00 ,
01/11/2024,05:00:00,19.52,-0.388,0.000,0.00,1.00,-3.80,-0.050,-0.05,8.395,4.13,18.50 ,not present ,0.00 ,0.00 ,
01/11/2024,05:15:00,19.50,-0.398,0.000,0.00,1.00,-3.80,-0.035,-0.05,8.395,4.13,18.29 ,not present ,0.00 ,0.00 ,
01/11/2024,05:30:00,19.50,-0.464,0.000,0.00,1.00,-3.80,0.017,-0.06,8.395,4.13,18.50 ,not present ,0.00 ,0.00 ,
01/11/2024,05:45:00,19.48,-0.453,0.000,0.00,1.00,-3.80,-0.167,-0.06,8.399,4.13,18.50 ,not present ,0.00 ,0.00 ,
01/11/2024,06:00:00,19.47,-0.438,0.000,0.00,1.00,-3.80,-0.106,-0.06,8.399,4.13,18.40 ,not present ,0.00 ,0.00 ,
01/11/2024,06:15:00,19.44,-0.363,0.000,0.00,1.00,-3.80,-0.056,-0.05,8.399,4.12,18.29 ,not present ,0.00 ,0.00 ,
01/11/2024,06:30:00,19.43,-0.371,0.000,0.00,1.00,-3.80,-0.056,-0.05,8.399,4.12,18.40 ,not present ,0.00 ,0.00 ,
01/11/2024,06:45:00,19.42,-0.369,0.000,0.00,1.00,-3.80,-0.027,-0.05,8.399,4.12,18.40 ,not present ,0.00 ,0.00 ,
01/11/2024,07:00:00,19.42,-0.386,0.000,0.00,1.00,-3.80,-0.106,-0.05,8.399,4.12,18.29 ,not present ,0.00 ,0.00 ,
01/11/2024,07:15:00,19.43,-0.402,0.000,0.00,1.00,-3.80,0.071,-0.05,8.399,4.12,18.29 ,not present ,0.00 ,0.00 ,
01/11/2024,07:30:00,19.47,-0.430,0.000,0.00,1.00,-3.80,-0.040,-0.05,8.399,4.12,18.50 ,not present ,0.00 ,0.00 ,
01/11/2024,07:45:00,19.32,-0.109,0.000,0.00,1.00,-3.80,0.151,-0.01,8.403,4.12,18.50 ,not present ,0.00 ,0.00 ,
01/11/2024,08:00:00,19.56,-1.303,0.000,0.00,1.00,-3.80,-0.398,-0.17,8.395,4.12,18.60 ,not present ,0.00 ,0.00 ,
01/11/2024,08:15:00,20.06,-1.584,0.000,0.00,1.00,-3.80,-0.286,-0.21,8.377,4.12,19.10 ,not present ,0.00 ,0.00 ,
01/11/2024,08:30:00,20.40,-1.371,0.000,0.00,1.00,-3.80,-0.153,-0.18,8.362,4.11,19.60 ,not present ,0.00 ,0.00 ,
01/11/2024,08:45:00,20.61,-1.579,0.000,0.00,1.00,-3.80,-0.083,-0.21,8.355,4.11,20.10 ,not present ,0.00 ,0.00 ,
01/11/2024,09:00:00,20.73,-1.398,0.000,0.00,1.00,-3.80,0.134,-0.19,8.352,4.11,20.29 ,not present ,0.00 ,0.00 ,
01/11/2024,09:15:00,20.92,-1.475,0.000,0.00,1.00,-3.80,0.052,-0.20,8.344,4.11,20.60 ,not present ,0.00 ,0.00 ,
01/11/2024,09:30:00,21.14,-1.617,0.000,0.00,1.00,-3.80,-0.124,-0.22,8.337,4.11,20.60 ,not present ,0.00 ,0.00 ,
01/11/2024,09:45:00,21.24,-1.589,0.000,0.00,1.00,-3.80,0.044,-0.21,8.333,4.11,20.80 ,not present ,0.00 ,0.00 ,
01/11/2024,10:00:00,21.18,-1.621,0.000,0.00,1.00,-3.80,-0.184,-0.22,8.337,4.11,21.00 ,not present ,0.00 ,0.00 ,
01/11/2024,10:15:00,21.30,-1.691,0.000,0.00,1.00,-3.80,-0.117,-0.23,8.330,4.11,21.10 ,not present ,0.00 ,0.00 ,
01/11/2024,10:30:00,21.41,-1.669,0.182,-0.01,1.00,-3.80,-0.192,-0.22,8.326,4.11,21.10 ,not present ,0.00 ,0.00 ,
01/11/2024,10:45:00,21.47,-1.538,0.000,0.00,1.00,-3.80,-0.033,-0.20,8.326,4.11,21.40 ,not present ,0.00 ,0.00 ,
01/11/2024,11:00:00,21.66,-1.706,0.000,0.00,1.00,-3.80,-0.209,-0.23,8.319,4.10,21.50 ,not present ,0.00 ,0.00 ,
01/11/2024,11:15:00,21.60,-1.334,0.000,0.00,1.00,-3.80,0.113,-0.18,8.319,4.10,21.60 ,not present ,0.00 ,0.00 ,
01/11/2024,11:30:00,21.75,-0.922,0.000,0.00,1.00,-3.80,0.466,-0.12,8.315,4.10,21.70 ,not present ,0.00 ,0.00 ,
01/11/2024,11:45:00,22.04,-1.526,0.000,0.00,1.00,-3.80,-0.006,-0.20,8.305,4.10,21.80 ,not present ,0.00 ,0.00 ,
01/11/2024,12:00:00,22.24,-1.700,0.000,0.00,1.00,-3.80,0.040,-0.23,8.297,4.10,21.90 ,not present ,0.00 ,0.00 ,
01/11/2024,12:15:00,22.52,-1.617,0.000,0.00,1.00,-3.80,-0.042,-0.21,8.287,4.10,22.10 ,not present ,0.00 ,0.00 ,
01/11/2024,12:30:00,22.67,-1.538,0.250,-0.01,1.00,-3.80,0.050,-0.20,8.283,4.10,22.30 ,not present ,0.00 ,0.00 ,
01/11/2024,12:45:00,22.71,-1.740,0.000,0.00,1.00,-3.80,0.069,-0.23,8.279,4.10,22.40 ,not present ,0.00 ,0.00 ,
01/11/2024,13:00:00,22.74,-1.536,0.000,0.00,1.00,-3.80,0.189,-0.20,8.279,4.09,22.70 ,not present ,0.00 ,0.00 ,
01/11/2024,13:15:00,22.59,-1.410,0.000,0.00,1.00,-3.80,0.364,-0.19,8.287,4.09,22.80 ,not present ,0.00 ,0.00 ,
01/11/2024,13:30:00,22.74,-1.634,0.157,0.00,1.00,-3.80,0.153,-0.22,8.279,4.09,22.70 ,not present ,0.00 ,0.00 ,
01/11/2024,13:45:00,22.72,-1.425,0.000,0.00,1.00,-3.80,0.211,-0.19,8.279,4.09,22.80 ,not present ,0.00 ,0.00 ,
01/11/2024,14:00:00,22.79,-1.714,0.298,-0.05,1.00,-3.80,0.137,-0.23,8.279,4.09,22.90 ,not present ,0.00 ,0.00 ,
01/11/2024,14:15:00,22.98,-1.566,0.000,0.00,1.00,-3.80,0.207,-0.21,8.272,4.09,22.80 ,not present ,0.00 ,0.00 ,
01/11/2024,14:30:00,22.83,-1.373,0.000,0.00,1.00,-3.80,0.237,-0.18,8.276,4.09,23.00 ,not present ,0.00 ,0.00 ,
01/11/2024,14:45:00,22.80,-1.240,0.000,0.00,1.00,-3.80,0.274,-0.16,8.276,4.09,23.00 ,not present ,0.00 ,0.00 ,
01/11/2024,15:00:00,22.70,-1.264,0.503,-0.04,1.00,-3.80,0.115,-0.17,8.279,4.09,22.90 ,not present ,0.00 ,0.00 ,
01/11/2024,15:15:00,22.56,-1.301,0.358,-0.01,1.00,-3.80,0.149,-0.17,8.287,4.09,22.80 ,not present ,0.00 ,0.00 ,
01/11/2024,15:30:00,22.50,-1.334,0.388,-0.02,1.00,-3.80,0.007,-0.18,8.287,4.09,22.70 ,not present ,0.00 ,0.00 ,
01/11/2024,15:45:00,22.49,-1.538,0.498,-0.08,1.00,-3.80,-0.092,-0.20,8.290,4.08,22.70 ,not present ,0.00 ,0.00 ,
01/11/2024,16:00:00,22.52,-1.315,0.565,-0.07,1.00,-3.80,-0.090,-0.17,8.287,4.08,22.70 ,not present ,0.00 ,0.00 ,
01/11/2024,16:15:00,22.61,-1.288,0.475,-0.04,1.00,-3.80,0.048,-0.17,8.283,4.08,22.80 ,not present ,0.00 ,0.00 ,
01/11/2024,16:30:00,22.58,-1.180,0.636,-0.07,1.00,-3.80,-0.155,-0.16,8.287,4.08,22.70 ,not present ,0.00 ,0.00 ,
01/11/2024,16:45:00,22.51,-1.114,0.618,-0.06,1.00,-3.80,-0.127,-0.15,8.287,4.08,22.70 ,not present ,0.00 ,0.00 ,
01/11/2024,17:00:00,22.37,-1.120,0.600,-0.05,1.00,-3.80,-0.166,-0.15,8.294,4.08,22.50 ,not present ,0.00 ,0.00 ,
01/11/2024,17:15:00,22.21,-0.647,0.762,-0.04,1.00,-3.80,0.065,-0.08,8.297,4.08,22.50 ,not present ,0.00 ,0.00 ,
01/11/2024,17:30:00,22.11,-1.098,0.806,-0.11,1.00,-3.80,-0.266,-0.14,8.301,4.08,22.40 ,not present ,0.00 ,0.00 ,
01/11/2024,17:45:00,22.20,-0.932,0.883,-0.11,1.00,-3.80,-0.146,-0.12,8.297,4.08,22.40 ,not present ,0.00 ,0.00 ,
01/11/2024,18:00:00,22.28,-1.122,0.812,-0.12,1.00,-3.80,-0.255,-0.15,8.297,4.08,22.30 ,not present ,0.00 ,0.00 ,
01/11/2024,18:15:00,22.19,-1.129,0.888,-0.14,1.00,-3.80,-0.258,-0.15,8.301,4.07,22.30 ,not present ,0.00 ,0.00 ,
01/11/2024,18:30:00,22.14,-1.072,0.989,-0.16,1.00,-3.80,-0.315,-0.14,8.301,4.07,22.30 ,not present ,0.00 ,0.00 ,
01/11/2024,18:45:00,22.10,-0.714,1.153,-0.16,1.00,-3.80,-0.114,-0.09,8.301,4.07,22.20 ,not present ,0.00 ,0.00 ,
01/11/2024,19:00:00,22.06,-0.933,0.859,-0.10,1.00,-3.80,-0.148,-0.12,8.305,4.07,22.20 ,not present ,0.00 ,0.00 ,
01/11/2024,19:15:00,22.12,-1.131,0.977,-0.16,1.00,-3.80,-0.283,-0.15,8.301,4.07,22.10 ,not present ,0.00 ,0.00 ,
01/11/2024,19:30:00,22.28,-0.725,0.955,-0.10,1.00,-3.80,-0.089,-0.09,8.297,4.07,22.30 ,not present ,0.00 ,0.00 ,
01/11/2024,19:45:00,22.24,-1.030,1.157,-0.20,1.00,-3.80,-0.263,-0.14,8.297,4.07,22.20 ,not present ,0.00 ,0.00 ,
01/11/2024,20:00:00,22.28,-1.147,1.116,-0.20,1.00,-3.80,-0.259,-0.15,8.297,4.07,22.20 ,not present ,0.00 ,0.00 ,
01/11/2024,20:15:00,22.34,-0.927,1.101,-0.17,1.00,-3.80,-0.321,-0.12,8.294,4.07,22.20 ,not present ,0.00 ,0.00 ,
01/11/2024,20:30:00,22.35,-0.875,1.172,-0.18,1.00,-3.80,-0.186,-0.11,8.294,4.07,22.30 ,not present ,0.00 ,0.00 ,
01/11/2024,20:45:00,22.30,-0.701,1.264,-0.19,1.00,-3.80,-0.114,-0.09,8.294,4.07,22.30 ,not present ,0.00 ,0.00 ,
01/11/2024,21:00:00,22.29,-0.965,1.175,-0.20,1.00,-3.80,-0.319,-0.13,8.297,4.06,22.40 ,not present ,0.00 ,0.00 ,
01/11/2024,21:15:00,22.35,-0.795,1.330,-0.22,1.00,-3.80,-0.299,-0.10,8.294,4.06,22.40 ,not present ,0.00 ,0.00 ,
01/11/2024,21:30:00,22.23,-0.844,1.180,-0.18,1.00,-3.80,-0.336,-0.11,8.297,4.06,22.40 ,not present ,0.00 ,0.00 ,
01/11/2024,21:45:00,22.21,-0.840,1.216,-0.19,1.00,-3.80,-0.322,-0.11,8.297,4.06,22.20 ,not present ,0.00 ,0.00 ,
01/11/2024,22:00:00,22.03,-0.875,1.291,-0.22,1.00,-3.80,-0.347,-0.11,8.305,4.06,22.20 ,not present ,0.00 ,0.00 ,
01/11/2024,22:15:00,21.99,-0.850,1.293,-0.22,1.00,-3.80,-0.274,-0.11,8.308,4.06,22.00 ,not present ,0.00 ,0.00 ,
01/11/2024,22:30:00,21.98,-0.974,1.258,-0.23,1.00,-3.80,-0.389,-0.13,8.308,4.06,22.10 ,not present ,0.00 ,0.00 ,
01/11/2024,22:45:00,21.94,-0.783,1.352,-0.23,1.00,-3.80,-0.219,-0.10,8.308,4.06,21.90 ,not present ,0.00 ,0.00 ,
01/11/2024,23:00:00,21.85,-0.859,1.208,-0.20,1.00,-3.80,-0.472,-0.11,8.312,4.06,21.90 ,not present ,0.00 ,0.00 ,
01/11/2024,23:15:00,22.30,-1.112,1.155,-0.21,1.00,-3.80,-0.337,-0.15,8.294,4.06,21.90 ,not present ,0.00 ,0.00 ,
01/11/2024,23:30:00,22.69,-1.115,1.215,-0.22,1.00,-3.80,-0.349,-0.15,8.283,4.06,22.00 ,not present ,0.00 ,0.00 ,
01/11/2024,23:45:00,22.95,-0.883,1.248,-0.20,1.00,-3.80,-0.404,-0.11,8.272,4.06,22.20 ,not present ,0.00 ,0.00 ,
02/11/2024,00:00:00,22.40,-0.082,1.373,-0.13,1.00,-3.80,-0.074,-0.01,8.290,4.06,22.00 ,not present ,0.00 ,0.00 ,
02/11/2024,00:15:00,21.91,0.105,1.088,-0.03,1.00,-3.80,-0.195,0.01,8.308,4.06,21.50 ,not present ,0.00 ,0.00 ,
02/11/2024,00:30:00,21.51,0.004,0.916,0.00,1.00,-3.80,-0.094,0.00,8.323,4.06,20.90 ,not present ,0.00 ,0.00 ,
02/11/2024,00:45:00,21.15,-0.076,0.000,0.00,1.00,-3.80,-0.199,-0.01,8.337,4.06,20.50 ,not present ,0.00 ,0.00 ,
02/11/2024,01:00:00,20.84,-0.035,0.000,0.00,1.00,-3.80,-0.121,0.00,8.348,4.06,20.29 ,not present ,0.00 ,0.00 ,
02/11/2024,01:15:00,20.47,-0.001,0.000,0.00,1.00,-3.80,-0.237,0.00,8.362,4.06,20.00 ,not present ,0.00 ,0.00 ,
02/11/2024,01:30:00,20.16,-0.206,0.000,0.00,1.00,-3.80,-0.084,-0.02,8.373,4.06,19.60 ,not present ,0.00 ,0.00 ,
02/11/2024,01:45:00,19.90,-0.175,0.000,0.00,1.00,-3.80,-0.060,-0.02,8.381,4.06,19.29 ,not present ,0.00 ,0.00 ,
02/11/2024,02:00:00,19.73,-0.265,0.000,0.00,1.00,-3.80,0.000,-0.03,8.388,4.05,19.10 ,not present ,0.00 ,0.00 ,
02/11/2024,02:15:00,19.60,-0.240,0.000,0.00,1.00,-3.80,-0.033,-0.03,8.392,4.05,18.90 ,not present ,0.00 ,0.00 ,
02/11/2024,02:30:00,19.51,-0.291,0.000,0.00,1.00,-3.80,-0.015,-0.04,8.395,4.05,18.79 ,not present ,0.00 ,0.00 ,
02/11/2024,02:45:00,19.45,-0.388,0.000,0.00,1.00,-3.80,-0.077,-0.05,8.399,4.05,18.60 ,not present ,0.00 ,0.00 ,
02/11/2024,03:00:00,19.43,-0.334,0.000,0.00,1.00,-3.80,-0.059,-0.04,8.399,4.05,18.50 ,not present ,0.00 ,0.00 ,
02/11/2024,03:15:00,19.37,-0.376,0.000,0.00,1.00,-3.80,0.098,-0.05,8.403,4.05,18.50 ,not present ,0.00 ,0.00 ,
02/11/2024,03:30:00,19.32,-0.307,0.000,0.00,1.00,-3.80,0.069,-0.04,8.403,4.05,18.29 ,not present ,0.00 ,0.00 ,
02/11/2024,03:45:00,19.28,-0.319,0.000,0.00,1.00,-3.80,-0.069,-0.04,8.406,4.05,18.29 ,not present ,0.00 ,0.00 ,
02/11/2024,04:00:00,19.23,-0.380,0.000,0.00,1.00,-3.80,0.060,-0.05,8.406,4.04,18.00 ,not present ,0.00 ,0.00 ,
02/11/2024,04:15:00,19.15,-0.408,0.000,0.00,1.00,-3.80,-0.064,-0.05,8.410,4.04,18.10 ,not present ,0.00 ,0.00 ,
02/11/2024,04:30:00,19.08,-0.389,0.000,0.00,1.00,-3.80,0.051,-0.05,8.414,4.04,18.00 ,not present ,0.00 ,0.00 ,
02/11/2024,04:45:00,19.07,-0.188,0.000,0.00,1.00,-3.80,0.097,-0.02,8.414,4.04,17.90 ,not present ,0.00 ,0.00 ,
02/11/2024,05:00:00,19.03,-0.361,0.000,0.00,1.00,-3.80,-0.048,-0.04,8.414,4.04,17.90 ,not present ,0.00 ,0.00 ,
02/11/2024,05:15:00,19.01,-0.337,0.000,0.00,1.00,-3.80,0.024,-0.04,8.414,4.04,17.90 ,not present ,0.00 ,0.00 ,
02/11/2024,05:30:00,19.00,-0.377,0.000,0.00,1.00,-3.80,-0.025,-0.05,8.414,4.03,17.79 ,not present ,0.00 ,0.00 ,
02/11/2024,05:45:00,18.99,-0.310,0.000,0.00,1.00,-3.80,0.062,-0.04,8.417,4.03,17.70 ,not present ,0.00 ,0.00 ,
02/11/2024,06:00:00,18.98,-0.357,0.000,0.00,1.00,-3.80,-0.023,-0.04,8.417,4.03,17.79 ,not present ,0.00 ,0.00 ,
02/11/2024,06:15:00,18.98,-0.275,0.000,0.00,1.00,-3.80,0.005,-0.03,8.417,4.03,17.70 ,not present ,0.00 ,0.00 ,
02/11/2024,06:30:00,18.91,-0.297,0.000,0.00,1.00,-3.80,0.018,-0.04,8.417,4.02,17.79 ,not present ,0.00 ,0.00 ,
02/11/2024,06:45:00,18.87,-0.374,0.000,0.00,1.00,-3.80,0.059,-0.05,8.421,4.02,17.60 ,not present ,0.00 ,0.00 ,
02/11/2024,07:00:00,18.84,-0.308,0.000,0.00,1.00,-3.80,0.105,-0.04,8.421,4.02,17.60 ,not present ,0.00 ,0.00 ,
02/11/2024,07:15:00,18.84,-0.129,0.000,0.00,1.00,-3.80,0.126,-0.01,8.421,4.02,17.70 ,not present ,0.00 ,0.00 ,
02/11/2024,07:30:00,18.81,-0.422,0.000,0.00,1.00,-3.80,-0.031,-0.05,8.421,4.02,17.70 ,not present ,0.00 ,0.00 ,
02/11/2024,07:45:00,18.83,-0.474,0.000,0.00,1.00,-3.80,0.061,-0.06,8.421,4.02,17.70 ,not present ,0.00 ,0.00 ,
02/11/2024,08:00:00,19.31,-1.470,0.000,0.00,1.00,-3.80,-0.493,-0.20,8.403,4.01,18.00 ,not present ,0.00 ,0.00 ,
02/11/2024,08:15:00,20.06,-1.791,0.086,0.00,1.00,-3.80,-0.348,-0.24,8.377,4.01,18.79 ,not present ,0.00 ,0.00 ,
02/11/2024,08:30:00,20.52,-1.675,0.262,-0.04,1.00,-3.80,-0.037,-0.22,8.359,4.01,19.40 ,not present ,0.00 ,0.00 ,
02/11/2024,08:45:00,20.89,-1.852,0.272,-0.07,1.00,-3.80,-0.058,-0.25,8.348,4.01,19.79 ,not present ,0.00 ,0.00 ,
02/11/2024,09:00:00,21.11,-1.823,0.337,-0.08,1.00,-3.80,-0.097,-0.24,8.337,4.01,20.20 ,not present ,0.00 ,0.00 ,
02/11/2024,09:15:00,21.28,-1.655,0.365,-0.06,1.00,-3.80,0.130,-0.22,8.333,4.00,20.60 ,not present ,0.00 ,0.00 ,
02/11/2024,09:30:00,21.40,-1.763,0.442,-0.10,1.00,-3.80,-0.054,-0.24,8.326,4.00,20.80 ,not present ,0.00 ,0.00 ,
02/11/2024,09:45:00,21.35,-1.530,0.558,-0.10,1.00,-3.80,-0.124,-0.20,8.330,4.00,21.00 ,not present ,0.00 ,0.00 ,
02/11/2024,10:00:00,21.37,-1.524,0.589,-0.11,1.00,-3.80,-0.121,-0.20,8.330,4.00,21.00 ,not present ,0.00 ,0.00 ,
02/11/2024,10:15:00,21.51,-1.424,0.698,-0.13,1.00,-3.80,-0.259,-0.19,8.323,4.00,21.10 ,not present ,0.00 ,0.00 ,
02/11/2024,10:30:00,21.38,-1.124,0.776,-0.11,1.00,-3.80,-0.085,-0.15,8.330,4.00,21.10 ,not present ,0.00 ,0.00 ,
02/11/2024,10:45:00,21.41,-1.667,0.796,-0.19,1.00,-3.80,-0.487,-0.22,8.326,3.99,21.40 ,not present ,0.00 ,0.00 ,
02/11/2024,11:00:00,21.52,-1.466,0.898,-0.19,1.00,-3.80,-0.199,-0.20,8.323,3.99,21.50 ,not present ,0.00 ,0.00 ,
02/11/2024,11:15:00,21.74,-1.539,1.148,-0.27,1.00,-3.80,-0.222,-0.20,8.315,3.99,21.50 ,not present ,0.00 ,0.00 ,
02/11/2024,11:30:00,21.54,-1.668,1.038,-0.26,1.00,-3.80,-0.495,-0.22,8.323,3.99,21.60 ,not present ,0.00 ,0.00 ,
02/11/2024,11:45:00,21.37,-1.571,1.007,-0.24,1.00,-3.80,-0.548,-0.21,8.330,3.99,21.50 ,not present ,0.00 ,0.00 ,
02/11/2024,12:00:00,21.59,-1.483,0.908,-0.20,1.00,-3.80,-0.361,-0.20,8.323,3.99,21.50 ,not present ,0.00 ,0.00 ,
02/11/2024,12:15:00,21.90,-1.623,1.110,-0.27,1.00,-3.80,-0.401,-0.22,8.308,3.99,21.60 ,not present ,0.00 ,0.00 ,
02/11/2024,12:30:00,22.05,-1.457,1.101,-0.25,1.00,-3.80,-0.361,-0.19,8.305,3.98,21.80 ,not present ,0.00 ,0.00 ,
02/11/2024,12:45:00,22.59,-1.795,0.978,-0.25,1.00,-3.80,-0.473,-0.24,8.287,3.98,22.10 ,not present ,0.00 ,0.00 ,
02/11/2024,13:00:00,23.59,-1.699,1.096,-0.26,1.00,-3.80,-0.289,-0.22,8.251,3.98,22.50 ,not present ,0.00 ,0.00 ,
02/11/2024,13:15:00,24.16,-1.384,1.242,-0.25,1.00,-3.80,-0.302,-0.18,8.229,3.98,23.20 ,not present ,0.00 ,0.00 ,
02/11/2024,13:30:00,24.42,-1.327,1.455,-0.30,1.00,-3.80,-0.338,-0.17,8.219,3.98,23.50 ,not present ,0.00 ,0.00 ,
02/11/2024,13:45:00,24.19,-0.764,1.520,-0.24,1.00,-3.80,-0.162,-0.10,8.229,3.98,23.80 ,not present ,0.00 ,0.00 ,
02/11/2024,14:00:00,23.96,-1.223,1.534,-0.31,1.00,-3.80,-0.501,-0.16,8.237,3.98,23.80 ,not present ,0.00 ,0.00 ,
02/11/2024,14:15:00,23.81,-1.310,1.599,-0.34,1.00,-3.80,-0.586,-0.17,8.240,3.98,23.80 ,not present ,0.00 ,0.00 ,
02/11/2024,14:30:00,23.72,-1.382,1.449,-0.31,1.00,-3.80,-0.472,-0.18,8.244,3.98,23.70 ,not present ,0.00 ,0.00 ,
02/11/2024,14:45:00,23.93,-1.193,1.479,-0.29,1.00,-3.80,-0.429,-0.16,8.237,3.98,23.60 ,not present ,0.00 ,0.00 ,
02/11/2024,15:00:00,23.98,-1.001,1.482,-0.27,1.00,-3.80,-0.353,-0.13,8.237,3.98,23.80 ,not present ,0.00 ,0.00 ,
02/11/2024,15:15:00,24.25,-1.376,1.524,-0.33,1.00,-3.80,-0.469,-0.18,8.226,3.97,23.90 ,not present ,0.00 ,0.00 ,
02/11/2024,15:30:00,23.87,-0.755,1.689,-0.29,1.00,-3.80,-0.357,-0.10,8.240,3.97,24.10 ,not present ,0.00 ,0.00 ,
02/11/2024,15:45:00,23.71,-0.902,1.676,-0.31,1.00,-3.80,-0.421,-0.12,8.244,3.97,23.80 ,not present ,0.00 ,0.00 ,
02/11/2024,16:00:00,23.60,-1.103,1.658,-0.33,1.00,-3.80,-0.476,-0.14,8.247,3.97,23.70 ,not present ,0.00 ,0.00 ,
02/11/2024,16:15:00,23.89,-1.152,1.648,-0.33,1.00,-3.80,-0.430,-0.15,8.240,3.97,23.80 ,not present ,0.00 ,0.00 ,
02/11/2024,16:30:00,23.78,-1.255,1.697,-0.36,1.00,-3.80,-0.424,-0.16,8.244,3.97,23.80 ,not present ,0.00 ,0.00 ,
02/11/2024,16:45:00,23.65,-1.304,1.718,-0.38,1.00,-3.80,-0.461,-0.17,8.247,3.97,23.70 ,not present ,0.00 ,0.00 ,
02/11/2024,17:00:00,23.85,-1.238,1.749,-0.37,1.00,-3.80,-0.397,-0.16,8.240,3.97,23.70 ,not present ,0.00 ,0.00 ,
02/11/2024,17:15:00,23.80,-1.051,1.862,-0.38,1.00,-3.80,-0.408,-0.14,8.240,3.97,23.80 ,not present ,0.00 ,0.00 ,
02/11/2024,17:30:00,23.89,-1.088,1.865,-0.38,1.00,-3.80,-0.522,-0.14,8.240,3.97,23.70 ,not present ,0.00 ,0.00 ,
02/11/2024,17:45:00,23.83,-1.005,1.851,-0.37,1.00,-3.80,-0.431,-0.13,8.240,3.97,23.70 ,not present ,0.00 ,0.00 ,
02/11/2024,18:00:00,23.86,-1.122,1.805,-0.37,1.00,-3.80,-0.440,-0.15,8.240,3.97,23.60 ,not present ,0.00 ,0.00 ,
02/11/2024,18:15:00,23.75,-1.087,1.943,-0.41,1.00,-3.80,-0.384,-0.14,8.244,3.97,23.60 ,not present ,0.00 ,0.00 ,
02/11/2024,18:30:00,23.73,-1.023,2.014,-0.42,1.00,-3.80,-0.342,-0.13,8.244,3.96,23.50 ,not present ,0.00 ,0.00 ,
02/11/2024,18:45:00,23.80,-1.204,2.060,-0.45,1.00,-3.80,-0.501,-0.16,8.240,3.96,23.60 ,not present ,0.00 ,0.00 ,
02/11/2024,19:00:00,23.81,-1.113,1.928,-0.41,1.00,-3.80,-0.391,-0.15,8.240,3.96,23.60 ,not present ,0.00 ,0.00 ,
02/11/2024,19:15:00,23.89,-1.091,1.978,-0.42,1.00,-3.80,-0.401,-0.14,8.240,3.96,23.60 ,not present ,0.00 ,0.00 ,
02/11/2024,19:30:00,23.73,-1.152,1.969,-0.42,1.00,-3.80,-0.639,-0.15,8.244,3.96,23.60 ,not present ,0.00 ,0.00 ,
02/11/2024,19:45:00,23.68,-0.941,2.044,-0.42,1.00,-3.80,-0.350,-0.12,8.247,3.96,23.50 ,not present ,0.00 ,0.00 ,
02/11/2024,20:00:00,23.55,-1.271,2.059,-0.47,1.00,-3.80,-0.497,-0.17,8.251,3.96,23.60 ,not present ,0.00 ,0.00 ,
02/11/2024,20:15:00,23.25,-0.750,2.011,-0.39,1.00,-3.80,-0.368,-0.10,8.262,3.96,23.30 ,not present ,0.00 ,0.00 ,
02/11/2024,20:30:00,23.01,-1.291,1.933,-0.44,1.00,-3.80,-0.650,-0.17,8.269,3.96,23.10 ,not present ,0.00 ,0.00 ,
02/11/2024,20:45:00,23.12,-1.326,2.015,-0.47,1.00,-3.80,-0.504,-0.17,8.265,3.96,23.20 ,not present ,0.00 ,0.00 ,
02/11/2024,21:00:00,23.16,-1.253,2.028,-0.46,1.00,-3.80,-0.483,-0.16,8.265,3.96,23.00 ,not present ,0.00 ,0.00 ,
02/11/2024,21:15:00,23.17,-1.038,2.143,-0.47,1.00,-3.80,-0.323,-0.14,8.265,3.96,23.00 ,not present ,0.00 ,0.00 ,
02/11/2024,21:30:00,23.04,-0.869,2.154,-0.45,1.00,-3.80,-0.413,-0.11,8.269,3.96,23.00 ,not present ,0.00 ,0.00 ,
02/11/2024,21:45:00,22.87,-0.922,2.106,-0.45,1.00,-3.80,-0.446,-0.12,8.276,3.96,22.90 ,not present ,0.00 ,0.00 ,
02/11/2024,22:00:00,22.68,-0.990,2.060,-0.44,1.00,-3.80,-0.414,-0.13,8.283,3.95,22.60 ,not present ,0.00 ,0.00 ,
02/11/2024,22:15:00,22.61,-0.826,2.133,-0.44,1.00,-3.80,-0.338,-0.11,8.283,3.95,22.50 ,not present ,0.00 ,0.00 ,
02/11/2024,22:30:00,22.45,-0.923,2.136,-0.46,1.00,-3.80,-0.361,-0.12,8.290,3.95,22.50 ,not present ,0.00 ,0.00 ,
02/11/2024,22:45:00,22.21,-0.916,2.495,-0.57,1.00,-3.80,-0.452,-0.12,8.297,3.95,22.40 ,not present ,0.00 ,0.00 ,
02/11/2024,23:00:00,22.20,-1.130,2.044,-0.47,1.00,-3.80,-0.524,-0.15,8.297,3.95,22.20 ,not present ,0.00 ,0.00 ,
02/11/2024,23:15:00,22.64,-1.087,2.035,-0.45,1.00,-3.80,-0.546,-0.14,8.283,3.95,22.20 ,not present ,0.00 ,0.00 ,
02/11/2024,23:30:00,23.02,-1.162,2.120,-0.48,1.00,-3.80,-0.464,-0.15,8.269,3.95,22.20 ,not present ,0.00 ,0.00 ,
02/11/2024,23:45:00,23.26,-1.178,2.130,-0.48,1.00,-3.80,-0.391,-0.15,8.262,3.95,22.40 ,not present ,0.00 ,0.00 ,
03/11/2024,00:00:00,22.71,0.063,2.594,-0.45,1.00,-3.80,-0.174,0.00,8.279,3.95,22.20 ,not present ,0.00 ,0.00 ,
03/11/2024,00:15:00,22.17,0.107,2.295,-0.37,1.00,-3.80,-0.168,0.01,8.301,3.95,21.80 ,not present ,0.00 ,0.00 ,
03/11/2024,00:30:00,21.72,0.040,2.058,-0.32,1.00,-3.80,-0.155,0.00,8.315,3.95,21.20 ,not present ,0.00 ,0.00 ,
03/11/2024,00:45:00,21.31,-0.062,1.893,-0.29,1.00,-3.80,-0.167,0.00,8.330,3.95,20.80 ,not present ,0.00 ,0.00 ,
03/11/2024,01:00:00,20.86,0.083,1.767,-0.24,1.00,-3.80,-0.172,0.01,8.348,3.95,20.50 ,not present ,0.00 ,0.00 ,
03/11/2024,01:15:00,20.46,-0.097,1.616,-0.23,1.00,-3.80,-0.148,-0.01,8.362,3.95,20.10 ,not present ,0.00 ,0.00 ,
03/11/2024,01:30:00,20.21,-0.091,1.504,-0.20,1.00,-3.80,-0.206,-0.01,8.370,3.95,19.70 ,not present ,0.00 ,0.00 ,
03/11/2024,01:45:00,19.89,-0.104,1.425,-0.18,1.00,-3.80,-0.163,-0.01,8.384,3.95,19.29 ,not present ,0.00 ,0.00 ,
03/11/2024,02:00:00,19.78,-0.123,1.349,-0.16,1.00,-3.80,-0.228,-0.01,8.388,3.95,19.10 ,not present ,0.00 ,0.00 ,
03/11/2024,02:15:00,19.65,-0.123,1.317,-0.15,1.00,-3.80,-0.106,-0.01,8.392,3.95,19.00 ,not present ,0.00 ,0.00 ,
03/11/2024,02:30:00,19.42,-0.068,1.302,-0.14,1.00,-3.80,-0.087,0.00,8.399,3.95,18.79 ,not present ,0.00 ,0.00 ,
03/11/2024,02:45:00,19.25,-0.118,1.201,-0.12,1.00,-3.80,-0.068,-0.01,8.406,3.94,18.60 ,not present ,0.00 ,0.00 ,
03/11/2024,03:00:00,19.13,-0.049,1.242,-0.13,1.00,-3.80,0.026,0.00,8.410,3.94,18.40 ,not present ,0.00 ,0.00 ,
03/11/2024,03:15:00,19.06,-0.078,1.165,-0.11,1.00,-3.80,-0.172,-0.01,8.414,3.94,18.29 ,not present ,0.00 ,0.00 ,
03/11/2024,03:30:00,19.02,-0.105,1.111,-0.10,1.00,-3.80,-0.019,-0.01,8.414,3.94,18.00 ,not present ,0.00 ,0.00 ,
03/11/2024,03:45:00,18.96,-0.116,1.092,-0.09,1.00,-3.80,-0.102,-0.01,8.417,3.94,17.90 ,not present ,0.00 ,0.00 ,
03/11/2024,04:00:00,18.91,-0.142,1.030,-0.08,1.00,-3.80,-0.087,-0.01,8.417,3.94,18.00 ,not present ,0.00 ,0.00 ,
03/11/2024,04:15:00,18.84,-0.223,1.025,-0.09,1.00,-3.80,-0.223,-0.03,8.421,3.94,17.90 ,not present ,0.00 ,0.00 ,
03/11/2024,04:30:00,18.85,-0.167,1.035,-0.08,1.00,-3.80,-0.146,-0.02,8.421,3.94,17.70 ,not present ,0.00 ,0.00 ,
03/11/2024,04:45:00,18.66,-0.125,1.041,-0.08,1.00,-3.80,-0.153,-0.01,8.428,3.94,17.60 ,not present ,0.00 ,0.00 ,
03/11/2024,05:00:00,18.63,-0.163,0.990,-0.07,1.00,-3.80,-0.157,-0.02,8.428,3.94,17.70 ,not present ,0.00 ,0.00 ,
03/11/2024,05:15:00,18.49,-0.108,0.989,-0.06,1.00,-3.80,-0.109,-0.01,8.436,3.94,17.50 ,not present ,0.00 ,0.00 ,
03/11/2024,05:30:00,18.51,-0.227,0.930,-0.06,1.00,-3.80,-0.127,-0.03,8.432,3.94,17.50 ,not present ,0.00 ,0.00 ,
03/11/2024,05:45:00,18.59,-0.187,0.905,-0.05,1.00,-3.80,-0.168,-0.02,8.432,3.94,17.50 ,not present ,0.00 ,0.00 ,
03/11/2024,06:00:00,18.64,-0.179,0.876,-0.04,1.00,-3.80,-0.121,-0.02,8.428,3.94,17.50 ,not present ,0.00 ,0.00 ,
03/11/2024,06:15:00,18.60,-0.183,0.891,-0.04,1.00,-3.80,-0.106,-0.02,8.428,3.94,17.50 ,not present ,0.00 ,0.00 ,
03/11/2024,06:30:00,18.65,-0.222,0.879,-0.04,1.00,-3.80,-0.052,-0.03,8.428,3.93,17.29 ,not present ,0.00 ,0.00 ,
03/11/2024,06:45:00,18.62,-0.100,0.830,-0.01,1.00,-3.80,0.018,-0.01,8.428,3.93,17.40 ,not present ,0.00 ,0.00 ,
03/11/2024,07:00:00,18.67,-0.253,0.817,-0.03,1.00,-3.80,-0.124,-0.03,8.428,3.93,17.40 ,not present ,0.00 ,0.00 ,
03/11/2024,07:15:00,18.68,-0.224,0.825,-0.02,1.00,-3.80,-0.111,-0.03,8.428,3.93,17.50 ,not present ,0.00 ,0.00 ,
03/11/2024,07:30:00,18.43,-0.116,0.816,-0.01,1.00,-3.80,-0.007,-0.01,8.436,3.93,17.50 ,not present ,0.00 ,0.00 ,
03/11/2024,07:45:00,18.20,-0.172,0.869,-0.04,1.00,-3.80,-0.077,-0.02,8.443,3.93,17.40 ,not present ,0.00 ,0.00 ,
03/11/2024,08:00:00,18.48,-1.466,0.561,-0.11,1.00,-3.80,-0.581,-0.20,8.436,3.93,17.50 ,not present ,0.00 ,0.00 ,
03/11/2024,08:15:00,18.97,-1.604,0.794,-0.20,1.00,-3.80,-0.510,-0.22,8.417,3.93,18.00 ,not present ,0.00 ,0.00 ,
03/11/2024,08:30:00,19.43,-1.468,0.824,-0.19,1.00,-3.80,-0.314,-0.20,8.399,3.93,18.50 ,not present ,0.00 ,0.00 ,
03/11/2024,08:45:00,19.75,-1.308,1.205,-0.28,1.00,-3.80,-0.280,-0.17,8.388,3.93,18.90 ,not present ,0.00 ,0.00 ,
03/11/2024,09:00:00,19.92,-1.303,1.426,-0.35,1.00,-3.80,-0.299,-0.17,8.381,3.93,19.29 ,not present ,0.00 ,0.00 ,
03/11/2024,10:00:00,20.62,-1.116,1.921,-0.46,1.00,-3.80,-0.629,-0.15,8.355,3.93,19.90 ,not present ,0.00 ,0.00 ,
03/11/2024,10:15:00,20.96,-1.263,1.810,-0.44,1.00,-3.80,-0.631,-0.17,8.344,3.93,20.20 ,not present ,0.00 ,0.00 ,
03/11/2024,10:30:00,21.29,-1.244,1.937,-0.47,1.00,-3.80,-0.313,-0.17,8.333,3.93,20.50 ,not present ,0.00 ,0.00 ,
03/11/2024,10:45:00,21.46,-1.470,1.883,-0.48,1.00,-3.80,-0.536,-0.20,8.326,3.93,20.70 ,not present ,0.00 ,0.00 ,
03/11/2024,11:00:00,21.70,-1.261,2.093,-0.51,1.00,-3.80,-0.468,-0.17,8.315,3.97,31.20 ,present ,12.26 ,162.60 ,
03/11/2024,11:15:00,21.98,-1.458,1.930,-0.48,1.00,-3.80,-0.493,-0.19,8.308,3.99,34.09 ,present ,12.27 ,163.50 ,
03/11/2024,11:30:00,21.82,-1.369,1.325,-0.30,1.00,-3.80,-0.501,-0.18,8.312,4.01,35.40 ,present ,12.24 ,164.10 ,
03/11/2024,11:45:00,21.98,-1.320,1.118,-0.23,1.00,-3.80,-0.540,-0.17,8.308,4.04,36.20 ,present ,12.21 ,164.70 ,
03/11/2024,12:00:00,21.94,-1.574,0.899,-0.20,1.00,-3.80,-0.515,-0.21,8.308,4.08,36.30 ,present ,12.21 ,165.30 ,
03/11/2024,12:15:00,22.33,-1.463,0.824,-0.16,1.00,-3.80,-0.370,-0.19,8.294,4.10,36.40 ,present ,12.18 ,165.90 ,
03/11/2024,12:30:00,22.49,-1.453,0.815,-0.16,1.00,-3.80,-0.463,-0.19,8.290,4.13,36.90 ,present ,12.15 ,166.50 ,
03/11/2024,12:45:00,23.18,-1.785,0.622,-0.15,1.00,-3.80,-0.584,-0.24,8.265,4.16,37.00 ,present ,12.15 ,162.60 ,
03/11/2024,13:00:00,23.90,-1.681,0.614,-0.13,1.00,-3.80,-0.425,-0.22,8.237,4.19,37.40 ,present ,12.11 ,153.00 ,
03/11/2024,13:15:00,24.18,-1.256,0.587,-0.06,1.00,-3.80,-0.232,-0.16,8.229,4.19,31.10 ,present ,12.28 ,51.60 ,
03/11/2024,13:30:00,24.26,-1.476,0.676,-0.11,1.00,-3.80,-0.428,-0.19,8.226,4.19,28.30 ,present ,12.34 ,36.00 ,
03/11/2024,13:45:00,24.17,-1.474,0.567,-0.08,1.00,-3.80,-0.467,-0.19,8.229,4.19,26.90 ,present ,12.34 ,32.40 ,
03/11/2024,14:00:00,24.27,-1.564,0.479,-0.07,1.00,-3.80,-0.440,-0.21,8.226,4.19,26.40 ,present ,12.34 ,31.50 ,
03/11/2024,14:15:00,24.30,-1.488,0.533,-0.08,1.00,-3.80,-0.440,-0.20,8.222,4.19,26.20 ,present ,12.33 ,30.90 ,
03/11/2024,14:30:00,24.47,-1.516,0.489,-0.07,1.00,-3.80,-0.403,-0.20,8.219,4.19,26.30 ,present ,12.33 ,30.90 ,
03/11/2024,14:45:00,24.58,-1.400,0.609,-0.08,1.00,-3.80,-0.320,-0.18,8.215,4.19,26.30 ,present ,12.33 ,30.60 ,
03/11/2024,15:00:00,24.60,-1.758,0.428,-0.08,1.00,-3.80,-0.350,-0.23,8.212,4.19,26.40 ,present ,12.33 ,30.60 ,
03/11/2024,15:15:00,24.52,-1.688,0.445,-0.08,1.00,-3.80,-0.505,-0.22,8.215,4.19,26.40 ,present ,12.33 ,30.60 ,
03/11/2024,15:30:00,24.22,-1.352,0.440,-0.03,1.00,-3.80,-0.353,-0.18,8.226,4.19,26.20 ,present ,12.33 ,30.30 ,
03/11/2024,15:45:00,24.63,-1.622,0.436,-0.07,1.00,-3.80,-0.369,-0.21,8.212,4.19,26.20 ,present ,12.33 ,30.30 ,
03/11/2024,16:00:00,24.96,-1.685,0.460,-0.08,1.00,-3.80,-0.289,-0.22,8.201,4.19,26.30 ,present ,12.33 ,30.60 ,
03/11/2024,16:15:00,25.16,-1.686,0.495,-0.09,1.00,-3.80,-0.173,-0.22,8.194,4.19,26.60 ,present ,12.33 ,30.30 ,
03/11/2024,16:30:00,24.77,-1.506,0.667,-0.11,1.00,-3.80,-0.232,-0.20,8.208,4.19,26.50 ,present ,12.33 ,30.00 ,
03/11/2024,16:45:00,24.94,-1.472,0.548,-0.07,1.00,-3.80,-0.269,-0.19,8.201,4.19,26.50 ,present ,12.33 ,30.00 ,
03/11/2024,17:00:00,24.89,-1.461,0.479,-0.05,1.00,-3.80,-0.284,-0.19,8.205,4.19,26.50 ,present ,12.33 ,30.30 ,
03/11/2024,17:15:00,24.52,-1.070,0.475,0.00,1.00,-3.80,0.068,-0.14,8.215,4.19,26.30 ,present ,12.33 ,30.30 ,
03/11/2024,17:30:00,24.01,-1.240,0.497,-0.03,1.00,-3.80,-0.160,-0.16,8.233,4.19,26.10 ,present ,12.33 ,30.00 ,
03/11/2024,17:45:00,23.99,-1.439,0.603,-0.09,1.00,-3.80,-0.258,-0.19,8.237,4.19,25.90 ,present ,12.33 ,30.00 ,
03/11/2024,18:00:00,23.80,-1.402,0.508,-0.06,1.00,-3.80,-0.207,-0.18,8.240,4.19,25.80 ,present ,12.33 ,30.30 ,
03/11/2024,18:15:00,23.47,-1.347,0.705,-0.11,1.00,-3.80,-0.332,-0.18,8.254,4.19,25.50 ,present ,12.33 ,30.00 ,
03/11/2024,18:30:00,23.19,-1.251,0.750,-0.11,1.00,-3.80,-0.124,-0.16,8.265,4.19,25.20 ,present ,12.33 ,30.00 ,
03/11/2024,18:45:00,22.94,-1.313,0.479,-0.04,1.00,-3.80,-0.149,-0.17,8.272,4.19,24.90 ,present ,12.33 ,30.00 ,
03/11/2024,19:00:00,22.99,-1.327,0.475,-0.04,1.00,-3.80,-0.233,-0.17,8.272,4.19,24.80 ,present ,12.33 ,30.30 ,
03/11/2024,19:15:00,22.88,-1.148,0.473,-0.02,1.00,-3.80,-0.193,-0.15,8.276,4.19,24.70 ,present ,12.33 ,30.00 ,
03/11/2024,19:30:00,22.79,-1.297,0.474,-0.04,1.00,-3.80,-0.164,-0.17,8.279,4.19,24.60 ,present ,12.29 ,30.00 ,
03/11/2024,19:45:00,22.72,-1.399,0.572,-0.08,1.00,-3.80,-0.252,-0.18,8.279,4.19,24.60 ,present ,12.33 ,30.00 ,
03/11/2024,20:00:00,22.59,-1.302,0.519,-0.05,1.00,-3.80,-0.196,-0.17,8.287,4.19,24.30 ,present ,12.29 ,30.00 ,
03/11/2024,20:15:00,22.34,-1.250,0.645,-0.08,1.00,-3.80,-0.171,-0.16,8.294,4.19,24.30 ,present ,12.33 ,30.00 ,
03/11/2024,20:30:00,22.51,-1.640,0.520,-0.10,1.00,-3.80,-0.332,-0.22,8.287,4.19,24.10 ,present ,12.29 ,30.30 ,
03/11/2024,20:45:00,22.84,-1.723,0.556,-0.12,1.00,-3.80,-0.437,-0.23,8.276,4.19,24.20 ,present ,12.33 ,30.00 ,
03/11/2024,21:00:00,22.91,-1.473,0.634,-0.11,1.00,-3.80,-0.271,-0.19,8.272,4.19,24.40 ,present ,12.29 ,30.00 ,
03/11/2024,21:15:00,22.84,-1.356,0.608,-0.09,1.00,-3.80,-0.292,-0.18,8.276,4.19,24.30 ,present ,12.29 ,30.00 ,
03/11/2024,21:30:00,22.75,-1.395,0.712,-0.12,1.00,-3.80,-0.150,-0.18,8.279,4.19,24.20 ,present ,12.29 ,30.00 ,
03/11/2024,21:45:00,22.51,-1.134,0.626,-0.06,1.00,-3.80,-0.077,-0.15,8.287,4.19,24.00 ,present ,12.33 ,30.00 ,
03/11/2024,22:00:00,22.23,-1.351,0.684,-0.11,1.00,-3.80,-0.289,-0.18,8.297,4.19,24.00 ,present ,12.29 ,30.00 ,
03/11/2024,22:15:00,22.11,-1.014,0.766,-0.09,1.00,-3.80,-0.060,-0.13,8.301,4.19,23.70 ,present ,12.29 ,30.00 ,
03/11/2024,22:30:00,21.87,-1.292,0.899,-0.17,1.00,-3.80,-0.210,-0.17,8.312,4.19,23.60 ,present ,12.29 ,30.00 ,
03/11/2024,22:45:00,21.83,-1.178,0.749,-0.11,1.00,-3.80,-0.213,-0.16,8.312,4.19,23.50 ,present ,12.29 ,30.00 ,
03/11/2024,23:00:00,21.85,-1.324,0.794,-0.14,1.00,-3.80,-0.342,-0.18,8.312,4.19,23.40 ,present ,12.29 ,30.00 ,
03/11/2024,23:15:00,22.06,-1.428,0.748,-0.14,1.00,-3.80,-0.296,-0.19,8.305,4.19,23.30 ,present ,12.29 ,30.00 ,
03/11/2024,23:30:00,22.33,-1.418,0.765,-0.14,1.00,-3.80,-0.346,-0.19,8.294,4.19,23.40 ,present ,12.29 ,30.30 ,
03/11/2024,23:45:00,22.48,-1.306,0.799,-0.14,1.00,-3.80,-0.167,-0.17,8.290,4.19,23.50 ,present ,12.29 ,30.00 ,
04/11/2024,00:00:00,21.91,-0.282,1.033,-0.07,1.00,-3.80,0.115,-0.03,8.308,4.19,23.20 ,present ,12.29 ,30.00 ,
04/11/2024,00:15:00,21.29,-0.262,0.824,-0.01,1.00,-3.80,-0.007,-0.03,8.333,4.19,22.70 ,present ,12.29 ,29.70 ,
04/11/2024,00:30:00,20.77,-0.196,0.000,0.00,1.00,-3.80,-0.085,-0.02,8.352,4.19,22.20 ,present ,12.29 ,30.00 ,
04/11/2024,00:45:00,20.33,-0.196,0.000,0.00,1.00,-3.80,-0.139,-0.02,8.366,4.19,21.80 ,present ,12.25 ,29.70 ,
04/11/2024,01:00:00,19.98,-0.327,0.000,0.00,1.00,-3.80,-0.119,-0.04,8.381,4.19,21.40 ,present ,12.29 ,30.00 ,
04/11/2024,01:15:00,19.72,-0.257,0.000,0.00,1.00,-3.80,0.016,-0.03,8.388,4.19,21.00 ,present ,12.29 ,30.00 ,
04/11/2024,01:30:00,19.50,-0.268,0.000,0.00,1.00,-3.80,0.088,-0.03,8.395,4.19,20.70 ,present ,12.25 ,30.00 ,
04/11/2024,01:45:00,19.33,-0.285,0.000,0.00,1.00,-3.80,-0.097,-0.03,8.403,4.19,20.50 ,present ,12.25 ,30.00 ,
04/11/2024,02:00:00,19.19,-0.341,0.000,0.00,1.00,-3.80,0.011,-0.04,8.410,4.19,20.29 ,present ,12.25 ,30.00 ,
04/11/2024,02:15:00,19.11,-0.361,0.000,0.00,1.00,-3.80,-0.033,-0.04,8.410,4.19,20.10 ,present ,12.29 ,30.00 ,
04/11/2024,02:30:00,19.01,-0.344,0.000,0.00,1.00,-3.80,0.027,-0.04,8.414,4.19,20.00 ,present ,12.29 ,30.00 ,
04/11/2024,02:45:00,18.95,-0.409,0.000,0.00,1.00,-3.80,-0.023,-0.05,8.417,4.19,19.79 ,present ,12.29 ,30.00 ,
04/11/2024,03:00:00,18.87,-0.450,0.000,0.00,1.00,-3.80,-0.031,-0.06,8.421,4.19,19.70 ,present ,12.25 ,30.00 ,
04/11/2024,03:15:00,18.76,-0.432,0.000,0.00,1.00,-3.80,0.028,-0.05,8.425,4.19,19.60 ,present ,12.25 ,30.00 ,
04/11/2024,03:30:00,18.69,-0.415,0.000,0.00,1.00,-3.80,-0.066,-0.05,8.428,4.19,19.40 ,present ,12.25 ,29.70 ,
04/11/2024,03:45:00,18.64,-0.384,0.000,0.00,1.00,-3.80,0.031,-0.05,8.428,4.19,19.50 ,present ,12.25 ,30.00 ,
04/11/2024,04:00:00,18.60,-0.474,0.000,0.00,1.00,-3.80,0.021,-0.06,8.428,4.19,19.29 ,present ,12.22 ,30.00 ,
04/11/2024,04:15:00,18.54,-0.405,0.000,0.00,1.00,-3.80,-0.064,-0.05,8.432,4.19,19.20 ,present ,12.22 ,30.00 ,
04/11/2024,04:30:00,18.52,-0.378,0.000,0.00,1.00,-3.80,0.037,-0.05,8.432,4.19,19.29 ,present ,12.22 ,30.00 ,
04/11/2024,04:45:00,18.48,-0.418,0.000,0.00,1.00,-3.80,0.028,-0.05,8.436,4.19,19.20 ,present ,12.25 ,30.00 ,
04/11/2024,05:00:00,18.44,-0.394,0.000,0.00,1.00,-3.80,-0.074,-0.05,8.436,4.19,19.20 ,present ,12.22 ,29.70 ,
04/11/2024,05:15:00,18.41,-0.542,0.000,0.00,1.00,-3.80,-0.005,-0.07,8.436,4.19,19.10 ,present ,12.25 ,30.00 ,
04/11/2024,05:30:00,18.37,-0.517,0.000,0.00,1.00,-3.80,-0.037,-0.07,8.439,4.19,19.10 ,present ,12.22 ,30.00 ,
04/11/2024,05:45:00,18.35,-0.453,0.000,0.00,1.00,-3.80,0.084,-0.06,8.439,4.19,19.00 ,present ,12.22 ,29.70 ,
04/11/2024,06:00:00,18.29,-0.518,0.000,0.00,1.00,-3.80,-0.072,-0.07,8.443,4.19,19.10 ,present ,12.25 ,29.70 ,
04/11/2024,06:15:00,18.24,-0.508,0.000,0.00,1.00,-3.80,0.023,-0.07,8.443,4.19,18.90 ,present ,12.22 ,30.00 ,
04/11/2024,06:30:00,18.16,-0.459,0.000,0.00,1.00,-3.80,-0.004,-0.06,8.447,4.19,18.90 ,present ,12.22 ,30.00 ,
04/11/2024,06:45:00,18.07,-0.497,0.000,0.00,1.00,-3.80,-0.019,-0.06,8.451,4.19,18.79 ,present ,12.25 ,29.70 ,
04/11/2024,07:00:00,17.99,-0.395,0.000,0.00,1.00,-3.80,0.094,-0.05,8.454,4.19,18.60 ,present ,12.22 ,30.00 ,
04/11/2024,07:15:00,17.96,-0.489,0.000,0.00,1.00,-3.80,0.042,-0.06,8.454,4.19,18.79 ,present ,12.22 ,30.00 ,
04/11/2024,07:30:00,18.00,-0.681,0.000,0.00,1.00,-3.80,-0.080,-0.09,8.451,4.19,18.60 ,present ,12.22 ,30.00 ,
04/11/2024,07:45:00,18.07,-0.676,0.000,0.00,1.00,-3.80,0.024,-0.09,8.451,4.19,18.70 ,present ,12.18 ,30.00 ,
04/11/2024,08:00:00,18.60,-1.730,0.000,0.00,1.00,-3.80,-0.593,-0.23,8.428,4.19,19.00 ,present ,12.22 ,30.00 ,
04/11/2024,08:15:00,19.38,-1.796,0.000,0.00,1.00,-3.80,-0.396,-0.24,8.403,4.19,19.60 ,present ,12.22 ,30.30 ,
04/11/2024,08:30:00,19.93,-1.839,0.000,0.00,1.00,-3.80,-0.298,-0.25,8.381,4.19,20.20 ,present ,12.22 ,30.30 ,
04/11/2024,08:45:00,20.15,-1.828,0.071,0.00,1.00,-3.80,-0.130,-0.25,8.373,4.19,20.70 ,present ,12.22 ,30.30 ,
04/11/2024,09:00:00,19.93,-1.838,0.066,0.00,1.00,-3.80,-0.083,-0.25,8.381,4.19,21.00 ,present ,12.19 ,30.30 ,
04/11/2024,09:15:00,19.91,-2.125,0.115,-0.06,1.00,-3.80,-0.190,-0.29,8.381,4.19,21.00 ,present ,12.19 ,30.30 ,
04/11/2024,09:30:00,20.02,-1.873,0.129,-0.03,1.00,-3.80,-0.154,-0.25,8.377,4.19,21.40 ,present ,12.22 ,30.30 ,
04/11/2024,09:45:00,20.20,-2.024,0.123,-0.05,1.00,-3.80,-0.180,-0.27,8.370,4.19,21.40 ,present ,12.22 ,30.30 ,
04/11/2024,10:00:00,20.55,-2.033,0.128,-0.05,1.00,-3.80,-0.130,-0.27,8.359,4.19,21.70 ,present ,12.19 ,30.30 ,
04/11/2024,10:15:00,20.61,-2.066,0.450,-0.15,1.00,-3.80,-0.302,-0.28,8.355,4.19,21.80 ,present ,12.18 ,30.00 ,
04/11/2024,10:30:00,21.39,-2.004,0.189,-0.06,1.00,-3.80,-0.174,-0.27,8.330,4.19,22.10 ,present ,12.19 ,30.60 ,
04/11/2024,10:45:00,22.27,-2.108,0.487,-0.16,1.00,-3.80,-0.319,-0.28,8.297,4.19,22.60 ,present ,12.19 ,30.30 ,
04/11/2024,11:00:00,22.61,-2.122,0.234,-0.09,1.00,-3.80,-0.254,-0.28,8.283,4.19,23.10 ,present ,12.19 ,30.30 ,
04/11/2024,11:15:00,22.58,-2.268,0.199,-0.10,1.00,-3.80,-0.334,-0.30,8.287,4.19,23.50 ,present ,12.22 ,30.30 ,
04/11/2024,11:30:00,22.95,-2.124,0.352,-0.12,1.00,-3.80,-0.140,-0.28,8.272,4.19,23.70 ,present ,12.22 ,30.60 ,
04/11/2024,11:45:00,22.70,-2.144,0.346,-0.12,1.00,-3.80,-0.162,-0.29,8.279,4.19,24.00 ,present ,12.19 ,30.30 ,
04/11/2024,12:00:00,22.85,-1.967,0.267,-0.07,1.00,-3.80,-0.130,-0.26,8.276,4.19,24.20 ,present ,12.22 ,30.30 ,
04/11/2024,12:15:00,23.16,-2.342,0.336,-0.14,1.00,-3.80,-0.404,-0.31,8.265,4.19,24.30 ,present ,12.22 ,30.60 ,
04/11/2024,12:30:00,23.51,-2.430,0.321,-0.15,1.00,-3.80,-0.397,-0.32,8.251,4.19,24.60 ,present ,12.19 ,30.30 ,
04/11/2024,12:45:00,24.24,-2.253,0.271,-0.11,1.00,-3.80,-0.248,-0.30,8.226,4.18,24.10 ,not present ,0.00 ,0.00 ,
