"Date","Time","Chambertemp","dT","WetBulb","LWP","Intercept","Slope","Correction_dT","Correctionfactor","BatteryLevel","DateTime","PSY","Plant_ID"
"24/10/2024","13:00:00","25.64","-16.558","2.824",-2.68,"1.00","-3.80","-2.21","8.175","3.69",2024-10-24 13:00:00,"PSY1N903",3
"24/10/2024","13:15:00","24.74","-33.940","2.379",-4.93,"1.00","-3.80","-4.56","8.208","3.72",2024-10-24 13:15:00,"PSY1N903",3
"24/10/2024","13:30:00","25.75","-33.799","2.340",-4.86,"1.00","-3.80","-4.52","8.173","3.75",2024-10-24 13:30:00,"PSY1N903",3
"24/10/2024","13:45:00","26.25","-25.881","2.253",-3.77,"1.00","-3.80","-3.46","8.154","3.77",2024-10-24 13:45:00,"PSY1N903",3
"24/10/2024","14:00:00","26.37","-18.831","2.593",-2.91,"1.00","-3.80","-2.51","8.152","3.77",2024-10-24 14:00:00,"PSY1N903",3
"24/10/2024","14:15:00","26.21","-18.344","2.725",-2.88,"1.00","-3.80","-2.45","8.154","3.78",2024-10-24 14:15:00,"PSY1N903",3
"24/10/2024","14:30:00","26.21","-13.918","2.616",-2.26,"1.00","-3.80","-1.86","8.154","3.79",2024-10-24 14:30:00,"PSY1N903",3
"24/10/2024","14:45:00","26.40","-13.181","2.473",-2.12,"1.00","-3.80","-1.76","8.148","3.80",2024-10-24 14:45:00,"PSY1N903",3
"24/10/2024","15:00:00","26.10","-10.354","2.903",-1.86,"1.00","-3.80","-1.38","8.159","3.80",2024-10-24 15:00:00,"PSY1N903",3
"24/10/2024","15:15:00","26.13","-6.566","2.721",-1.31,"1.00","-3.80","-0.87","8.159","3.81",2024-10-24 15:15:00,"PSY1N903",3
"24/10/2024","15:30:00","26.38","-3.028","2.499",-0.77,"1.00","-3.80","-0.40","8.152","3.83",2024-10-24 15:30:00,"PSY1N903",3
"24/10/2024","15:45:00","26.72","-2.586","2.557",-0.72,"1.00","-3.80","-0.34","8.137","3.85",2024-10-24 15:45:00,"PSY1N903",3
"24/10/2024","16:00:00","26.08","-0.603","3.629",-0.74,"1.00","-3.80","-0.08","8.161","3.87",2024-10-24 16:00:00,"PSY1N903",3
"24/10/2024","16:15:00","25.08","-1.826","3.384",-0.87,"1.00","-3.80","-0.24","8.198","3.89",2024-10-24 16:15:00,"PSY1N903",3
"24/10/2024","16:30:00","25.08","-0.772","3.382",-0.72,"1.00","-3.80","-0.10","8.198","3.88",2024-10-24 16:30:00,"PSY1N903",3
"24/10/2024","16:45:00","25.01","-1.594","2.767",-0.67,"1.00","-3.80","-0.21","8.198","3.92",2024-10-24 16:45:00,"PSY1N903",3
"24/10/2024","17:00:00","24.73","-1.697","3.083",-0.78,"1.00","-3.80","-0.22","8.208","3.93",2024-10-24 17:00:00,"PSY1N903",3
"24/10/2024","17:15:00","24.61","-2.155","2.833",-0.78,"1.00","-3.80","-0.29","8.212","3.95",2024-10-24 17:15:00,"PSY1N903",3
"24/10/2024","17:30:00","24.50","-2.074","2.912",-0.79,"1.00","-3.80","-0.27","8.215","3.97",2024-10-24 17:30:00,"PSY1N903",3
"24/10/2024","17:45:00","24.67","-1.893","3.016",-0.79,"1.00","-3.80","-0.25","8.212","3.99",2024-10-24 17:45:00,"PSY1N903",3
"24/10/2024","18:00:00","24.69","-1.408","3.243",-0.78,"1.00","-3.80","-0.18","8.212","4.01",2024-10-24 18:00:00,"PSY1N903",3
"24/10/2024","18:15:00","24.33","-0.380","4.088",-0.88,"1.00","-3.80","-0.05","8.222","4.04",2024-10-24 18:15:00,"PSY1N903",3
"24/10/2024","18:30:00","24.26","-1.570","3.053",-0.76,"1.00","-3.80","-0.21","8.226","4.07",2024-10-24 18:30:00,"PSY1N903",3
"24/10/2024","18:45:00","24.30","-1.328","3.311",-0.8,"1.00","-3.80","-0.17","8.222","4.10",2024-10-24 18:45:00,"PSY1N903",3
"24/10/2024","19:00:00","24.33","-1.331","3.365",-0.81,"1.00","-3.80","-0.17","8.222","4.13",2024-10-24 19:00:00,"PSY1N903",3
"24/10/2024","19:15:00","24.28","-1.234","3.345",-0.8,"1.00","-3.80","-0.16","8.226","4.15",2024-10-24 19:15:00,"PSY1N903",3
"24/10/2024","19:30:00","24.14","-0.982","3.266",-0.74,"1.00","-3.80","-0.13","8.229","4.18",2024-10-24 19:30:00,"PSY1N903",3
"24/10/2024","19:45:00","24.02","-1.250","3.155",-0.75,"1.00","-3.80","-0.16","8.233","4.18",2024-10-24 19:45:00,"PSY1N903",3
"24/10/2024","20:00:00","23.79","-0.717","3.341",-0.74,"1.00","-3.80","-0.09","8.244","4.18",2024-10-24 20:00:00,"PSY1N903",3
"24/10/2024","20:15:00","23.38","-0.152","3.390",-0.69,"1.00","-3.80","-0.02","8.258","4.19",2024-10-24 20:15:00,"PSY1N903",3
"24/10/2024","20:30:00","23.03","-0.550","3.201",-0.7,"1.00","-3.80","-0.07","8.269","4.19",2024-10-24 20:30:00,"PSY1N903",3
"24/10/2024","20:45:00","22.74","-0.528","3.636",-0.82,"1.00","-3.80","-0.07","8.279","4.19",2024-10-24 20:45:00,"PSY1N903",3
"24/10/2024","21:00:00","22.56","-0.831","3.227",-0.75,"1.00","-3.80","-0.11","8.287","4.19",2024-10-24 21:00:00,"PSY1N903",3
"24/10/2024","21:15:00","22.83","-1.825","2.796",-0.76,"1.00","-3.80","-0.24","8.276","4.19",2024-10-24 21:15:00,"PSY1N903",3
"24/10/2024","21:30:00","23.36","-1.438","2.760",-0.69,"1.00","-3.80","-0.19","8.258","4.19",2024-10-24 21:30:00,"PSY1N903",3
"24/10/2024","21:45:00","23.43","-1.430","2.890",-0.72,"1.00","-3.80","-0.19","8.254","4.19",2024-10-24 21:45:00,"PSY1N903",3
"24/10/2024","22:00:00","23.25","-1.018","3.082",-0.72,"1.00","-3.80","-0.13","8.262","4.19",2024-10-24 22:00:00,"PSY1N903",3
"24/10/2024","22:15:00","23.12","-0.870","2.873",-0.65,"1.00","-3.80","-0.11","8.265","4.19",2024-10-24 22:15:00,"PSY1N903",3
"24/10/2024","22:30:00","23.33","-1.620","2.643",-0.68,"1.00","-3.80","-0.21","8.258","4.19",2024-10-24 22:30:00,"PSY1N903",3
"24/10/2024","22:45:00","23.61","-1.679","2.690",-0.69,"1.00","-3.80","-0.22","8.247","4.19",2024-10-24 22:45:00,"PSY1N903",3
"24/10/2024","23:00:00","23.12","-0.030","3.303",-0.65,"1.00","-3.80","0.00","8.265","4.19",2024-10-24 23:00:00,"PSY1N903",3
"24/10/2024","23:15:00","22.40","-0.223","2.901",-0.58,"1.00","-3.80","-0.03","8.290","4.19",2024-10-24 23:15:00,"PSY1N903",3
"24/10/2024","23:30:00","21.88","-0.290","2.561",-0.51,"1.00","-3.80","-0.03","8.312","4.19",2024-10-24 23:30:00,"PSY1N903",3
"24/10/2024","23:45:00","21.49","-0.224","2.245",-0.42,"1.00","-3.80","-0.03","8.326","4.19",2024-10-24 23:45:00,"PSY1N903",3
"25/10/2024","00:00:00","21.20","-0.241","2.011",-0.35,"1.00","-3.80","-0.03","8.333","4.19",2024-10-25,"PSY1N903",3
"25/10/2024","00:15:00","20.94","-0.243","1.816",-0.3,"1.00","-3.80","-0.03","8.344","4.19",2024-10-25 00:15:00,"PSY1N903",3
"25/10/2024","00:30:00","20.78","-0.234","1.673",-0.26,"1.00","-3.80","-0.03","8.352","4.19",2024-10-25 00:30:00,"PSY1N903",3
"25/10/2024","00:45:00","20.64","-0.164","1.530",-0.21,"1.00","-3.80","-0.02","8.355","4.19",2024-10-25 00:45:00,"PSY1N903",3
"25/10/2024","01:00:00","20.50","-0.269","1.434",-0.2,"1.00","-3.80","-0.03","8.359","4.19",2024-10-25 01:00:00,"PSY1N903",3
"25/10/2024","01:15:00","20.41","-0.271","1.337",-0.17,"1.00","-3.80","-0.03","8.362","4.19",2024-10-25 01:15:00,"PSY1N903",3
"25/10/2024","01:30:00","20.33","-0.264","1.274",-0.15,"1.00","-3.80","-0.03","8.366","4.19",2024-10-25 01:30:00,"PSY1N903",3
"25/10/2024","01:45:00","20.24","-0.285","1.170",-0.12,"1.00","-3.80","-0.03","8.370","4.19",2024-10-25 01:45:00,"PSY1N903",3
"25/10/2024","02:00:00","20.16","-0.251","1.123",-0.11,"1.00","-3.80","-0.03","8.373","4.19",2024-10-25 02:00:00,"PSY1N903",3
"25/10/2024","02:15:00","20.07","-0.266","1.091",-0.1,"1.00","-3.80","-0.03","8.377","4.19",2024-10-25 02:15:00,"PSY1N903",3
"25/10/2024","02:30:00","19.99","-0.304","1.022",-0.08,"1.00","-3.80","-0.04","8.381","4.19",2024-10-25 02:30:00,"PSY1N903",3
"25/10/2024","02:45:00","19.92","-0.382","0.961",-0.08,"1.00","-3.80","-0.05","8.381","4.19",2024-10-25 02:45:00,"PSY1N903",3
"25/10/2024","03:00:00","19.86","-0.369","0.900",-0.06,"1.00","-3.80","-0.05","8.384","4.19",2024-10-25 03:00:00,"PSY1N903",3
"25/10/2024","03:15:00","19.83","-0.471","0.855",-0.06,"1.00","-3.80","-0.06","8.384","4.19",2024-10-25 03:15:00,"PSY1N903",3
"25/10/2024","03:30:00","19.81","-0.500","0.788",-0.04,"1.00","-3.80","-0.06","8.384","4.19",2024-10-25 03:30:00,"PSY1N903",3
"25/10/2024","03:45:00","19.79","-0.474","0.740",-0.02,"1.00","-3.80","-0.06","8.388","4.19",2024-10-25 03:45:00,"PSY1N903",3
"25/10/2024","04:00:00","19.76","-0.472","0.670",0,"1.00","-3.80","-0.06","8.388","4.19",2024-10-25 04:00:00,"PSY1N903",3
"25/10/2024","04:15:00","19.77","-0.558","0.617",0,"1.00","-3.80","-0.07","8.388","4.19",2024-10-25 04:15:00,"PSY1N903",3
"25/10/2024","04:30:00","19.75","-0.559","0.000",0,"1.00","-3.80","-0.07","8.388","4.19",2024-10-25 04:30:00,"PSY1N903",3
"25/10/2024","04:45:00","19.68","-0.428","0.000",0,"1.00","-3.80","-0.05","8.392","4.19",2024-10-25 04:45:00,"PSY1N903",3
"25/10/2024","05:00:00","19.62","-0.617","0.000",0,"1.00","-3.80","-0.08","8.392","4.19",2024-10-25 05:00:00,"PSY1N903",3
"25/10/2024","05:15:00","19.55","-0.593","0.000",0,"1.00","-3.80","-0.08","8.395","4.19",2024-10-25 05:15:00,"PSY1N903",3
"25/10/2024","05:30:00","19.49","-0.547","0.000",0,"1.00","-3.80","-0.07","8.399","4.19",2024-10-25 05:30:00,"PSY1N903",3
"25/10/2024","05:45:00","19.42","-0.573","0.000",0,"1.00","-3.80","-0.07","8.399","4.19",2024-10-25 05:45:00,"PSY1N903",3
"25/10/2024","06:00:00","19.38","-0.641","0.000",0,"1.00","-3.80","-0.08","8.403","4.19",2024-10-25 06:00:00,"PSY1N903",3
"25/10/2024","06:15:00","19.38","-0.647","0.000",0,"1.00","-3.80","-0.08","8.403","4.19",2024-10-25 06:15:00,"PSY1N903",3
"25/10/2024","06:30:00","19.41","-0.701","0.000",0,"1.00","-3.80","-0.09","8.399","4.19",2024-10-25 06:30:00,"PSY1N903",3
"25/10/2024","06:45:00","19.47","-0.662","0.000",0,"1.00","-3.80","-0.09","8.399","4.19",2024-10-25 06:45:00,"PSY1N903",3
"25/10/2024","07:00:00","19.57","-1.945","0.277",-0.09,"1.00","-3.80","-0.26","8.395","4.19",2024-10-25 07:00:00,"PSY1N903",3
"25/10/2024","07:15:00","20.27","-1.385","0.000",0,"1.00","-3.80","-0.19","8.370","4.19",2024-10-25 07:15:00,"PSY1N903",3
"25/10/2024","07:30:00","20.68","-1.914","0.641",-0.18,"1.00","-3.80","-0.26","8.355","4.19",2024-10-25 07:30:00,"PSY1N903",3
"25/10/2024","07:45:00","21.04","-1.616","0.776",-0.18,"1.00","-3.80","-0.22","8.341","4.19",2024-10-25 07:45:00,"PSY1N903",3
"25/10/2024","08:00:00","21.17","-1.162","1.475",-0.32,"1.00","-3.80","-0.15","8.337","4.19",2024-10-25 08:00:00,"PSY1N903",3
"25/10/2024","08:15:00","21.27","-1.152","1.793",-0.41,"1.00","-3.80","-0.15","8.333","4.19",2024-10-25 08:15:00,"PSY1N903",3
"25/10/2024","08:30:00","21.25","-0.571","1.899",-0.37,"1.00","-3.80","-0.07","8.333","4.19",2024-10-25 08:30:00,"PSY1N903",3
"25/10/2024","08:45:00","21.41","-1.336","1.935",-0.48,"1.00","-3.80","-0.18","8.326","4.19",2024-10-25 08:45:00,"PSY1N903",3
"25/10/2024","09:00:00","21.68","-1.769","2.193",-0.61,"1.00","-3.80","-0.24","8.319","4.19",2024-10-25 09:00:00,"PSY1N903",3
"25/10/2024","09:15:00","21.91","-1.488","2.195",-0.56,"1.00","-3.80","-0.20","8.308","4.18",2024-10-25 09:15:00,"PSY1N903",3
"25/10/2024","09:30:00","21.95","-1.074","2.761",-0.67,"1.00","-3.80","-0.14","8.308","4.18",2024-10-25 09:30:00,"PSY1N903",3
"25/10/2024","09:45:00","22.13","-1.347","2.470",-0.62,"1.00","-3.80","-0.18","8.301","4.18",2024-10-25 09:45:00,"PSY1N903",3
"25/10/2024","10:00:00","22.34","-1.384","2.263",-0.56,"1.00","-3.80","-0.18","8.294","4.18",2024-10-25 10:00:00,"PSY1N903",3
"25/10/2024","10:15:00","22.86","-2.179","2.301",-0.67,"1.00","-3.80","-0.29","8.276","4.18",2024-10-25 10:15:00,"PSY1N903",3
"25/10/2024","10:30:00","23.22","-2.011","2.352",-0.65,"1.00","-3.80","-0.27","8.262","4.18",2024-10-25 10:30:00,"PSY1N903",3
"25/10/2024","10:45:00","23.34","-2.027","2.749",-0.76,"1.00","-3.80","-0.27","8.258","4.18",2024-10-25 10:45:00,"PSY1N903",3
"25/10/2024","11:00:00","23.75","-2.037","2.339",-0.64,"1.00","-3.80","-0.27","8.244","4.17",2024-10-25 11:00:00,"PSY1N903",3
"25/10/2024","11:15:00","24.47","-2.375","2.663",-0.76,"1.00","-3.80","-0.32","8.219","4.17",2024-10-25 11:15:00,"PSY1N903",3
"25/10/2024","11:30:00","24.86","-1.095","2.993",-0.67,"1.00","-3.80","-0.14","8.205","4.17",2024-10-25 11:30:00,"PSY1N903",3
"25/10/2024","11:45:00","25.13","-2.119","2.944",-0.79,"1.00","-3.80","-0.28","8.194","4.17",2024-10-25 11:45:00,"PSY1N903",3
"25/10/2024","12:00:00","25.43","-2.417","2.579",-0.73,"1.00","-3.80","-0.32","8.184","4.17",2024-10-25 12:00:00,"PSY1N903",3
"25/10/2024","12:15:00","25.83","-1.935","3.030",-0.77,"1.00","-3.80","-0.25","8.168","4.17",2024-10-25 12:15:00,"PSY1N903",3
"25/10/2024","12:30:00","25.81","-1.508","3.581",-0.86,"1.00","-3.80","-0.20","8.168","4.17",2024-10-25 12:30:00,"PSY1N903",3
"25/10/2024","12:45:00","25.77","-1.963","2.962",-0.76,"1.00","-3.80","-0.26","8.173","4.17",2024-10-25 12:45:00,"PSY1N903",3
"25/10/2024","13:00:00","25.08","1.024","5.570",-1.06,"1.00","-3.80","0.13","8.198","4.17",2024-10-25 13:00:00,"PSY1N903",3
"25/10/2024","13:15:00","24.66","-1.855","3.070",-0.8,"1.00","-3.80","-0.24","8.212","4.16",2024-10-25 13:15:00,"PSY1N903",3
"25/10/2024","13:30:00","24.46","-1.409","3.439",-0.84,"1.00","-3.80","-0.18","8.219","4.19",2024-10-25 13:30:00,"PSY1N903",3
"25/10/2024","13:45:00","24.73","-1.921","2.946",-0.77,"1.00","-3.80","-0.25","8.208","4.19",2024-10-25 13:45:00,"PSY1N903",3
"25/10/2024","14:00:00","25.44","-2.155","2.772",-0.74,"1.00","-3.80","-0.28","8.184","4.19",2024-10-25 14:00:00,"PSY1N903",3
"25/10/2024","14:15:00","25.89","-1.738","3.350",-0.83,"1.00","-3.80","-0.23","8.168","4.19",2024-10-25 14:15:00,"PSY1N903",3
"25/10/2024","14:30:00","26.04","-1.899","3.229",-0.81,"1.00","-3.80","-0.25","8.161","4.19",2024-10-25 14:30:00,"PSY1N903",3
"25/10/2024","14:45:00","26.40","-2.270","3.124",-0.83,"1.00","-3.80","-0.30","8.148","4.19",2024-10-25 14:45:00,"PSY1N903",3
"25/10/2024","15:00:00","26.57","-1.898","3.692",-0.92,"1.00","-3.80","-0.25","8.145","4.19",2024-10-25 15:00:00,"PSY1N903",3
"25/10/2024","15:15:00","26.58","-2.064","3.301",-0.84,"1.00","-3.80","-0.27","8.145","4.19",2024-10-25 15:15:00,"PSY1N903",3
"25/10/2024","15:30:00","26.53","-1.221","4.235",-0.96,"1.00","-3.80","-0.16","8.145","4.19",2024-10-25 15:30:00,"PSY1N903",3
"25/10/2024","15:45:00","26.40","-2.547","3.283",-0.9,"1.00","-3.80","-0.34","8.148","4.19",2024-10-25 15:45:00,"PSY1N903",3
"25/10/2024","16:00:00","26.56","-1.314","3.647",-0.83,"1.00","-3.80","-0.17","8.145","4.18",2024-10-25 16:00:00,"PSY1N903",3
"25/10/2024","16:15:00","26.35","-1.332","3.560",-0.81,"1.00","-3.80","-0.17","8.152","4.18",2024-10-25 16:15:00,"PSY1N903",3
"25/10/2024","16:30:00","26.42","-1.828","3.513",-0.87,"1.00","-3.80","-0.24","8.148","4.18",2024-10-25 16:30:00,"PSY1N903",3
"25/10/2024","16:45:00","26.28","-1.879","4.131",-1.03,"1.00","-3.80","-0.25","8.154","4.18",2024-10-25 16:45:00,"PSY1N903",3
"25/10/2024","17:00:00","26.42","-1.431","3.955",-0.93,"1.00","-3.80","-0.19","8.148","4.18",2024-10-25 17:00:00,"PSY1N903",3
"25/10/2024","17:15:00","26.31","0.019","4.445",-0.86,"1.00","-3.80","0.00","8.152","4.18",2024-10-25 17:15:00,"PSY1N903",3
"25/10/2024","17:30:00","26.23","-1.526","3.759",-0.89,"1.00","-3.80","-0.20","8.154","4.18",2024-10-25 17:30:00,"PSY1N903",3
"25/10/2024","17:45:00","26.36","-1.674","4.008",-0.97,"1.00","-3.80","-0.22","8.152","4.17",2024-10-25 17:45:00,"PSY1N903",3
"25/10/2024","18:00:00","26.30","-1.594","4.051",-0.97,"1.00","-3.80","-0.21","8.152","4.17",2024-10-25 18:00:00,"PSY1N903",3
"25/10/2024","18:15:00","26.22","-1.296","3.875",-0.89,"1.00","-3.80","-0.17","8.154","4.17",2024-10-25 18:15:00,"PSY1N903",3
"25/10/2024","18:30:00","26.13","-1.423","4.157",-0.98,"1.00","-3.80","-0.19","8.159","4.17",2024-10-25 18:30:00,"PSY1N903",3
"25/10/2024","18:45:00","25.83","-1.148","4.016",-0.92,"1.00","-3.80","-0.15","8.168","4.17",2024-10-25 18:45:00,"PSY1N903",3
"25/10/2024","19:00:00","25.71","-1.422","3.910",-0.93,"1.00","-3.80","-0.19","8.173","4.17",2024-10-25 19:00:00,"PSY1N903",3
"25/10/2024","19:15:00","25.53","-1.224","3.883",-0.9,"1.00","-3.80","-0.16","8.180","4.17",2024-10-25 19:15:00,"PSY1N903",3
"25/10/2024","19:30:00","25.34","-0.910","3.990",-0.89,"1.00","-3.80","-0.12","8.187","4.17",2024-10-25 19:30:00,"PSY1N903",3
"25/10/2024","19:45:00","24.98","-0.843","4.022",-0.9,"1.00","-3.80","-0.11","8.201","4.17",2024-10-25 19:45:00,"PSY1N903",3
"25/10/2024","20:00:00","24.74","-1.252","3.926",-0.94,"1.00","-3.80","-0.16","8.208","4.16",2024-10-25 20:00:00,"PSY1N903",3
"25/10/2024","20:15:00","24.71","-0.738","3.936",-0.88,"1.00","-3.80","-0.09","8.208","4.16",2024-10-25 20:15:00,"PSY1N903",3
"25/10/2024","20:30:00","24.54","-0.714","4.306",-0.98,"1.00","-3.80","-0.09","8.215","4.16",2024-10-25 20:30:00,"PSY1N903",3
"25/10/2024","20:45:00","24.22","-0.834","4.062",-0.94,"1.00","-3.80","-0.11","8.226","4.16",2024-10-25 20:45:00,"PSY1N903",3
"25/10/2024","21:00:00","24.24","-0.362","4.146",-0.89,"1.00","-3.80","-0.04","8.226","4.16",2024-10-25 21:00:00,"PSY1N903",3
"25/10/2024","21:15:00","23.92","-0.835","4.136",-0.97,"1.00","-3.80","-0.11","8.237","4.16",2024-10-25 21:15:00,"PSY1N903",3
"25/10/2024","21:30:00","23.91","-1.422","3.862",-0.97,"1.00","-3.80","-0.19","8.237","4.16",2024-10-25 21:30:00,"PSY1N903",3
"25/10/2024","21:45:00","23.93","-0.794","3.701",-0.84,"1.00","-3.80","-0.10","8.237","4.15",2024-10-25 21:45:00,"PSY1N903",3
"25/10/2024","22:00:00","23.81","-1.135","4.127",-1.01,"1.00","-3.80","-0.15","8.240","4.15",2024-10-25 22:00:00,"PSY1N903",3
"25/10/2024","22:15:00","23.55","-1.574","3.581",-0.93,"1.00","-3.80","-0.21","8.251","4.15",2024-10-25 22:15:00,"PSY1N903",3
"25/10/2024","22:30:00","23.70","-1.492","3.386",-0.86,"1.00","-3.80","-0.20","8.244","4.15",2024-10-25 22:30:00,"PSY1N903",3
"25/10/2024","22:45:00","24.01","-1.698","3.284",-0.85,"1.00","-3.80","-0.22","8.233","4.15",2024-10-25 22:45:00,"PSY1N903",3
"25/10/2024","23:00:00","23.64","-0.114","4.219",-0.9,"1.00","-3.80","-0.01","8.247","4.15",2024-10-25 23:00:00,"PSY1N903",3
"25/10/2024","23:15:00","22.92","0.004","3.827",-0.8,"1.00","-3.80","0.00","8.272","4.15",2024-10-25 23:15:00,"PSY1N903",3
"25/10/2024","23:30:00","22.45","-0.165","3.494",-0.74,"1.00","-3.80","-0.02","8.290","4.15",2024-10-25 23:30:00,"PSY1N903",3
"25/10/2024","23:45:00","22.05","-0.001","3.245",-0.66,"1.00","-3.80","0.00","8.305","4.15",2024-10-25 23:45:00,"PSY1N903",3
"26/10/2024","00:00:00","21.62","0.065","3.035",-0.6,"1.00","-3.80","0.00","8.319","4.15",2024-10-26,"PSY1N903",3
"26/10/2024","00:15:00","21.08","-0.006","2.792",-0.55,"1.00","-3.80","0.00","8.341","4.15",2024-10-26 00:15:00,"PSY1N903",3
"26/10/2024","00:30:00","20.60","0.041","2.629",-0.51,"1.00","-3.80","0.00","8.355","4.14",2024-10-26 00:30:00,"PSY1N903",3
"26/10/2024","00:45:00","20.20","0.002","2.485",-0.48,"1.00","-3.80","0.00","8.370","4.14",2024-10-26 00:45:00,"PSY1N903",3
"26/10/2024","01:00:00","19.88","-0.069","2.402",-0.48,"1.00","-3.80","0.00","8.384","4.14",2024-10-26 01:00:00,"PSY1N903",3
"26/10/2024","01:15:00","19.62","0.104","2.148",-0.38,"1.00","-3.80","0.01","8.392","4.14",2024-10-26 01:15:00,"PSY1N903",3
"26/10/2024","01:30:00","19.43","-0.052","2.114",-0.39,"1.00","-3.80","0.00","8.399","4.14",2024-10-26 01:30:00,"PSY1N903",3
"26/10/2024","01:45:00","19.32","0.038","1.966",-0.34,"1.00","-3.80","0.00","8.403","4.14",2024-10-26 01:45:00,"PSY1N903",3
"26/10/2024","02:00:00","19.25","-0.059","1.849",-0.32,"1.00","-3.80","0.00","8.406","4.14",2024-10-26 02:00:00,"PSY1N903",3
"26/10/2024","02:15:00","19.07","-0.195","1.783",-0.32,"1.00","-3.80","-0.02","8.414","4.14",2024-10-26 02:15:00,"PSY1N903",3
"26/10/2024","02:30:00","18.99","-0.139","1.719",-0.29,"1.00","-3.80","-0.01","8.417","4.13",2024-10-26 02:30:00,"PSY1N903",3
"26/10/2024","02:45:00","18.96","-0.110","1.748",-0.3,"1.00","-3.80","-0.01","8.417","4.13",2024-10-26 02:45:00,"PSY1N903",3
"26/10/2024","03:00:00","18.93","-0.232","1.659",-0.29,"1.00","-3.80","-0.03","8.417","4.13",2024-10-26 03:00:00,"PSY1N903",3
"26/10/2024","03:15:00","18.81","0.030","1.587",-0.23,"1.00","-3.80","0.00","8.421","4.13",2024-10-26 03:15:00,"PSY1N903",3
"26/10/2024","03:30:00","18.75","-0.103","1.519",-0.23,"1.00","-3.80","-0.01","8.425","4.13",2024-10-26 03:30:00,"PSY1N903",3
"26/10/2024","03:45:00","18.70","-0.254","1.496",-0.24,"1.00","-3.80","-0.03","8.425","4.13",2024-10-26 03:45:00,"PSY1N903",3
"26/10/2024","04:00:00","18.72","-0.243","1.426",-0.22,"1.00","-3.80","-0.03","8.425","4.13",2024-10-26 04:00:00,"PSY1N903",3
"26/10/2024","04:15:00","18.81","-0.277","1.359",-0.2,"1.00","-3.80","-0.03","8.421","4.13",2024-10-26 04:15:00,"PSY1N903",3
"26/10/2024","04:30:00","18.89","-0.368","1.312",-0.2,"1.00","-3.80","-0.05","8.421","4.13",2024-10-26 04:30:00,"PSY1N903",3
"26/10/2024","04:45:00","18.93","-0.350","1.295",-0.19,"1.00","-3.80","-0.04","8.417","4.12",2024-10-26 04:45:00,"PSY1N903",3
"26/10/2024","05:00:00","18.92","-0.219","1.248",-0.16,"1.00","-3.80","-0.03","8.417","4.12",2024-10-26 05:00:00,"PSY1N903",3
"26/10/2024","05:15:00","18.87","-0.220","1.239",-0.15,"1.00","-3.80","-0.03","8.421","4.12",2024-10-26 05:15:00,"PSY1N903",3
"26/10/2024","05:30:00","18.88","-0.269","1.220",-0.15,"1.00","-3.80","-0.03","8.421","4.12",2024-10-26 05:30:00,"PSY1N903",3
"26/10/2024","05:45:00","18.84","-0.258","1.205",-0.15,"1.00","-3.80","-0.03","8.421","4.12",2024-10-26 05:45:00,"PSY1N903",3
"26/10/2024","06:00:00","18.97","-0.346","1.152",-0.14,"1.00","-3.80","-0.04","8.417","4.12",2024-10-26 06:00:00,"PSY1N903",3
"26/10/2024","06:15:00","18.99","-0.170","1.143",-0.11,"1.00","-3.80","-0.02","8.417","4.12",2024-10-26 06:15:00,"PSY1N903",3
"26/10/2024","06:30:00","18.89","-0.143","1.194",-0.13,"1.00","-3.80","-0.01","8.421","4.12",2024-10-26 06:30:00,"PSY1N903",3
"26/10/2024","06:45:00","18.64","-0.303","1.343",-0.2,"1.00","-3.80","-0.04","8.428","4.12",2024-10-26 06:45:00,"PSY1N903",3
"26/10/2024","07:00:00","18.81","-1.686","1.056",-0.3,"1.00","-3.80","-0.23","8.421","4.11",2024-10-26 07:00:00,"PSY1N903",3
"26/10/2024","07:15:00","19.38","-1.424","1.357",-0.35,"1.00","-3.80","-0.19","8.403","4.11",2024-10-26 07:15:00,"PSY1N903",3
"26/10/2024","07:30:00","19.99","-1.027","1.690",-0.39,"1.00","-3.80","-0.14","8.381","4.11",2024-10-26 07:30:00,"PSY1N903",3
"26/10/2024","07:45:00","20.45","-1.121","2.048",-0.5,"1.00","-3.80","-0.15","8.362","4.11",2024-10-26 07:45:00,"PSY1N903",3
"26/10/2024","08:00:00","20.63","-0.866","2.502",-0.6,"1.00","-3.80","-0.11","8.355","4.11",2024-10-26 08:00:00,"PSY1N903",3
"26/10/2024","08:15:00","20.73","-0.504","2.692",-0.6,"1.00","-3.80","-0.06","8.352","4.11",2024-10-26 08:15:00,"PSY1N903",3
"26/10/2024","08:30:00","20.68","-1.390","2.584",-0.69,"1.00","-3.80","-0.19","8.355","4.11",2024-10-26 08:30:00,"PSY1N903",3
"26/10/2024","08:45:00","20.69","-0.913","2.854",-0.71,"1.00","-3.80","-0.12","8.355","4.11",2024-10-26 08:45:00,"PSY1N903",3
"26/10/2024","09:00:00","20.79","-0.816","2.724",-0.65,"1.00","-3.80","-0.11","8.352","4.11",2024-10-26 09:00:00,"PSY1N903",3
"26/10/2024","09:15:00","21.22","-1.337","2.790",-0.73,"1.00","-3.80","-0.18","8.333","4.11",2024-10-26 09:15:00,"PSY1N903",3
"26/10/2024","09:30:00","21.63","-1.728","3.204",-0.9,"1.00","-3.80","-0.23","8.319","4.10",2024-10-26 09:30:00,"PSY1N903",3
"26/10/2024","09:45:00","22.03","-1.954","2.996",-0.86,"1.00","-3.80","-0.26","8.305","4.10",2024-10-26 09:45:00,"PSY1N903",3
"26/10/2024","10:00:00","22.50","-2.035","3.028",-0.86,"1.00","-3.80","-0.27","8.287","4.10",2024-10-26 10:00:00,"PSY1N903",3
"26/10/2024","10:15:00","22.96","-1.914","3.251",-0.9,"1.00","-3.80","-0.25","8.272","4.10",2024-10-26 10:15:00,"PSY1N903",3
"26/10/2024","10:30:00","23.53","-2.035","3.134",-0.87,"1.00","-3.80","-0.27","8.251","4.10",2024-10-26 10:30:00,"PSY1N903",3
"26/10/2024","10:45:00","23.95","-2.124","3.554",-0.98,"1.00","-3.80","-0.28","8.237","4.10",2024-10-26 10:45:00,"PSY1N903",3
"26/10/2024","11:00:00","24.43","-1.830","3.370",-0.88,"1.00","-3.80","-0.24","8.219","4.10",2024-10-26 11:00:00,"PSY1N903",3
"26/10/2024","11:15:00","24.86","-1.657","3.838",-0.97,"1.00","-3.80","-0.22","8.205","4.10",2024-10-26 11:15:00,"PSY1N903",3
"26/10/2024","11:30:00","25.27","-0.988","5.053",-1.18,"1.00","-3.80","-0.13","8.191","4.09",2024-10-26 11:30:00,"PSY1N903",3
"26/10/2024","11:45:00","25.85","-1.980","3.766",-0.97,"1.00","-3.80","-0.26","8.168","4.09",2024-10-26 11:45:00,"PSY1N903",3
"26/10/2024","12:00:00","26.32","-2.150","3.704",-0.96,"1.00","-3.80","-0.28","8.152","4.09",2024-10-26 12:00:00,"PSY1N903",3
"26/10/2024","12:15:00","27.00","-1.278","3.775",-0.84,"1.00","-3.80","-0.17","8.128","4.09",2024-10-26 12:15:00,"PSY1N903",3
"26/10/2024","12:30:00","27.06","-1.857","4.175",-1.02,"1.00","-3.80","-0.24","8.128","4.09",2024-10-26 12:30:00,"PSY1N903",3
"26/10/2024","12:45:00","27.28","-2.599","4.325",-1.15,"1.00","-3.80","-0.34","8.121","4.09",2024-10-26 12:45:00,"PSY1N903",3
"26/10/2024","13:00:00","27.35","-0.659","4.661",-0.97,"1.00","-3.80","-0.08","8.116","4.09",2024-10-26 13:00:00,"PSY1N903",3
"26/10/2024","13:15:00","27.12","-2.449","3.928",-1.04,"1.00","-3.80","-0.32","8.123","4.09",2024-10-26 13:15:00,"PSY1N903",3
"26/10/2024","13:30:00","27.10","-2.144","4.028",-1.02,"1.00","-3.80","-0.28","8.123","4.09",2024-10-26 13:30:00,"PSY1N903",3
"26/10/2024","13:45:00","26.94","-1.852","4.270",-1.05,"1.00","-3.80","-0.24","8.130","4.09",2024-10-26 13:45:00,"PSY1N903",3
"26/10/2024","14:00:00","27.02","-2.358","3.936",-1.03,"1.00","-3.80","-0.31","8.128","4.09",2024-10-26 14:00:00,"PSY1N903",3
"26/10/2024","14:15:00","26.87","-1.800","5.342",-1.31,"1.00","-3.80","-0.24","8.134","4.08",2024-10-26 14:15:00,"PSY1N903",3
"26/10/2024","14:30:00","27.01","-2.067","4.720",-1.19,"1.00","-3.80","-0.27","8.128","4.08",2024-10-26 14:30:00,"PSY1N903",3
"26/10/2024","14:45:00","27.06","-2.050","3.944",-0.99,"1.00","-3.80","-0.27","8.128","4.08",2024-10-26 14:45:00,"PSY1N903",3
"26/10/2024","15:00:00","27.20","-1.280","4.601",-1.05,"1.00","-3.80","-0.17","8.121","4.08",2024-10-26 15:00:00,"PSY1N903",3
"26/10/2024","15:15:00","26.89","-1.622","4.152",-0.99,"1.00","-3.80","-0.21","8.134","4.08",2024-10-26 15:15:00,"PSY1N903",3
"26/10/2024","15:30:00","26.77","-2.718","3.938",-1.08,"1.00","-3.80","-0.36","8.137","4.11",2024-10-26 15:30:00,"PSY1N903",3
"26/10/2024","15:45:00","27.01","-2.514","5.221",-1.37,"1.00","-3.80","-0.33","8.128","4.13",2024-10-26 15:45:00,"PSY1N903",3
"26/10/2024","16:00:00","27.23","-2.182","4.271",-1.08,"1.00","-3.80","-0.29","8.121","4.14",2024-10-26 16:00:00,"PSY1N903",3
"26/10/2024","16:15:00","27.30","-1.648","4.139",-0.98,"1.00","-3.80","-0.21","8.116","4.16",2024-10-26 16:15:00,"PSY1N903",3
"26/10/2024","16:30:00","27.24","-1.409","4.306",-0.99,"1.00","-3.80","-0.18","8.121","4.18",2024-10-26 16:30:00,"PSY1N903",3
"26/10/2024","16:45:00","27.05","-1.868","4.325",-1.06,"1.00","-3.80","-0.24","8.128","4.19",2024-10-26 16:45:00,"PSY1N903",3
"26/10/2024","17:00:00","26.79","-0.628","4.348",-0.91,"1.00","-3.80","-0.08","8.137","4.19",2024-10-26 17:00:00,"PSY1N903",3
"26/10/2024","17:15:00","26.61","-1.821","4.321",-1.06,"1.00","-3.80","-0.24","8.141","4.19",2024-10-26 17:15:00,"PSY1N903",3
"26/10/2024","17:30:00","26.72","-2.123","4.297",-1.1,"1.00","-3.80","-0.28","8.137","4.19",2024-10-26 17:30:00,"PSY1N903",3
"26/10/2024","17:45:00","26.77","-1.848","4.237",-1.04,"1.00","-3.80","-0.24","8.137","4.19",2024-10-26 17:45:00,"PSY1N903",3
"26/10/2024","18:00:00","26.75","-1.412","4.369",-1.02,"1.00","-3.80","-0.18","8.137","4.19",2024-10-26 18:00:00,"PSY1N903",3
"26/10/2024","18:15:00","26.62","-1.524","4.490",-1.07,"1.00","-3.80","-0.20","8.141","4.19",2024-10-26 18:15:00,"PSY1N903",3
"26/10/2024","18:30:00","26.39","-1.917","4.418",-1.11,"1.00","-3.80","-0.25","8.152","4.19",2024-10-26 18:30:00,"PSY1N903",3
"26/10/2024","18:45:00","26.46","-1.704","4.482",-1.09,"1.00","-3.80","-0.22","8.148","4.19",2024-10-26 18:45:00,"PSY1N903",3
"26/10/2024","19:00:00","26.33","-1.301","4.608",-1.08,"1.00","-3.80","-0.17","8.152","4.19",2024-10-26 19:00:00,"PSY1N903",3
"26/10/2024","19:15:00","26.16","-1.422","4.528",-1.08,"1.00","-3.80","-0.19","8.159","4.19",2024-10-26 19:15:00,"PSY1N903",3
"26/10/2024","19:30:00","25.95","-1.489","4.607",-1.11,"1.00","-3.80","-0.19","8.166","4.19",2024-10-26 19:30:00,"PSY1N903",3
"26/10/2024","19:45:00","25.70","-0.581","4.701",-1.02,"1.00","-3.80","-0.07","8.173","4.19",2024-10-26 19:45:00,"PSY1N903",3
"26/10/2024","20:00:00","25.55","-0.864","4.917",-1.12,"1.00","-3.80","-0.11","8.180","4.19",2024-10-26 20:00:00,"PSY1N903",3
"26/10/2024","20:15:00","25.43","-1.576","4.420",-1.09,"1.00","-3.80","-0.21","8.184","4.19",2024-10-26 20:15:00,"PSY1N903",3
"26/10/2024","20:30:00","25.62","-0.932","4.624",-1.05,"1.00","-3.80","-0.12","8.175","4.19",2024-10-26 20:30:00,"PSY1N903",3
"26/10/2024","20:45:00","25.52","-1.055","4.776",-1.11,"1.00","-3.80","-0.14","8.180","4.19",2024-10-26 20:45:00,"PSY1N903",3
"26/10/2024","21:00:00","25.49","-1.434","4.455",-1.08,"1.00","-3.80","-0.19","8.184","4.19",2024-10-26 21:00:00,"PSY1N903",3
"26/10/2024","21:15:00","25.29","-0.656","4.795",-1.07,"1.00","-3.80","-0.08","8.191","4.19",2024-10-26 21:15:00,"PSY1N903",3
"26/10/2024","21:30:00","25.07","-1.036","4.445",-1.04,"1.00","-3.80","-0.13","8.198","4.19",2024-10-26 21:30:00,"PSY1N903",3
"26/10/2024","21:45:00","24.98","-0.766","4.540",-1.03,"1.00","-3.80","-0.10","8.201","4.19",2024-10-26 21:45:00,"PSY1N903",3
"26/10/2024","22:00:00","24.94","-1.549","4.147",-1.03,"1.00","-3.80","-0.20","8.201","4.19",2024-10-26 22:00:00,"PSY1N903",3
"26/10/2024","22:15:00","25.05","-1.646","4.195",-1.06,"1.00","-3.80","-0.22","8.198","4.19",2024-10-26 22:15:00,"PSY1N903",3
"26/10/2024","22:30:00","25.01","-1.738","4.210",-1.07,"1.00","-3.80","-0.23","8.198","4.19",2024-10-26 22:30:00,"PSY1N903",3
"26/10/2024","22:45:00","24.83","-1.178","4.175",-0.99,"1.00","-3.80","-0.15","8.205","4.19",2024-10-26 22:45:00,"PSY1N903",3
"26/10/2024","23:00:00","24.12","0.195","4.968",-1.04,"1.00","-3.80","0.02","8.229","4.19",2024-10-26 23:00:00,"PSY1N903",3
"26/10/2024","23:15:00","23.09","0.402","4.611",-0.96,"1.00","-3.80","0.05","8.269","4.19",2024-10-26 23:15:00,"PSY1N903",3
"26/10/2024","23:30:00","22.34","0.298","4.353",-0.93,"1.00","-3.80","0.04","8.294","4.19",2024-10-26 23:30:00,"PSY1N903",3
"26/10/2024","23:45:00","21.85","-0.084","3.934",-0.87,"1.00","-3.80","-0.01","8.312","4.19",2024-10-26 23:45:00,"PSY1N903",3
"27/10/2024","00:00:00","21.55","-0.085","3.724",-0.82,"1.00","-3.80","-0.01","8.323","4.19",2024-10-27,"PSY1N903",3
"27/10/2024","00:15:00","21.31","0.087","3.553",-0.76,"1.00","-3.80","0.01","8.330","4.19",2024-10-27 00:15:00,"PSY1N903",3
"27/10/2024","00:30:00","21.07","-0.152","3.382",-0.75,"1.00","-3.80","-0.02","8.341","4.19",2024-10-27 00:30:00,"PSY1N903",3
"27/10/2024","00:45:00","20.83","-0.051","3.201",-0.69,"1.00","-3.80","0.00","8.348","4.19",2024-10-27 00:45:00,"PSY1N903",3
"27/10/2024","01:00:00","20.59","-0.253","3.085",-0.69,"1.00","-3.80","-0.03","8.359","4.19",2024-10-27 01:00:00,"PSY1N903",3
"27/10/2024","01:15:00","20.41","-0.129","2.954",-0.64,"1.00","-3.80","-0.01","8.362","4.19",2024-10-27 01:15:00,"PSY1N903",3
"27/10/2024","01:30:00","20.19","0.001","2.826",-0.59,"1.00","-3.80","0.00","8.373","4.19",2024-10-27 01:30:00,"PSY1N903",3
"27/10/2024","01:45:00","20.10","-0.313","2.701",-0.59,"1.00","-3.80","-0.04","8.373","4.19",2024-10-27 01:45:00,"PSY1N903",3
"27/10/2024","02:00:00","20.00","-0.133","2.598",-0.54,"1.00","-3.80","-0.01","8.377","4.19",2024-10-27 02:00:00,"PSY1N903",3
"27/10/2024","02:15:00","19.93","-0.175","2.532",-0.53,"1.00","-3.80","-0.02","8.381","4.19",2024-10-27 02:15:00,"PSY1N903",3
"27/10/2024","02:30:00","19.78","0.290","2.534",-0.47,"1.00","-3.80","0.03","8.388","4.19",2024-10-27 02:30:00,"PSY1N903",3
"27/10/2024","02:45:00","19.67","-0.108","2.375",-0.48,"1.00","-3.80","-0.01","8.392","4.19",2024-10-27 02:45:00,"PSY1N903",3
"27/10/2024","03:00:00","19.63","-0.355","2.294",-0.49,"1.00","-3.80","-0.04","8.392","4.19",2024-10-27 03:00:00,"PSY1N903",3
"27/10/2024","03:15:00","19.54","-0.273","2.249",-0.46,"1.00","-3.80","-0.03","8.395","4.19",2024-10-27 03:15:00,"PSY1N903",3
"27/10/2024","03:30:00","19.48","-0.312","2.176",-0.45,"1.00","-3.80","-0.04","8.399","4.19",2024-10-27 03:30:00,"PSY1N903",3
"27/10/2024","03:45:00","19.44","-0.219","2.134",-0.42,"1.00","-3.80","-0.03","8.399","4.19",2024-10-27 03:45:00,"PSY1N903",3
"27/10/2024","04:00:00","19.44","-0.317","2.084",-0.42,"1.00","-3.80","-0.04","8.399","4.19",2024-10-27 04:00:00,"PSY1N903",3
"27/10/2024","04:15:00","19.43","-0.255","2.067",-0.41,"1.00","-3.80","-0.03","8.399","4.19",2024-10-27 04:15:00,"PSY1N903",3
"27/10/2024","04:30:00","19.42","-0.228","1.962",-0.37,"1.00","-3.80","-0.03","8.399","4.19",2024-10-27 04:30:00,"PSY1N903",3
"27/10/2024","04:45:00","19.32","-0.196","2.020",-0.39,"1.00","-3.80","-0.02","8.403","4.19",2024-10-27 04:45:00,"PSY1N903",3
"27/10/2024","05:00:00","19.31","-0.329","1.907",-0.37,"1.00","-3.80","-0.04","8.403","4.19",2024-10-27 05:00:00,"PSY1N903",3
"27/10/2024","05:15:00","19.27","-0.190","1.869",-0.34,"1.00","-3.80","-0.02","8.406","4.19",2024-10-27 05:15:00,"PSY1N903",3
"27/10/2024","05:30:00","19.26","-0.276","1.892",-0.36,"1.00","-3.80","-0.03","8.406","4.19",2024-10-27 05:30:00,"PSY1N903",3
"27/10/2024","05:45:00","19.28","-0.251","1.838",-0.34,"1.00","-3.80","-0.03","8.406","4.19",2024-10-27 05:45:00,"PSY1N903",3
"27/10/2024","06:00:00","19.29","-0.243","1.789",-0.32,"1.00","-3.80","-0.03","8.406","4.19",2024-10-27 06:00:00,"PSY1N903",3
"27/10/2024","06:15:00","19.27","-0.279","1.760",-0.32,"1.00","-3.80","-0.03","8.406","4.19",2024-10-27 06:15:00,"PSY1N903",3
"27/10/2024","06:30:00","19.28","-0.194","1.720",-0.29,"1.00","-3.80","-0.02","8.406","4.19",2024-10-27 06:30:00,"PSY1N903",3
"27/10/2024","06:45:00","19.26","-0.341","1.728",-0.32,"1.00","-3.80","-0.04","8.406","4.19",2024-10-27 06:45:00,"PSY1N903",3
"27/10/2024","07:00:00","19.28","-0.351","1.722",-0.32,"1.00","-3.80","-0.04","8.406","4.19",2024-10-27 07:00:00,"PSY1N903",3
"27/10/2024","07:15:00","19.27","-0.277","1.701",-0.3,"1.00","-3.80","-0.03","8.406","4.19",2024-10-27 07:15:00,"PSY1N903",3
"27/10/2024","07:30:00","19.34","-0.292","1.707",-0.3,"1.00","-3.80","-0.04","8.403","4.19",2024-10-27 07:30:00,"PSY1N903",3
"27/10/2024","07:45:00","19.43","-0.331","1.807",-0.34,"1.00","-3.80","-0.04","8.399","4.19",2024-10-27 07:45:00,"PSY1N903",3
"27/10/2024","08:00:00","20.02","-1.901","1.313",-0.39,"1.00","-3.80","-0.26","8.377","4.19",2024-10-27 08:00:00,"PSY1N903",3
"27/10/2024","08:15:00","20.88","-1.921","1.620",-0.47,"1.00","-3.80","-0.26","8.348","4.19",2024-10-27 08:15:00,"PSY1N903",3
"27/10/2024","08:30:00","21.47","-0.958","2.302",-0.53,"1.00","-3.80","-0.13","8.326","4.19",2024-10-27 08:30:00,"PSY1N903",3
"27/10/2024","08:45:00","21.98","-1.299","2.528",-0.63,"1.00","-3.80","-0.17","8.308","4.19",2024-10-27 08:45:00,"PSY1N903",3
"27/10/2024","09:00:00","21.96","-1.714","3.032",-0.83,"1.00","-3.80","-0.23","8.308","4.19",2024-10-27 09:00:00,"PSY1N903",3
"27/10/2024","09:15:00","22.20","-1.393","3.123",-0.81,"1.00","-3.80","-0.18","8.297","4.19",2024-10-27 09:15:00,"PSY1N903",3
"27/10/2024","09:30:00","22.41","-2.001","3.074",-0.87,"1.00","-3.80","-0.27","8.290","4.19",2024-10-27 09:30:00,"PSY1N903",3
"27/10/2024","09:45:00","22.82","-1.902","3.161",-0.87,"1.00","-3.80","-0.25","8.276","4.19",2024-10-27 09:45:00,"PSY1N903",3
"27/10/2024","10:00:00","23.37","-1.890","3.357",-0.91,"1.00","-3.80","-0.25","8.258","4.19",2024-10-27 10:00:00,"PSY1N903",3
"27/10/2024","10:15:00","23.73","-1.902","3.566",-0.96,"1.00","-3.80","-0.25","8.244","4.19",2024-10-27 10:15:00,"PSY1N903",3
"27/10/2024","10:30:00","23.95","-1.651","3.569",-0.92,"1.00","-3.80","-0.22","8.237","4.19",2024-10-27 10:30:00,"PSY1N903",3
"27/10/2024","10:45:00","24.12","-1.615","3.617",-0.92,"1.00","-3.80","-0.21","8.229","4.19",2024-10-27 10:45:00,"PSY1N903",3
"27/10/2024","11:00:00","24.57","-2.023","3.874",-1.04,"1.00","-3.80","-0.27","8.215","4.19",2024-10-27 11:00:00,"PSY1N903",3
"27/10/2024","11:15:01","24.92","-1.765","4.140",-1.06,"1.00","-3.80","-0.23","8.201","4.19",2024-10-27 11:15:01,"PSY1N903",3
"27/10/2024","11:30:00","25.27","-2.196","4.190",-1.12,"1.00","-3.80","-0.29","8.191","4.19",2024-10-27 11:30:00,"PSY1N903",3
"27/10/2024","11:45:00","25.67","-2.321","4.276",-1.15,"1.00","-3.80","-0.31","8.175","4.19",2024-10-27 11:45:00,"PSY1N903",3
"27/10/2024","12:00:00","25.72","-2.065","4.341",-1.13,"1.00","-3.80","-0.27","8.173","4.19",2024-10-27 12:00:00,"PSY1N903",3
"27/10/2024","12:15:00","26.11","-1.779","4.263",-1.06,"1.00","-3.80","-0.23","8.159","4.19",2024-10-27 12:15:00,"PSY1N903",3
"27/10/2024","12:30:00","26.24","-1.758","4.538",-1.12,"1.00","-3.80","-0.23","8.154","4.19",2024-10-27 12:30:00,"PSY1N903",3
"27/10/2024","12:45:00","26.24","-1.681","4.556",-1.12,"1.00","-3.80","-0.22","8.154","4.19",2024-10-27 12:45:00,"PSY1N903",3
"27/10/2024","13:00:00","26.19","-1.008","5.156",-1.18,"1.00","-3.80","-0.13","8.159","4.19",2024-10-27 13:00:00,"PSY1N903",3
"27/10/2024","13:15:00","26.01","-1.806","4.550",-1.14,"1.00","-3.80","-0.24","8.161","4.19",2024-10-27 13:15:00,"PSY1N903",3
"27/10/2024","13:30:00","26.13","-1.931","4.822",-1.22,"1.00","-3.80","-0.25","8.159","4.19",2024-10-27 13:30:00,"PSY1N903",3
"27/10/2024","13:45:00","26.19","-1.602","4.643",-1.13,"1.00","-3.80","-0.21","8.159","4.19",2024-10-27 13:45:00,"PSY1N903",3
"27/10/2024","14:00:00","26.19","-1.718","4.587",-1.13,"1.00","-3.80","-0.22","8.159","4.19",2024-10-27 14:00:00,"PSY1N903",3
"27/10/2024","14:15:00","26.38","-1.119","4.987",-1.15,"1.00","-3.80","-0.14","8.152","4.19",2024-10-27 14:15:00,"PSY1N903",3
"27/10/2024","14:30:00","26.67","-2.472","4.558",-1.21,"1.00","-3.80","-0.32","8.141","4.19",2024-10-27 14:30:00,"PSY1N903",3
"27/10/2024","14:45:00","27.00","-1.188","5.307",-1.22,"1.00","-3.80","-0.15","8.128","4.19",2024-10-27 14:45:00,"PSY1N903",3
"27/10/2024","15:00:00","26.85","-1.708","4.902",-1.19,"1.00","-3.80","-0.22","8.134","4.19",2024-10-27 15:00:00,"PSY1N903",3
"27/10/2024","15:15:00","26.82","-1.595","4.867",-1.17,"1.00","-3.80","-0.21","8.134","4.19",2024-10-27 15:15:00,"PSY1N903",3
"27/10/2024","15:30:00","26.85","-1.448","4.864",-1.14,"1.00","-3.80","-0.19","8.134","4.19",2024-10-27 15:30:00,"PSY1N903",3
"27/10/2024","15:45:00","26.92","-2.016","4.622",-1.16,"1.00","-3.80","-0.26","8.130","4.19",2024-10-27 15:45:00,"PSY1N903",3
"27/10/2024","16:00:00","27.02","-1.616","4.658",-1.11,"1.00","-3.80","-0.21","8.128","4.19",2024-10-27 16:00:00,"PSY1N903",3
"27/10/2024","16:15:00","26.79","-1.717","4.550",-1.1,"1.00","-3.80","-0.22","8.137","4.18",2024-10-27 16:15:00,"PSY1N903",3
"27/10/2024","16:30:00","26.89","-1.938","4.352",-1.08,"1.00","-3.80","-0.25","8.134","4.18",2024-10-27 16:30:00,"PSY1N903",3
"27/10/2024","16:45:00","27.08","-1.484","4.597",-1.08,"1.00","-3.80","-0.19","8.128","4.18",2024-10-27 16:45:00,"PSY1N903",3
"27/10/2024","17:00:00","26.99","-1.567","4.531",-1.07,"1.00","-3.80","-0.20","8.130","4.18",2024-10-27 17:00:00,"PSY1N903",3
"27/10/2024","17:15:00","26.80","-1.214","4.477",-1.02,"1.00","-3.80","-0.16","8.134","4.18",2024-10-27 17:15:00,"PSY1N903",3
"27/10/2024","17:30:00","26.51","-1.421","4.243",-0.99,"1.00","-3.80","-0.18","8.145","4.18",2024-10-27 17:30:00,"PSY1N903",3
"27/10/2024","17:45:00","26.37","-1.493","4.246",-1.01,"1.00","-3.80","-0.19","8.152","4.18",2024-10-27 17:45:00,"PSY1N903",3
"27/10/2024","18:00:00","26.01","-0.658","4.873",-1.07,"1.00","-3.80","-0.08","8.161","4.17",2024-10-27 18:00:00,"PSY1N903",3
"27/10/2024","18:15:00","25.60","-0.856","4.466",-1,"1.00","-3.80","-0.11","8.175","4.17",2024-10-27 18:15:00,"PSY1N903",3
"27/10/2024","18:30:00","24.91","-0.891","4.348",-1,"1.00","-3.80","-0.11","8.201","4.17",2024-10-27 18:30:00,"PSY1N903",3
"27/10/2024","18:45:00","24.58","-1.162","4.110",-0.98,"1.00","-3.80","-0.15","8.215","4.17",2024-10-27 18:45:00,"PSY1N903",3
"27/10/2024","19:00:00","24.16","-0.786","4.305",-1,"1.00","-3.80","-0.10","8.229","4.17",2024-10-27 19:00:00,"PSY1N903",3
"27/10/2024","19:15:00","23.85","-1.090","3.796",-0.91,"1.00","-3.80","-0.14","8.240","4.17",2024-10-27 19:15:00,"PSY1N903",3
"27/10/2024","19:30:00","23.69","-0.833","3.645",-0.84,"1.00","-3.80","-0.11","8.247","4.17",2024-10-27 19:30:00,"PSY1N903",3
"27/10/2024","19:45:00","23.30","0.090","3.786",-0.76,"1.00","-3.80","0.01","8.258","4.17",2024-10-27 19:45:00,"PSY1N903",3
"27/10/2024","20:00:00","22.94","-1.220","3.751",-0.94,"1.00","-3.80","-0.16","8.272","4.17",2024-10-27 20:00:00,"PSY1N903",3
"27/10/2024","20:15:00","22.81","-0.292","3.557",-0.77,"1.00","-3.80","-0.03","8.276","4.16",2024-10-27 20:15:00,"PSY1N903",3
"27/10/2024","20:30:00","22.78","-1.235","3.343",-0.84,"1.00","-3.80","-0.16","8.279","4.16",2024-10-27 20:30:00,"PSY1N903",3
"27/10/2024","20:45:00","22.86","-1.590","3.151",-0.83,"1.00","-3.80","-0.21","8.276","4.16",2024-10-27 20:45:00,"PSY1N903",3
"27/10/2024","21:00:00","23.12","-1.496","3.324",-0.86,"1.00","-3.80","-0.20","8.265","4.16",2024-10-27 21:00:00,"PSY1N903",3
"27/10/2024","21:15:00","23.10","-1.327","3.251",-0.81,"1.00","-3.80","-0.17","8.265","4.16",2024-10-27 21:15:00,"PSY1N903",3
"27/10/2024","21:30:00","23.07","-0.832","3.315",-0.76,"1.00","-3.80","-0.11","8.269","4.16",2024-10-27 21:30:00,"PSY1N903",3
"27/10/2024","21:45:00","22.79","-1.732","3.140",-0.85,"1.00","-3.80","-0.23","8.279","4.16",2024-10-27 21:45:00,"PSY1N903",3
"27/10/2024","22:00:00","22.66","-1.179","3.293",-0.82,"1.00","-3.80","-0.16","8.283","4.16",2024-10-27 22:00:00,"PSY1N903",3
"27/10/2024","22:15:00","22.71","-1.522","2.987",-0.78,"1.00","-3.80","-0.20","8.279","4.15",2024-10-27 22:15:00,"PSY1N903",3
"27/10/2024","22:30:00","22.62","-1.439","3.043",-0.78,"1.00","-3.80","-0.19","8.283","4.15",2024-10-27 22:30:00,"PSY1N903",3
"27/10/2024","22:45:00","22.54","-1.132","3.063",-0.75,"1.00","-3.80","-0.15","8.287","4.15",2024-10-27 22:45:00,"PSY1N903",3
"27/10/2024","23:00:00","22.49","-1.853","2.770",-0.77,"1.00","-3.80","-0.25","8.290","4.15",2024-10-27 23:00:00,"PSY1N903",3
"27/10/2024","23:15:00","23.04","-1.682","2.909",-0.77,"1.00","-3.80","-0.22","8.269","4.15",2024-10-27 23:15:00,"PSY1N903",3
"27/10/2024","23:30:00","23.34","-1.533","2.972",-0.76,"1.00","-3.80","-0.20","8.258","4.15",2024-10-27 23:30:00,"PSY1N903",3
"27/10/2024","23:45:00","23.54","-1.693","2.898",-0.75,"1.00","-3.80","-0.22","8.251","4.15",2024-10-27 23:45:00,"PSY1N903",3
"28/10/2024","00:00:00","22.95","0.056","3.358",-0.66,"1.00","-3.80","0.00","8.272","4.15",2024-10-28,"PSY1N903",3
"28/10/2024","00:15:00","22.34","0.018","2.739",-0.51,"1.00","-3.80","0.00","8.294","4.15",2024-10-28 00:15:00,"PSY1N903",3
"28/10/2024","00:30:00","21.82","-0.065","2.313",-0.41,"1.00","-3.80","0.00","8.312","4.15",2024-10-28 00:30:00,"PSY1N903",3
"28/10/2024","00:45:00","21.40","-0.068","2.023",-0.33,"1.00","-3.80","0.00","8.326","4.14",2024-10-28 00:45:00,"PSY1N903",3
"28/10/2024","01:00:00","21.05","-0.071","1.882",-0.3,"1.00","-3.80","0.00","8.341","4.14",2024-10-28 01:00:00,"PSY1N903",3
"28/10/2024","01:15:00","20.70","-0.027","1.674",-0.23,"1.00","-3.80","0.00","8.352","4.14",2024-10-28 01:15:00,"PSY1N903",3
"28/10/2024","01:30:00","20.46","-0.199","1.546",-0.22,"1.00","-3.80","-0.02","8.362","4.14",2024-10-28 01:30:00,"PSY1N903",3
"28/10/2024","01:45:00","20.32","-0.209","1.464",-0.2,"1.00","-3.80","-0.02","8.366","4.14",2024-10-28 01:45:00,"PSY1N903",3
"28/10/2024","02:00:00","20.22","-0.372","1.390",-0.2,"1.00","-3.80","-0.05","8.370","4.14",2024-10-28 02:00:00,"PSY1N903",3
"28/10/2024","02:15:00","20.15","-0.231","1.300",-0.16,"1.00","-3.80","-0.03","8.373","4.14",2024-10-28 02:15:00,"PSY1N903",3
"28/10/2024","02:30:00","20.12","-0.275","1.190",-0.13,"1.00","-3.80","-0.03","8.373","4.14",2024-10-28 02:30:00,"PSY1N903",3
"28/10/2024","02:45:00","20.09","-0.252","1.125",-0.11,"1.00","-3.80","-0.03","8.377","4.13",2024-10-28 02:45:00,"PSY1N903",3
"28/10/2024","03:00:00","20.09","-0.379","1.043",-0.1,"1.00","-3.80","-0.05","8.377","4.13",2024-10-28 03:00:00,"PSY1N903",3
"28/10/2024","03:15:00","20.10","-0.438","0.971",-0.09,"1.00","-3.80","-0.06","8.373","4.13",2024-10-28 03:15:00,"PSY1N903",3
"28/10/2024","03:30:00","20.07","-0.422","0.930",-0.07,"1.00","-3.80","-0.05","8.377","4.13",2024-10-28 03:30:00,"PSY1N903",3
"28/10/2024","03:45:00","19.97","-0.439","0.867",-0.06,"1.00","-3.80","-0.06","8.381","4.13",2024-10-28 03:45:00,"PSY1N903",3
"28/10/2024","04:00:00","19.92","-0.391","0.827",-0.04,"1.00","-3.80","-0.05","8.381","4.13",2024-10-28 04:00:00,"PSY1N903",3
"28/10/2024","04:15:00","19.88","-0.528","0.796",-0.05,"1.00","-3.80","-0.07","8.384","4.13",2024-10-28 04:15:00,"PSY1N903",3
"28/10/2024","04:30:00","19.83","-0.475","0.761",-0.03,"1.00","-3.80","-0.06","8.384","4.13",2024-10-28 04:30:00,"PSY1N903",3
"28/10/2024","04:45:00","19.76","-0.437","0.717",-0.01,"1.00","-3.80","-0.06","8.388","4.13",2024-10-28 04:45:00,"PSY1N903",3
"28/10/2024","05:00:00","19.74","-0.476","0.683",-0.01,"1.00","-3.80","-0.06","8.388","4.13",2024-10-28 05:00:00,"PSY1N903",3
"28/10/2024","05:15:00","19.74","-0.426","0.000",0,"1.00","-3.80","-0.05","8.388","4.12",2024-10-28 05:15:00,"PSY1N903",3
"28/10/2024","05:30:00","19.72","-0.605","0.622",-0.01,"1.00","-3.80","-0.08","8.388","4.12",2024-10-28 05:30:00,"PSY1N903",3
"28/10/2024","05:45:00","19.70","-0.623","0.583",0,"1.00","-3.80","-0.08","8.388","4.12",2024-10-28 05:45:00,"PSY1N903",3
"28/10/2024","06:00:00","19.63","-0.449","0.000",0,"1.00","-3.80","-0.06","8.392","4.12",2024-10-28 06:00:00,"PSY1N903",3
"28/10/2024","06:15:00","19.48","-0.191","0.000",0,"1.00","-3.80","-0.02","8.399","4.12",2024-10-28 06:15:00,"PSY1N903",3
"28/10/2024","06:30:00","19.39","-0.426","0.000",0,"1.00","-3.80","-0.05","8.403","4.12",2024-10-28 06:30:00,"PSY1N903",3
"28/10/2024","06:45:00","19.33","-0.500","0.000",0,"1.00","-3.80","-0.06","8.403","4.12",2024-10-28 06:45:00,"PSY1N903",3
"28/10/2024","07:00:00","19.31","-0.458","0.000",0,"1.00","-3.80","-0.06","8.403","4.12",2024-10-28 07:00:00,"PSY1N903",3
"28/10/2024","07:15:00","19.20","-0.341","0.000",0,"1.00","-3.80","-0.04","8.406","4.12",2024-10-28 07:15:00,"PSY1N903",3
"28/10/2024","07:30:00","19.04","-0.427","0.000",0,"1.00","-3.80","-0.05","8.414","4.11",2024-10-28 07:30:00,"PSY1N903",3
"28/10/2024","07:45:00","19.04","-0.504","0.000",0,"1.00","-3.80","-0.06","8.414","4.11",2024-10-28 07:45:00,"PSY1N903",3
"28/10/2024","08:00:00","19.46","-2.104","0.545",-0.19,"1.00","-3.80","-0.28","8.399","4.11",2024-10-28 08:00:00,"PSY1N903",3
"28/10/2024","08:15:00","20.19","-2.444","0.829",-0.32,"1.00","-3.80","-0.33","8.373","4.11",2024-10-28 08:15:00,"PSY1N903",3
"28/10/2024","08:30:00","20.61","-1.554","1.132",-0.28,"1.00","-3.80","-0.21","8.355","4.11",2024-10-28 08:30:00,"PSY1N903",3
"28/10/2024","08:45:00","21.13","-1.357","1.775",-0.44,"1.00","-3.80","-0.18","8.337","4.11",2024-10-28 08:45:00,"PSY1N903",3
"28/10/2024","09:00:00","21.58","-1.264","1.884",-0.45,"1.00","-3.80","-0.17","8.323","4.11",2024-10-28 09:00:00,"PSY1N903",3
"28/10/2024","09:15:00","21.86","-1.370","2.513",-0.64,"1.00","-3.80","-0.18","8.312","4.11",2024-10-28 09:15:00,"PSY1N903",3
"28/10/2024","09:30:00","22.18","-0.847","2.264",-0.49,"1.00","-3.80","-0.11","8.301","4.11",2024-10-28 09:30:00,"PSY1N903",3
"28/10/2024","09:45:00","22.39","-1.452","2.092",-0.52,"1.00","-3.80","-0.19","8.294","4.11",2024-10-28 09:45:00,"PSY1N903",3
"28/10/2024","10:00:00","22.71","-1.921","2.320",-0.64,"1.00","-3.80","-0.26","8.279","4.10",2024-10-28 10:00:00,"PSY1N903",3
"28/10/2024","10:15:00","23.05","-1.644","2.580",-0.67,"1.00","-3.80","-0.22","8.269","4.10",2024-10-28 10:15:00,"PSY1N903",3
"28/10/2024","10:30:00","23.37","-1.374","2.592",-0.63,"1.00","-3.80","-0.18","8.258","4.10",2024-10-28 10:30:00,"PSY1N903",3
"28/10/2024","10:45:00","23.61","-1.786","2.568",-0.68,"1.00","-3.80","-0.24","8.247","4.10",2024-10-28 10:45:00,"PSY1N903",3
"28/10/2024","11:00:00","23.95","-1.839","2.975",-0.79,"1.00","-3.80","-0.24","8.237","4.10",2024-10-28 11:00:00,"PSY1N903",3
"28/10/2024","11:15:00","24.52","-2.295","2.588",-0.73,"1.00","-3.80","-0.30","8.215","4.10",2024-10-28 11:15:00,"PSY1N903",3
"28/10/2024","11:30:00","25.22","-2.381","3.148",-0.88,"1.00","-3.80","-0.31","8.191","4.10",2024-10-28 11:30:00,"PSY1N903",3
"28/10/2024","11:45:00","25.98","-2.719","2.716",-0.79,"1.00","-3.80","-0.36","8.166","4.10",2024-10-28 11:45:00,"PSY1N903",3
"28/10/2024","12:00:00","26.95","-1.505","3.010",-0.68,"1.00","-3.80","-0.20","8.130","4.09",2024-10-28 12:00:00,"PSY1N903",3
"28/10/2024","12:15:00","27.19","-2.609","3.231",-0.88,"1.00","-3.80","-0.34","8.123","4.09",2024-10-28 12:15:00,"PSY1N903",3
"28/10/2024","12:30:00","27.28","-1.666","3.656",-0.86,"1.00","-3.80","-0.22","8.121","4.09",2024-10-28 12:30:00,"PSY1N903",3
"28/10/2024","12:45:00","27.19","-1.843","3.658",-0.89,"1.00","-3.80","-0.24","8.123","4.09",2024-10-28 12:45:00,"PSY1N903",3
"28/10/2024","13:00:00","27.08","-1.172","4.171",-0.93,"1.00","-3.80","-0.15","8.128","4.09",2024-10-28 13:00:00,"PSY1N903",3
"28/10/2024","13:15:00","27.35","-2.157","3.936",-0.99,"1.00","-3.80","-0.28","8.116","4.09",2024-10-28 13:15:00,"PSY1N903",3
"28/10/2024","13:30:00","27.37","-1.646","3.994",-0.94,"1.00","-3.80","-0.21","8.116","4.09",2024-10-28 13:30:00,"PSY1N903",3
"28/10/2024","13:45:00","27.23","-1.208","4.282",-0.96,"1.00","-3.80","-0.16","8.121","4.09",2024-10-28 13:45:00,"PSY1N903",3
"28/10/2024","14:00:00","27.27","-1.392","4.109",-0.94,"1.00","-3.80","-0.18","8.121","4.09",2024-10-28 14:00:00,"PSY1N903",3
"28/10/2024","14:15:00","27.10","-1.219","3.981",-0.89,"1.00","-3.80","-0.16","8.123","4.09",2024-10-28 14:15:00,"PSY1N903",3
"28/10/2024","14:30:00","27.14","-1.258","3.964",-0.89,"1.00","-3.80","-0.16","8.123","4.09",2024-10-28 14:30:00,"PSY1N903",3
"28/10/2024","14:45:00","26.91","-1.074","4.313",-0.95,"1.00","-3.80","-0.14","8.130","4.08",2024-10-28 14:45:00,"PSY1N903",3
"28/10/2024","15:00:00","26.86","-1.409","4.082",-0.94,"1.00","-3.80","-0.18","8.134","4.08",2024-10-28 15:00:00,"PSY1N903",3
"28/10/2024","15:15:00","25.95","-0.995","4.001",-0.89,"1.00","-3.80","-0.13","8.166","4.08",2024-10-28 15:15:00,"PSY1N903",3
"28/10/2024","15:30:00","25.58","-1.609","3.695",-0.91,"1.00","-3.80","-0.21","8.180","4.08",2024-10-28 15:30:00,"PSY1N903",3
"28/10/2024","15:45:00","25.28","-1.384","3.729",-0.89,"1.00","-3.80","-0.18","8.191","4.08",2024-10-28 15:45:00,"PSY1N903",3
"28/10/2024","16:00:00","25.13","-1.808","3.379",-0.86,"1.00","-3.80","-0.24","8.194","4.08",2024-10-28 16:00:00,"PSY1N903",3
"28/10/2024","16:15:00","25.22","-1.620","3.471",-0.86,"1.00","-3.80","-0.21","8.191","4.08",2024-10-28 16:15:00,"PSY1N903",3
"28/10/2024","16:30:00","25.23","-1.676","3.644",-0.91,"1.00","-3.80","-0.22","8.191","4.08",2024-10-28 16:30:00,"PSY1N903",3
"28/10/2024","16:45:00","24.89","-1.907","3.634",-0.95,"1.00","-3.80","-0.25","8.205","4.08",2024-10-28 16:45:00,"PSY1N903",3
"28/10/2024","17:00:00","23.87","0.053","4.504",-0.95,"1.00","-3.80","0.00","8.240","4.11",2024-10-28 17:00:00,"PSY1N903",3
"28/10/2024","17:15:00","24.09","-1.748","3.152",-0.82,"1.00","-3.80","-0.23","8.233","4.12",2024-10-28 17:15:00,"PSY1N903",3
"28/10/2024","17:30:00","24.44","-1.883","3.121",-0.82,"1.00","-3.80","-0.25","8.219","4.14",2024-10-28 17:30:00,"PSY1N903",3
"28/10/2024","17:45:00","24.56","-0.600","4.133",-0.91,"1.00","-3.80","-0.08","8.215","4.16",2024-10-28 17:45:00,"PSY1N903",3
"28/10/2024","18:00:00","24.32","-1.192","3.500",-0.83,"1.00","-3.80","-0.16","8.222","4.18",2024-10-28 18:00:00,"PSY1N903",3
"28/10/2024","18:15:00","24.30","-1.065","3.449",-0.8,"1.00","-3.80","-0.14","8.222","4.19",2024-10-28 18:15:00,"PSY1N903",3
"28/10/2024","18:30:00","23.98","-1.619","3.508",-0.9,"1.00","-3.80","-0.21","8.237","4.19",2024-10-28 18:30:00,"PSY1N903",3
"28/10/2024","18:45:00","24.03","-0.929","3.602",-0.83,"1.00","-3.80","-0.12","8.233","4.19",2024-10-28 18:45:00,"PSY1N903",3
"28/10/2024","19:00:00","23.80","-0.696","3.814",-0.86,"1.00","-3.80","-0.09","8.240","4.19",2024-10-28 19:00:00,"PSY1N903",3
"28/10/2024","19:15:00","23.61","-1.013","3.667",-0.87,"1.00","-3.80","-0.13","8.247","4.19",2024-10-28 19:15:00,"PSY1N903",3
"28/10/2024","19:30:00","23.44","-1.037","4.142",-1.01,"1.00","-3.80","-0.14","8.254","4.19",2024-10-28 19:30:00,"PSY1N903",3
"28/10/2024","19:45:00","23.26","-1.153","3.757",-0.93,"1.00","-3.80","-0.15","8.262","4.19",2024-10-28 19:45:00,"PSY1N903",3
"28/10/2024","20:00:00","23.29","-1.125","3.628",-0.89,"1.00","-3.80","-0.15","8.262","4.19",2024-10-28 20:00:00,"PSY1N903",3
"28/10/2024","20:15:00","23.20","-1.474","4.184",-1.09,"1.00","-3.80","-0.19","8.262","4.19",2024-10-28 20:15:00,"PSY1N903",3
"28/10/2024","20:30:00","23.11","-1.015","3.910",-0.95,"1.00","-3.80","-0.13","8.265","4.19",2024-10-28 20:30:00,"PSY1N903",3
"28/10/2024","20:45:00","23.06","-0.643","4.029",-0.94,"1.00","-3.80","-0.08","8.269","4.19",2024-10-28 20:45:00,"PSY1N903",3
"28/10/2024","21:00:00","23.02","-0.365","3.896",-0.86,"1.00","-3.80","-0.04","8.269","4.19",2024-10-28 21:00:00,"PSY1N903",3
"28/10/2024","21:15:00","22.95","-0.842","4.295",-1.04,"1.00","-3.80","-0.11","8.272","4.19",2024-10-28 21:15:00,"PSY1N903",3
"28/10/2024","21:30:00","22.72","-0.913","4.051",-0.99,"1.00","-3.80","-0.12","8.279","4.19",2024-10-28 21:30:00,"PSY1N903",3
"28/10/2024","21:45:00","22.82","-1.782","3.658",-1,"1.00","-3.80","-0.24","8.276","4.19",2024-10-28 21:45:00,"PSY1N903",3
"28/10/2024","22:00:00","23.38","-1.617","3.846",-1.01,"1.00","-3.80","-0.21","8.258","4.19",2024-10-28 22:00:00,"PSY1N903",3
"28/10/2024","22:15:00","23.56","-0.931","3.992",-0.95,"1.00","-3.80","-0.12","8.251","4.19",2024-10-28 22:15:00,"PSY1N903",3
"28/10/2024","22:30:00","23.52","-1.555","3.970",-1.03,"1.00","-3.80","-0.21","8.251","4.19",2024-10-28 22:30:00,"PSY1N903",3
"28/10/2024","22:45:00","23.52","-1.351","3.974",-1,"1.00","-3.80","-0.18","8.251","4.19",2024-10-28 22:45:00,"PSY1N903",3
"28/10/2024","23:00:00","23.33","-0.820","4.336",-1.04,"1.00","-3.80","-0.11","8.258","4.19",2024-10-28 23:00:00,"PSY1N903",3
"28/10/2024","23:15:00","23.27","-1.569","3.866",-1.01,"1.00","-3.80","-0.21","8.262","4.19",2024-10-28 23:15:00,"PSY1N903",3
"28/10/2024","23:30:00","23.50","-1.517","3.893",-1,"1.00","-3.80","-0.20","8.251","4.19",2024-10-28 23:30:00,"PSY1N903",3
"28/10/2024","23:45:00","23.64","-1.658","3.846",-1.01,"1.00","-3.80","-0.22","8.247","4.19",2024-10-28 23:45:00,"PSY1N903",3
"29/10/2024","00:00:00","23.00","-0.083","4.054",-0.87,"1.00","-3.80","-0.01","8.269","4.19",2024-10-29,"PSY1N903",3
"29/10/2024","00:15:00","22.43","-0.116","3.322",-0.69,"1.00","-3.80","-0.01","8.290","4.19",2024-10-29 00:15:00,"PSY1N903",3
"29/10/2024","00:30:00","22.01","0.050","2.822",-0.53,"1.00","-3.80","0.00","8.305","4.19",2024-10-29 00:30:00,"PSY1N903",3
"29/10/2024","00:45:00","21.63","-0.120","2.475",-0.46,"1.00","-3.80","-0.01","8.319","4.19",2024-10-29 00:45:00,"PSY1N903",3
"29/10/2024","01:00:00","21.19","0.015","2.533",-0.47,"1.00","-3.80","0.00","8.337","4.19",2024-10-29 01:00:00,"PSY1N903",3
"29/10/2024","01:15:00","20.78","-0.122","1.964",-0.33,"1.00","-3.80","-0.01","8.352","4.19",2024-10-29 01:15:00,"PSY1N903",3
"29/10/2024","01:30:00","20.51","-0.102","1.817",-0.29,"1.00","-3.80","-0.01","8.359","4.19",2024-10-29 01:30:00,"PSY1N903",3
"29/10/2024","01:45:00","20.23","0.047","1.740",-0.25,"1.00","-3.80","0.00","8.370","4.19",2024-10-29 01:45:00,"PSY1N903",3
"29/10/2024","02:00:00","20.01","-0.227","1.579",-0.24,"1.00","-3.80","-0.03","8.377","4.19",2024-10-29 02:00:00,"PSY1N903",3
"29/10/2024","02:15:00","19.92","-0.317","1.523",-0.24,"1.00","-3.80","-0.04","8.381","4.19",2024-10-29 02:15:00,"PSY1N903",3
"29/10/2024","02:30:00","19.81","-0.304","1.434",-0.21,"1.00","-3.80","-0.04","8.384","4.19",2024-10-29 02:30:00,"PSY1N903",3
"29/10/2024","02:45:00","19.74","-0.330","1.328",-0.18,"1.00","-3.80","-0.04","8.388","4.19",2024-10-29 02:45:00,"PSY1N903",3
"29/10/2024","03:00:00","19.69","-0.268","1.284",-0.16,"1.00","-3.80","-0.03","8.392","4.19",2024-10-29 03:00:00,"PSY1N903",3
"29/10/2024","03:15:00","19.58","-0.264","1.232",-0.15,"1.00","-3.80","-0.03","8.395","4.19",2024-10-29 03:15:00,"PSY1N903",3
"29/10/2024","03:30:00","19.53","-0.432","1.213",-0.17,"1.00","-3.80","-0.05","8.395","4.19",2024-10-29 03:30:00,"PSY1N903",3
"29/10/2024","03:45:00","19.51","-0.204","1.186",-0.13,"1.00","-3.80","-0.02","8.395","4.19",2024-10-29 03:45:00,"PSY1N903",3
"29/10/2024","04:00:00","19.38","0.067","1.179",-0.09,"1.00","-3.80","0.00","8.403","4.19",2024-10-29 04:00:00,"PSY1N903",3
"29/10/2024","04:15:00","19.23","-0.076","1.138",-0.1,"1.00","-3.80","-0.01","8.406","4.19",2024-10-29 04:15:00,"PSY1N903",3
"29/10/2024","04:30:00","19.13","-0.335","1.136",-0.13,"1.00","-3.80","-0.04","8.410","4.19",2024-10-29 04:30:00,"PSY1N903",3
"29/10/2024","04:45:00","19.05","-0.374","1.019",-0.1,"1.00","-3.80","-0.05","8.414","4.19",2024-10-29 04:45:00,"PSY1N903",3
"29/10/2024","05:00:00","19.01","-0.374","0.985",-0.09,"1.00","-3.80","-0.05","8.414","4.19",2024-10-29 05:00:00,"PSY1N903",3
"29/10/2024","05:15:00","18.93","-0.312","0.992",-0.09,"1.00","-3.80","-0.04","8.417","4.19",2024-10-29 05:15:00,"PSY1N903",3
"29/10/2024","05:30:00","18.82","-0.272","0.958",-0.07,"1.00","-3.80","-0.03","8.421","4.19",2024-10-29 05:30:00,"PSY1N903",3
"29/10/2024","05:45:00","18.69","-0.314","0.981",-0.09,"1.00","-3.80","-0.04","8.428","4.19",2024-10-29 05:45:00,"PSY1N903",3
"29/10/2024","06:00:00","18.63","-0.389","0.962",-0.09,"1.00","-3.80","-0.05","8.428","4.19",2024-10-29 06:00:00,"PSY1N903",3
"29/10/2024","06:15:00","18.64","-0.430","0.859",-0.06,"1.00","-3.80","-0.05","8.428","4.19",2024-10-29 06:15:00,"PSY1N903",3
"29/10/2024","06:30:00","18.65","-0.475","0.823",-0.06,"1.00","-3.80","-0.06","8.428","4.19",2024-10-29 06:30:00,"PSY1N903",3
"29/10/2024","06:45:00","18.61","-0.413","0.787",-0.04,"1.00","-3.80","-0.05","8.428","4.19",2024-10-29 06:45:00,"PSY1N903",3
"29/10/2024","07:00:00","18.57","-0.278","0.797",-0.02,"1.00","-3.80","-0.03","8.432","4.19",2024-10-29 07:00:00,"PSY1N903",3
"29/10/2024","07:15:00","18.46","-0.155","0.917",-0.05,"1.00","-3.80","-0.02","8.436","4.19",2024-10-29 07:15:00,"PSY1N903",3
"29/10/2024","07:30:00","18.21","-0.356","1.068",-0.13,"1.00","-3.80","-0.04","8.443","4.19",2024-10-29 07:30:00,"PSY1N903",3
"29/10/2024","07:45:00","18.02","-0.380","1.270",-0.2,"1.00","-3.80","-0.05","8.451","4.19",2024-10-29 07:45:00,"PSY1N903",3
"29/10/2024","08:00:00","18.48","-1.330","0.743",-0.15,"1.00","-3.80","-0.18","8.436","4.19",2024-10-29 08:00:00,"PSY1N903",3
"29/10/2024","08:15:00","19.22","-1.229","1.102",-0.24,"1.00","-3.80","-0.16","8.406","4.19",2024-10-29 08:15:00,"PSY1N903",3
"29/10/2024","08:30:00","19.84","-1.845","1.753",-0.52,"1.00","-3.80","-0.25","8.384","4.19",2024-10-29 08:30:00,"PSY1N903",3
"29/10/2024","08:45:00","20.26","-1.636","2.338",-0.66,"1.00","-3.80","-0.22","8.370","4.19",2024-10-29 08:45:00,"PSY1N903",3
"29/10/2024","09:00:00","20.49","-1.191","2.846",-0.75,"1.00","-3.80","-0.16","8.362","4.19",2024-10-29 09:00:00,"PSY1N903",3
"29/10/2024","09:15:00","20.85","-1.624","2.748",-0.77,"1.00","-3.80","-0.22","8.348","4.19",2024-10-29 09:15:00,"PSY1N903",3
"29/10/2024","09:30:00","21.28","-1.564","2.701",-0.74,"1.00","-3.80","-0.21","8.333","4.19",2024-10-29 09:30:00,"PSY1N903",3
"29/10/2024","09:45:00","21.77","-2.183","2.693",-0.81,"1.00","-3.80","-0.29","8.315","4.19",2024-10-29 09:45:00,"PSY1N903",3
"29/10/2024","10:00:00","22.67","-2.588","3.071",-0.95,"1.00","-3.80","-0.35","8.283","4.19",2024-10-29 10:00:00,"PSY1N903",3
"29/10/2024","10:15:00","23.33","-1.487","3.339",-0.85,"1.00","-3.80","-0.20","8.258","4.19",2024-10-29 10:15:00,"PSY1N903",3
"29/10/2024","10:30:00","23.44","-0.881","3.477",-0.81,"1.00","-3.80","-0.11","8.254","4.19",2024-10-29 10:30:00,"PSY1N903",3
"29/10/2024","10:45:00","23.31","-1.854","3.365",-0.91,"1.00","-3.80","-0.25","8.258","4.19",2024-10-29 10:45:00,"PSY1N903",3
"29/10/2024","11:00:00","23.34","-0.345","4.431",-1,"1.00","-3.80","-0.04","8.258","4.19",2024-10-29 11:00:00,"PSY1N903",3
"29/10/2024","11:15:00","23.51","-2.057","3.813",-1.06,"1.00","-3.80","-0.27","8.251","4.19",2024-10-29 11:15:00,"PSY1N903",3
"29/10/2024","11:30:00","23.90","-2.556","3.376",-0.99,"1.00","-3.80","-0.34","8.237","4.19",2024-10-29 11:30:00,"PSY1N903",3
"29/10/2024","11:45:00","24.24","-1.973","3.621",-0.97,"1.00","-3.80","-0.26","8.226","4.19",2024-10-29 11:45:00,"PSY1N903",3
"29/10/2024","12:00:00","24.44","-2.111","3.488",-0.95,"1.00","-3.80","-0.28","8.219","4.19",2024-10-29 12:00:00,"PSY1N903",3
"29/10/2024","12:15:00","24.49","-1.403","6.389",-1.63,"1.00","-3.80","-0.18","8.219","4.19",2024-10-29 12:15:00,"PSY1N903",3
"29/10/2024","12:30:00","24.73","-2.643","3.583",-1.04,"1.00","-3.80","-0.35","8.208","4.19",2024-10-29 12:30:00,"PSY1N903",3
"29/10/2024","12:45:00","25.30","-2.083","3.833",-1.01,"1.00","-3.80","-0.27","8.187","4.19",2024-10-29 12:45:00,"PSY1N903",3
"29/10/2024","13:00:00","25.79","-2.697","3.940",-1.11,"1.00","-3.80","-0.36","8.173","4.19",2024-10-29 13:00:00,"PSY1N903",3
"29/10/2024","13:15:00","26.06","-1.837","4.259",-1.07,"1.00","-3.80","-0.24","8.161","4.19",2024-10-29 13:15:00,"PSY1N903",3
"29/10/2024","13:30:00","26.87","-1.558","4.462",-1.06,"1.00","-3.80","-0.20","8.134","4.19",2024-10-29 13:30:00,"PSY1N903",3
"29/10/2024","13:45:00","27.07","-1.252","4.418",-1,"1.00","-3.80","-0.16","8.128","4.19",2024-10-29 13:45:00,"PSY1N903",3
"29/10/2024","14:00:00","26.45","-2.017","4.798",-1.22,"1.00","-3.80","-0.26","8.148","4.19",2024-10-29 14:00:00,"PSY1N903",3
"29/10/2024","14:15:00","26.92","-1.626","4.687",-1.12,"1.00","-3.80","-0.21","8.130","4.19",2024-10-29 14:15:00,"PSY1N903",3
"29/10/2024","14:30:00","26.84","-1.617","4.837",-1.16,"1.00","-3.80","-0.21","8.134","4.19",2024-10-29 14:30:00,"PSY1N903",3
"29/10/2024","14:45:00","26.77","-0.860","5.125",-1.13,"1.00","-3.80","-0.11","8.137","4.19",2024-10-29 14:45:00,"PSY1N903",3
"29/10/2024","15:00:00","26.71","-1.768","4.700",-1.15,"1.00","-3.80","-0.23","8.137","4.19",2024-10-29 15:00:00,"PSY1N903",3
"29/10/2024","15:15:00","26.26","-1.623","4.778",-1.16,"1.00","-3.80","-0.21","8.154","4.19",2024-10-29 15:15:00,"PSY1N903",3
"29/10/2024","15:30:00","25.89","-2.242","4.189",-1.11,"1.00","-3.80","-0.30","8.168","4.19",2024-10-29 15:30:00,"PSY1N903",3
"29/10/2024","15:45:00","25.88","-2.127","4.190",-1.09,"1.00","-3.80","-0.28","8.168","4.19",2024-10-29 15:45:00,"PSY1N903",3
"29/10/2024","16:00:00","25.69","-2.186","4.384",-1.16,"1.00","-3.80","-0.29","8.175","4.19",2024-10-29 16:00:00,"PSY1N903",3
"29/10/2024","16:15:00","26.04","-2.047","4.555",-1.17,"1.00","-3.80","-0.27","8.161","4.19",2024-10-29 16:15:00,"PSY1N903",3
"29/10/2024","16:30:00","26.17","-1.721","4.522",-1.12,"1.00","-3.80","-0.23","8.159","4.19",2024-10-29 16:30:00,"PSY1N903",3
"29/10/2024","16:45:00","25.84","-0.813","5.105",-1.15,"1.00","-3.80","-0.10","8.168","4.19",2024-10-29 16:45:00,"PSY1N903",3
"29/10/2024","17:00:00","25.49","-0.030","4.418",-0.88,"1.00","-3.80","0.00","8.184","4.19",2024-10-29 17:00:00,"PSY1N903",3
"29/10/2024","17:15:00","25.22","-0.870","4.209",-0.95,"1.00","-3.80","-0.11","8.191","4.19",2024-10-29 17:15:00,"PSY1N903",3
"29/10/2024","17:30:00","25.18","-1.203","4.391",-1.04,"1.00","-3.80","-0.16","8.194","4.19",2024-10-29 17:30:00,"PSY1N903",3
"29/10/2024","17:45:00","25.06","-1.295","4.158",-1,"1.00","-3.80","-0.17","8.198","4.19",2024-10-29 17:45:00,"PSY1N903",3
"29/10/2024","18:00:00","24.67","-1.389","4.279",-1.05,"1.00","-3.80","-0.18","8.212","4.19",2024-10-29 18:00:00,"PSY1N903",3
"29/10/2024","18:15:00","24.48","-0.876","4.292",-1,"1.00","-3.80","-0.11","8.219","4.19",2024-10-29 18:15:00,"PSY1N903",3
"29/10/2024","18:30:00","24.52","-1.142","4.533",-1.09,"1.00","-3.80","-0.15","8.215","4.19",2024-10-29 18:30:00,"PSY1N903",3
"29/10/2024","18:45:00","24.15","-1.626","4.100",-1.06,"1.00","-3.80","-0.21","8.229","4.19",2024-10-29 18:45:00,"PSY1N903",3
"29/10/2024","19:00:00","24.07","-1.748","4.185",-1.1,"1.00","-3.80","-0.23","8.233","4.19",2024-10-29 19:00:00,"PSY1N903",3
"29/10/2024","19:15:00","24.16","-0.859","3.920",-0.9,"1.00","-3.80","-0.11","8.229","4.18",2024-10-29 19:15:00,"PSY1N903",3
"29/10/2024","19:30:00","24.17","-1.259","3.990",-0.98,"1.00","-3.80","-0.16","8.229","4.18",2024-10-29 19:30:00,"PSY1N903",3
"29/10/2024","19:45:00","24.05","-1.402","3.336",-0.82,"1.00","-3.80","-0.18","8.233","4.18",2024-10-29 19:45:00,"PSY1N903",3
"29/10/2024","20:00:00","23.99","-1.788","3.047",-0.8,"1.00","-3.80","-0.24","8.237","4.18",2024-10-29 20:00:00,"PSY1N903",3
"29/10/2024","20:15:00","24.40","-1.362","2.875",-0.68,"1.00","-3.80","-0.18","8.219","4.18",2024-10-29 20:15:00,"PSY1N903",3
"29/10/2024","20:30:00","24.53","-1.265","3.214",-0.76,"1.00","-3.80","-0.17","8.215","4.18",2024-10-29 20:30:00,"PSY1N903",3
"29/10/2024","20:45:00","24.53","-1.434","2.934",-0.71,"1.00","-3.80","-0.19","8.215","4.18",2024-10-29 20:45:00,"PSY1N903",3
"29/10/2024","21:00:00","24.50","-1.478","2.893",-0.7,"1.00","-3.80","-0.19","8.215","4.18",2024-10-29 21:00:00,"PSY1N903",3
"29/10/2024","21:15:00","24.67","-1.419","2.904",-0.69,"1.00","-3.80","-0.19","8.212","4.17",2024-10-29 21:15:00,"PSY1N903",3
"29/10/2024","21:30:00","24.78","-1.496","2.852",-0.69,"1.00","-3.80","-0.20","8.208","4.17",2024-10-29 21:30:00,"PSY1N903",3
"29/10/2024","21:45:00","24.81","-1.436","2.900",-0.69,"1.00","-3.80","-0.19","8.205","4.17",2024-10-29 21:45:00,"PSY1N903",3
"29/10/2024","22:00:00","24.74","-1.510","2.695",-0.65,"1.00","-3.80","-0.20","8.208","4.17",2024-10-29 22:00:00,"PSY1N903",3
"29/10/2024","22:15:00","24.65","-1.551","2.787",-0.68,"1.00","-3.80","-0.20","8.212","4.17",2024-10-29 22:15:00,"PSY1N903",3
"29/10/2024","22:30:00","24.62","-1.495","2.664",-0.64,"1.00","-3.80","-0.20","8.212","4.17",2024-10-29 22:30:00,"PSY1N903",3
"29/10/2024","22:45:00","24.58","-1.398","2.656",-0.63,"1.00","-3.80","-0.18","8.215","4.17",2024-10-29 22:45:00,"PSY1N903",3
"29/10/2024","23:00:00","24.51","-1.274","2.553",-0.58,"1.00","-3.80","-0.17","8.215","4.17",2024-10-29 23:00:00,"PSY1N903",3
"29/10/2024","23:15:00","24.51","-1.603","2.384",-0.58,"1.00","-3.80","-0.21","8.215","4.17",2024-10-29 23:15:00,"PSY1N903",3
"29/10/2024","23:30:00","24.60","-1.582","2.325",-0.56,"1.00","-3.80","-0.21","8.212","4.16",2024-10-29 23:30:00,"PSY1N903",3
"29/10/2024","23:45:00","24.63","-1.588","2.215",-0.53,"1.00","-3.80","-0.21","8.212","4.16",2024-10-29 23:45:00,"PSY1N903",3
"30/10/2024","00:00:00","23.85","0.024","2.435",-0.39,"1.00","-3.80","0.00","8.240","4.16",2024-10-30,"PSY1N903",3
"30/10/2024","00:15:00","23.15","-0.078","1.790",-0.24,"1.00","-3.80","-0.01","8.265","4.16",2024-10-30 00:15:00,"PSY1N903",3
"30/10/2024","00:30:00","22.64","-0.125","1.440",-0.15,"1.00","-3.80","-0.01","8.283","4.16",2024-10-30 00:30:00,"PSY1N903",3
"30/10/2024","00:45:00","22.14","-0.155","1.277",-0.12,"1.00","-3.80","-0.02","8.301","4.16",2024-10-30 00:45:00,"PSY1N903",3
"30/10/2024","01:00:00","21.78","-0.195","1.120",-0.08,"1.00","-3.80","-0.02","8.315","4.16",2024-10-30 01:00:00,"PSY1N903",3
"30/10/2024","01:15:00","21.47","-0.177","0.992",-0.04,"1.00","-3.80","-0.02","8.326","4.16",2024-10-30 01:15:00,"PSY1N903",3
"30/10/2024","01:30:00","21.25","-0.232","0.854",-0.01,"1.00","-3.80","-0.03","8.333","4.15",2024-10-30 01:30:00,"PSY1N903",3
"30/10/2024","01:45:00","20.95","-0.281","0.786",0,"1.00","-3.80","-0.03","8.344","4.15",2024-10-30 01:45:00,"PSY1N903",3
"30/10/2024","02:00:00","20.60","-0.310","0.000",0,"1.00","-3.80","-0.04","8.355","4.15",2024-10-30 02:00:00,"PSY1N903",3
"30/10/2024","02:15:00","20.26","-0.437","0.000",0,"1.00","-3.80","-0.06","8.370","4.15",2024-10-30 02:15:00,"PSY1N903",3
"30/10/2024","02:30:00","20.25","-0.438","0.000",0,"1.00","-3.80","-0.06","8.370","4.15",2024-10-30 02:30:00,"PSY1N903",3
"30/10/2024","02:45:00","20.20","-0.443","0.000",0,"1.00","-3.80","-0.06","8.370","4.15",2024-10-30 02:45:00,"PSY1N903",3
"30/10/2024","03:00:00","20.04","-0.581","0.000",0,"1.00","-3.80","-0.07","8.377","4.15",2024-10-30 03:00:00,"PSY1N903",3
"30/10/2024","03:15:00","19.95","-0.505","0.000",0,"1.00","-3.80","-0.06","8.381","4.15",2024-10-30 03:15:00,"PSY1N903",3
"30/10/2024","03:30:00","19.87","-0.405","0.000",0,"1.00","-3.80","-0.05","8.384","4.15",2024-10-30 03:30:00,"PSY1N903",3
"30/10/2024","03:45:00","19.74","-0.559","0.000",0,"1.00","-3.80","-0.07","8.388","4.15",2024-10-30 03:45:00,"PSY1N903",3
"30/10/2024","04:00:00","19.65","-0.491","0.000",0,"1.00","-3.80","-0.06","8.392","4.15",2024-10-30 04:00:00,"PSY1N903",3
"30/10/2024","04:15:00","19.50","-0.572","0.000",0,"1.00","-3.80","-0.07","8.395","4.14",2024-10-30 04:15:00,"PSY1N903",3
"30/10/2024","04:30:00","19.48","-0.504","0.000",0,"1.00","-3.80","-0.06","8.399","4.14",2024-10-30 04:30:00,"PSY1N903",3
"30/10/2024","04:45:00","19.45","-0.518","0.000",0,"1.00","-3.80","-0.07","8.399","4.14",2024-10-30 04:45:00,"PSY1N903",3
"30/10/2024","05:00:00","19.41","-0.502","0.000",0,"1.00","-3.80","-0.06","8.399","4.14",2024-10-30 05:00:00,"PSY1N903",3
"30/10/2024","05:15:00","19.41","-0.488","0.000",0,"1.00","-3.80","-0.06","8.399","4.14",2024-10-30 05:15:00,"PSY1N903",3
"30/10/2024","05:30:00","19.42","-0.554","0.000",0,"1.00","-3.80","-0.07","8.399","4.14",2024-10-30 05:30:00,"PSY1N903",3
"30/10/2024","05:45:00","19.42","-0.577","0.000",0,"1.00","-3.80","-0.07","8.399","4.14",2024-10-30 05:45:00,"PSY1N903",3
"30/10/2024","06:00:00","19.44","-0.677","0.000",0,"1.00","-3.80","-0.09","8.399","4.14",2024-10-30 06:00:00,"PSY1N903",3
"30/10/2024","06:15:00","19.38","-0.541","0.000",0,"1.00","-3.80","-0.07","8.403","4.13",2024-10-30 06:15:00,"PSY1N903",3
"30/10/2024","06:30:00","19.34","-0.635","0.000",0,"1.00","-3.80","-0.08","8.403","4.13",2024-10-30 06:30:00,"PSY1N903",3
"30/10/2024","06:45:00","19.34","-0.581","0.000",0,"1.00","-3.80","-0.08","8.403","4.13",2024-10-30 06:45:00,"PSY1N903",3
"30/10/2024","07:00:00","19.35","-0.657","0.000",0,"1.00","-3.80","-0.09","8.403","4.13",2024-10-30 07:00:00,"PSY1N903",3
"30/10/2024","07:15:00","19.34","-0.582","0.000",0,"1.00","-3.80","-0.08","8.403","4.13",2024-10-30 07:15:00,"PSY1N903",3
"30/10/2024","07:30:00","19.35","-0.550","0.000",0,"1.00","-3.80","-0.07","8.403","4.13",2024-10-30 07:30:00,"PSY1N903",3
"30/10/2024","07:45:00","19.23","-0.607","0.000",0,"1.00","-3.80","-0.08","8.406","4.13",2024-10-30 07:45:00,"PSY1N903",3
"30/10/2024","08:00:00","19.69","-1.934","0.123",-0.04,"1.00","-3.80","-0.26","8.392","4.13",2024-10-30 08:00:00,"PSY1N903",3
"30/10/2024","08:15:00","20.40","-2.038","0.139",-0.05,"1.00","-3.80","-0.27","8.362","4.13",2024-10-30 08:15:00,"PSY1N903",3
"30/10/2024","08:30:00","21.04","-2.107","0.307",-0.11,"1.00","-3.80","-0.28","8.341","4.13",2024-10-30 08:30:00,"PSY1N903",3
"30/10/2024","08:45:00","21.41","-2.380","0.425",-0.18,"1.00","-3.80","-0.32","8.326","4.12",2024-10-30 08:45:00,"PSY1N903",3
"30/10/2024","09:00:00","21.79","-2.234","0.675",-0.23,"1.00","-3.80","-0.30","8.315","4.12",2024-10-30 09:00:00,"PSY1N903",3
"30/10/2024","09:15:00","22.03","-1.073","1.188",-0.22,"1.00","-3.80","-0.14","8.305","4.12",2024-10-30 09:15:00,"PSY1N903",3
"30/10/2024","09:30:00","22.11","-2.083","1.519",-0.45,"1.00","-3.80","-0.28","8.301","4.12",2024-10-30 09:30:00,"PSY1N903",3
"30/10/2024","09:45:00","22.44","-1.643","1.510",-0.38,"1.00","-3.80","-0.22","8.290","4.12",2024-10-30 09:45:00,"PSY1N903",3
"30/10/2024","10:00:00","22.59","-0.868","1.394",-0.24,"1.00","-3.80","-0.11","8.287","4.12",2024-10-30 10:00:00,"PSY1N903",3
"30/10/2024","10:15:00","22.71","-1.826","1.596",-0.43,"1.00","-3.80","-0.24","8.279","4.12",2024-10-30 10:15:00,"PSY1N903",3
"30/10/2024","10:30:00","23.13","-1.468","1.596",-0.37,"1.00","-3.80","-0.19","8.265","4.12",2024-10-30 10:30:00,"PSY1N903",3
"30/10/2024","10:45:00","23.20","-1.526","1.702",-0.41,"1.00","-3.80","-0.20","8.262","4.11",2024-10-30 10:45:00,"PSY1N903",3
"30/10/2024","11:00:00","23.40","-1.700","1.497",-0.37,"1.00","-3.80","-0.23","8.254","4.11",2024-10-30 11:00:00,"PSY1N903",3
"30/10/2024","11:15:00","23.76","-2.056","1.813",-0.5,"1.00","-3.80","-0.27","8.244","4.11",2024-10-30 11:15:00,"PSY1N903",3
"30/10/2024","11:30:00","24.10","-1.647","1.508",-0.36,"1.00","-3.80","-0.22","8.229","4.11",2024-10-30 11:30:00,"PSY1N903",3
"30/10/2024","11:45:00","24.40","-1.712","1.623",-0.4,"1.00","-3.80","-0.23","8.219","4.11",2024-10-30 11:45:00,"PSY1N903",3
"30/10/2024","12:00:00","24.46","-1.267","1.878",-0.4,"1.00","-3.80","-0.17","8.219","4.11",2024-10-30 12:00:00,"PSY1N903",3
"30/10/2024","12:15:00","24.46","-1.641","1.772",-0.43,"1.00","-3.80","-0.22","8.219","4.11",2024-10-30 12:15:00,"PSY1N903",3
"30/10/2024","12:30:00","24.74","-1.513","1.685",-0.38,"1.00","-3.80","-0.20","8.208","4.11",2024-10-30 12:30:00,"PSY1N903",3
"30/10/2024","12:45:00","25.01","-1.708","1.878",-0.46,"1.00","-3.80","-0.22","8.198","4.11",2024-10-30 12:45:00,"PSY1N903",3
"30/10/2024","13:00:00","25.23","-2.263","1.773",-0.5,"1.00","-3.80","-0.30","8.191","4.11",2024-10-30 13:00:00,"PSY1N903",3
"30/10/2024","13:15:00","25.29","-1.453","1.900",-0.42,"1.00","-3.80","-0.19","8.191","4.10",2024-10-30 13:15:00,"PSY1N903",3
"30/10/2024","13:30:00","25.58","-2.227","2.003",-0.55,"1.00","-3.80","-0.29","8.180","4.10",2024-10-30 13:30:00,"PSY1N903",3
"30/10/2024","13:45:00","25.96","-0.871","2.324",-0.44,"1.00","-3.80","-0.11","8.166","4.10",2024-10-30 13:45:00,"PSY1N903",3
"30/10/2024","14:00:00","26.15","-1.971","2.214",-0.56,"1.00","-3.80","-0.26","8.159","4.10",2024-10-30 14:00:00,"PSY1N903",3
"30/10/2024","14:15:00","26.06","-2.245","2.139",-0.58,"1.00","-3.80","-0.30","8.161","4.10",2024-10-30 14:15:00,"PSY1N903",3
"30/10/2024","14:30:00","25.97","-1.711","2.277",-0.54,"1.00","-3.80","-0.22","8.166","4.10",2024-10-30 14:30:00,"PSY1N903",3
"30/10/2024","14:45:00","26.23","-1.635","2.453",-0.58,"1.00","-3.80","-0.21","8.154","4.10",2024-10-30 14:45:00,"PSY1N903",3
"30/10/2024","15:00:00","26.09","-1.132","2.517",-0.53,"1.00","-3.80","-0.15","8.161","4.10",2024-10-30 15:00:00,"PSY1N903",3
"30/10/2024","15:15:00","26.24","-2.013","2.623",-0.67,"1.00","-3.80","-0.26","8.154","4.09",2024-10-30 15:15:00,"PSY1N903",3
"30/10/2024","15:30:00","26.35","-1.767","2.609",-0.63,"1.00","-3.80","-0.23","8.152","4.09",2024-10-30 15:30:00,"PSY1N903",3
"30/10/2024","15:45:00","26.41","-0.963","2.726",-0.55,"1.00","-3.80","-0.12","8.148","4.09",2024-10-30 15:45:00,"PSY1N903",3
"30/10/2024","16:00:00","26.42","-1.046","2.797",-0.58,"1.00","-3.80","-0.13","8.148","4.09",2024-10-30 16:00:00,"PSY1N903",3
"30/10/2024","16:15:00","26.26","-0.880","2.916",-0.59,"1.00","-3.80","-0.11","8.154","4.09",2024-10-30 16:15:00,"PSY1N903",3
"30/10/2024","16:30:00","25.95","-1.786","2.572",-0.63,"1.00","-3.80","-0.23","8.166","4.09",2024-10-30 16:30:00,"PSY1N903",3
"30/10/2024","16:45:00","25.62","-1.769","2.618",-0.65,"1.00","-3.80","-0.23","8.175","4.09",2024-10-30 16:45:00,"PSY1N903",3
"30/10/2024","17:00:00","25.47","-1.467","2.316",-0.53,"1.00","-3.80","-0.19","8.184","4.09",2024-10-30 17:00:00,"PSY1N903",3
"30/10/2024","17:15:00","25.29","-1.603","2.491",-0.6,"1.00","-3.80","-0.21","8.191","4.09",2024-10-30 17:15:00,"PSY1N903",3
"30/10/2024","17:30:00","24.76","-2.115","2.143",-0.58,"1.00","-3.80","-0.28","8.208","4.13",2024-10-30 17:30:00,"PSY1N903",3
"30/10/2024","17:45:00","25.46","-2.033","2.323",-0.61,"1.00","-3.80","-0.27","8.184","4.15",2024-10-30 17:45:00,"PSY1N903",3
"30/10/2024","18:00:00","25.82","-1.867","2.585",-0.65,"1.00","-3.80","-0.25","8.168","4.18",2024-10-30 18:00:00,"PSY1N903",3
"30/10/2024","18:15:00","25.58","-1.747","2.549",-0.63,"1.00","-3.80","-0.23","8.180","4.18",2024-10-30 18:15:00,"PSY1N903",3
"30/10/2024","18:30:00","25.71","-1.419","2.670",-0.61,"1.00","-3.80","-0.19","8.173","4.19",2024-10-30 18:30:00,"PSY1N903",3
"30/10/2024","18:45:00","25.32","-1.466","2.894",-0.68,"1.00","-3.80","-0.19","8.187","4.19",2024-10-30 18:45:00,"PSY1N903",3
"30/10/2024","19:00:00","25.06","-1.079","2.978",-0.66,"1.00","-3.80","-0.14","8.198","4.19",2024-10-30 19:00:00,"PSY1N903",3
"30/10/2024","19:15:00","24.69","-1.271","3.111",-0.73,"1.00","-3.80","-0.17","8.212","4.19",2024-10-30 19:15:00,"PSY1N903",3
"30/10/2024","19:30:00","24.63","-0.855","3.194",-0.7,"1.00","-3.80","-0.11","8.212","4.19",2024-10-30 19:30:00,"PSY1N903",3
"30/10/2024","19:45:00","24.43","-0.842","3.481",-0.78,"1.00","-3.80","-0.11","8.219","4.19",2024-10-30 19:45:00,"PSY1N903",3
"30/10/2024","20:00:00","24.60","-1.741","2.944",-0.75,"1.00","-3.80","-0.23","8.212","4.19",2024-10-30 20:00:00,"PSY1N903",3
"30/10/2024","20:15:00","24.89","-1.224","3.286",-0.76,"1.00","-3.80","-0.16","8.205","4.19",2024-10-30 20:15:00,"PSY1N903",3
"30/10/2024","20:30:00","24.61","-1.514","3.280",-0.81,"1.00","-3.80","-0.20","8.212","4.19",2024-10-30 20:30:00,"PSY1N903",3
"30/10/2024","20:45:00","24.62","-1.193","3.563",-0.84,"1.00","-3.80","-0.16","8.212","4.19",2024-10-30 20:45:00,"PSY1N903",3
"30/10/2024","21:00:00","24.63","-1.425","3.410",-0.83,"1.00","-3.80","-0.19","8.212","4.19",2024-10-30 21:00:00,"PSY1N903",3
"30/10/2024","21:15:00","24.59","-0.865","3.452",-0.77,"1.00","-3.80","-0.11","8.215","4.19",2024-10-30 21:15:00,"PSY1N903",3
"30/10/2024","21:30:00","24.62","-0.854","3.540",-0.79,"1.00","-3.80","-0.11","8.212","4.19",2024-10-30 21:30:00,"PSY1N903",3
"30/10/2024","21:45:00","24.38","-0.636","3.464",-0.74,"1.00","-3.80","-0.08","8.222","4.19",2024-10-30 21:45:00,"PSY1N903",3
"30/10/2024","22:00:00","24.24","-1.304","3.238",-0.78,"1.00","-3.80","-0.17","8.226","4.19",2024-10-30 22:00:00,"PSY1N903",3
"30/10/2024","22:15:00","24.06","-1.049","3.039",-0.69,"1.00","-3.80","-0.14","8.233","4.19",2024-10-30 22:15:00,"PSY1N903",3
"30/10/2024","22:30:00","24.16","-1.588","3.264",-0.82,"1.00","-3.80","-0.21","8.229","4.19",2024-10-30 22:30:00,"PSY1N903",3
"30/10/2024","22:45:00","24.07","-0.683","3.244",-0.7,"1.00","-3.80","-0.09","8.233","4.19",2024-10-30 22:45:00,"PSY1N903",3
"30/10/2024","23:00:00","23.87","-1.629","3.235",-0.83,"1.00","-3.80","-0.22","8.240","4.19",2024-10-30 23:00:00,"PSY1N903",3
"30/10/2024","23:15:00","24.04","-1.483","3.129",-0.78,"1.00","-3.80","-0.20","8.233","4.19",2024-10-30 23:15:00,"PSY1N903",3
"30/10/2024","23:30:00","24.14","-1.599","3.055",-0.77,"1.00","-3.80","-0.21","8.229","4.19",2024-10-30 23:30:00,"PSY1N903",3
"30/10/2024","23:45:00","24.10","-1.606","3.003",-0.76,"1.00","-3.80","-0.21","8.229","4.19",2024-10-30 23:45:00,"PSY1N903",3
"31/10/2024","00:00:00","23.54","-0.148","2.865",-0.54,"1.00","-3.80","-0.02","8.251","4.19",2024-10-31,"PSY1N903",3
"31/10/2024","00:15:00","22.94","-0.134","2.181",-0.36,"1.00","-3.80","-0.01","8.272","4.19",2024-10-31 00:15:00,"PSY1N903",3
"31/10/2024","00:30:00","22.48","0.079","1.772",-0.22,"1.00","-3.80","0.01","8.290","4.19",2024-10-31 00:30:00,"PSY1N903",3
"31/10/2024","00:45:00","22.06","-0.195","1.544",-0.2,"1.00","-3.80","-0.02","8.305","4.19",2024-10-31 00:45:00,"PSY1N903",3
"31/10/2024","01:00:00","21.58","0.443","1.527",-0.11,"1.00","-3.80","0.06","8.323","4.19",2024-10-31 01:00:00,"PSY1N903",3
"31/10/2024","01:15:00","21.01","-0.033","1.515",-0.18,"1.00","-3.80","0.00","8.341","4.19",2024-10-31 01:15:00,"PSY1N903",3
"31/10/2024","01:30:00","20.51","0.066","1.231",-0.09,"1.00","-3.80","0.00","8.359","4.19",2024-10-31 01:30:00,"PSY1N903",3
"31/10/2024","01:45:00","20.24","-0.162","1.154",-0.1,"1.00","-3.80","-0.02","8.370","4.19",2024-10-31 01:45:00,"PSY1N903",3
"31/10/2024","02:00:00","20.05","-0.090","1.008",-0.05,"1.00","-3.80","-0.01","8.377","4.19",2024-10-31 02:00:00,"PSY1N903",3
"31/10/2024","02:15:00","19.84","-0.396","1.020",-0.1,"1.00","-3.80","-0.05","8.384","4.19",2024-10-31 02:15:00,"PSY1N903",3
"31/10/2024","02:30:00","19.69","-0.282","0.939",-0.06,"1.00","-3.80","-0.03","8.392","4.19",2024-10-31 02:30:00,"PSY1N903",3
"31/10/2024","02:45:00","19.67","-0.347","0.889",-0.05,"1.00","-3.80","-0.04","8.392","4.19",2024-10-31 02:45:00,"PSY1N903",3
"31/10/2024","03:00:00","19.71","-0.423","0.864",-0.06,"1.00","-3.80","-0.05","8.388","4.19",2024-10-31 03:00:00,"PSY1N903",3
"31/10/2024","03:15:00","19.73","-0.365","0.793",-0.03,"1.00","-3.80","-0.05","8.388","4.19",2024-10-31 03:15:00,"PSY1N903",3
"31/10/2024","03:30:00","19.59","-0.377","0.854",-0.05,"1.00","-3.80","-0.05","8.395","4.19",2024-10-31 03:30:00,"PSY1N903",3
"31/10/2024","03:45:00","19.47","-0.515","0.904",-0.08,"1.00","-3.80","-0.07","8.399","4.19",2024-10-31 03:45:00,"PSY1N903",3
"31/10/2024","04:00:00","19.48","-0.430","0.754",-0.02,"1.00","-3.80","-0.05","8.399","4.19",2024-10-31 04:00:00,"PSY1N903",3
"31/10/2024","04:15:00","19.49","-0.513","0.726",-0.03,"1.00","-3.80","-0.07","8.399","4.19",2024-10-31 04:15:00,"PSY1N903",3
"31/10/2024","04:30:00","19.47","-0.449","0.703",-0.01,"1.00","-3.80","-0.06","8.399","4.19",2024-10-31 04:30:00,"PSY1N903",3
"31/10/2024","04:45:00","19.39","-0.325","0.000",0,"1.00","-3.80","-0.04","8.403","4.19",2024-10-31 04:45:00,"PSY1N903",3
"31/10/2024","05:00:00","19.27","-0.493","0.654",0,"1.00","-3.80","-0.06","8.406","4.19",2024-10-31 05:00:00,"PSY1N903",3
"31/10/2024","05:15:00","19.27","-0.407","0.000",0,"1.00","-3.80","-0.05","8.406","4.19",2024-10-31 05:15:00,"PSY1N903",3
"31/10/2024","05:30:00","19.17","-0.453","0.000",0,"1.00","-3.80","-0.06","8.410","4.19",2024-10-31 05:30:00,"PSY1N903",3
"31/10/2024","05:45:00","19.17","-0.443","0.000",0,"1.00","-3.80","-0.06","8.410","4.19",2024-10-31 05:45:00,"PSY1N903",3
"31/10/2024","06:00:00","19.18","-0.544","0.000",0,"1.00","-3.80","-0.07","8.410","4.19",2024-10-31 06:00:00,"PSY1N903",3
"31/10/2024","06:15:00","19.18","-0.599","0.000",0,"1.00","-3.80","-0.08","8.410","4.19",2024-10-31 06:15:00,"PSY1N903",3
"31/10/2024","06:30:00","19.15","-0.481","0.000",0,"1.00","-3.80","-0.06","8.410","4.19",2024-10-31 06:30:00,"PSY1N903",3
"31/10/2024","06:45:00","19.13","-0.560","0.000",0,"1.00","-3.80","-0.07","8.410","4.19",2024-10-31 06:45:00,"PSY1N903",3
"31/10/2024","07:00:00","19.09","-0.540","0.000",0,"1.00","-3.80","-0.07","8.414","4.19",2024-10-31 07:00:00,"PSY1N903",3
"31/10/2024","07:15:00","19.11","-0.553","0.000",0,"1.00","-3.80","-0.07","8.410","4.19",2024-10-31 07:15:00,"PSY1N903",3
"31/10/2024","07:30:00","19.03","-0.537","0.000",0,"1.00","-3.80","-0.07","8.414","4.19",2024-10-31 07:30:00,"PSY1N903",3
"31/10/2024","07:45:00","18.97","-0.207","0.000",0,"1.00","-3.80","-0.02","8.417","4.19",2024-10-31 07:45:00,"PSY1N903",3
"31/10/2024","08:00:00","19.42","-1.740","0.450",-0.11,"1.00","-3.80","-0.23","8.399","4.19",2024-10-31 08:00:00,"PSY1N903",3
"31/10/2024","08:15:00","20.31","-1.799","0.816",-0.22,"1.00","-3.80","-0.24","8.366","4.19",2024-10-31 08:15:00,"PSY1N903",3
"31/10/2024","08:30:00","20.71","-1.660","1.410",-0.38,"1.00","-3.80","-0.22","8.352","4.19",2024-10-31 08:30:00,"PSY1N903",3
"31/10/2024","08:45:00","20.89","-1.531","2.110",-0.57,"1.00","-3.80","-0.20","8.348","4.19",2024-10-31 08:45:00,"PSY1N903",3
"31/10/2024","09:00:00","20.96","-1.335","2.047",-0.52,"1.00","-3.80","-0.18","8.344","4.19",2024-10-31 09:00:00,"PSY1N903",3
"31/10/2024","09:15:00","21.25","-1.731","2.573",-0.72,"1.00","-3.80","-0.23","8.333","4.19",2024-10-31 09:15:00,"PSY1N903",3
"31/10/2024","09:30:00","21.53","-1.258","2.388",-0.6,"1.00","-3.80","-0.17","8.323","4.19",2024-10-31 09:30:00,"PSY1N903",3
"31/10/2024","09:45:00","21.86","-1.852","2.340",-0.66,"1.00","-3.80","-0.25","8.312","4.19",2024-10-31 09:45:00,"PSY1N903",3
"31/10/2024","10:00:00","22.26","-2.300","2.342",-0.71,"1.00","-3.80","-0.31","8.297","4.19",2024-10-31 10:00:00,"PSY1N903",3
"31/10/2024","10:15:00","22.83","-1.702","2.331",-0.61,"1.00","-3.80","-0.23","8.276","4.19",2024-10-31 10:15:00,"PSY1N903",3
"31/10/2024","10:30:00","23.21","-2.159","2.512",-0.72,"1.00","-3.80","-0.29","8.262","4.19",2024-10-31 10:30:00,"PSY1N903",3
"31/10/2024","10:45:00","23.47","-2.076","2.583",-0.72,"1.00","-3.80","-0.28","8.254","4.19",2024-10-31 10:45:00,"PSY1N903",3
"31/10/2024","11:00:00","23.87","-2.498","2.393",-0.72,"1.00","-3.80","-0.33","8.240","4.19",2024-10-31 11:00:00,"PSY1N903",3
"31/10/2024","11:15:00","24.67","-2.090","2.767",-0.75,"1.00","-3.80","-0.28","8.212","4.19",2024-10-31 11:15:00,"PSY1N903",3
"31/10/2024","11:30:00","24.49","-1.796","2.940",-0.76,"1.00","-3.80","-0.24","8.219","4.19",2024-10-31 11:30:00,"PSY1N903",3
"31/10/2024","11:45:00","24.63","-1.325","3.163",-0.75,"1.00","-3.80","-0.17","8.212","4.19",2024-10-31 11:45:00,"PSY1N903",3
"31/10/2024","12:00:00","24.78","-1.063","3.814",-0.88,"1.00","-3.80","-0.14","8.208","4.19",2024-10-31 12:00:00,"PSY1N903",3
"31/10/2024","12:15:00","25.10","-2.793","2.717",-0.82,"1.00","-3.80","-0.37","8.194","4.19",2024-10-31 12:15:00,"PSY1N903",3
"31/10/2024","12:30:00","25.27","-0.687","3.046",-0.62,"1.00","-3.80","-0.09","8.191","4.19",2024-10-31 12:30:00,"PSY1N903",3
"31/10/2024","12:45:00","25.57","-1.641","3.442",-0.84,"1.00","-3.80","-0.22","8.180","4.19",2024-10-31 12:45:00,"PSY1N903",3
"31/10/2024","13:00:00","26.49","-2.514","3.246",-0.89,"1.00","-3.80","-0.33","8.148","4.19",2024-10-31 13:00:00,"PSY1N903",3
"31/10/2024","13:15:00","27.19","-2.075","3.578",-0.9,"1.00","-3.80","-0.27","8.123","4.19",2024-10-31 13:15:00,"PSY1N903",3
"31/10/2024","13:30:00","27.83","-2.023","3.746",-0.92,"1.00","-3.80","-0.26","8.100","4.19",2024-10-31 13:30:00,"PSY1N903",3
"31/10/2024","13:45:00","28.07","-1.903","4.224",-1.01,"1.00","-3.80","-0.25","8.093","4.19",2024-10-31 13:45:00,"PSY1N903",3
"31/10/2024","14:00:00","27.82","0.369","5.373",-1,"1.00","-3.80","0.04","8.100","4.19",2024-10-31 14:00:00,"PSY1N903",3
"31/10/2024","14:15:00","27.54","-1.830","4.145",-1,"1.00","-3.80","-0.24","8.109","4.19",2024-10-31 14:15:00,"PSY1N903",3
"31/10/2024","14:30:00","27.76","-1.726","4.067",-0.96,"1.00","-3.80","-0.22","8.102","4.19",2024-10-31 14:30:00,"PSY1N903",3
"31/10/2024","14:45:00","27.96","-1.521","4.331",-0.99,"1.00","-3.80","-0.20","8.095","4.19",2024-10-31 14:45:00,"PSY1N903",3
"31/10/2024","15:00:00","27.75","-1.287","4.420",-0.99,"1.00","-3.80","-0.17","8.102","4.19",2024-10-31 15:00:00,"PSY1N903",3
"31/10/2024","15:15:00","26.81","-1.874","4.168",-1.03,"1.00","-3.80","-0.24","8.134","4.19",2024-10-31 15:15:00,"PSY1N903",3
"31/10/2024","15:30:00","26.14","-1.495","3.550",-0.84,"1.00","-3.80","-0.19","8.159","4.19",2024-10-31 15:30:00,"PSY1N903",3
"31/10/2024","15:45:00","26.14","-1.862","3.701",-0.93,"1.00","-3.80","-0.24","8.159","4.19",2024-10-31 15:45:00,"PSY1N903",3
"31/10/2024","16:00:00","26.05","-1.535","3.859",-0.92,"1.00","-3.80","-0.20","8.161","4.19",2024-10-31 16:00:00,"PSY1N903",3
"31/10/2024","16:15:00","25.88","-1.062","3.724",-0.83,"1.00","-3.80","-0.14","8.168","4.19",2024-10-31 16:15:00,"PSY1N903",3
"31/10/2024","16:30:00","25.86","-1.766","3.711",-0.92,"1.00","-3.80","-0.23","8.168","4.19",2024-10-31 16:30:00,"PSY1N903",3
"31/10/2024","16:45:00","26.04","-1.318","3.851",-0.89,"1.00","-3.80","-0.17","8.161","4.19",2024-10-31 16:45:00,"PSY1N903",3
"31/10/2024","17:00:00","26.09","-1.425","3.869",-0.91,"1.00","-3.80","-0.19","8.161","4.19",2024-10-31 17:00:00,"PSY1N903",3
"31/10/2024","17:15:00","26.03","-1.463","4.162",-0.99,"1.00","-3.80","-0.19","8.161","4.19",2024-10-31 17:15:00,"PSY1N903",3
"31/10/2024","17:30:00","25.89","-1.302","4.298",-1.01,"1.00","-3.80","-0.17","8.168","4.19",2024-10-31 17:30:00,"PSY1N903",3
"31/10/2024","17:45:00","25.71","-1.182","3.328",-0.75,"1.00","-3.80","-0.15","8.173","4.19",2024-10-31 17:45:00,"PSY1N903",3
"31/10/2024","18:00:00","25.46","-0.732","2.997",-0.61,"1.00","-3.80","-0.09","8.184","4.18",2024-10-31 18:00:00,"PSY1N903",3
"31/10/2024","18:15:00","25.11","-1.004","2.865",-0.62,"1.00","-3.80","-0.13","8.194","4.18",2024-10-31 18:15:00,"PSY1N903",3
"31/10/2024","18:30:00","24.65","-1.168","2.752",-0.62,"1.00","-3.80","-0.15","8.212","4.18",2024-10-31 18:30:00,"PSY1N903",3
"31/10/2024","18:45:00","24.10","-0.333","2.547",-0.46,"1.00","-3.80","-0.04","8.229","4.18",2024-10-31 18:45:00,"PSY1N903",3
"31/10/2024","19:00:00","24.10","-1.513","1.843",-0.43,"1.00","-3.80","-0.20","8.229","4.18",2024-10-31 19:00:00,"PSY1N903",3
"31/10/2024","19:15:00","24.12","-1.257","1.849",-0.4,"1.00","-3.80","-0.16","8.229","4.18",2024-10-31 19:15:00,"PSY1N903",3
"31/10/2024","19:30:00","23.76","-0.260","2.652",-0.49,"1.00","-3.80","-0.03","8.244","4.18",2024-10-31 19:30:00,"PSY1N903",3
"31/10/2024","19:45:00","23.39","-1.577","1.548",-0.37,"1.00","-3.80","-0.21","8.258","4.17",2024-10-31 19:45:00,"PSY1N903",3
"31/10/2024","20:00:00","23.63","-1.492","1.578",-0.37,"1.00","-3.80","-0.20","8.247","4.17",2024-10-31 20:00:00,"PSY1N903",3
"31/10/2024","20:15:00","23.68","-1.215","1.822",-0.39,"1.00","-3.80","-0.16","8.247","4.17",2024-10-31 20:15:00,"PSY1N903",3
"31/10/2024","20:30:00","23.47","-1.008","2.213",-0.48,"1.00","-3.80","-0.13","8.254","4.17",2024-10-31 20:30:00,"PSY1N903",3
"31/10/2024","20:45:00","23.22","-0.556","2.444",-0.48,"1.00","-3.80","-0.07","8.262","4.17",2024-10-31 20:45:00,"PSY1N903",3
"31/10/2024","21:00:00","23.23","-1.315","2.043",-0.47,"1.00","-3.80","-0.17","8.262","4.17",2024-10-31 21:00:00,"PSY1N903",3
"31/10/2024","21:15:00","23.04","-0.297","2.659",-0.51,"1.00","-3.80","-0.04","8.269","4.17",2024-10-31 21:15:00,"PSY1N903",3
"31/10/2024","21:30:00","22.81","-1.529","1.859",-0.46,"1.00","-3.80","-0.20","8.276","4.17",2024-10-31 21:30:00,"PSY1N903",3
"31/10/2024","21:45:00","22.79","-0.360","2.402",-0.45,"1.00","-3.80","-0.04","8.279","4.17",2024-10-31 21:45:00,"PSY1N903",3
"31/10/2024","22:00:00","22.69","-0.915","2.170",-0.47,"1.00","-3.80","-0.12","8.283","4.17",2024-10-31 22:00:00,"PSY1N903",3
"31/10/2024","22:15:00","22.51","-1.402","2.058",-0.5,"1.00","-3.80","-0.19","8.287","4.16",2024-10-31 22:15:00,"PSY1N903",3
"31/10/2024","22:30:00","22.41","-0.977","1.988",-0.43,"1.00","-3.80","-0.13","8.290","4.16",2024-10-31 22:30:00,"PSY1N903",3
"31/10/2024","22:45:00","22.53","-1.090","1.828",-0.4,"1.00","-3.80","-0.14","8.287","4.16",2024-10-31 22:45:00,"PSY1N903",3
"31/10/2024","23:00:00","22.60","-1.358","1.893",-0.45,"1.00","-3.80","-0.18","8.283","4.16",2024-10-31 23:00:00,"PSY1N903",3
"31/10/2024","23:15:00","22.85","-1.503","1.753",-0.43,"1.00","-3.80","-0.20","8.276","4.16",2024-10-31 23:15:00,"PSY1N903",3
"31/10/2024","23:30:00","23.04","-1.440","1.748",-0.41,"1.00","-3.80","-0.19","8.269","4.16",2024-10-31 23:30:00,"PSY1N903",3
"31/10/2024","23:45:00","23.21","-1.667","1.605",-0.4,"1.00","-3.80","-0.22","8.262","4.16",2024-10-31 23:45:00,"PSY1N903",3
"01/11/2024","00:00:00","22.57","-0.012","1.741",-0.22,"1.00","-3.80","0.00","8.287","4.16",2024-11-01,"PSY1N903",3
"01/11/2024","00:15:00","21.96","-0.144","1.227",-0.1,"1.00","-3.80","-0.01","8.308","4.15",2024-11-01 00:15:00,"PSY1N903",3
"01/11/2024","00:30:00","21.49","-0.223","0.934",-0.03,"1.00","-3.80","-0.03","8.326","4.15",2024-11-01 00:30:00,"PSY1N903",3
"01/11/2024","00:45:00","21.10","-0.224","0.000",0,"1.00","-3.80","-0.03","8.337","4.15",2024-11-01 00:45:00,"PSY1N903",3
"01/11/2024","01:00:00","20.82","-0.312","0.000",0,"1.00","-3.80","-0.04","8.348","4.15",2024-11-01 01:00:00,"PSY1N903",3
"01/11/2024","01:15:00","20.60","-0.373","0.000",0,"1.00","-3.80","-0.05","8.355","4.15",2024-11-01 01:15:00,"PSY1N903",3
"01/11/2024","01:30:00","20.42","-0.448","0.000",0,"1.00","-3.80","-0.06","8.362","4.15",2024-11-01 01:30:00,"PSY1N903",3
"01/11/2024","01:45:00","20.28","-0.503","0.000",0,"1.00","-3.80","-0.06","8.370","4.15",2024-11-01 01:45:00,"PSY1N903",3
"01/11/2024","02:00:00","20.20","-0.469","0.000",0,"1.00","-3.80","-0.06","8.370","4.15",2024-11-01 02:00:00,"PSY1N903",3
"01/11/2024","02:15:00","20.12","-0.508","0.000",0,"1.00","-3.80","-0.06","8.373","4.15",2024-11-01 02:15:00,"PSY1N903",3
"01/11/2024","02:30:00","20.06","-0.517","0.000",0,"1.00","-3.80","-0.07","8.377","4.14",2024-11-01 02:30:00,"PSY1N903",3
"01/11/2024","02:45:00","19.99","-0.639","0.000",0,"1.00","-3.80","-0.08","8.381","4.14",2024-11-01 02:45:00,"PSY1N903",3
"01/11/2024","03:00:00","19.95","-0.597","0.000",0,"1.00","-3.80","-0.08","8.381","4.14",2024-11-01 03:00:00,"PSY1N903",3
"01/11/2024","03:15:00","19.91","-0.470","0.000",0,"1.00","-3.80","-0.06","8.381","4.14",2024-11-01 03:15:00,"PSY1N903",3
"01/11/2024","03:30:00","19.86","-0.662","0.000",0,"1.00","-3.80","-0.09","8.384","4.14",2024-11-01 03:30:00,"PSY1N903",3
"01/11/2024","03:45:00","19.82","-0.596","0.000",0,"1.00","-3.80","-0.08","8.384","4.14",2024-11-01 03:45:00,"PSY1N903",3
"01/11/2024","04:00:00","19.79","-0.587","0.000",0,"1.00","-3.80","-0.08","8.388","4.14",2024-11-01 04:00:00,"PSY1N903",3
"01/11/2024","04:15:00","19.77","-0.680","0.000",0,"1.00","-3.80","-0.09","8.388","4.14",2024-11-01 04:15:00,"PSY1N903",3
"01/11/2024","04:30:00","19.74","-0.531","0.000",0,"1.00","-3.80","-0.07","8.388","4.14",2024-11-01 04:30:00,"PSY1N903",3
"01/11/2024","04:45:00","19.73","-0.655","0.000",0,"1.00","-3.80","-0.09","8.388","4.13",2024-11-01 04:45:00,"PSY1N903",3
"01/11/2024","05:00:00","19.71","-0.542","0.000",0,"1.00","-3.80","-0.07","8.388","4.13",2024-11-01 05:00:00,"PSY1N903",3
"01/11/2024","05:15:00","19.69","-0.532","0.000",0,"1.00","-3.80","-0.07","8.392","4.13",2024-11-01 05:15:00,"PSY1N903",3
"01/11/2024","05:30:00","19.69","-0.668","0.000",0,"1.00","-3.80","-0.09","8.392","4.13",2024-11-01 05:30:00,"PSY1N903",3
"01/11/2024","05:45:00","19.68","-0.589","0.000",0,"1.00","-3.80","-0.08","8.392","4.13",2024-11-01 05:45:00,"PSY1N903",3
"01/11/2024","06:00:00","19.65","-0.691","0.000",0,"1.00","-3.80","-0.09","8.392","4.13",2024-11-01 06:00:00,"PSY1N903",3
"01/11/2024","06:15:00","19.64","-0.667","0.000",0,"1.00","-3.80","-0.09","8.392","4.13",2024-11-01 06:15:00,"PSY1N903",3
"01/11/2024","06:30:00","19.62","-0.682","0.000",0,"1.00","-3.80","-0.09","8.392","4.13",2024-11-01 06:30:00,"PSY1N903",3
"01/11/2024","06:45:00","19.61","-0.683","0.000",0,"1.00","-3.80","-0.09","8.392","4.13",2024-11-01 06:45:00,"PSY1N903",3
"01/11/2024","07:00:00","19.60","-0.669","0.000",0,"1.00","-3.80","-0.09","8.392","4.13",2024-11-01 07:00:00,"PSY1N903",3
"01/11/2024","07:15:00","19.62","-0.583","0.000",0,"1.00","-3.80","-0.08","8.392","4.12",2024-11-01 07:15:00,"PSY1N903",3
"01/11/2024","07:30:00","19.68","-0.622","0.000",0,"1.00","-3.80","-0.08","8.392","4.12",2024-11-01 07:30:00,"PSY1N903",3
"01/11/2024","07:45:00","19.52","-0.179","0.000",0,"1.00","-3.80","-0.02","8.395","4.12",2024-11-01 07:45:00,"PSY1N903",3
"01/11/2024","08:00:00","19.84","-1.909","0.028",0,"1.00","-3.80","-0.26","8.384","4.12",2024-11-01 08:00:00,"PSY1N903",3
"01/11/2024","08:15:00","20.42","-1.449","0.000",0,"1.00","-3.80","-0.19","8.362","4.12",2024-11-01 08:15:00,"PSY1N903",3
"01/11/2024","08:30:00","20.73","-1.158","0.000",0,"1.00","-3.80","-0.15","8.352","4.12",2024-11-01 08:30:00,"PSY1N903",3
"01/11/2024","08:45:00","20.93","-2.219","0.332",-0.13,"1.00","-3.80","-0.30","8.344","4.12",2024-11-01 08:45:00,"PSY1N903",3
"01/11/2024","09:00:00","21.01","-1.875","0.437",-0.12,"1.00","-3.80","-0.25","8.341","4.12",2024-11-01 09:00:00,"PSY1N903",3
"01/11/2024","09:15:00","21.17","-2.538","0.531",-0.23,"1.00","-3.80","-0.34","8.337","4.12",2024-11-01 09:15:00,"PSY1N903",3
"01/11/2024","09:30:00","21.43","-2.564","0.461",-0.22,"1.00","-3.80","-0.34","8.326","4.11",2024-11-01 09:30:00,"PSY1N903",3
"01/11/2024","09:45:00","21.62","-1.977","0.482",-0.14,"1.00","-3.80","-0.26","8.319","4.11",2024-11-01 09:45:00,"PSY1N903",3
"01/11/2024","10:00:00","21.49","-1.857","0.602",-0.16,"1.00","-3.80","-0.25","8.326","4.11",2024-11-01 10:00:00,"PSY1N903",3
"01/11/2024","10:15:00","21.54","-2.081","0.874",-0.27,"1.00","-3.80","-0.28","8.323","4.11",2024-11-01 10:15:00,"PSY1N903",3
"01/11/2024","10:30:00","21.62","-1.334","1.113",-0.24,"1.00","-3.80","-0.18","8.319","4.11",2024-11-01 10:30:00,"PSY1N903",3
"01/11/2024","10:45:00","21.72","-1.564","1.088",-0.26,"1.00","-3.80","-0.21","8.315","4.11",2024-11-01 10:45:00,"PSY1N903",3
"01/11/2024","11:00:00","21.84","-1.357","1.059",-0.22,"1.00","-3.80","-0.18","8.312","4.11",2024-11-01 11:00:00,"PSY1N903",3
"01/11/2024","11:15:00","21.84","-1.397","1.296",-0.3,"1.00","-3.80","-0.19","8.312","4.11",2024-11-01 11:15:00,"PSY1N903",3
"01/11/2024","11:30:00","21.98","0.128","1.051",-0.02,"1.00","-3.80","0.01","8.308","4.11",2024-11-01 11:30:00,"PSY1N903",3
"01/11/2024","11:45:00","22.33","-1.357","1.036",-0.21,"1.00","-3.80","-0.18","8.294","4.10",2024-11-01 11:45:00,"PSY1N903",3
"01/11/2024","12:00:00","22.49","-1.727","1.259",-0.32,"1.00","-3.80","-0.23","8.290","4.10",2024-11-01 12:00:00,"PSY1N903",3
"01/11/2024","12:15:00","22.83","-1.366","1.371",-0.3,"1.00","-3.80","-0.18","8.276","4.10",2024-11-01 12:15:00,"PSY1N903",3
"01/11/2024","12:30:00","22.98","-1.445","1.638",-0.38,"1.00","-3.80","-0.19","8.272","4.10",2024-11-01 12:30:00,"PSY1N903",3
"01/11/2024","12:45:00","22.97","-1.638","1.685",-0.42,"1.00","-3.80","-0.22","8.272","4.10",2024-11-01 12:45:00,"PSY1N903",3
"01/11/2024","13:00:00","23.02","-1.353","1.830",-0.42,"1.00","-3.80","-0.18","8.269","4.10",2024-11-01 13:00:00,"PSY1N903",3
"01/11/2024","13:15:00","22.85","-0.927","1.534",-0.29,"1.00","-3.80","-0.12","8.276","4.10",2024-11-01 13:15:00,"PSY1N903",3
"01/11/2024","13:30:00","23.02","-1.587","1.604",-0.39,"1.00","-3.80","-0.21","8.269","4.10",2024-11-01 13:30:00,"PSY1N903",3
"01/11/2024","13:45:00","22.99","-0.824","1.764",-0.33,"1.00","-3.80","-0.11","8.272","4.10",2024-11-01 13:45:00,"PSY1N903",3
"01/11/2024","14:00:00","23.03","-0.983","2.103",-0.45,"1.00","-3.80","-0.13","8.269","4.09",2024-11-01 14:00:00,"PSY1N903",3
"01/11/2024","14:15:00","23.28","-1.494","1.785",-0.43,"1.00","-3.80","-0.20","8.262","4.09",2024-11-01 14:15:00,"PSY1N903",3
"01/11/2024","14:30:00","23.14","-1.142","1.829",-0.39,"1.00","-3.80","-0.15","8.265","4.09",2024-11-01 14:30:00,"PSY1N903",3
"01/11/2024","14:45:00","23.14","-1.591","1.932",-0.48,"1.00","-3.80","-0.21","8.265","4.09",2024-11-01 14:45:00,"PSY1N903",3
"01/11/2024","15:00:00","22.97","0.560","1.848",-0.17,"1.00","-3.80","0.07","8.272","4.09",2024-11-01 15:00:00,"PSY1N903",3
"01/11/2024","15:15:00","22.86","-1.227","2.059",-0.47,"1.00","-3.80","-0.16","8.276","4.09",2024-11-01 15:15:00,"PSY1N903",3
"01/11/2024","15:30:00","22.80","-1.702","1.905",-0.5,"1.00","-3.80","-0.23","8.276","4.09",2024-11-01 15:30:00,"PSY1N903",3
"01/11/2024","15:45:00","22.76","-1.445","1.963",-0.48,"1.00","-3.80","-0.19","8.279","4.09",2024-11-01 15:45:00,"PSY1N903",3
"01/11/2024","16:00:00","22.84","-1.505","2.050",-0.51,"1.00","-3.80","-0.20","8.276","4.09",2024-11-01 16:00:00,"PSY1N903",3
"01/11/2024","16:15:00","22.92","-1.102","2.080",-0.46,"1.00","-3.80","-0.14","8.272","4.09",2024-11-01 16:15:00,"PSY1N903",3
"01/11/2024","16:30:00","22.94","-1.284","2.000",-0.46,"1.00","-3.80","-0.17","8.272","4.09",2024-11-01 16:30:00,"PSY1N903",3
"01/11/2024","16:45:00","22.84","-1.549","2.214",-0.56,"1.00","-3.80","-0.21","8.276","4.08",2024-11-01 16:45:00,"PSY1N903",3
"01/11/2024","17:00:00","22.66","-1.324","2.221",-0.54,"1.00","-3.80","-0.17","8.283","4.08",2024-11-01 17:00:00,"PSY1N903",3
"01/11/2024","17:15:00","22.50","-0.777","2.680",-0.59,"1.00","-3.80","-0.10","8.287","4.08",2024-11-01 17:15:00,"PSY1N903",3
"01/11/2024","17:30:00","22.37","-1.040","2.244",-0.51,"1.00","-3.80","-0.14","8.294","4.08",2024-11-01 17:30:00,"PSY1N903",3
"01/11/2024","17:45:00","22.53","-0.616","2.330",-0.47,"1.00","-3.80","-0.08","8.287","4.08",2024-11-01 17:45:00,"PSY1N903",3
"01/11/2024","18:00:00","22.59","-1.302","2.235",-0.54,"1.00","-3.80","-0.17","8.287","4.08",2024-11-01 18:00:00,"PSY1N903",3
"01/11/2024","18:15:00","22.53","-1.239","2.258",-0.54,"1.00","-3.80","-0.16","8.287","4.08",2024-11-01 18:15:00,"PSY1N903",3
"01/11/2024","18:30:00","22.45","-1.073","2.668",-0.63,"1.00","-3.80","-0.14","8.290","4.08",2024-11-01 18:30:00,"PSY1N903",3
"01/11/2024","18:45:00","22.39","-0.629","2.760",-0.6,"1.00","-3.80","-0.08","8.294","4.08",2024-11-01 18:45:00,"PSY1N903",3
"01/11/2024","19:00:00","22.36","-1.204","2.609",-0.63,"1.00","-3.80","-0.16","8.294","4.07",2024-11-01 19:00:00,"PSY1N903",3
"01/11/2024","19:15:00","22.43","-1.477","2.532",-0.65,"1.00","-3.80","-0.20","8.290","4.07",2024-11-01 19:15:00,"PSY1N903",3
"01/11/2024","19:30:00","22.63","-0.517","2.697",-0.56,"1.00","-3.80","-0.07","8.283","4.07",2024-11-01 19:30:00,"PSY1N903",3
"01/11/2024","19:45:00","22.53","-1.327","2.711",-0.68,"1.00","-3.80","-0.18","8.287","4.07",2024-11-01 19:45:00,"PSY1N903",3
"01/11/2024","20:00:00","22.53","-1.313","2.729",-0.68,"1.00","-3.80","-0.17","8.287","4.07",2024-11-01 20:00:00,"PSY1N903",3
"01/11/2024","20:15:00","22.66","-1.451","2.795",-0.71,"1.00","-3.80","-0.19","8.283","4.07",2024-11-01 20:15:00,"PSY1N903",3
"01/11/2024","20:30:00","22.74","-1.468","3.153",-0.81,"1.00","-3.80","-0.19","8.279","4.07",2024-11-01 20:30:00,"PSY1N903",3
"01/11/2024","20:45:00","22.55","-0.389","3.130",-0.67,"1.00","-3.80","-0.05","8.287","4.07",2024-11-01 20:45:00,"PSY1N903",3
"01/11/2024","21:00:00","22.58","-1.373","2.923",-0.74,"1.00","-3.80","-0.18","8.287","4.07",2024-11-01 21:00:00,"PSY1N903",3
"01/11/2024","21:15:00","22.60","-0.844","3.065",-0.71,"1.00","-3.80","-0.11","8.283","4.07",2024-11-01 21:15:00,"PSY1N903",3
"01/11/2024","21:30:00","22.51","-0.905","3.028",-0.71,"1.00","-3.80","-0.12","8.287","4.07",2024-11-01 21:30:00,"PSY1N903",3
"01/11/2024","21:45:00","22.45","-1.193","2.904",-0.71,"1.00","-3.80","-0.16","8.290","4.07",2024-11-01 21:45:00,"PSY1N903",3
"01/11/2024","22:00:00","22.28","-0.666","3.206",-0.73,"1.00","-3.80","-0.09","8.297","4.07",2024-11-01 22:00:00,"PSY1N903",3
"01/11/2024","22:15:00","22.18","-0.766","3.275",-0.77,"1.00","-3.80","-0.10","8.301","4.07",2024-11-01 22:15:00,"PSY1N903",3
"01/11/2024","22:30:00","22.24","-1.240","2.821",-0.7,"1.00","-3.80","-0.16","8.297","4.07",2024-11-01 22:30:00,"PSY1N903",3
"01/11/2024","22:45:00","22.24","-1.220","3.144",-0.79,"1.00","-3.80","-0.16","8.297","4.07",2024-11-01 22:45:00,"PSY1N903",3
"01/11/2024","23:00:00","22.16","-1.532","2.852",-0.75,"1.00","-3.80","-0.20","8.301","4.07",2024-11-01 23:00:00,"PSY1N903",3
"01/11/2024","23:15:00","22.71","-1.745","2.688",-0.72,"1.00","-3.80","-0.23","8.279","4.07",2024-11-01 23:15:00,"PSY1N903",3
"01/11/2024","23:30:00","23.12","-1.819","2.643",-0.71,"1.00","-3.80","-0.24","8.265","4.06",2024-11-01 23:30:00,"PSY1N903",3
"01/11/2024","23:45:00","23.44","-1.708","2.804",-0.73,"1.00","-3.80","-0.23","8.254","4.06",2024-11-01 23:45:00,"PSY1N903",3
"02/11/2024","00:00:00","22.77","-0.072","2.807",-0.53,"1.00","-3.80","0.00","8.279","4.06",2024-11-02,"PSY1N903",3
"02/11/2024","00:15:00","22.17","-0.199","2.090",-0.35,"1.00","-3.80","-0.02","8.301","4.06",2024-11-02 00:15:00,"PSY1N903",3
"02/11/2024","00:30:00","21.73","-0.139","1.719",-0.25,"1.00","-3.80","-0.01","8.315","4.06",2024-11-02 00:30:00,"PSY1N903",3
"02/11/2024","00:45:00","21.36","-0.246","1.530",-0.21,"1.00","-3.80","-0.03","8.330","4.06",2024-11-02 00:45:00,"PSY1N903",3
"02/11/2024","01:00:00","21.03","-0.058","1.348",-0.14,"1.00","-3.80","0.00","8.341","4.06",2024-11-02 01:00:00,"PSY1N903",3
"02/11/2024","01:15:00","20.64","-0.213","1.260",-0.14,"1.00","-3.80","-0.02","8.355","4.06",2024-11-02 01:15:00,"PSY1N903",3
"02/11/2024","01:30:00","20.35","-0.094","1.146",-0.09,"1.00","-3.80","-0.01","8.366","4.06",2024-11-02 01:30:00,"PSY1N903",3
"02/11/2024","01:45:00","20.09","-0.183","1.079",-0.08,"1.00","-3.80","-0.02","8.377","4.06",2024-11-02 01:45:00,"PSY1N903",3
"02/11/2024","02:00:00","19.92","-0.211","0.999",-0.07,"1.00","-3.80","-0.02","8.381","4.06",2024-11-02 02:00:00,"PSY1N903",3
"02/11/2024","02:15:00","19.79","-0.349","0.954",-0.07,"1.00","-3.80","-0.04","8.388","4.06",2024-11-02 02:15:00,"PSY1N903",3
"02/11/2024","02:30:00","19.70","-0.452","0.933",-0.08,"1.00","-3.80","-0.06","8.388","4.06",2024-11-02 02:30:00,"PSY1N903",3
"02/11/2024","02:45:00","19.65","-0.479","0.929",-0.08,"1.00","-3.80","-0.06","8.392","4.06",2024-11-02 02:45:00,"PSY1N903",3
"02/11/2024","03:00:00","19.62","-0.413","0.900",-0.07,"1.00","-3.80","-0.05","8.392","4.06",2024-11-02 03:00:00,"PSY1N903",3
"02/11/2024","03:15:00","19.58","-0.536","0.819",-0.06,"1.00","-3.80","-0.07","8.395","4.05",2024-11-02 03:15:00,"PSY1N903",3
"02/11/2024","03:30:00","19.51","-0.520","0.790",-0.05,"1.00","-3.80","-0.07","8.395","4.05",2024-11-02 03:30:00,"PSY1N903",3
"02/11/2024","03:45:00","19.47","-0.397","0.802",-0.03,"1.00","-3.80","-0.05","8.399","4.05",2024-11-02 03:45:00,"PSY1N903",3
"02/11/2024","04:00:00","19.41","-0.457","0.758",-0.03,"1.00","-3.80","-0.06","8.399","4.05",2024-11-02 04:00:00,"PSY1N903",3
"02/11/2024","04:15:00","19.35","-0.485","0.747",-0.03,"1.00","-3.80","-0.06","8.403","4.05",2024-11-02 04:15:00,"PSY1N903",3
"02/11/2024","04:30:00","19.28","-0.415","0.714",-0.01,"1.00","-3.80","-0.05","8.406","4.05",2024-11-02 04:30:00,"PSY1N903",3
"02/11/2024","04:45:00","19.27","-0.399","0.693",0,"1.00","-3.80","-0.05","8.406","4.05",2024-11-02 04:45:00,"PSY1N903",3
"02/11/2024","05:00:00","19.22","-0.536","0.673",-0.02,"1.00","-3.80","-0.07","8.406","4.05",2024-11-02 05:00:00,"PSY1N903",3
"02/11/2024","05:15:00","19.21","-0.476","0.000",0,"1.00","-3.80","-0.06","8.406","4.04",2024-11-02 05:15:00,"PSY1N903",3
"02/11/2024","05:30:00","19.20","-0.447","0.000",0,"1.00","-3.80","-0.06","8.406","4.04",2024-11-02 05:30:00,"PSY1N903",3
"02/11/2024","05:45:00","19.17","-0.584","0.586",0,"1.00","-3.80","-0.08","8.410","4.04",2024-11-02 05:45:00,"PSY1N903",3
"02/11/2024","06:00:00","19.17","-0.593","0.000",0,"1.00","-3.80","-0.08","8.410","4.04",2024-11-02 06:00:00,"PSY1N903",3
"02/11/2024","06:15:00","19.16","-0.569","0.000",0,"1.00","-3.80","-0.07","8.410","4.04",2024-11-02 06:15:00,"PSY1N903",3
"02/11/2024","06:30:00","19.12","-0.556","0.000",0,"1.00","-3.80","-0.07","8.410","4.03",2024-11-02 06:30:00,"PSY1N903",3
"02/11/2024","06:45:00","19.08","-0.475","0.000",0,"1.00","-3.80","-0.06","8.414","4.03",2024-11-02 06:45:00,"PSY1N903",3
"02/11/2024","07:00:00","19.06","-0.611","0.000",0,"1.00","-3.80","-0.08","8.414","4.03",2024-11-02 07:00:00,"PSY1N903",3
"02/11/2024","07:15:00","19.03","-0.054","0.000",0,"1.00","-3.80","0.00","8.414","4.03",2024-11-02 07:15:00,"PSY1N903",3
"02/11/2024","07:30:00","18.99","-0.575","0.000",0,"1.00","-3.80","-0.07","8.417","4.03",2024-11-02 07:30:00,"PSY1N903",3
"02/11/2024","07:45:00","18.99","-0.224","0.000",0,"1.00","-3.80","-0.03","8.417","4.02",2024-11-02 07:45:00,"PSY1N903",3
"02/11/2024","08:00:00","19.55","-2.140","0.498",-0.18,"1.00","-3.80","-0.29","8.395","4.02",2024-11-02 08:00:00,"PSY1N903",3
"02/11/2024","08:15:00","20.37","-2.314","0.680",-0.25,"1.00","-3.80","-0.31","8.366","4.02",2024-11-02 08:15:00,"PSY1N903",3
"02/11/2024","08:30:00","20.81","-1.489","1.350",-0.34,"1.00","-3.80","-0.20","8.348","4.02",2024-11-02 08:30:00,"PSY1N903",3
"02/11/2024","08:45:00","21.19","-1.662","1.698",-0.46,"1.00","-3.80","-0.22","8.337","4.02",2024-11-02 08:45:00,"PSY1N903",3
"02/11/2024","09:00:00","21.38","-1.654","2.084",-0.57,"1.00","-3.80","-0.22","8.330","4.01",2024-11-02 09:00:00,"PSY1N903",3
"02/11/2024","09:15:00","21.51","-1.091","2.387",-0.57,"1.00","-3.80","-0.14","8.323","4.01",2024-11-02 09:15:00,"PSY1N903",3
"02/11/2024","09:30:00","21.65","-1.482","2.282",-0.59,"1.00","-3.80","-0.20","8.319","4.01",2024-11-02 09:30:00,"PSY1N903",3
"02/11/2024","09:45:00","21.55","-0.690","2.641",-0.59,"1.00","-3.80","-0.09","8.323","4.01",2024-11-02 09:45:00,"PSY1N903",3
"02/11/2024","10:00:00","21.60","-1.657","2.414",-0.66,"1.00","-3.80","-0.22","8.319","4.01",2024-11-02 10:00:00,"PSY1N903",3
"02/11/2024","10:15:00","21.73","-1.051","2.269",-0.53,"1.00","-3.80","-0.14","8.315","4.01",2024-11-02 10:15:00,"PSY1N903",3
"02/11/2024","10:30:00","21.55","-0.423","2.487",-0.51,"1.00","-3.80","-0.05","8.323","4.01",2024-11-02 10:30:00,"PSY1N903",3
"02/11/2024","10:45:00","21.66","-2.152","2.546",-0.76,"1.00","-3.80","-0.29","8.319","4.00",2024-11-02 10:45:00,"PSY1N903",3
"02/11/2024","11:00:00","21.79","-1.702","2.589",-0.71,"1.00","-3.80","-0.23","8.315","4.00",2024-11-02 11:00:00,"PSY1N903",3
"02/11/2024","11:15:00","22.01","-1.052","2.931",-0.71,"1.00","-3.80","-0.14","8.305","4.00",2024-11-02 11:15:00,"PSY1N903",3
"02/11/2024","11:30:00","21.81","-1.390","3.194",-0.84,"1.00","-3.80","-0.18","8.312","4.00",2024-11-02 11:30:00,"PSY1N903",3
"02/11/2024","11:45:00","21.59","-1.647","3.007",-0.83,"1.00","-3.80","-0.22","8.323","4.00",2024-11-02 11:45:00,"PSY1N903",3
"02/11/2024","12:00:00","21.83","-1.418","2.693",-0.7,"1.00","-3.80","-0.19","8.312","3.99",2024-11-02 12:00:00,"PSY1N903",3
"02/11/2024","12:15:00","22.16","-1.727","3.503",-0.97,"1.00","-3.80","-0.23","8.301","3.99",2024-11-02 12:15:00,"PSY1N903",3
"02/11/2024","12:30:00","22.29","-1.949","2.868",-0.81,"1.00","-3.80","-0.26","8.297","3.99",2024-11-02 12:30:00,"PSY1N903",3
"02/11/2024","12:45:00","22.90","-2.588","2.553",-0.8,"1.00","-3.80","-0.35","8.272","3.99",2024-11-02 12:45:00,"PSY1N903",3
"02/11/2024","13:00:00","24.04","-2.185","2.959",-0.83,"1.00","-3.80","-0.29","8.233","3.99",2024-11-02 13:00:00,"PSY1N903",3
"02/11/2024","13:15:00","24.61","-1.278","3.209",-0.76,"1.00","-3.80","-0.17","8.212","3.99",2024-11-02 13:15:00,"PSY1N903",3
"02/11/2024","13:30:00","24.82","-1.984","3.556",-0.94,"1.00","-3.80","-0.26","8.205","3.99",2024-11-02 13:30:00,"PSY1N903",3
"02/11/2024","13:45:00","24.57","-1.198","3.807",-0.91,"1.00","-3.80","-0.16","8.215","3.99",2024-11-02 13:45:00,"PSY1N903",3
"02/11/2024","14:00:00","24.26","-1.897","3.514",-0.93,"1.00","-3.80","-0.25","8.226","3.99",2024-11-02 14:00:00,"PSY1N903",3
"02/11/2024","14:15:00","24.12","-1.053","3.928",-0.93,"1.00","-3.80","-0.14","8.229","3.99",2024-11-02 14:15:00,"PSY1N903",3
"02/11/2024","14:30:00","23.99","-1.489","3.656",-0.92,"1.00","-3.80","-0.20","8.237","3.99",2024-11-02 14:30:00,"PSY1N903",3
"02/11/2024","14:45:00","24.29","-1.150","3.547",-0.84,"1.00","-3.80","-0.15","8.226","3.98",2024-11-02 14:45:00,"PSY1N903",3
"02/11/2024","15:00:00","24.37","-1.452","3.650",-0.9,"1.00","-3.80","-0.19","8.222","3.98",2024-11-02 15:00:00,"PSY1N903",3
"02/11/2024","15:15:00","24.65","-1.886","3.635",-0.95,"1.00","-3.80","-0.25","8.212","3.98",2024-11-02 15:15:00,"PSY1N903",3
"02/11/2024","15:30:00","24.22","-0.533","4.055",-0.89,"1.00","-3.80","-0.07","8.226","3.98",2024-11-02 15:30:00,"PSY1N903",3
"02/11/2024","15:45:00","24.00","-1.295","4.239",-1.05,"1.00","-3.80","-0.17","8.233","3.98",2024-11-02 15:45:00,"PSY1N903",3
"02/11/2024","16:00:00","23.93","-1.572","3.853",-0.99,"1.00","-3.80","-0.21","8.237","3.98",2024-11-02 16:00:00,"PSY1N903",3
"02/11/2024","16:15:00","24.27","-1.873","3.913",-1.03,"1.00","-3.80","-0.25","8.226","3.98",2024-11-02 16:15:00,"PSY1N903",3
"02/11/2024","16:30:00","24.11","-1.713","4.008",-1.04,"1.00","-3.80","-0.23","8.229","3.98",2024-11-02 16:30:00,"PSY1N903",3
"02/11/2024","16:45:00","23.99","-1.547","3.769",-0.96,"1.00","-3.80","-0.20","8.237","3.97",2024-11-02 16:45:00,"PSY1N903",3
"02/11/2024","17:00:00","24.23","-1.553","3.853",-0.98,"1.00","-3.80","-0.20","8.226","3.97",2024-11-02 17:00:00,"PSY1N903",3
"02/11/2024","17:15:00","24.13","-1.347","3.897",-0.96,"1.00","-3.80","-0.18","8.229","3.97",2024-11-02 17:15:00,"PSY1N903",3
"02/11/2024","17:30:00","24.30","-1.663","4.156",-1.07,"1.00","-3.80","-0.22","8.222","3.97",2024-11-02 17:30:00,"PSY1N903",3
"02/11/2024","17:45:00","24.22","-1.431","4.396",-1.11,"1.00","-3.80","-0.19","8.226","3.97",2024-11-02 17:45:00,"PSY1N903",3
"02/11/2024","18:00:00","24.28","-1.249","4.077",-0.99,"1.00","-3.80","-0.16","8.226","3.97",2024-11-02 18:00:00,"PSY1N903",3
"02/11/2024","18:15:00","24.12","-1.635","4.036",-1.04,"1.00","-3.80","-0.22","8.229","3.97",2024-11-02 18:15:00,"PSY1N903",3
"02/11/2024","18:30:00","24.09","-0.757","4.203",-0.97,"1.00","-3.80","-0.10","8.233","3.97",2024-11-02 18:30:00,"PSY1N903",3
"02/11/2024","18:45:00","24.14","-0.905","4.117",-0.96,"1.00","-3.80","-0.12","8.229","3.97",2024-11-02 18:45:00,"PSY1N903",3
"02/11/2024","19:00:00","24.18","-1.578","4.011",-1.02,"1.00","-3.80","-0.21","8.229","3.97",2024-11-02 19:00:00,"PSY1N903",3
"02/11/2024","19:15:00","24.27","-1.498","4.196",-1.06,"1.00","-3.80","-0.20","8.226","3.97",2024-11-02 19:15:00,"PSY1N903",3
"02/11/2024","19:30:00","24.05","-1.640","4.114",-1.06,"1.00","-3.80","-0.22","8.233","3.97",2024-11-02 19:30:00,"PSY1N903",3
"02/11/2024","19:45:00","24.02","-1.045","4.776",-1.16,"1.00","-3.80","-0.14","8.233","3.97",2024-11-02 19:45:00,"PSY1N903",3
"02/11/2024","20:00:00","23.83","-0.799","4.449",-1.05,"1.00","-3.80","-0.10","8.240","3.96",2024-11-02 20:00:00,"PSY1N903",3
"02/11/2024","20:15:00","23.49","-0.427","4.510",-1.03,"1.00","-3.80","-0.05","8.254","3.96",2024-11-02 20:15:00,"PSY1N903",3
"02/11/2024","20:30:00","23.26","-1.484","4.014",-1.04,"1.00","-3.80","-0.20","8.262","3.96",2024-11-02 20:30:00,"PSY1N903",3
"02/11/2024","20:45:00","23.37","-1.499","4.235",-1.1,"1.00","-3.80","-0.20","8.258","3.96",2024-11-02 20:45:00,"PSY1N903",3
"02/11/2024","21:00:00","23.41","-1.199","4.327",-1.08,"1.00","-3.80","-0.16","8.254","3.96",2024-11-02 21:00:00,"PSY1N903",3
"02/11/2024","21:15:00","23.42","-0.692","4.494",-1.06,"1.00","-3.80","-0.09","8.254","3.96",2024-11-02 21:15:00,"PSY1N903",3
"02/11/2024","21:30:00","23.23","-0.855","4.374",-1.06,"1.00","-3.80","-0.11","8.262","3.96",2024-11-02 21:30:00,"PSY1N903",3
"02/11/2024","21:45:00","23.11","-1.263","4.274",-1.09,"1.00","-3.80","-0.17","8.265","3.96",2024-11-02 21:45:00,"PSY1N903",3
"02/11/2024","22:00:00","22.83","-1.239","4.577",-1.18,"1.00","-3.80","-0.16","8.276","3.96",2024-11-02 22:00:00,"PSY1N903",3
"02/11/2024","22:15:00","22.84","-1.339","4.714",-1.23,"1.00","-3.80","-0.18","8.276","3.96",2024-11-02 22:15:00,"PSY1N903",3
"02/11/2024","22:30:00","22.59","-0.811","4.507",-1.11,"1.00","-3.80","-0.11","8.287","3.96",2024-11-02 22:30:00,"PSY1N903",3
"02/11/2024","22:45:00","22.39","-0.795","4.911",-1.23,"1.00","-3.80","-0.10","8.294","3.96",2024-11-02 22:45:00,"PSY1N903",3
"02/11/2024","23:00:00","22.40","-1.805","4.097",-1.14,"1.00","-3.80","-0.24","8.290","3.96",2024-11-02 23:00:00,"PSY1N903",3
"02/11/2024","23:15:00","22.98","-1.768","4.171",-1.13,"1.00","-3.80","-0.23","8.272","3.96",2024-11-02 23:15:00,"PSY1N903",3
"02/11/2024","23:30:00","23.40","-1.779","4.192",-1.13,"1.00","-3.80","-0.24","8.254","3.96",2024-11-02 23:30:00,"PSY1N903",3
"02/11/2024","23:45:00","23.69","-1.799","4.349",-1.16,"1.00","-3.80","-0.24","8.247","3.96",2024-11-02 23:45:00,"PSY1N903",3
"03/11/2024","00:00:00","23.05","-0.006","4.836",-1.08,"1.00","-3.80","0.00","8.269","3.96",2024-11-03,"PSY1N903",3
"03/11/2024","00:15:00","22.42","-0.121","4.380",-0.99,"1.00","-3.80","-0.01","8.290","3.95",2024-11-03 00:15:00,"PSY1N903",3
"03/11/2024","00:30:00","21.91","-0.061","4.070",-0.91,"1.00","-3.80","0.00","8.308","3.95",2024-11-03 00:30:00,"PSY1N903",3
"03/11/2024","00:45:00","21.51","-0.162","3.757",-0.85,"1.00","-3.80","-0.02","8.323","3.95",2024-11-03 00:45:00,"PSY1N903",3
"03/11/2024","01:00:00","20.97","0.039","3.484",-0.76,"1.00","-3.80","0.00","8.344","3.95",2024-11-03 01:00:00,"PSY1N903",3
"03/11/2024","01:15:00","20.60","-0.054","3.193",-0.69,"1.00","-3.80","0.00","8.355","3.95",2024-11-03 01:15:00,"PSY1N903",3
"03/11/2024","01:30:00","20.36","-0.214","3.011",-0.67,"1.00","-3.80","-0.02","8.366","3.95",2024-11-03 01:30:00,"PSY1N903",3
"03/11/2024","01:45:00","20.05","-0.142","2.839",-0.61,"1.00","-3.80","-0.01","8.377","3.95",2024-11-03 01:45:00,"PSY1N903",3
"03/11/2024","02:00:00","19.95","-0.223","2.764",-0.6,"1.00","-3.80","-0.03","8.381","3.95",2024-11-03 02:00:00,"PSY1N903",3
"03/11/2024","02:15:00","19.84","-0.126","2.647",-0.56,"1.00","-3.80","-0.01","8.384","3.95",2024-11-03 02:15:00,"PSY1N903",3
"03/11/2024","02:30:00","19.59","0.070","2.627",-0.53,"1.00","-3.80","0.00","8.395","3.95",2024-11-03 02:30:00,"PSY1N903",3
"03/11/2024","02:45:00","19.43","-0.210","2.480",-0.53,"1.00","-3.80","-0.02","8.399","3.95",2024-11-03 02:45:00,"PSY1N903",3
"03/11/2024","03:00:00","19.31","-0.292","2.496",-0.55,"1.00","-3.80","-0.04","8.403","3.95",2024-11-03 03:00:00,"PSY1N903",3
"03/11/2024","03:15:00","19.26","-0.249","2.328",-0.49,"1.00","-3.80","-0.03","8.406","3.95",2024-11-03 03:15:00,"PSY1N903",3
"03/11/2024","03:30:00","19.22","-0.222","2.296",-0.48,"1.00","-3.80","-0.03","8.406","3.95",2024-11-03 03:30:00,"PSY1N903",3
"03/11/2024","03:45:00","19.15","-0.287","2.180",-0.45,"1.00","-3.80","-0.03","8.410","3.95",2024-11-03 03:45:00,"PSY1N903",3
"03/11/2024","04:00:00","19.10","-0.203","2.149",-0.43,"1.00","-3.80","-0.02","8.410","3.95",2024-11-03 04:00:00,"PSY1N903",3
"03/11/2024","04:15:00","19.04","-0.136","2.109",-0.41,"1.00","-3.80","-0.01","8.414","3.95",2024-11-03 04:15:00,"PSY1N903",3
"03/11/2024","04:30:00","19.04","-0.199","2.044",-0.4,"1.00","-3.80","-0.02","8.414","3.95",2024-11-03 04:30:00,"PSY1N903",3
"03/11/2024","04:45:00","18.88","-0.066","2.072",-0.39,"1.00","-3.80","0.00","8.421","3.95",2024-11-03 04:45:00,"PSY1N903",3
"03/11/2024","05:00:00","18.83","-0.204","1.959",-0.38,"1.00","-3.80","-0.02","8.421","3.94",2024-11-03 05:00:00,"PSY1N903",3
"03/11/2024","05:15:00","18.69","-0.007","1.931",-0.35,"1.00","-3.80","0.00","8.428","3.94",2024-11-03 05:15:00,"PSY1N903",3
"03/11/2024","05:30:00","18.71","-0.434","1.839",-0.38,"1.00","-3.80","-0.05","8.425","3.94",2024-11-03 05:30:00,"PSY1N903",3
"03/11/2024","05:45:00","18.80","-0.354","1.796",-0.35,"1.00","-3.80","-0.04","8.421","3.94",2024-11-03 05:45:00,"PSY1N903",3
"03/11/2024","06:00:00","18.86","-0.168","1.799",-0.32,"1.00","-3.80","-0.02","8.421","3.94",2024-11-03 06:00:00,"PSY1N903",3
"03/11/2024","06:15:00","18.81","-0.314","1.724",-0.32,"1.00","-3.80","-0.04","8.421","3.94",2024-11-03 06:15:00,"PSY1N903",3
"03/11/2024","06:30:00","18.85","-0.339","1.716",-0.32,"1.00","-3.80","-0.04","8.421","3.94",2024-11-03 06:30:00,"PSY1N903",3
"03/11/2024","06:45:00","18.85","-0.339","1.691",-0.31,"1.00","-3.80","-0.04","8.421","3.94",2024-11-03 06:45:00,"PSY1N903",3
"03/11/2024","07:00:00","18.89","-0.330","1.654",-0.3,"1.00","-3.80","-0.04","8.421","3.94",2024-11-03 07:00:00,"PSY1N903",3
"03/11/2024","07:15:00","18.88","-0.272","1.691",-0.3,"1.00","-3.80","-0.03","8.421","3.94",2024-11-03 07:15:00,"PSY1N903",3
"03/11/2024","07:30:00","18.66","-0.133","1.876",-0.35,"1.00","-3.80","-0.01","8.428","3.94",2024-11-03 07:30:00,"PSY1N903",3
"03/11/2024","07:45:00","18.38","0.042","1.988",-0.36,"1.00","-3.80","0.00","8.439","3.94",2024-11-03 07:45:00,"PSY1N903",3
"03/11/2024","08:00:00","18.61","-1.910","1.731",-0.55,"1.00","-3.80","-0.26","8.428","3.94",2024-11-03 08:00:00,"PSY1N903",3
"03/11/2024","08:15:00","19.10","-1.595","2.203",-0.64,"1.00","-3.80","-0.21","8.410","3.94",2024-11-03 08:15:00,"PSY1N903",3
"03/11/2024","08:30:00","19.57","-1.800","2.435",-0.73,"1.00","-3.80","-0.24","8.395","3.94",2024-11-03 08:30:00,"PSY1N903",3
"03/11/2024","08:45:00","19.80","-0.623","2.990",-0.73,"1.00","-3.80","-0.08","8.384","3.94",2024-11-03 08:45:00,"PSY1N903",3
"03/11/2024","09:00:00","19.99","-1.053","3.040",-0.8,"1.00","-3.80","-0.14","8.381","3.94",2024-11-03 09:00:00,"PSY1N903",3
"03/11/2024","09:15:00","20.10","-0.686","3.376",-0.85,"1.00","-3.80","-0.09","8.373","3.94",2024-11-03 09:15:00,"PSY1N903",3
"03/11/2024","09:30:00","20.27","-1.292","3.149",-0.86,"1.00","-3.80","-0.17","8.370","3.93",2024-11-03 09:30:00,"PSY1N903",3
"03/11/2024","09:45:00","20.42","-1.117","3.349",-0.89,"1.00","-3.80","-0.15","8.362","3.93",2024-11-03 09:45:00,"PSY1N903",3
"03/11/2024","10:00:00","20.67","-1.545","3.682",-1.04,"1.00","-3.80","-0.21","8.355","3.93",2024-11-03 10:00:00,"PSY1N903",3
"03/11/2024","10:15:00","21.07","-1.527","3.611",-1,"1.00","-3.80","-0.20","8.341","3.93",2024-11-03 10:15:00,"PSY1N903",3
"03/11/2024","10:30:00","21.40","-0.930","3.673",-0.93,"1.00","-3.80","-0.12","8.326","3.93",2024-11-03 10:30:00,"PSY1N903",3
"03/11/2024","10:45:00","21.56","-1.776","4.058",-1.15,"1.00","-3.80","-0.24","8.323","3.93",2024-11-03 10:45:00,"PSY1N903",3
"03/11/2024","11:00:00","21.89","-1.010","4.363",-1.12,"1.00","-3.80","-0.13","8.312","3.97",2024-11-03 11:00:00,"PSY1N903",3
"03/11/2024","11:15:00","22.13","-2.127","4.024",-1.17,"1.00","-3.80","-0.28","8.301","3.99",2024-11-03 11:15:00,"PSY1N903",3
"03/11/2024","11:30:00","22.20","-1.248","2.996",-0.75,"1.00","-3.80","-0.16","8.297","4.01",2024-11-03 11:30:00,"PSY1N903",3
"03/11/2024","11:45:00","22.34","-1.821","2.565",-0.71,"1.00","-3.80","-0.24","8.294","4.04",2024-11-03 11:45:00,"PSY1N903",3
"03/11/2024","12:00:00","22.26","-1.949","2.323",-0.66,"1.00","-3.80","-0.26","8.297","4.08",2024-11-03 12:00:00,"PSY1N903",3
"03/11/2024","12:15:00","22.64","-2.599","2.193",-0.7,"1.00","-3.80","-0.35","8.283","4.10",2024-11-03 12:15:00,"PSY1N903",3
"03/11/2024","12:30:00","22.90","-2.147","2.192",-0.63,"1.00","-3.80","-0.29","8.272","4.13",2024-11-03 12:30:00,"PSY1N903",3
"03/11/2024","12:45:00","23.60","-3.000","1.455",-0.54,"1.00","-3.80","-0.40","8.247","4.16",2024-11-03 12:45:00,"PSY1N903",3
"03/11/2024","13:00:00","24.44","-2.665","1.367",-0.46,"1.00","-3.80","-0.35","8.219","4.19",2024-11-03 13:00:00,"PSY1N903",3
"03/11/2024","13:15:00","24.71","-2.100","1.833",-0.5,"1.00","-3.80","-0.28","8.208","4.19",2024-11-03 13:15:00,"PSY1N903",3
"03/11/2024","13:30:00","24.72","-1.281","1.630",-0.34,"1.00","-3.80","-0.17","8.208","4.19",2024-11-03 13:30:00,"PSY1N903",3
"03/11/2024","13:45:00","24.61","-2.043","1.841",-0.5,"1.00","-3.80","-0.27","8.212","4.19",2024-11-03 13:45:00,"PSY1N903",3
"03/11/2024","14:00:00","24.66","-2.239","1.599",-0.46,"1.00","-3.80","-0.30","8.212","4.19",2024-11-03 14:00:00,"PSY1N903",3
"03/11/2024","14:15:00","24.69","-2.134","1.605",-0.45,"1.00","-3.80","-0.28","8.212","4.19",2024-11-03 14:15:00,"PSY1N903",3
"03/11/2024","14:30:00","24.83","-2.079","1.822",-0.49,"1.00","-3.80","-0.27","8.205","4.19",2024-11-03 14:30:00,"PSY1N903",3
"03/11/2024","14:45:00","24.88","-0.891","1.971",-0.37,"1.00","-3.80","-0.11","8.205","4.19",2024-11-03 14:45:00,"PSY1N903",3
"03/11/2024","15:00:00","24.96","-1.884","1.739",-0.44,"1.00","-3.80","-0.25","8.201","4.19",2024-11-03 15:00:00,"PSY1N903",3
"03/11/2024","15:15:00","24.84","-1.590","1.739",-0.41,"1.00","-3.80","-0.21","8.205","4.19",2024-11-03 15:15:00,"PSY1N903",3
"03/11/2024","15:30:00","24.60","-1.785","1.756",-0.44,"1.00","-3.80","-0.24","8.212","4.19",2024-11-03 15:30:00,"PSY1N903",3
"03/11/2024","15:45:00","24.92","-2.289","1.570",-0.45,"1.00","-3.80","-0.30","8.201","4.19",2024-11-03 15:45:00,"PSY1N903",3
"03/11/2024","16:00:00","25.25","-1.387","1.712",-0.37,"1.00","-3.80","-0.18","8.191","4.19",2024-11-03 16:00:00,"PSY1N903",3
"03/11/2024","16:15:00","25.47","-1.976","1.769",-0.46,"1.00","-3.80","-0.26","8.184","4.19",2024-11-03 16:15:00,"PSY1N903",3
"03/11/2024","16:30:00","25.14","-0.910","2.043",-0.39,"1.00","-3.80","-0.12","8.194","4.19",2024-11-03 16:30:00,"PSY1N903",3
"03/11/2024","16:45:00","25.27","-1.530","1.629",-0.36,"1.00","-3.80","-0.20","8.191","4.19",2024-11-03 16:45:00,"PSY1N903",3
"03/11/2024","17:00:00","25.25","-1.714","1.560",-0.37,"1.00","-3.80","-0.23","8.191","4.19",2024-11-03 17:00:00,"PSY1N903",3
"03/11/2024","17:15:00","24.92","-0.557","1.947",-0.32,"1.00","-3.80","-0.07","8.201","4.19",2024-11-03 17:15:00,"PSY1N903",3
"03/11/2024","17:30:00","24.38","-1.381","1.840",-0.41,"1.00","-3.80","-0.18","8.222","4.19",2024-11-03 17:30:00,"PSY1N903",3
"03/11/2024","17:45:00","24.37","-1.207","1.709",-0.35,"1.00","-3.80","-0.16","8.222","4.19",2024-11-03 17:45:00,"PSY1N903",3
"03/11/2024","18:00:00","24.09","-1.227","1.835",-0.39,"1.00","-3.80","-0.16","8.233","4.19",2024-11-03 18:00:00,"PSY1N903",3
"03/11/2024","18:15:00","23.70","-1.009","2.234",-0.48,"1.00","-3.80","-0.13","8.244","4.19",2024-11-03 18:15:00,"PSY1N903",3
"03/11/2024","18:30:00","23.38","-1.252","2.017",-0.46,"1.00","-3.80","-0.16","8.258","4.19",2024-11-03 18:30:00,"PSY1N903",3
"03/11/2024","18:45:00","23.25","-1.358","1.555",-0.35,"1.00","-3.80","-0.18","8.262","4.19",2024-11-03 18:45:00,"PSY1N903",3
"03/11/2024","19:00:00","23.31","-1.274","1.552",-0.33,"1.00","-3.80","-0.17","8.258","4.19",2024-11-03 19:00:00,"PSY1N903",3
"03/11/2024","19:15:00","23.16","-1.228","1.609",-0.34,"1.00","-3.80","-0.16","8.265","4.19",2024-11-03 19:15:00,"PSY1N903",3
"03/11/2024","19:30:00","23.09","-1.474","1.611",-0.38,"1.00","-3.80","-0.19","8.269","4.19",2024-11-03 19:30:00,"PSY1N903",3
"03/11/2024","19:45:00","22.98","-1.361","1.728",-0.4,"1.00","-3.80","-0.18","8.272","4.19",2024-11-03 19:45:00,"PSY1N903",3
"03/11/2024","20:00:00","22.78","-0.796","1.778",-0.34,"1.00","-3.80","-0.10","8.279","4.19",2024-11-03 20:00:00,"PSY1N903",3
"03/11/2024","20:15:00","22.47","-1.287","2.016",-0.48,"1.00","-3.80","-0.17","8.290","4.19",2024-11-03 20:15:00,"PSY1N903",3
"03/11/2024","20:30:00","22.76","-1.614","1.569",-0.39,"1.00","-3.80","-0.21","8.279","4.19",2024-11-03 20:30:00,"PSY1N903",3
"03/11/2024","20:45:00","23.19","-1.409","1.603",-0.37,"1.00","-3.80","-0.19","8.265","4.19",2024-11-03 20:45:00,"PSY1N903",3
"03/11/2024","21:00:00","23.27","-0.678","1.982",-0.37,"1.00","-3.80","-0.09","8.262","4.19",2024-11-03 21:00:00,"PSY1N903",3
"03/11/2024","21:15:00","23.06","-1.100","1.973",-0.43,"1.00","-3.80","-0.14","8.269","4.19",2024-11-03 21:15:00,"PSY1N903",3
"03/11/2024","21:30:00","22.99","-0.693","1.951",-0.37,"1.00","-3.80","-0.09","8.272","4.19",2024-11-03 21:30:00,"PSY1N903",3
"03/11/2024","21:45:00","22.71","-0.918","2.021",-0.42,"1.00","-3.80","-0.12","8.279","4.19",2024-11-03 21:45:00,"PSY1N903",3
"03/11/2024","22:00:00","22.46","-1.382","2.055",-0.5,"1.00","-3.80","-0.18","8.290","4.19",2024-11-03 22:00:00,"PSY1N903",3
"03/11/2024","22:15:00","22.24","-0.884","2.464",-0.55,"1.00","-3.80","-0.12","8.297","4.19",2024-11-03 22:15:00,"PSY1N903",3
"03/11/2024","22:30:00","22.01","-0.865","2.448",-0.55,"1.00","-3.80","-0.11","8.305","4.19",2024-11-03 22:30:00,"PSY1N903",3
"03/11/2024","22:45:00","22.03","-1.024","2.181",-0.5,"1.00","-3.80","-0.13","8.305","4.19",2024-11-03 22:45:00,"PSY1N903",3
"03/11/2024","23:00:00","22.03","-1.517","2.035",-0.52,"1.00","-3.80","-0.20","8.305","4.19",2024-11-03 23:00:00,"PSY1N903",3
"03/11/2024","23:15:00","22.40","-1.760","1.779",-0.47,"1.00","-3.80","-0.23","8.290","4.19",2024-11-03 23:15:00,"PSY1N903",3
"03/11/2024","23:30:00","22.68","-1.562","1.727",-0.43,"1.00","-3.80","-0.21","8.283","4.19",2024-11-03 23:30:00,"PSY1N903",3
"03/11/2024","23:45:00","22.90","-1.779","1.697",-0.45,"1.00","-3.80","-0.24","8.272","4.19",2024-11-03 23:45:00,"PSY1N903",3
"04/11/2024","00:00:00","22.23","-0.010","1.824",-0.25,"1.00","-3.80","0.00","8.297","4.19",2024-11-04,"PSY1N903",3
"04/11/2024","00:15:00","21.56","-0.069","1.354",-0.13,"1.00","-3.80","0.00","8.323","4.19",2024-11-04 00:15:00,"PSY1N903",3
"04/11/2024","00:30:00","21.02","-0.123","1.101",-0.07,"1.00","-3.80","-0.01","8.341","4.19",2024-11-04 00:30:00,"PSY1N903",3
"04/11/2024","00:45:00","20.60","-0.270","0.935",-0.05,"1.00","-3.80","-0.03","8.355","4.19",2024-11-04 00:45:00,"PSY1N903",3
"04/11/2024","01:00:00","20.26","-0.230","0.824",-0.01,"1.00","-3.80","-0.03","8.370","4.19",2024-11-04 01:00:00,"PSY1N903",3
"04/11/2024","01:15:00","19.98","-0.327","0.751",-0.01,"1.00","-3.80","-0.04","8.381","4.19",2024-11-04 01:15:00,"PSY1N903",3
"04/11/2024","01:30:00","19.77","-0.462","0.680",0,"1.00","-3.80","-0.06","8.388","4.19",2024-11-04 01:30:00,"PSY1N903",3
"04/11/2024","01:45:00","19.61","-0.406","0.000",0,"1.00","-3.80","-0.05","8.392","4.19",2024-11-04 01:45:00,"PSY1N903",3
"04/11/2024","02:00:00","19.47","-0.436","0.000",0,"1.00","-3.80","-0.06","8.399","4.19",2024-11-04 02:00:00,"PSY1N903",3
"04/11/2024","02:15:00","19.37","-0.501","0.000",0,"1.00","-3.80","-0.06","8.403","4.19",2024-11-04 02:15:00,"PSY1N903",3
"04/11/2024","02:30:00","19.28","-0.511","0.000",0,"1.00","-3.80","-0.07","8.406","4.19",2024-11-04 02:30:00,"PSY1N903",3
"04/11/2024","02:45:00","19.20","-0.443","0.000",0,"1.00","-3.80","-0.06","8.406","4.19",2024-11-04 02:45:00,"PSY1N903",3
"04/11/2024","03:00:00","19.12","-0.476","0.000",0,"1.00","-3.80","-0.06","8.410","4.19",2024-11-04 03:00:00,"PSY1N903",3
"04/11/2024","03:15:00","19.00","-0.463","0.000",0,"1.00","-3.80","-0.06","8.414","4.19",2024-11-04 03:15:00,"PSY1N903",3
"04/11/2024","03:30:00","18.96","-0.587","0.000",0,"1.00","-3.80","-0.08","8.417","4.19",2024-11-04 03:30:00,"PSY1N903",3
"04/11/2024","03:45:00","18.88","-0.603","0.000",0,"1.00","-3.80","-0.08","8.421","4.19",2024-11-04 03:45:00,"PSY1N903",3
"04/11/2024","04:00:00","18.86","-0.488","0.000",0,"1.00","-3.80","-0.06","8.421","4.19",2024-11-04 04:00:00,"PSY1N903",3
"04/11/2024","04:15:00","18.80","-0.614","0.000",0,"1.00","-3.80","-0.08","8.421","4.19",2024-11-04 04:15:00,"PSY1N903",3
"04/11/2024","04:30:00","18.77","-0.588","0.000",0,"1.00","-3.80","-0.08","8.425","4.19",2024-11-04 04:30:00,"PSY1N903",3
"04/11/2024","04:45:00","18.75","-0.571","0.000",0,"1.00","-3.80","-0.07","8.425","4.19",2024-11-04 04:45:00,"PSY1N903",3
"04/11/2024","05:00:00","18.71","-0.670","0.000",0,"1.00","-3.80","-0.09","8.425","4.19",2024-11-04 05:00:00,"PSY1N903",3
"04/11/2024","05:15:00","18.69","-0.519","0.000",0,"1.00","-3.80","-0.07","8.428","4.19",2024-11-04 05:15:00,"PSY1N903",3
"04/11/2024","05:30:00","18.64","-0.588","0.000",0,"1.00","-3.80","-0.08","8.428","4.19",2024-11-04 05:30:00,"PSY1N903",3
"04/11/2024","05:45:00","18.61","-0.488","0.000",0,"1.00","-3.80","-0.06","8.428","4.19",2024-11-04 05:45:00,"PSY1N903",3
"04/11/2024","06:00:00","18.56","-0.627","0.000",0,"1.00","-3.80","-0.08","8.432","4.19",2024-11-04 06:00:00,"PSY1N903",3
"04/11/2024","06:15:00","18.51","-0.638","0.000",0,"1.00","-3.80","-0.08","8.432","4.19",2024-11-04 06:15:00,"PSY1N903",3
"04/11/2024","06:30:00","18.43","-0.660","0.000",0,"1.00","-3.80","-0.09","8.436","4.19",2024-11-04 06:30:00,"PSY1N903",3
"04/11/2024","06:45:00","18.34","-0.651","0.000",0,"1.00","-3.80","-0.09","8.439","4.19",2024-11-04 06:45:00,"PSY1N903",3
"04/11/2024","07:00:00","18.28","-0.568","0.000",0,"1.00","-3.80","-0.07","8.443","4.19",2024-11-04 07:00:00,"PSY1N903",3
"04/11/2024","07:15:00","18.24","-0.494","0.000",0,"1.00","-3.80","-0.06","8.443","4.19",2024-11-04 07:15:00,"PSY1N903",3
"04/11/2024","07:30:00","18.27","-0.678","0.000",0,"1.00","-3.80","-0.09","8.443","4.19",2024-11-04 07:30:00,"PSY1N903",3
"04/11/2024","07:45:00","18.31","-0.730","0.000",0,"1.00","-3.80","-0.10","8.439","4.19",2024-11-04 07:45:00,"PSY1N903",3
"04/11/2024","08:00:00","18.89","-2.221","0.097",-0.07,"1.00","-3.80","-0.30","8.421","4.19",2024-11-04 08:00:00,"PSY1N903",3
"04/11/2024","08:15:00","19.78","-2.203","0.083",-0.06,"1.00","-3.80","-0.30","8.388","4.19",2024-11-04 08:15:00,"PSY1N903",3
"04/11/2024","08:30:00","20.40","-2.171","0.150",-0.07,"1.00","-3.80","-0.29","8.362","4.19",2024-11-04 08:30:00,"PSY1N903",3
"04/11/2024","08:45:00","20.60","-2.101","0.276",-0.1,"1.00","-3.80","-0.28","8.355","4.19",2024-11-04 08:45:00,"PSY1N903",3
"04/11/2024","09:00:00","20.26","-2.435","0.512",-0.22,"1.00","-3.80","-0.33","8.370","4.19",2024-11-04 09:00:00,"PSY1N903",3
"04/11/2024","09:15:00","20.31","-2.498","0.437",-0.21,"1.00","-3.80","-0.34","8.366","4.19",2024-11-04 09:15:00,"PSY1N903",3
"04/11/2024","09:30:00","20.44","-1.863","0.605",-0.17,"1.00","-3.80","-0.25","8.362","4.19",2024-11-04 09:30:00,"PSY1N903",3
"04/11/2024","09:45:00","20.45","-2.181","0.730",-0.25,"1.00","-3.80","-0.29","8.362","4.19",2024-11-04 09:45:00,"PSY1N903",3
"04/11/2024","10:00:00","20.74","-1.865","1.075",-0.31,"1.00","-3.80","-0.25","8.352","4.19",2024-11-04 10:00:00,"PSY1N903",3
"04/11/2024","10:15:00","20.69","-2.319","1.715",-0.56,"1.00","-3.80","-0.31","8.355","4.19",2024-11-04 10:15:00,"PSY1N903",3
"04/11/2024","10:30:00","21.49","-0.966","0.893",-0.12,"1.00","-3.80","-0.13","8.326","4.19",2024-11-04 10:30:00,"PSY1N903",3
"04/11/2024","10:45:00","22.46","-2.201","0.945",-0.3,"1.00","-3.80","-0.29","8.290","4.19",2024-11-04 10:45:00,"PSY1N903",3
"04/11/2024","11:00:00","22.89","-1.975","0.933",-0.26,"1.00","-3.80","-0.26","8.276","4.19",2024-11-04 11:00:00,"PSY1N903",3
"04/11/2024","11:15:00","22.72","-2.444","1.974",-0.62,"1.00","-3.80","-0.33","8.279","4.19",2024-11-04 11:15:00,"PSY1N903",3
"04/11/2024","11:30:00","23.15","-1.741","1.619",-0.42,"1.00","-3.80","-0.23","8.265","4.19",2024-11-04 11:30:00,"PSY1N903",3
"04/11/2024","11:45:00","22.80","-1.926","1.227",-0.34,"1.00","-3.80","-0.26","8.276","4.19",2024-11-04 11:45:00,"PSY1N903",3
"04/11/2024","12:00:00","23.05","-1.027","1.226",-0.21,"1.00","-3.80","-0.13","8.269","4.19",2024-11-04 12:00:00,"PSY1N903",3
"04/11/2024","12:15:00","23.49","-2.014","1.378",-0.38,"1.00","-3.80","-0.27","8.254","4.19",2024-11-04 12:15:00,"PSY1N903",3
"04/11/2024","12:30:00","23.77","-2.560","1.512",-0.49,"1.00","-3.80","-0.34","8.244","4.19",2024-11-04 12:30:00,"PSY1N903",3
"04/11/2024","12:45:00","24.57","-0.843","0.930",-0.09,"1.00","-3.80","-0.11","8.215","4.19",2024-11-04 12:45:00,"PSY1N903",3
"24/10/2024","13:00:00","25.05","-5.457","0.429",-0.58,"1.00","-3.80","-0.73","8.198","3.71",2024-10-24 13:00:00,"PSY1N905",2
"24/10/2024","13:15:00","24.27","-7.160","0.090",-0.72,"1.00","-3.80","-0.96","8.226","3.74",2024-10-24 13:15:00,"PSY1N905",2
"24/10/2024","13:30:00","25.23","-9.139","-0.137",-0.92,"1.00","-3.80","-1.22","8.191","3.77",2024-10-24 13:30:00,"PSY1N905",2
"24/10/2024","13:45:00","25.96","-9.942","0.014",-1.07,"1.00","-3.80","-1.33","8.166","3.79",2024-10-24 13:45:00,"PSY1N905",2
"24/10/2024","14:00:00","26.22","-6.679","0.001",-0.63,"1.00","-3.80","-0.89","8.154","3.80",2024-10-24 14:00:00,"PSY1N905",2
"24/10/2024","14:15:00","26.00","-11.683","-0.024",-1.29,"1.00","-3.80","-1.56","8.161","3.81",2024-10-24 14:15:00,"PSY1N905",2
"24/10/2024","14:30:00","25.94","-14.209","-0.262",-1.57,"1.00","-3.80","-1.90","8.166","3.82",2024-10-24 14:30:00,"PSY1N905",2
"24/10/2024","14:45:00","26.05","-14.819","-0.250",-1.65,"1.00","-3.80","-1.98","8.161","3.83",2024-10-24 14:45:00,"PSY1N905",2
"24/10/2024","15:00:00","25.85","-17.158","-0.315",-1.95,"1.00","-3.80","-2.29","8.168","3.85",2024-10-24 15:00:00,"PSY1N905",2
"24/10/2024","15:15:00","26.07","-19.492","-0.087",-2.32,"1.00","-3.80","-2.60","8.161","3.87",2024-10-24 15:15:00,"PSY1N905",2
"24/10/2024","15:30:00","26.15","-17.384","-0.045",-2.05,"1.00","-3.80","-2.32","8.159","3.91",2024-10-24 15:30:00,"PSY1N905",2
"24/10/2024","15:45:00","26.40","-20.271","-0.075",-2.42,"1.00","-3.80","-2.70","8.148","3.95",2024-10-24 15:45:00,"PSY1N905",2
"24/10/2024","16:00:00","25.57","-1.577","0.000",0,"1.00","-3.80","-0.21","8.180","3.97",2024-10-24 16:00:00,"PSY1N905",2
"24/10/2024","16:15:00","24.56","-2.486","0.088",-0.09,"1.00","-3.80","-0.33","8.215","3.98",2024-10-24 16:15:00,"PSY1N905",2
"24/10/2024","16:30:00","24.65","-2.112","-0.052",0,"1.00","-3.80","-0.28","8.212","3.97",2024-10-24 16:30:00,"PSY1N905",2
"24/10/2024","16:45:00","24.66","-1.979","0.000",0,"1.00","-3.80","-0.26","8.212","4.01",2024-10-24 16:45:00,"PSY1N905",2
"24/10/2024","17:00:00","24.44","-2.227","-0.072",-0.01,"1.00","-3.80","-0.30","8.219","4.04",2024-10-24 17:00:00,"PSY1N905",2
"24/10/2024","17:15:00","24.33","-2.294","-0.004",-0.04,"1.00","-3.80","-0.30","8.222","4.08",2024-10-24 17:15:00,"PSY1N905",2
"24/10/2024","17:30:00","24.20","-2.270","-0.051",-0.02,"1.00","-3.80","-0.30","8.226","4.10",2024-10-24 17:30:00,"PSY1N905",2
"24/10/2024","17:45:00","24.30","-2.139","-0.036",-0.01,"1.00","-3.80","-0.28","8.222","4.12",2024-10-24 17:45:00,"PSY1N905",2
"24/10/2024","18:00:00","24.33","-2.113","-0.005",-0.02,"1.00","-3.80","-0.28","8.222","4.15",2024-10-24 18:00:00,"PSY1N905",2
"24/10/2024","18:15:00","24.03","-1.753","0.217",-0.03,"1.00","-3.80","-0.23","8.233","4.17",2024-10-24 18:15:00,"PSY1N905",2
"24/10/2024","18:30:00","23.80","-2.095","0.096",-0.04,"1.00","-3.80","-0.28","8.240","4.17",2024-10-24 18:30:00,"PSY1N905",2
"24/10/2024","18:45:00","23.72","-1.970","0.000",0,"1.00","-3.80","-0.26","8.244","4.17",2024-10-24 18:45:00,"PSY1N905",2
"24/10/2024","19:00:00","23.74","-1.830","0.081",0,"1.00","-3.80","-0.24","8.244","4.18",2024-10-24 19:00:00,"PSY1N905",2
"24/10/2024","19:15:00","23.64","-1.932","0.099",-0.02,"1.00","-3.80","-0.26","8.247","4.18",2024-10-24 19:15:00,"PSY1N905",2
"24/10/2024","19:30:00","23.49","-1.806","0.080",0,"1.00","-3.80","-0.24","8.254","4.19",2024-10-24 19:30:00,"PSY1N905",2
"24/10/2024","19:45:00","23.52","-2.058","0.144",-0.05,"1.00","-3.80","-0.27","8.251","4.19",2024-10-24 19:45:00,"PSY1N905",2
"24/10/2024","20:00:00","23.37","-1.751","0.103",0,"1.00","-3.80","-0.23","8.258","4.19",2024-10-24 20:00:00,"PSY1N905",2
"24/10/2024","20:15:00","22.96","-1.535","0.000",0,"1.00","-3.80","-0.20","8.272","4.19",2024-10-24 20:15:00,"PSY1N905",2
"24/10/2024","20:30:00","22.71","-1.773","0.185",-0.02,"1.00","-3.80","-0.24","8.279","4.19",2024-10-24 20:30:00,"PSY1N905",2
"24/10/2024","20:45:00","22.51","-1.688","0.271",-0.04,"1.00","-3.80","-0.22","8.287","4.19",2024-10-24 20:45:00,"PSY1N905",2
"24/10/2024","21:00:00","22.38","-1.729","0.453",-0.1,"1.00","-3.80","-0.23","8.294","4.19",2024-10-24 21:00:00,"PSY1N905",2
"24/10/2024","21:15:00","22.55","-1.932","0.233",-0.06,"1.00","-3.80","-0.26","8.287","4.19",2024-10-24 21:15:00,"PSY1N905",2
"24/10/2024","21:30:00","22.94","-1.838","0.224",-0.04,"1.00","-3.80","-0.24","8.272","4.19",2024-10-24 21:30:00,"PSY1N905",2
"24/10/2024","21:45:00","23.05","-1.707","0.229",-0.03,"1.00","-3.80","-0.23","8.269","4.19",2024-10-24 21:45:00,"PSY1N905",2
"24/10/2024","22:00:00","22.90","-1.687","0.279",-0.04,"1.00","-3.80","-0.22","8.272","4.19",2024-10-24 22:00:00,"PSY1N905",2
"24/10/2024","22:15:00","22.80","-1.636","0.266",-0.03,"1.00","-3.80","-0.22","8.276","4.19",2024-10-24 22:15:00,"PSY1N905",2
"24/10/2024","22:30:00","22.90","-1.857","0.278",-0.06,"1.00","-3.80","-0.25","8.272","4.19",2024-10-24 22:30:00,"PSY1N905",2
"24/10/2024","22:45:00","23.09","-1.666","0.233",-0.02,"1.00","-3.80","-0.22","8.269","4.19",2024-10-24 22:45:00,"PSY1N905",2
"24/10/2024","23:00:00","22.69","-0.605","0.000",0,"1.00","-3.80","-0.08","8.283","4.19",2024-10-24 23:00:00,"PSY1N905",2
"24/10/2024","23:15:00","22.10","-0.445","0.000",0,"1.00","-3.80","-0.06","8.301","4.19",2024-10-24 23:15:00,"PSY1N905",2
"24/10/2024","23:30:00","21.63","-0.421","0.000",0,"1.00","-3.80","-0.05","8.319","4.19",2024-10-24 23:30:00,"PSY1N905",2
"24/10/2024","23:45:00","21.26","-0.498","0.000",0,"1.00","-3.80","-0.06","8.333","4.19",2024-10-24 23:45:00,"PSY1N905",2
"25/10/2024","00:00:00","20.95","-0.500","0.000",0,"1.00","-3.80","-0.06","8.344","4.19",2024-10-25,"PSY1N905",2
"25/10/2024","00:15:00","20.74","-0.454","0.000",0,"1.00","-3.80","-0.06","8.352","4.19",2024-10-25 00:15:00,"PSY1N905",2
"25/10/2024","00:30:00","20.55","-0.493","0.000",0,"1.00","-3.80","-0.06","8.359","4.19",2024-10-25 00:30:00,"PSY1N905",2
"25/10/2024","00:45:00","20.43","-0.544","0.000",0,"1.00","-3.80","-0.07","8.362","4.19",2024-10-25 00:45:00,"PSY1N905",2
"25/10/2024","01:00:00","20.30","-0.496","0.000",0,"1.00","-3.80","-0.06","8.366","4.19",2024-10-25 01:00:00,"PSY1N905",2
"25/10/2024","01:15:00","20.21","-0.454","0.000",0,"1.00","-3.80","-0.06","8.370","4.19",2024-10-25 01:15:00,"PSY1N905",2
"25/10/2024","01:30:00","20.11","-0.500","0.000",0,"1.00","-3.80","-0.06","8.373","4.19",2024-10-25 01:30:00,"PSY1N905",2
"25/10/2024","01:45:00","20.03","-0.509","0.000",0,"1.00","-3.80","-0.06","8.377","4.19",2024-10-25 01:45:00,"PSY1N905",2
"25/10/2024","02:00:00","19.95","-0.346","0.000",0,"1.00","-3.80","-0.04","8.381","4.19",2024-10-25 02:00:00,"PSY1N905",2
"25/10/2024","02:15:00","19.88","-0.454","0.000",0,"1.00","-3.80","-0.06","8.384","4.19",2024-10-25 02:15:00,"PSY1N905",2
"25/10/2024","02:30:00","19.77","-0.450","0.000",0,"1.00","-3.80","-0.06","8.388","4.19",2024-10-25 02:30:00,"PSY1N905",2
"25/10/2024","02:45:00","19.70","-0.399","0.000",0,"1.00","-3.80","-0.05","8.388","4.19",2024-10-25 02:45:00,"PSY1N905",2
"25/10/2024","03:00:00","19.66","-0.409","0.000",0,"1.00","-3.80","-0.05","8.392","4.19",2024-10-25 03:00:00,"PSY1N905",2
"25/10/2024","03:15:00","19.63","-0.524","0.000",0,"1.00","-3.80","-0.07","8.392","4.19",2024-10-25 03:15:00,"PSY1N905",2
"25/10/2024","03:30:00","19.59","-0.347","0.000",0,"1.00","-3.80","-0.04","8.395","4.19",2024-10-25 03:30:00,"PSY1N905",2
"25/10/2024","03:45:00","19.57","-0.411","0.000",0,"1.00","-3.80","-0.05","8.395","4.19",2024-10-25 03:45:00,"PSY1N905",2
"25/10/2024","04:00:00","19.56","-0.395","0.000",0,"1.00","-3.80","-0.05","8.395","4.19",2024-10-25 04:00:00,"PSY1N905",2
"25/10/2024","04:15:00","19.58","-0.450","0.000",0,"1.00","-3.80","-0.06","8.395","4.19",2024-10-25 04:15:00,"PSY1N905",2
"25/10/2024","04:30:00","19.54","-0.428","0.000",0,"1.00","-3.80","-0.05","8.395","4.19",2024-10-25 04:30:00,"PSY1N905",2
"25/10/2024","04:45:00","19.48","-0.356","0.000",0,"1.00","-3.80","-0.04","8.399","4.19",2024-10-25 04:45:00,"PSY1N905",2
"25/10/2024","05:00:00","19.41","-0.398","0.000",0,"1.00","-3.80","-0.05","8.399","4.19",2024-10-25 05:00:00,"PSY1N905",2
"25/10/2024","05:15:00","19.35","-0.337","0.000",0,"1.00","-3.80","-0.04","8.403","4.19",2024-10-25 05:15:00,"PSY1N905",2
"25/10/2024","05:30:00","19.29","-0.357","0.000",0,"1.00","-3.80","-0.04","8.406","4.19",2024-10-25 05:30:00,"PSY1N905",2
"25/10/2024","05:45:00","19.22","-0.284","0.000",0,"1.00","-3.80","-0.03","8.406","4.19",2024-10-25 05:45:00,"PSY1N905",2
"25/10/2024","06:00:00","19.19","-0.482","0.000",0,"1.00","-3.80","-0.06","8.410","4.19",2024-10-25 06:00:00,"PSY1N905",2
"25/10/2024","06:15:00","19.16","-0.226","0.000",0,"1.00","-3.80","-0.03","8.410","4.19",2024-10-25 06:15:00,"PSY1N905",2
"25/10/2024","06:30:00","19.21","-0.572","0.000",0,"1.00","-3.80","-0.07","8.406","4.19",2024-10-25 06:30:00,"PSY1N905",2
"25/10/2024","06:45:00","19.23","-0.347","0.000",0,"1.00","-3.80","-0.04","8.406","4.19",2024-10-25 06:45:00,"PSY1N905",2
"25/10/2024","07:00:00","19.36","-1.674","0.000",0,"1.00","-3.80","-0.23","8.403","4.19",2024-10-25 07:00:00,"PSY1N905",2
"25/10/2024","07:15:00","20.03","-1.364","0.000",0,"1.00","-3.80","-0.18","8.377","4.19",2024-10-25 07:15:00,"PSY1N905",2
"25/10/2024","07:30:00","20.48","-1.391","0.000",0,"1.00","-3.80","-0.19","8.362","4.19",2024-10-25 07:30:00,"PSY1N905",2
"25/10/2024","07:45:00","20.83","-1.105","0.000",0,"1.00","-3.80","-0.15","8.348","4.19",2024-10-25 07:45:00,"PSY1N905",2
"25/10/2024","08:00:00","20.96","-1.193","0.000",0,"1.00","-3.80","-0.16","8.344","4.19",2024-10-25 08:00:00,"PSY1N905",2
"25/10/2024","08:15:00","21.04","-1.395","0.000",0,"1.00","-3.80","-0.19","8.341","4.19",2024-10-25 08:15:00,"PSY1N905",2
"25/10/2024","08:30:00","21.06","-1.542","0.000",0,"1.00","-3.80","-0.21","8.341","4.19",2024-10-25 08:30:00,"PSY1N905",2
"25/10/2024","08:45:00","21.19","-1.772","0.000",0,"1.00","-3.80","-0.24","8.337","4.19",2024-10-25 08:45:00,"PSY1N905",2
"25/10/2024","09:00:00","21.41","-1.895","0.000",0,"1.00","-3.80","-0.25","8.326","4.19",2024-10-25 09:00:00,"PSY1N905",2
"25/10/2024","09:15:00","21.67","-1.767","0.000",0,"1.00","-3.80","-0.24","8.319","4.18",2024-10-25 09:15:00,"PSY1N905",2
"25/10/2024","09:30:00","21.75","-1.665","0.000",0,"1.00","-3.80","-0.22","8.315","4.18",2024-10-25 09:30:00,"PSY1N905",2
"25/10/2024","09:45:00","21.93","-1.968","0.000",0,"1.00","-3.80","-0.26","8.308","4.18",2024-10-25 09:45:00,"PSY1N905",2
"25/10/2024","10:00:00","22.03","-1.612","0.000",0,"1.00","-3.80","-0.21","8.305","4.18",2024-10-25 10:00:00,"PSY1N905",2
"25/10/2024","10:15:00","22.54","-2.103","-0.033",-0.01,"1.00","-3.80","-0.28","8.287","4.18",2024-10-25 10:15:00,"PSY1N905",2
"25/10/2024","10:30:00","22.91","-2.025","0.000",0,"1.00","-3.80","-0.27","8.272","4.17",2024-10-25 10:30:00,"PSY1N905",2
"25/10/2024","10:45:00","23.02","-2.236","-0.123",0,"1.00","-3.80","-0.30","8.269","4.17",2024-10-25 10:45:00,"PSY1N905",2
"25/10/2024","11:00:00","23.41","-2.373","-0.060",-0.04,"1.00","-3.80","-0.32","8.254","4.17",2024-10-25 11:00:00,"PSY1N905",2
"25/10/2024","11:15:00","24.04","-2.165","-0.017",-0.02,"1.00","-3.80","-0.29","8.233","4.17",2024-10-25 11:15:00,"PSY1N905",2
"25/10/2024","11:30:00","24.48","-1.693","0.000",0,"1.00","-3.80","-0.22","8.219","4.17",2024-10-25 11:30:00,"PSY1N905",2
"25/10/2024","11:45:00","24.69","-2.082","-0.052",0,"1.00","-3.80","-0.28","8.212","4.17",2024-10-25 11:45:00,"PSY1N905",2
"25/10/2024","12:00:00","24.98","-2.248","-0.062",-0.02,"1.00","-3.80","-0.30","8.201","4.17",2024-10-25 12:00:00,"PSY1N905",2
"25/10/2024","12:15:00","25.21","-2.075","0.074",-0.03,"1.00","-3.80","-0.27","8.191","4.17",2024-10-25 12:15:00,"PSY1N905",2
"25/10/2024","12:30:00","25.31","-2.033","0.132",-0.04,"1.00","-3.80","-0.27","8.187","4.17",2024-10-25 12:30:00,"PSY1N905",2
"25/10/2024","12:45:00","25.32","-2.318","-0.100",-0.02,"1.00","-3.80","-0.31","8.187","4.17",2024-10-25 12:45:00,"PSY1N905",2
"25/10/2024","13:00:00","24.82","-1.517","0.303",-0.02,"1.00","-3.80","-0.20","8.205","4.17",2024-10-25 13:00:00,"PSY1N905",2
"25/10/2024","13:15:00","24.19","-1.862","0.000",0,"1.00","-3.80","-0.25","8.229","4.16",2024-10-25 13:15:00,"PSY1N905",2
"25/10/2024","13:30:00","23.84","-1.857","0.000",0,"1.00","-3.80","-0.25","8.240","4.19",2024-10-25 13:30:00,"PSY1N905",2
"25/10/2024","13:45:00","24.45","-2.169","0.000",0,"1.00","-3.80","-0.29","8.219","4.19",2024-10-25 13:45:00,"PSY1N905",2
"25/10/2024","14:00:00","25.14","-2.092","0.000",0,"1.00","-3.80","-0.28","8.194","4.19",2024-10-25 14:00:00,"PSY1N905",2
"25/10/2024","14:15:00","25.55","-1.725","0.000",0,"1.00","-3.80","-0.23","8.180","4.19",2024-10-25 14:15:00,"PSY1N905",2
"25/10/2024","14:30:00","25.56","-1.942","0.000",0,"1.00","-3.80","-0.26","8.180","4.19",2024-10-25 14:30:00,"PSY1N905",2
"25/10/2024","14:45:00","25.93","-2.066","0.000",0,"1.00","-3.80","-0.27","8.166","4.19",2024-10-25 14:45:00,"PSY1N905",2
"25/10/2024","15:00:00","26.25","-1.963","0.000",0,"1.00","-3.80","-0.26","8.154","4.19",2024-10-25 15:00:00,"PSY1N905",2
"25/10/2024","15:15:00","26.35","-2.146","-0.080",0,"1.00","-3.80","-0.28","8.152","4.19",2024-10-25 15:15:00,"PSY1N905",2
"25/10/2024","15:30:00","26.19","-1.081","0.000",0,"1.00","-3.80","-0.14","8.159","4.19",2024-10-25 15:30:00,"PSY1N905",2
"25/10/2024","15:45:00","25.85","-2.181","-0.070",-0.01,"1.00","-3.80","-0.29","8.168","4.18",2024-10-25 15:45:00,"PSY1N905",2
"25/10/2024","16:00:00","26.15","-1.949","0.000",0,"1.00","-3.80","-0.26","8.159","4.18",2024-10-25 16:00:00,"PSY1N905",2
"25/10/2024","16:15:00","26.02","-1.868","0.000",0,"1.00","-3.80","-0.25","8.161","4.18",2024-10-25 16:15:00,"PSY1N905",2
"25/10/2024","16:30:00","26.02","-2.025","0.000",0,"1.00","-3.80","-0.27","8.161","4.18",2024-10-25 16:30:00,"PSY1N905",2
"25/10/2024","16:45:00","25.93","-2.048","0.000",0,"1.00","-3.80","-0.27","8.166","4.18",2024-10-25 16:45:00,"PSY1N905",2
"25/10/2024","17:00:00","25.99","-1.947","0.000",0,"1.00","-3.80","-0.26","8.166","4.18",2024-10-25 17:00:00,"PSY1N905",2
"25/10/2024","17:15:00","25.94","-1.481","0.000",0,"1.00","-3.80","-0.19","8.166","4.17",2024-10-25 17:15:00,"PSY1N905",2
"25/10/2024","17:30:00","25.84","-1.896","0.000",0,"1.00","-3.80","-0.25","8.168","4.17",2024-10-25 17:30:00,"PSY1N905",2
"25/10/2024","17:45:00","25.96","-2.065","0.004",-0.01,"1.00","-3.80","-0.27","8.166","4.17",2024-10-25 17:45:00,"PSY1N905",2
"25/10/2024","18:00:00","25.87","-1.969","0.019",0,"1.00","-3.80","-0.26","8.168","4.17",2024-10-25 18:00:00,"PSY1N905",2
"25/10/2024","18:15:00","25.82","-2.108","-0.010",-0.01,"1.00","-3.80","-0.28","8.168","4.17",2024-10-25 18:15:00,"PSY1N905",2
"25/10/2024","18:30:00","25.78","-1.932","0.072",-0.01,"1.00","-3.80","-0.25","8.173","4.17",2024-10-25 18:30:00,"PSY1N905",2
"25/10/2024","18:45:00","25.64","-1.932","0.000",0,"1.00","-3.80","-0.25","8.175","4.17",2024-10-25 18:45:00,"PSY1N905",2
"25/10/2024","19:00:00","25.47","-2.049","0.146",-0.04,"1.00","-3.80","-0.27","8.184","4.17",2024-10-25 19:00:00,"PSY1N905",2
"25/10/2024","19:15:00","25.26","-1.960","0.000",0,"1.00","-3.80","-0.26","8.191","4.17",2024-10-25 19:15:00,"PSY1N905",2
"25/10/2024","19:30:00","25.10","-1.967","0.000",0,"1.00","-3.80","-0.26","8.194","4.17",2024-10-25 19:30:00,"PSY1N905",2
"25/10/2024","19:45:00","24.80","-1.798","0.000",0,"1.00","-3.80","-0.24","8.205","4.16",2024-10-25 19:45:00,"PSY1N905",2
"25/10/2024","20:00:00","24.57","-1.911","0.000",0,"1.00","-3.80","-0.25","8.215","4.16",2024-10-25 20:00:00,"PSY1N905",2
"25/10/2024","20:15:00","24.47","-2.090","0.062",-0.03,"1.00","-3.80","-0.28","8.219","4.16",2024-10-25 20:15:00,"PSY1N905",2
"25/10/2024","20:30:00","24.27","-1.889","0.138",-0.02,"1.00","-3.80","-0.25","8.226","4.16",2024-10-25 20:30:00,"PSY1N905",2
"25/10/2024","20:45:00","24.03","-1.815","0.190",-0.03,"1.00","-3.80","-0.24","8.233","4.16",2024-10-25 20:45:00,"PSY1N905",2
"25/10/2024","21:00:00","23.92","-1.840","0.063",0,"1.00","-3.80","-0.24","8.237","4.16",2024-10-25 21:00:00,"PSY1N905",2
"25/10/2024","21:15:00","23.69","-1.905","0.082",-0.01,"1.00","-3.80","-0.25","8.247","4.16",2024-10-25 21:15:00,"PSY1N905",2
"25/10/2024","21:30:00","23.62","-1.958","0.201",-0.05,"1.00","-3.80","-0.26","8.247","4.16",2024-10-25 21:30:00,"PSY1N905",2
"25/10/2024","21:45:00","23.61","-1.825","0.231",-0.04,"1.00","-3.80","-0.24","8.247","4.15",2024-10-25 21:45:00,"PSY1N905",2
"25/10/2024","22:00:00","23.51","-1.660","0.000",0,"1.00","-3.80","-0.22","8.251","4.15",2024-10-25 22:00:00,"PSY1N905",2
"25/10/2024","22:15:00","23.24","-1.869","0.107",-0.01,"1.00","-3.80","-0.25","8.262","4.15",2024-10-25 22:15:00,"PSY1N905",2
"25/10/2024","22:30:00","23.40","-1.987","0.077",-0.02,"1.00","-3.80","-0.26","8.254","4.15",2024-10-25 22:30:00,"PSY1N905",2
"25/10/2024","22:45:00","23.61","-1.909","0.060",-0.01,"1.00","-3.80","-0.25","8.247","4.15",2024-10-25 22:45:00,"PSY1N905",2
"25/10/2024","23:00:00","23.24","-0.908","0.000",0,"1.00","-3.80","-0.12","8.262","4.15",2024-10-25 23:00:00,"PSY1N905",2
"25/10/2024","23:15:00","22.67","-0.647","0.000",0,"1.00","-3.80","-0.08","8.283","4.15",2024-10-25 23:15:00,"PSY1N905",2
"25/10/2024","23:30:00","22.21","-0.574","0.000",0,"1.00","-3.80","-0.07","8.297","4.15",2024-10-25 23:30:00,"PSY1N905",2
"25/10/2024","23:45:00","21.84","-0.524","0.000",0,"1.00","-3.80","-0.07","8.312","4.15",2024-10-25 23:45:00,"PSY1N905",2
"26/10/2024","00:00:00","21.40","-0.354","0.000",0,"1.00","-3.80","-0.04","8.326","4.14",2024-10-26,"PSY1N905",2
"26/10/2024","00:15:00","20.86","-0.407","0.000",0,"1.00","-3.80","-0.05","8.348","4.14",2024-10-26 00:15:00,"PSY1N905",2
"26/10/2024","00:30:00","20.34","-0.322","0.000",0,"1.00","-3.80","-0.04","8.366","4.14",2024-10-26 00:30:00,"PSY1N905",2
"26/10/2024","00:45:00","19.96","-0.372","0.000",0,"1.00","-3.80","-0.05","8.381","4.14",2024-10-26 00:45:00,"PSY1N905",2
"26/10/2024","01:00:00","19.64","-0.396","0.000",0,"1.00","-3.80","-0.05","8.392","4.14",2024-10-26 01:00:00,"PSY1N905",2
"26/10/2024","01:15:00","19.45","-0.278","0.000",0,"1.00","-3.80","-0.03","8.399","4.14",2024-10-26 01:15:00,"PSY1N905",2
"26/10/2024","01:30:00","19.31","-0.443","0.000",0,"1.00","-3.80","-0.06","8.403","4.14",2024-10-26 01:30:00,"PSY1N905",2
"26/10/2024","01:45:00","19.20","-0.345","0.000",0,"1.00","-3.80","-0.04","8.406","4.14",2024-10-26 01:45:00,"PSY1N905",2
"26/10/2024","02:00:00","19.12","-0.287","0.000",0,"1.00","-3.80","-0.03","8.410","4.13",2024-10-26 02:00:00,"PSY1N905",2
"26/10/2024","02:15:00","18.98","-0.257","0.000",0,"1.00","-3.80","-0.03","8.417","4.13",2024-10-26 02:15:00,"PSY1N905",2
"26/10/2024","02:30:00","18.88","-0.361","0.000",0,"1.00","-3.80","-0.04","8.421","4.13",2024-10-26 02:30:00,"PSY1N905",2
"26/10/2024","02:45:00","18.84","-0.374","0.000",0,"1.00","-3.80","-0.05","8.421","4.13",2024-10-26 02:45:00,"PSY1N905",2
"26/10/2024","03:00:00","18.81","-0.422","0.000",0,"1.00","-3.80","-0.05","8.421","4.13",2024-10-26 03:00:00,"PSY1N905",2
"26/10/2024","03:15:00","18.73","-0.307","0.000",0,"1.00","-3.80","-0.04","8.425","4.13",2024-10-26 03:15:00,"PSY1N905",2
"26/10/2024","03:30:00","18.66","-0.423","0.000",0,"1.00","-3.80","-0.05","8.428","4.13",2024-10-26 03:30:00,"PSY1N905",2
"26/10/2024","03:45:00","18.60","-0.400","0.000",0,"1.00","-3.80","-0.05","8.428","4.13",2024-10-26 03:45:00,"PSY1N905",2
"26/10/2024","04:00:00","18.58","-0.332","0.000",0,"1.00","-3.80","-0.04","8.432","4.13",2024-10-26 04:00:00,"PSY1N905",2
"26/10/2024","04:15:00","18.63","-0.401","0.000",0,"1.00","-3.80","-0.05","8.428","4.12",2024-10-26 04:15:00,"PSY1N905",2
"26/10/2024","04:30:00","18.72","-0.390","0.000",0,"1.00","-3.80","-0.05","8.425","4.12",2024-10-26 04:30:00,"PSY1N905",2
"26/10/2024","04:45:00","18.73","-0.322","0.000",0,"1.00","-3.80","-0.04","8.425","4.12",2024-10-26 04:45:00,"PSY1N905",2
"26/10/2024","05:00:00","18.70","-0.399","0.000",0,"1.00","-3.80","-0.05","8.425","4.12",2024-10-26 05:00:00,"PSY1N905",2
"26/10/2024","05:15:00","18.64","-0.308","0.000",0,"1.00","-3.80","-0.04","8.428","4.12",2024-10-26 05:15:00,"PSY1N905",2
"26/10/2024","05:30:00","18.64","-0.361","0.000",0,"1.00","-3.80","-0.04","8.428","4.12",2024-10-26 05:30:00,"PSY1N905",2
"26/10/2024","05:45:00","18.60","-0.284","0.000",0,"1.00","-3.80","-0.03","8.428","4.12",2024-10-26 05:45:00,"PSY1N905",2
"26/10/2024","06:00:00","18.74","-0.396","0.000",0,"1.00","-3.80","-0.05","8.425","4.12",2024-10-26 06:00:00,"PSY1N905",2
"26/10/2024","06:15:00","18.76","-0.224","0.000",0,"1.00","-3.80","-0.03","8.425","4.12",2024-10-26 06:15:00,"PSY1N905",2
"26/10/2024","06:30:00","18.63","-0.364","0.000",0,"1.00","-3.80","-0.05","8.428","4.11",2024-10-26 06:30:00,"PSY1N905",2
"26/10/2024","06:45:00","18.42","-0.415","0.000",0,"1.00","-3.80","-0.05","8.436","4.11",2024-10-26 06:45:00,"PSY1N905",2
"26/10/2024","07:00:00","18.61","-1.598","0.000",0,"1.00","-3.80","-0.22","8.428","4.11",2024-10-26 07:00:00,"PSY1N905",2
"26/10/2024","07:15:00","19.31","-1.360","0.000",0,"1.00","-3.80","-0.18","8.403","4.11",2024-10-26 07:15:00,"PSY1N905",2
"26/10/2024","07:30:00","19.90","-1.441","0.000",0,"1.00","-3.80","-0.19","8.381","4.11",2024-10-26 07:30:00,"PSY1N905",2
"26/10/2024","07:45:00","20.29","-1.199","0.000",0,"1.00","-3.80","-0.16","8.370","4.11",2024-10-26 07:45:00,"PSY1N905",2
"26/10/2024","08:00:00","20.53","-1.433","0.000",0,"1.00","-3.80","-0.19","8.359","4.11",2024-10-26 08:00:00,"PSY1N905",2
"26/10/2024","08:15:00","20.55","-1.114","0.000",0,"1.00","-3.80","-0.15","8.359","4.11",2024-10-26 08:15:00,"PSY1N905",2
"26/10/2024","08:30:00","20.42","-1.298","0.000",0,"1.00","-3.80","-0.17","8.362","4.11",2024-10-26 08:30:00,"PSY1N905",2
"26/10/2024","08:45:00","20.44","-1.630","0.000",0,"1.00","-3.80","-0.22","8.362","4.11",2024-10-26 08:45:00,"PSY1N905",2
"26/10/2024","09:00:00","20.57","-1.776","0.000",0,"1.00","-3.80","-0.24","8.359","4.10",2024-10-26 09:00:00,"PSY1N905",2
"26/10/2024","09:15:00","21.03","-1.562","0.000",0,"1.00","-3.80","-0.21","8.341","4.10",2024-10-26 09:15:00,"PSY1N905",2
"26/10/2024","09:30:00","21.41","-1.854","0.000",0,"1.00","-3.80","-0.25","8.326","4.10",2024-10-26 09:30:00,"PSY1N905",2
"26/10/2024","09:45:00","21.74","-1.887","0.000",0,"1.00","-3.80","-0.25","8.315","4.10",2024-10-26 09:45:00,"PSY1N905",2
"26/10/2024","10:00:00","22.18","-1.917","0.000",0,"1.00","-3.80","-0.26","8.301","4.10",2024-10-26 10:00:00,"PSY1N905",2
"26/10/2024","10:15:00","22.55","-1.928","0.000",0,"1.00","-3.80","-0.26","8.287","4.10",2024-10-26 10:15:00,"PSY1N905",2
"26/10/2024","10:30:00","23.12","-1.901","0.000",0,"1.00","-3.80","-0.25","8.265","4.10",2024-10-26 10:30:00,"PSY1N905",2
"26/10/2024","10:45:00","23.53","-1.986","0.000",0,"1.00","-3.80","-0.26","8.251","4.10",2024-10-26 10:45:00,"PSY1N905",2
"26/10/2024","11:00:00","23.99","-2.028","-0.038",0,"1.00","-3.80","-0.27","8.237","4.09",2024-10-26 11:00:00,"PSY1N905",2
"26/10/2024","11:15:00","24.33","-1.931","0.000",0,"1.00","-3.80","-0.26","8.222","4.09",2024-10-26 11:15:00,"PSY1N905",2
"26/10/2024","11:30:00","24.86","-1.553","0.000",0,"1.00","-3.80","-0.20","8.205","4.09",2024-10-26 11:30:00,"PSY1N905",2
"26/10/2024","11:45:00","25.36","-1.861","0.000",0,"1.00","-3.80","-0.24","8.187","4.09",2024-10-26 11:45:00,"PSY1N905",2
"26/10/2024","12:00:00","25.75","-1.735","0.000",0,"1.00","-3.80","-0.23","8.173","4.09",2024-10-26 12:00:00,"PSY1N905",2
"26/10/2024","12:15:00","26.26","-1.673","0.000",0,"1.00","-3.80","-0.22","8.154","4.09",2024-10-26 12:15:00,"PSY1N905",2
"26/10/2024","12:30:00","26.35","-2.050","-0.033",0,"1.00","-3.80","-0.27","8.152","4.09",2024-10-26 12:30:00,"PSY1N905",2
"26/10/2024","12:45:00","26.64","-1.981","0.000",0,"1.00","-3.80","-0.26","8.141","4.09",2024-10-26 12:45:00,"PSY1N905",2
"26/10/2024","13:00:00","26.76","-2.314","0.008",-0.04,"1.00","-3.80","-0.30","8.137","4.09",2024-10-26 13:00:00,"PSY1N905",2
"26/10/2024","13:15:00","26.71","-2.011","0.000",0,"1.00","-3.80","-0.26","8.137","4.09",2024-10-26 13:15:00,"PSY1N905",2
"26/10/2024","13:30:00","26.51","-2.007","0.000",0,"1.00","-3.80","-0.26","8.145","4.09",2024-10-26 13:30:00,"PSY1N905",2
"26/10/2024","13:45:00","26.75","-2.325","-0.076",-0.02,"1.00","-3.80","-0.31","8.137","4.08",2024-10-26 13:45:00,"PSY1N905",2
"26/10/2024","14:00:00","26.81","-1.714","0.000",0,"1.00","-3.80","-0.22","8.134","4.08",2024-10-26 14:00:00,"PSY1N905",2
"26/10/2024","14:15:00","26.59","-1.785","0.214",-0.02,"1.00","-3.80","-0.23","8.145","4.08",2024-10-26 14:15:00,"PSY1N905",2
"26/10/2024","14:30:00","26.58","-1.977","0.000",0,"1.00","-3.80","-0.26","8.145","4.08",2024-10-26 14:30:00,"PSY1N905",2
"26/10/2024","14:45:00","26.62","-1.808","0.000",0,"1.00","-3.80","-0.24","8.141","4.08",2024-10-26 14:45:00,"PSY1N905",2
"26/10/2024","15:00:00","26.82","-1.855","0.000",0,"1.00","-3.80","-0.24","8.134","4.08",2024-10-26 15:00:00,"PSY1N905",2
"26/10/2024","15:15:00","26.47","-1.291","0.000",0,"1.00","-3.80","-0.17","8.148","4.08",2024-10-26 15:15:00,"PSY1N905",2
"26/10/2024","15:30:00","26.15","-2.267","-0.030",-0.03,"1.00","-3.80","-0.30","8.159","4.11",2024-10-26 15:30:00,"PSY1N905",2
"26/10/2024","15:45:00","26.55","-1.785","0.000",0,"1.00","-3.80","-0.23","8.145","4.13",2024-10-26 15:45:00,"PSY1N905",2
"26/10/2024","16:00:00","26.76","-1.931","0.000",0,"1.00","-3.80","-0.25","8.137","4.14",2024-10-26 16:00:00,"PSY1N905",2
"26/10/2024","16:15:00","26.82","-1.905","0.000",0,"1.00","-3.80","-0.25","8.134","4.16",2024-10-26 16:15:00,"PSY1N905",2
"26/10/2024","16:30:00","26.77","-1.810","0.000",0,"1.00","-3.80","-0.24","8.137","4.17",2024-10-26 16:30:00,"PSY1N905",2
"26/10/2024","16:45:00","26.57","-2.010","0.000",0,"1.00","-3.80","-0.26","8.145","4.19",2024-10-26 16:45:00,"PSY1N905",2
"26/10/2024","17:00:00","26.32","-1.739","0.000",0,"1.00","-3.80","-0.23","8.152","4.19",2024-10-26 17:00:00,"PSY1N905",2
"26/10/2024","17:15:00","26.15","-1.866","0.000",0,"1.00","-3.80","-0.24","8.159","4.19",2024-10-26 17:15:00,"PSY1N905",2
"26/10/2024","17:30:00","26.23","-2.098","0.073",-0.03,"1.00","-3.80","-0.28","8.154","4.19",2024-10-26 17:30:00,"PSY1N905",2
"26/10/2024","17:45:00","26.28","-2.029","-0.024",0,"1.00","-3.80","-0.27","8.154","4.19",2024-10-26 17:45:00,"PSY1N905",2
"26/10/2024","18:00:00","26.27","-1.666","0.000",0,"1.00","-3.80","-0.22","8.154","4.19",2024-10-26 18:00:00,"PSY1N905",2
"26/10/2024","18:15:00","26.17","-1.592","0.000",0,"1.00","-3.80","-0.21","8.159","4.19",2024-10-26 18:15:00,"PSY1N905",2
"26/10/2024","18:30:00","25.93","-1.842","0.000",0,"1.00","-3.80","-0.24","8.166","4.19",2024-10-26 18:30:00,"PSY1N905",2
"26/10/2024","18:45:00","25.94","-1.910","0.089",-0.01,"1.00","-3.80","-0.25","8.166","4.19",2024-10-26 18:45:00,"PSY1N905",2
"26/10/2024","19:00:00","25.83","-2.001","0.135",-0.03,"1.00","-3.80","-0.26","8.168","4.19",2024-10-26 19:00:00,"PSY1N905",2
"26/10/2024","19:15:00","25.65","-1.998","0.096",-0.02,"1.00","-3.80","-0.26","8.175","4.19",2024-10-26 19:15:00,"PSY1N905",2
"26/10/2024","19:30:00","25.40","-1.924","0.099",-0.02,"1.00","-3.80","-0.25","8.184","4.19",2024-10-26 19:30:00,"PSY1N905",2
"26/10/2024","19:45:00","25.27","-1.843","0.079",0,"1.00","-3.80","-0.24","8.191","4.19",2024-10-26 19:45:00,"PSY1N905",2
"26/10/2024","20:00:00","25.18","-1.917","0.161",-0.03,"1.00","-3.80","-0.25","8.194","4.19",2024-10-26 20:00:00,"PSY1N905",2
"26/10/2024","20:15:00","25.14","-2.000","0.128",-0.03,"1.00","-3.80","-0.26","8.194","4.19",2024-10-26 20:15:00,"PSY1N905",2
"26/10/2024","20:30:00","25.16","-1.743","0.167",-0.01,"1.00","-3.80","-0.23","8.194","4.19",2024-10-26 20:30:00,"PSY1N905",2
"26/10/2024","20:45:00","25.07","-1.882","0.189",-0.03,"1.00","-3.80","-0.25","8.198","4.19",2024-10-26 20:45:00,"PSY1N905",2
"26/10/2024","21:00:00","25.02","-1.801","0.161",-0.02,"1.00","-3.80","-0.24","8.198","4.19",2024-10-26 21:00:00,"PSY1N905",2
"26/10/2024","21:15:00","24.84","-1.772","0.129",0,"1.00","-3.80","-0.23","8.205","4.19",2024-10-26 21:15:00,"PSY1N905",2
"26/10/2024","21:30:00","24.68","-1.879","0.180",-0.03,"1.00","-3.80","-0.25","8.212","4.19",2024-10-26 21:30:00,"PSY1N905",2
"26/10/2024","21:45:00","24.59","-1.470","0.000",0,"1.00","-3.80","-0.19","8.215","4.19",2024-10-26 21:45:00,"PSY1N905",2
"26/10/2024","22:00:00","24.55","-1.697","0.159",0,"1.00","-3.80","-0.22","8.215","4.19",2024-10-26 22:00:00,"PSY1N905",2
"26/10/2024","22:15:00","24.59","-1.849","0.204",-0.04,"1.00","-3.80","-0.24","8.215","4.19",2024-10-26 22:15:00,"PSY1N905",2
"26/10/2024","22:30:00","24.58","-1.727","0.198",-0.02,"1.00","-3.80","-0.23","8.215","4.19",2024-10-26 22:30:00,"PSY1N905",2
"26/10/2024","22:45:00","24.39","-1.598","0.201",0,"1.00","-3.80","-0.21","8.222","4.19",2024-10-26 22:45:00,"PSY1N905",2
"26/10/2024","23:00:00","23.81","-0.679","0.000",0,"1.00","-3.80","-0.09","8.240","4.19",2024-10-26 23:00:00,"PSY1N905",2
"26/10/2024","23:15:00","22.92","-0.362","0.000",0,"1.00","-3.80","-0.04","8.272","4.19",2024-10-26 23:15:00,"PSY1N905",2
"26/10/2024","23:30:00","22.23","-0.348","0.000",0,"1.00","-3.80","-0.04","8.297","4.19",2024-10-26 23:30:00,"PSY1N905",2
"26/10/2024","23:45:00","21.75","-0.465","0.000",0,"1.00","-3.80","-0.06","8.315","4.19",2024-10-26 23:45:00,"PSY1N905",2
"27/10/2024","00:00:00","21.42","-0.458","0.000",0,"1.00","-3.80","-0.06","8.326","4.19",2024-10-27,"PSY1N905",2
"27/10/2024","00:15:00","21.15","-0.410","0.000",0,"1.00","-3.80","-0.05","8.337","4.19",2024-10-27 00:15:00,"PSY1N905",2
"27/10/2024","00:30:00","20.89","-0.387","0.000",0,"1.00","-3.80","-0.05","8.348","4.19",2024-10-27 00:30:00,"PSY1N905",2
"27/10/2024","00:45:00","20.62","-0.384","0.000",0,"1.00","-3.80","-0.05","8.355","4.19",2024-10-27 00:45:00,"PSY1N905",2
"27/10/2024","01:00:00","20.40","-0.296","0.000",0,"1.00","-3.80","-0.04","8.362","4.19",2024-10-27 01:00:00,"PSY1N905",2
"27/10/2024","01:15:00","20.21","-0.467","0.000",0,"1.00","-3.80","-0.06","8.370","4.19",2024-10-27 01:15:00,"PSY1N905",2
"27/10/2024","01:30:00","20.02","-0.325","0.000",0,"1.00","-3.80","-0.04","8.377","4.19",2024-10-27 01:30:00,"PSY1N905",2
"27/10/2024","01:45:00","19.92","-0.374","0.000",0,"1.00","-3.80","-0.05","8.381","4.19",2024-10-27 01:45:00,"PSY1N905",2
"27/10/2024","02:00:00","19.81","-0.357","0.000",0,"1.00","-3.80","-0.04","8.384","4.19",2024-10-27 02:00:00,"PSY1N905",2
"27/10/2024","02:15:00","19.74","-0.305","0.000",0,"1.00","-3.80","-0.04","8.388","4.19",2024-10-27 02:15:00,"PSY1N905",2
"27/10/2024","02:30:00","19.60","-0.224","0.000",0,"1.00","-3.80","-0.03","8.392","4.19",2024-10-27 02:30:00,"PSY1N905",2
"27/10/2024","02:45:00","19.49","-0.280","0.000",0,"1.00","-3.80","-0.03","8.399","4.19",2024-10-27 02:45:00,"PSY1N905",2
"27/10/2024","03:00:00","19.47","-0.255","0.000",0,"1.00","-3.80","-0.03","8.399","4.19",2024-10-27 03:00:00,"PSY1N905",2
"27/10/2024","03:15:00","19.38","-0.256","0.000",0,"1.00","-3.80","-0.03","8.403","4.19",2024-10-27 03:15:00,"PSY1N905",2
"27/10/2024","03:30:00","19.31","-0.417","0.000",0,"1.00","-3.80","-0.05","8.403","4.19",2024-10-27 03:30:00,"PSY1N905",2
"27/10/2024","03:45:00","19.28","-0.371","0.000",0,"1.00","-3.80","-0.05","8.406","4.19",2024-10-27 03:45:00,"PSY1N905",2
"27/10/2024","04:00:00","19.27","-0.357","0.000",0,"1.00","-3.80","-0.04","8.406","4.19",2024-10-27 04:00:00,"PSY1N905",2
"27/10/2024","04:15:00","19.23","-0.314","0.000",0,"1.00","-3.80","-0.04","8.406","4.19",2024-10-27 04:15:00,"PSY1N905",2
"27/10/2024","04:30:00","19.20","-0.350","0.000",0,"1.00","-3.80","-0.04","8.406","4.19",2024-10-27 04:30:00,"PSY1N905",2
"27/10/2024","04:45:00","19.13","-0.325","0.000",0,"1.00","-3.80","-0.04","8.410","4.19",2024-10-27 04:45:00,"PSY1N905",2
"27/10/2024","05:00:00","19.11","-0.395","0.000",0,"1.00","-3.80","-0.05","8.410","4.19",2024-10-27 05:00:00,"PSY1N905",2
"27/10/2024","05:15:00","19.10","-0.285","0.000",0,"1.00","-3.80","-0.03","8.410","4.19",2024-10-27 05:15:00,"PSY1N905",2
"27/10/2024","05:30:00","19.07","-0.263","0.000",0,"1.00","-3.80","-0.03","8.414","4.19",2024-10-27 05:30:00,"PSY1N905",2
"27/10/2024","05:45:00","19.08","-0.306","0.000",0,"1.00","-3.80","-0.04","8.414","4.19",2024-10-27 05:45:00,"PSY1N905",2
"27/10/2024","06:00:00","19.09","-0.384","0.000",0,"1.00","-3.80","-0.05","8.414","4.19",2024-10-27 06:00:00,"PSY1N905",2
"27/10/2024","06:15:00","19.07","-0.384","0.000",0,"1.00","-3.80","-0.05","8.414","4.19",2024-10-27 06:15:00,"PSY1N905",2
"27/10/2024","06:30:00","19.06","-0.314","0.000",0,"1.00","-3.80","-0.04","8.414","4.19",2024-10-27 06:30:00,"PSY1N905",2
"27/10/2024","06:45:00","19.05","-0.280","0.000",0,"1.00","-3.80","-0.03","8.414","4.19",2024-10-27 06:45:00,"PSY1N905",2
"27/10/2024","07:00:00","19.06","-0.410","0.000",0,"1.00","-3.80","-0.05","8.414","4.19",2024-10-27 07:00:00,"PSY1N905",2
"27/10/2024","07:15:00","19.05","-0.231","0.000",0,"1.00","-3.80","-0.03","8.414","4.19",2024-10-27 07:15:00,"PSY1N905",2
"27/10/2024","07:30:00","19.11","-0.438","0.000",0,"1.00","-3.80","-0.06","8.410","4.19",2024-10-27 07:30:00,"PSY1N905",2
"27/10/2024","07:45:00","19.19","-0.325","0.000",0,"1.00","-3.80","-0.04","8.410","4.19",2024-10-27 07:45:00,"PSY1N905",2
"27/10/2024","08:00:00","19.78","-1.512","0.000",0,"1.00","-3.80","-0.20","8.388","4.19",2024-10-27 08:00:00,"PSY1N905",2
"27/10/2024","08:15:00","20.59","-1.315","0.000",0,"1.00","-3.80","-0.18","8.359","4.19",2024-10-27 08:15:00,"PSY1N905",2
"27/10/2024","08:30:00","21.17","-1.408","0.000",0,"1.00","-3.80","-0.19","8.337","4.19",2024-10-27 08:30:00,"PSY1N905",2
"27/10/2024","08:45:00","21.60","-1.427","0.000",0,"1.00","-3.80","-0.19","8.319","4.19",2024-10-27 08:45:00,"PSY1N905",2
"27/10/2024","09:00:00","21.71","-1.333","0.000",0,"1.00","-3.80","-0.18","8.315","4.19",2024-10-27 09:00:00,"PSY1N905",2
"27/10/2024","09:15:00","21.84","-1.625","0.000",0,"1.00","-3.80","-0.22","8.312","4.19",2024-10-27 09:15:00,"PSY1N905",2
"27/10/2024","09:30:00","22.03","-1.561","0.000",0,"1.00","-3.80","-0.21","8.305","4.19",2024-10-27 09:30:00,"PSY1N905",2
"27/10/2024","09:45:00","22.40","-1.911","0.000",0,"1.00","-3.80","-0.25","8.290","4.19",2024-10-27 09:45:00,"PSY1N905",2
"27/10/2024","10:00:00","22.93","-1.653","0.000",0,"1.00","-3.80","-0.22","8.272","4.19",2024-10-27 10:00:00,"PSY1N905",2
"27/10/2024","10:15:00","23.28","-1.829","0.000",0,"1.00","-3.80","-0.24","8.262","4.19",2024-10-27 10:15:00,"PSY1N905",2
"27/10/2024","10:30:00","23.52","-1.781","0.000",0,"1.00","-3.80","-0.24","8.251","4.19",2024-10-27 10:30:00,"PSY1N905",2
"27/10/2024","10:45:00","23.77","-1.859","0.000",0,"1.00","-3.80","-0.25","8.244","4.19",2024-10-27 10:45:00,"PSY1N905",2
"27/10/2024","11:00:00","24.10","-1.908","0.000",0,"1.00","-3.80","-0.25","8.229","4.19",2024-10-27 11:00:00,"PSY1N905",2
"27/10/2024","11:15:00","24.42","-1.673","0.000",0,"1.00","-3.80","-0.22","8.219","4.19",2024-10-27 11:15:00,"PSY1N905",2
"27/10/2024","11:30:00","24.79","-1.916","0.000",0,"1.00","-3.80","-0.25","8.208","4.19",2024-10-27 11:30:00,"PSY1N905",2
"27/10/2024","11:45:00","25.14","-1.972","0.000",0,"1.00","-3.80","-0.26","8.194","4.19",2024-10-27 11:45:00,"PSY1N905",2
"27/10/2024","12:00:00","25.28","-2.085","-0.043",0,"1.00","-3.80","-0.28","8.191","4.19",2024-10-27 12:00:00,"PSY1N905",2
"27/10/2024","12:15:00","25.61","-2.080","-0.034",0,"1.00","-3.80","-0.27","8.175","4.19",2024-10-27 12:15:00,"PSY1N905",2
"27/10/2024","12:30:00","25.73","-1.842","0.000",0,"1.00","-3.80","-0.24","8.173","4.19",2024-10-27 12:30:00,"PSY1N905",2
"27/10/2024","12:45:00","25.74","-1.710","0.000",0,"1.00","-3.80","-0.22","8.173","4.19",2024-10-27 12:45:00,"PSY1N905",2
"27/10/2024","13:00:00","25.70","-1.728","0.000",0,"1.00","-3.80","-0.23","8.173","4.19",2024-10-27 13:00:00,"PSY1N905",2
"27/10/2024","13:15:00","25.52","-1.849","0.079",0,"1.00","-3.80","-0.24","8.180","4.19",2024-10-27 13:15:00,"PSY1N905",2
"27/10/2024","13:30:00","25.64","-1.952","0.074",-0.01,"1.00","-3.80","-0.26","8.175","4.19",2024-10-27 13:30:00,"PSY1N905",2
"27/10/2024","13:45:00","25.70","-1.916","0.051",0,"1.00","-3.80","-0.25","8.173","4.19",2024-10-27 13:45:00,"PSY1N905",2
"27/10/2024","14:00:00","25.69","-1.937","0.000",0,"1.00","-3.80","-0.25","8.175","4.19",2024-10-27 14:00:00,"PSY1N905",2
"27/10/2024","14:15:00","25.85","-1.935","0.033",0,"1.00","-3.80","-0.25","8.168","4.19",2024-10-27 14:15:00,"PSY1N905",2
"27/10/2024","14:30:00","26.11","-2.447","0.054",-0.07,"1.00","-3.80","-0.32","8.159","4.19",2024-10-27 14:30:00,"PSY1N905",2
"27/10/2024","14:45:00","26.45","-1.886","0.216",-0.04,"1.00","-3.80","-0.25","8.148","4.19",2024-10-27 14:45:00,"PSY1N905",2
"27/10/2024","15:00:00","26.31","-1.823","0.000",0,"1.00","-3.80","-0.24","8.152","4.19",2024-10-27 15:00:00,"PSY1N905",2
"27/10/2024","15:15:00","26.29","-2.003","0.149",-0.04,"1.00","-3.80","-0.26","8.154","4.19",2024-10-27 15:15:00,"PSY1N905",2
"27/10/2024","15:30:00","26.34","-1.961","0.146",-0.03,"1.00","-3.80","-0.26","8.152","4.19",2024-10-27 15:30:00,"PSY1N905",2
"27/10/2024","15:45:00","26.37","-1.914","0.112",-0.02,"1.00","-3.80","-0.25","8.152","4.18",2024-10-27 15:45:00,"PSY1N905",2
"27/10/2024","16:00:00","27.53","4.845","3.843",-0.03,"1.00","-3.80","0.64","8.109","4.18",2024-10-27 16:00:00,"PSY1N905",2
"27/10/2024","16:15:00","26.56","-1.275","0.999",-0.15,"1.00","-3.80","-0.17","8.145","4.18",2024-10-27 16:15:00,"PSY1N905",2
"27/10/2024","16:30:00","26.57","-1.728","0.544",-0.1,"1.00","-3.80","-0.23","8.145","4.18",2024-10-27 16:30:00,"PSY1N905",2
"27/10/2024","16:45:00","26.71","-1.760","0.474",-0.09,"1.00","-3.80","-0.23","8.137","4.18",2024-10-27 16:45:00,"PSY1N905",2
"27/10/2024","17:00:00","26.64","-1.772","0.393",-0.07,"1.00","-3.80","-0.23","8.141","4.18",2024-10-27 17:00:00,"PSY1N905",2
"27/10/2024","17:15:00","26.48","-1.757","0.457",-0.08,"1.00","-3.80","-0.23","8.148","4.17",2024-10-27 17:15:00,"PSY1N905",2
"27/10/2024","17:30:00","26.24","-1.644","0.374",-0.05,"1.00","-3.80","-0.21","8.154","4.17",2024-10-27 17:30:00,"PSY1N905",2
"27/10/2024","17:45:00","26.07","-1.690","0.314",-0.04,"1.00","-3.80","-0.22","8.161","4.17",2024-10-27 17:45:00,"PSY1N905",2
"27/10/2024","18:00:00","25.79","-1.795","0.588",-0.12,"1.00","-3.80","-0.24","8.173","4.17",2024-10-27 18:00:00,"PSY1N905",2
"27/10/2024","18:15:00","25.44","-1.805","0.373",-0.07,"1.00","-3.80","-0.24","8.184","4.17",2024-10-27 18:15:00,"PSY1N905",2
"27/10/2024","18:30:00","24.96","-1.764","0.407",-0.08,"1.00","-3.80","-0.23","8.201","4.17",2024-10-27 18:30:00,"PSY1N905",2
"27/10/2024","18:45:00","24.64","-1.586","0.247",-0.01,"1.00","-3.80","-0.21","8.212","4.17",2024-10-27 18:45:00,"PSY1N905",2
"27/10/2024","19:00:00","24.22","-1.736","0.393",-0.07,"1.00","-3.80","-0.23","8.226","4.17",2024-10-27 19:00:00,"PSY1N905",2
"27/10/2024","19:15:00","23.86","-1.770","0.402",-0.08,"1.00","-3.80","-0.23","8.240","4.17",2024-10-27 19:15:00,"PSY1N905",2
"27/10/2024","19:30:00","23.63","-1.738","0.428",-0.08,"1.00","-3.80","-0.23","8.247","4.17",2024-10-27 19:30:00,"PSY1N905",2
"27/10/2024","19:45:00","23.36","-1.649","0.355",-0.05,"1.00","-3.80","-0.22","8.258","4.17",2024-10-27 19:45:00,"PSY1N905",2
"27/10/2024","20:00:00","23.05","-1.694","0.439",-0.08,"1.00","-3.80","-0.22","8.269","4.16",2024-10-27 20:00:00,"PSY1N905",2
"27/10/2024","20:15:00","22.83","-1.405","0.370",-0.03,"1.00","-3.80","-0.19","8.276","4.16",2024-10-27 20:15:00,"PSY1N905",2
"27/10/2024","20:30:00","22.67","-1.727","0.346",-0.06,"1.00","-3.80","-0.23","8.283","4.16",2024-10-27 20:30:00,"PSY1N905",2
"27/10/2024","20:45:00","22.76","-1.761","0.486",-0.11,"1.00","-3.80","-0.23","8.279","4.16",2024-10-27 20:45:00,"PSY1N905",2
"27/10/2024","21:00:00","22.86","-1.831","0.605",-0.15,"1.00","-3.80","-0.24","8.276","4.16",2024-10-27 21:00:00,"PSY1N905",2
"27/10/2024","21:15:00","22.82","-1.655","0.564",-0.11,"1.00","-3.80","-0.22","8.276","4.16",2024-10-27 21:15:00,"PSY1N905",2
"27/10/2024","21:30:00","22.76","-1.706","0.465",-0.09,"1.00","-3.80","-0.23","8.279","4.16",2024-10-27 21:30:00,"PSY1N905",2
"27/10/2024","21:45:00","22.61","-1.819","0.520",-0.13,"1.00","-3.80","-0.24","8.283","4.15",2024-10-27 21:45:00,"PSY1N905",2
"27/10/2024","22:00:00","22.49","-1.688","0.711",-0.16,"1.00","-3.80","-0.22","8.290","4.15",2024-10-27 22:00:00,"PSY1N905",2
"27/10/2024","22:15:00","22.49","-1.810","0.482",-0.11,"1.00","-3.80","-0.24","8.290","4.15",2024-10-27 22:15:00,"PSY1N905",2
"27/10/2024","22:30:00","22.40","-1.755","0.563",-0.13,"1.00","-3.80","-0.23","8.290","4.15",2024-10-27 22:30:00,"PSY1N905",2
"27/10/2024","22:45:00","22.31","-1.513","0.391",-0.05,"1.00","-3.80","-0.20","8.294","4.15",2024-10-27 22:45:00,"PSY1N905",2
"27/10/2024","23:00:00","22.26","-1.877","0.500",-0.13,"1.00","-3.80","-0.25","8.297","4.15",2024-10-27 23:00:00,"PSY1N905",2
"27/10/2024","23:15:00","22.72","-1.778","0.450",-0.1,"1.00","-3.80","-0.24","8.279","4.15",2024-10-27 23:15:00,"PSY1N905",2
"27/10/2024","23:30:00","22.98","-1.717","0.454",-0.09,"1.00","-3.80","-0.23","8.272","4.15",2024-10-27 23:30:00,"PSY1N905",2
"27/10/2024","23:45:00","23.17","-1.718","0.447",-0.09,"1.00","-3.80","-0.23","8.265","4.15",2024-10-27 23:45:00,"PSY1N905",2
"28/10/2024","00:00:00","22.65","-0.354","0.000",0,"1.00","-3.80","-0.04","8.283","4.15",2024-10-28,"PSY1N905",2
"28/10/2024","00:15:00","22.09","-0.226","0.000",0,"1.00","-3.80","-0.03","8.305","4.14",2024-10-28 00:15:00,"PSY1N905",2
"28/10/2024","00:30:00","21.59","-0.299","0.000",0,"1.00","-3.80","-0.04","8.323","4.14",2024-10-28 00:30:00,"PSY1N905",2
"28/10/2024","00:45:00","21.17","-0.233","0.000",0,"1.00","-3.80","-0.03","8.337","4.14",2024-10-28 00:45:00,"PSY1N905",2
"28/10/2024","01:00:00","20.85","-0.283","0.000",0,"1.00","-3.80","-0.03","8.348","4.14",2024-10-28 01:00:00,"PSY1N905",2
"28/10/2024","01:15:00","20.51","-0.237","0.000",0,"1.00","-3.80","-0.03","8.359","4.14",2024-10-28 01:15:00,"PSY1N905",2
"28/10/2024","01:30:00","20.24","-0.438","0.000",0,"1.00","-3.80","-0.06","8.370","4.14",2024-10-28 01:30:00,"PSY1N905",2
"28/10/2024","01:45:00","20.11","-0.430","0.000",0,"1.00","-3.80","-0.05","8.373","4.14",2024-10-28 01:45:00,"PSY1N905",2
"28/10/2024","02:00:00","20.02","-0.356","0.000",0,"1.00","-3.80","-0.04","8.377","4.14",2024-10-28 02:00:00,"PSY1N905",2
"28/10/2024","02:15:00","19.94","-0.457","0.000",0,"1.00","-3.80","-0.06","8.381","4.13",2024-10-28 02:15:00,"PSY1N905",2
"28/10/2024","02:30:00","19.91","-0.416","0.000",0,"1.00","-3.80","-0.05","8.381","4.13",2024-10-28 02:30:00,"PSY1N905",2
"28/10/2024","02:45:00","19.89","-0.403","0.000",0,"1.00","-3.80","-0.05","8.384","4.13",2024-10-28 02:45:00,"PSY1N905",2
"28/10/2024","03:00:00","19.91","-0.453","0.000",0,"1.00","-3.80","-0.06","8.381","4.13",2024-10-28 03:00:00,"PSY1N905",2
"28/10/2024","03:15:00","19.91","-0.445","0.000",0,"1.00","-3.80","-0.06","8.381","4.13",2024-10-28 03:15:00,"PSY1N905",2
"28/10/2024","03:30:00","19.88","-0.384","0.000",0,"1.00","-3.80","-0.05","8.384","4.13",2024-10-28 03:30:00,"PSY1N905",2
"28/10/2024","03:45:00","19.79","-0.410","0.000",0,"1.00","-3.80","-0.05","8.388","4.13",2024-10-28 03:45:00,"PSY1N905",2
"28/10/2024","04:00:00","19.73","-0.468","0.000",0,"1.00","-3.80","-0.06","8.388","4.13",2024-10-28 04:00:00,"PSY1N905",2
"28/10/2024","04:15:00","19.68","-0.400","0.000",0,"1.00","-3.80","-0.05","8.392","4.13",2024-10-28 04:15:00,"PSY1N905",2
"28/10/2024","04:30:00","19.64","-0.396","0.000",0,"1.00","-3.80","-0.05","8.392","4.12",2024-10-28 04:30:00,"PSY1N905",2
"28/10/2024","04:45:00","19.59","-0.376","0.000",0,"1.00","-3.80","-0.05","8.395","4.12",2024-10-28 04:45:00,"PSY1N905",2
"28/10/2024","05:00:00","19.55","-0.440","0.000",0,"1.00","-3.80","-0.06","8.395","4.12",2024-10-28 05:00:00,"PSY1N905",2
"28/10/2024","05:15:00","19.53","-0.379","0.000",0,"1.00","-3.80","-0.05","8.395","4.12",2024-10-28 05:15:00,"PSY1N905",2
"28/10/2024","05:30:00","19.52","-0.342","0.000",0,"1.00","-3.80","-0.04","8.395","4.12",2024-10-28 05:30:00,"PSY1N905",2
"28/10/2024","05:45:00","19.50","-0.426","0.000",0,"1.00","-3.80","-0.05","8.395","4.12",2024-10-28 05:45:00,"PSY1N905",2
"28/10/2024","06:00:00","19.43","-0.423","0.000",0,"1.00","-3.80","-0.05","8.399","4.12",2024-10-28 06:00:00,"PSY1N905",2
"28/10/2024","06:15:00","19.27","-0.188","0.000",0,"1.00","-3.80","-0.02","8.406","4.12",2024-10-28 06:15:00,"PSY1N905",2
"28/10/2024","06:30:00","19.19","-0.485","0.000",0,"1.00","-3.80","-0.06","8.410","4.11",2024-10-28 06:30:00,"PSY1N905",2
"28/10/2024","06:45:00","19.14","-0.452","0.000",0,"1.00","-3.80","-0.06","8.410","4.11",2024-10-28 06:45:00,"PSY1N905",2
"28/10/2024","07:00:00","19.11","-0.379","0.000",0,"1.00","-3.80","-0.05","8.410","4.11",2024-10-28 07:00:00,"PSY1N905",2
"28/10/2024","07:15:00","19.01","-0.510","0.000",0,"1.00","-3.80","-0.07","8.414","4.11",2024-10-28 07:15:00,"PSY1N905",2
"28/10/2024","07:30:00","18.88","-0.476","0.000",0,"1.00","-3.80","-0.06","8.421","4.11",2024-10-28 07:30:00,"PSY1N905",2
"28/10/2024","07:45:00","18.86","-0.520","0.000",0,"1.00","-3.80","-0.07","8.421","4.11",2024-10-28 07:45:00,"PSY1N905",2
"28/10/2024","08:00:00","19.28","-1.479","0.000",0,"1.00","-3.80","-0.20","8.406","4.11",2024-10-28 08:00:00,"PSY1N905",2
"28/10/2024","08:15:00","20.00","-1.708","0.000",0,"1.00","-3.80","-0.23","8.377","4.11",2024-10-28 08:15:00,"PSY1N905",2
"28/10/2024","08:30:00","20.44","-1.765","0.000",0,"1.00","-3.80","-0.24","8.362","4.11",2024-10-28 08:30:00,"PSY1N905",2
"28/10/2024","08:45:00","20.90","-1.980","-0.025",0,"1.00","-3.80","-0.27","8.344","4.11",2024-10-28 08:45:00,"PSY1N905",2
"28/10/2024","09:00:00","21.27","-1.931","0.000",0,"1.00","-3.80","-0.26","8.333","4.10",2024-10-28 09:00:00,"PSY1N905",2
"28/10/2024","09:15:00","21.59","-1.984","0.002",0,"1.00","-3.80","-0.27","8.323","4.10",2024-10-28 09:15:00,"PSY1N905",2
"28/10/2024","09:30:00","21.79","-1.410","0.000",0,"1.00","-3.80","-0.19","8.315","4.10",2024-10-28 09:30:00,"PSY1N905",2
"28/10/2024","09:45:00","21.86","-2.004","0.000",0,"1.00","-3.80","-0.27","8.312","4.10",2024-10-28 09:45:00,"PSY1N905",2
"28/10/2024","10:00:00","22.31","-1.801","0.000",0,"1.00","-3.80","-0.24","8.294","4.10",2024-10-28 10:00:00,"PSY1N905",2
"28/10/2024","10:15:00","22.65","-1.772","0.000",0,"1.00","-3.80","-0.24","8.283","4.10",2024-10-28 10:15:00,"PSY1N905",2
"28/10/2024","10:30:00","22.93","-1.728","0.000",0,"1.00","-3.80","-0.23","8.272","4.10",2024-10-28 10:30:00,"PSY1N905",2
"28/10/2024","10:45:00","23.24","-1.736","0.000",0,"1.00","-3.80","-0.23","8.262","4.10",2024-10-28 10:45:00,"PSY1N905",2
"28/10/2024","11:00:00","23.58","-1.812","0.000",0,"1.00","-3.80","-0.24","8.251","4.10",2024-10-28 11:00:00,"PSY1N905",2
"28/10/2024","11:15:00","24.06","-2.029","0.000",0,"1.00","-3.80","-0.27","8.233","4.09",2024-10-28 11:15:00,"PSY1N905",2
"28/10/2024","11:30:00","24.76","-2.226","-0.040",-0.02,"1.00","-3.80","-0.29","8.208","4.09",2024-10-28 11:30:00,"PSY1N905",2
"28/10/2024","11:45:00","25.54","-2.456","-0.113",-0.03,"1.00","-3.80","-0.32","8.180","4.09",2024-10-28 11:45:00,"PSY1N905",2
"28/10/2024","12:00:00","26.49","-2.037","0.000",0,"1.00","-3.80","-0.27","8.148","4.09",2024-10-28 12:00:00,"PSY1N905",2
"28/10/2024","12:15:00","26.69","-2.311","-0.134",-0.01,"1.00","-3.80","-0.30","8.141","4.09",2024-10-28 12:15:00,"PSY1N905",2
"28/10/2024","12:30:00","26.82","-1.800","0.000",0,"1.00","-3.80","-0.24","8.134","4.09",2024-10-28 12:30:00,"PSY1N905",2
"28/10/2024","12:45:00","26.77","-1.999","0.000",0,"1.00","-3.80","-0.26","8.137","4.09",2024-10-28 12:45:00,"PSY1N905",2
"28/10/2024","13:00:00","26.70","-2.105","0.258",-0.08,"1.00","-3.80","-0.28","8.137","4.09",2024-10-28 13:00:00,"PSY1N905",2
"28/10/2024","13:15:00","26.92","-2.256","-0.026",-0.03,"1.00","-3.80","-0.30","8.130","4.09",2024-10-28 13:15:00,"PSY1N905",2
"28/10/2024","13:30:00","26.92","-2.168","-0.101",0,"1.00","-3.80","-0.28","8.130","4.09",2024-10-28 13:30:00,"PSY1N905",2
"28/10/2024","13:45:00","26.86","-2.053","0.055",-0.02,"1.00","-3.80","-0.27","8.134","4.09",2024-10-28 13:45:00,"PSY1N905",2
"28/10/2024","14:00:00","26.85","-2.100","0.087",-0.03,"1.00","-3.80","-0.28","8.134","4.08",2024-10-28 14:00:00,"PSY1N905",2
"28/10/2024","14:15:00","26.66","-2.160","0.035",-0.03,"1.00","-3.80","-0.28","8.141","4.08",2024-10-28 14:15:00,"PSY1N905",2
"28/10/2024","14:30:00","26.69","-1.945","0.000",0,"1.00","-3.80","-0.25","8.141","4.08",2024-10-28 14:30:00,"PSY1N905",2
"28/10/2024","14:45:00","26.48","-2.140","-0.011",-0.01,"1.00","-3.80","-0.28","8.148","4.08",2024-10-28 14:45:00,"PSY1N905",2
"28/10/2024","15:00:00","26.47","-1.641","0.000",0,"1.00","-3.80","-0.21","8.148","4.08",2024-10-28 15:00:00,"PSY1N905",2
"28/10/2024","15:15:00","25.63","-1.854","0.000",0,"1.00","-3.80","-0.24","8.175","4.08",2024-10-28 15:15:00,"PSY1N905",2
"28/10/2024","15:30:00","25.32","-2.099","0.000",0,"1.00","-3.80","-0.28","8.187","4.08",2024-10-28 15:30:00,"PSY1N905",2
"28/10/2024","15:45:00","25.05","-1.907","0.000",0,"1.00","-3.80","-0.25","8.198","4.08",2024-10-28 15:45:00,"PSY1N905",2
"28/10/2024","16:00:00","24.84","-1.990","0.000",0,"1.00","-3.80","-0.26","8.205","4.08",2024-10-28 16:00:00,"PSY1N905",2
"28/10/2024","16:15:00","24.87","-2.008","0.000",0,"1.00","-3.80","-0.27","8.205","4.08",2024-10-28 16:15:00,"PSY1N905",2
"28/10/2024","16:30:00","24.86","-1.959","0.060",-0.01,"1.00","-3.80","-0.26","8.205","4.07",2024-10-28 16:30:00,"PSY1N905",2
"28/10/2024","16:45:00","24.59","-1.871","0.000",0,"1.00","-3.80","-0.25","8.215","4.07",2024-10-28 16:45:00,"PSY1N905",2
"28/10/2024","17:00:00","23.45","-1.017","0.000",0,"1.00","-3.80","-0.13","8.254","4.10",2024-10-28 17:00:00,"PSY1N905",2
"28/10/2024","17:15:00","23.62","-2.177","-0.032",-0.02,"1.00","-3.80","-0.29","8.247","4.12",2024-10-28 17:15:00,"PSY1N905",2
"28/10/2024","17:30:00","23.98","-1.931","0.000",0,"1.00","-3.80","-0.26","8.237","4.14",2024-10-28 17:30:00,"PSY1N905",2
"28/10/2024","17:45:00","24.15","-1.702","0.000",0,"1.00","-3.80","-0.22","8.229","4.16",2024-10-28 17:45:00,"PSY1N905",2
"28/10/2024","18:00:00","23.94","-2.027","0.025",-0.01,"1.00","-3.80","-0.27","8.237","4.17",2024-10-28 18:00:00,"PSY1N905",2
"28/10/2024","18:15:00","23.92","-1.587","0.000",0,"1.00","-3.80","-0.21","8.237","4.19",2024-10-28 18:15:00,"PSY1N905",2
"28/10/2024","18:30:00","23.66","-1.884","0.000",0,"1.00","-3.80","-0.25","8.247","4.19",2024-10-28 18:30:00,"PSY1N905",2
"28/10/2024","18:45:00","23.68","-1.884","0.000",0,"1.00","-3.80","-0.25","8.247","4.19",2024-10-28 18:45:00,"PSY1N905",2
"28/10/2024","19:00:00","23.54","-1.904","0.147",-0.03,"1.00","-3.80","-0.25","8.251","4.19",2024-10-28 19:00:00,"PSY1N905",2
"28/10/2024","19:15:00","23.37","-1.934","0.000",0,"1.00","-3.80","-0.26","8.258","4.19",2024-10-28 19:15:00,"PSY1N905",2
"28/10/2024","19:30:00","23.21","-1.808","0.117",-0.01,"1.00","-3.80","-0.24","8.262","4.19",2024-10-28 19:30:00,"PSY1N905",2
"28/10/2024","19:45:00","23.05","-1.708","0.000",0,"1.00","-3.80","-0.23","8.269","4.19",2024-10-28 19:45:00,"PSY1N905",2
"28/10/2024","20:00:00","23.01","-1.821","0.081",0,"1.00","-3.80","-0.24","8.269","4.19",2024-10-28 20:00:00,"PSY1N905",2
"28/10/2024","20:15:00","22.91","-2.040","0.055",-0.02,"1.00","-3.80","-0.27","8.272","4.19",2024-10-28 20:15:00,"PSY1N905",2
"28/10/2024","20:30:00","22.80","-2.005","0.287",-0.08,"1.00","-3.80","-0.27","8.276","4.19",2024-10-28 20:30:00,"PSY1N905",2
"28/10/2024","20:45:00","22.74","-1.709","0.128",0,"1.00","-3.80","-0.23","8.279","4.19",2024-10-28 20:45:00,"PSY1N905",2
"28/10/2024","21:00:00","22.70","-2.054","0.082",-0.03,"1.00","-3.80","-0.27","8.279","4.19",2024-10-28 21:00:00,"PSY1N905",2
"28/10/2024","21:15:00","22.61","-2.009","0.426",-0.12,"1.00","-3.80","-0.27","8.283","4.19",2024-10-28 21:15:00,"PSY1N905",2
"28/10/2024","21:30:00","22.45","-1.912","0.188",-0.04,"1.00","-3.80","-0.25","8.290","4.19",2024-10-28 21:30:00,"PSY1N905",2
"28/10/2024","21:45:00","22.49","-2.088","0.152",-0.06,"1.00","-3.80","-0.28","8.290","4.19",2024-10-28 21:45:00,"PSY1N905",2
"28/10/2024","22:00:00","22.97","-1.931","0.171",-0.04,"1.00","-3.80","-0.26","8.272","4.19",2024-10-28 22:00:00,"PSY1N905",2
"28/10/2024","22:15:00","23.12","-1.704","0.283",-0.04,"1.00","-3.80","-0.23","8.265","4.19",2024-10-28 22:15:00,"PSY1N905",2
"28/10/2024","22:30:00","23.10","-1.780","0.185",-0.02,"1.00","-3.80","-0.24","8.265","4.19",2024-10-28 22:30:00,"PSY1N905",2
"28/10/2024","22:45:00","23.11","-1.973","0.246",-0.07,"1.00","-3.80","-0.26","8.265","4.19",2024-10-28 22:45:00,"PSY1N905",2
"28/10/2024","23:00:00","22.96","-1.672","0.241",-0.03,"1.00","-3.80","-0.22","8.272","4.19",2024-10-28 23:00:00,"PSY1N905",2
"28/10/2024","23:15:00","22.93","-1.796","0.303",-0.06,"1.00","-3.80","-0.24","8.272","4.19",2024-10-28 23:15:00,"PSY1N905",2
"28/10/2024","23:30:00","23.09","-1.860","0.241",-0.05,"1.00","-3.80","-0.25","8.269","4.19",2024-10-28 23:30:00,"PSY1N905",2
"28/10/2024","23:45:00","23.24","-1.748","0.268",-0.04,"1.00","-3.80","-0.23","8.262","4.19",2024-10-28 23:45:00,"PSY1N905",2
"29/10/2024","00:00:00","22.68","-0.641","0.000",0,"1.00","-3.80","-0.08","8.283","4.19",2024-10-29,"PSY1N905",2
"29/10/2024","00:15:00","22.19","-0.458","0.000",0,"1.00","-3.80","-0.06","8.301","4.19",2024-10-29 00:15:00,"PSY1N905",2
"29/10/2024","00:30:00","21.78","-0.377","0.000",0,"1.00","-3.80","-0.05","8.315","4.19",2024-10-29 00:30:00,"PSY1N905",2
"29/10/2024","00:45:00","21.41","-0.355","0.000",0,"1.00","-3.80","-0.04","8.326","4.19",2024-10-29 00:45:00,"PSY1N905",2
"29/10/2024","01:00:00","20.95","-0.296","0.000",0,"1.00","-3.80","-0.04","8.344","4.19",2024-10-29 01:00:00,"PSY1N905",2
"29/10/2024","01:15:00","20.57","-0.295","0.000",0,"1.00","-3.80","-0.04","8.359","4.19",2024-10-29 01:15:00,"PSY1N905",2
"29/10/2024","01:30:00","20.29","-0.403","0.000",0,"1.00","-3.80","-0.05","8.370","4.19",2024-10-29 01:30:00,"PSY1N905",2
"29/10/2024","01:45:00","20.03","-0.101","0.000",0,"1.00","-3.80","-0.01","8.377","4.19",2024-10-29 01:45:00,"PSY1N905",2
"29/10/2024","02:00:00","19.82","-0.490","0.000",0,"1.00","-3.80","-0.06","8.384","4.19",2024-10-29 02:00:00,"PSY1N905",2
"29/10/2024","02:15:00","19.73","-0.532","0.000",0,"1.00","-3.80","-0.07","8.388","4.19",2024-10-29 02:15:00,"PSY1N905",2
"29/10/2024","02:30:00","19.62","-0.365","0.000",0,"1.00","-3.80","-0.05","8.392","4.19",2024-10-29 02:30:00,"PSY1N905",2
"29/10/2024","02:45:00","19.54","-0.466","0.000",0,"1.00","-3.80","-0.06","8.395","4.19",2024-10-29 02:45:00,"PSY1N905",2
"29/10/2024","03:00:00","19.48","-0.433","0.000",0,"1.00","-3.80","-0.05","8.399","4.19",2024-10-29 03:00:00,"PSY1N905",2
"29/10/2024","03:15:00","19.37","-0.409","0.000",0,"1.00","-3.80","-0.05","8.403","4.19",2024-10-29 03:15:00,"PSY1N905",2
"29/10/2024","03:30:00","19.33","-0.508","0.000",0,"1.00","-3.80","-0.07","8.403","4.19",2024-10-29 03:30:00,"PSY1N905",2
"29/10/2024","03:45:00","19.29","-0.469","0.000",0,"1.00","-3.80","-0.06","8.406","4.19",2024-10-29 03:45:00,"PSY1N905",2
"29/10/2024","04:00:00","19.19","-0.344","0.000",0,"1.00","-3.80","-0.04","8.410","4.19",2024-10-29 04:00:00,"PSY1N905",2
"29/10/2024","04:15:00","19.04","-0.425","0.000",0,"1.00","-3.80","-0.05","8.414","4.19",2024-10-29 04:15:00,"PSY1N905",2
"29/10/2024","04:30:00","18.94","-0.409","0.000",0,"1.00","-3.80","-0.05","8.417","4.19",2024-10-29 04:30:00,"PSY1N905",2
"29/10/2024","04:45:00","18.86","-0.518","0.000",0,"1.00","-3.80","-0.07","8.421","4.19",2024-10-29 04:45:00,"PSY1N905",2
"29/10/2024","05:00:00","18.81","-0.451","0.000",0,"1.00","-3.80","-0.06","8.421","4.19",2024-10-29 05:00:00,"PSY1N905",2
"29/10/2024","05:15:00","18.73","-0.495","0.000",0,"1.00","-3.80","-0.06","8.425","4.19",2024-10-29 05:15:00,"PSY1N905",2
"29/10/2024","05:30:00","18.60","-0.401","0.000",0,"1.00","-3.80","-0.05","8.428","4.19",2024-10-29 05:30:00,"PSY1N905",2
"29/10/2024","05:45:00","18.50","-0.471","0.000",0,"1.00","-3.80","-0.06","8.432","4.19",2024-10-29 05:45:00,"PSY1N905",2
"29/10/2024","06:00:00","18.43","-0.439","0.000",0,"1.00","-3.80","-0.06","8.436","4.19",2024-10-29 06:00:00,"PSY1N905",2
"29/10/2024","06:15:00","18.43","-0.487","0.000",0,"1.00","-3.80","-0.06","8.436","4.19",2024-10-29 06:15:00,"PSY1N905",2
"29/10/2024","06:30:00","18.44","-0.441","0.000",0,"1.00","-3.80","-0.06","8.436","4.19",2024-10-29 06:30:00,"PSY1N905",2
"29/10/2024","06:45:00","18.41","-0.490","0.000",0,"1.00","-3.80","-0.06","8.436","4.19",2024-10-29 06:45:00,"PSY1N905",2
"29/10/2024","07:00:00","18.33","-0.453","0.000",0,"1.00","-3.80","-0.06","8.439","4.19",2024-10-29 07:00:00,"PSY1N905",2
"29/10/2024","07:15:00","18.23","-0.413","0.000",0,"1.00","-3.80","-0.05","8.443","4.19",2024-10-29 07:15:00,"PSY1N905",2
"29/10/2024","07:30:00","18.03","-0.526","0.000",0,"1.00","-3.80","-0.07","8.451","4.19",2024-10-29 07:30:00,"PSY1N905",2
"29/10/2024","07:45:00","17.89","-0.473","0.000",0,"1.00","-3.80","-0.06","8.458","4.19",2024-10-29 07:45:00,"PSY1N905",2
"29/10/2024","08:00:00","18.29","-1.354","0.000",0,"1.00","-3.80","-0.18","8.443","4.19",2024-10-29 08:00:00,"PSY1N905",2
"29/10/2024","08:15:00","18.98","-1.492","0.000",0,"1.00","-3.80","-0.20","8.417","4.19",2024-10-29 08:15:00,"PSY1N905",2
"29/10/2024","08:30:00","19.61","-1.513","0.000",0,"1.00","-3.80","-0.20","8.392","4.19",2024-10-29 08:30:00,"PSY1N905",2
"29/10/2024","08:45:00","20.03","-1.818","0.000",0,"1.00","-3.80","-0.24","8.377","4.19",2024-10-29 08:45:00,"PSY1N905",2
"29/10/2024","09:00:00","20.31","-1.559","0.000",0,"1.00","-3.80","-0.21","8.366","4.19",2024-10-29 09:00:00,"PSY1N905",2
"29/10/2024","09:15:00","20.66","-1.646","0.000",0,"1.00","-3.80","-0.22","8.355","4.19",2024-10-29 09:15:00,"PSY1N905",2
"29/10/2024","09:30:00","21.01","-1.860","0.000",0,"1.00","-3.80","-0.25","8.341","4.19",2024-10-29 09:30:00,"PSY1N905",2
"29/10/2024","09:45:00","21.45","-2.227","-0.044",-0.02,"1.00","-3.80","-0.30","8.326","4.19",2024-10-29 09:45:00,"PSY1N905",2
"29/10/2024","10:00:00","22.31","-2.034","0.000",0,"1.00","-3.80","-0.27","8.294","4.19",2024-10-29 10:00:00,"PSY1N905",2
"29/10/2024","10:15:00","22.90","-1.980","0.000",0,"1.00","-3.80","-0.26","8.272","4.19",2024-10-29 10:15:00,"PSY1N905",2
"29/10/2024","10:30:00","23.02","-1.802","0.000",0,"1.00","-3.80","-0.24","8.269","4.19",2024-10-29 10:30:00,"PSY1N905",2
"29/10/2024","10:45:00","22.99","-2.118","-0.046",-0.01,"1.00","-3.80","-0.28","8.272","4.19",2024-10-29 10:45:00,"PSY1N905",2
"29/10/2024","11:00:00","23.11","-1.753","0.000",0,"1.00","-3.80","-0.23","8.265","4.19",2024-10-29 11:00:00,"PSY1N905",2
"29/10/2024","11:15:00","23.29","-1.874","0.000",0,"1.00","-3.80","-0.25","8.262","4.19",2024-10-29 11:15:00,"PSY1N905",2
"29/10/2024","11:30:00","23.64","-2.093","-0.054",0,"1.00","-3.80","-0.28","8.247","4.19",2024-10-29 11:30:00,"PSY1N905",2
"29/10/2024","11:45:00","23.90","-2.210","-0.116",0,"1.00","-3.80","-0.29","8.237","4.19",2024-10-29 11:45:00,"PSY1N905",2
"29/10/2024","12:00:00","24.10","-2.296","0.000",0,"1.00","-3.80","-0.30","8.229","4.19",2024-10-29 12:00:00,"PSY1N905",2
"29/10/2024","12:15:00","24.26","-2.012","0.224",-0.06,"1.00","-3.80","-0.27","8.226","4.19",2024-10-29 12:15:00,"PSY1N905",2
"29/10/2024","12:30:00","24.46","-2.342","-0.027",-0.04,"1.00","-3.80","-0.31","8.219","4.19",2024-10-29 12:30:00,"PSY1N905",2
"29/10/2024","12:45:00","24.95","-2.509","-0.061",-0.05,"1.00","-3.80","-0.33","8.201","4.19",2024-10-29 12:45:00,"PSY1N905",2
"29/10/2024","13:00:00","25.34","-2.603","0.016",-0.09,"1.00","-3.80","-0.34","8.187","4.19",2024-10-29 13:00:00,"PSY1N905",2
"29/10/2024","13:15:00","25.67","-2.214","0.005",-0.03,"1.00","-3.80","-0.29","8.175","4.19",2024-10-29 13:15:00,"PSY1N905",2
"29/10/2024","13:30:00","26.33","-2.432","0.113",-0.09,"1.00","-3.80","-0.32","8.152","4.19",2024-10-29 13:30:00,"PSY1N905",2
"29/10/2024","13:45:00","26.67","-2.756","0.075",-0.12,"1.00","-3.80","-0.36","8.141","4.19",2024-10-29 13:45:00,"PSY1N905",2
"29/10/2024","14:00:00","26.00","-2.627","0.058",-0.1,"1.00","-3.80","-0.35","8.161","4.19",2024-10-29 14:00:00,"PSY1N905",2
"29/10/2024","14:15:00","26.50","-2.204","-0.069",-0.01,"1.00","-3.80","-0.29","8.145","4.19",2024-10-29 14:15:00,"PSY1N905",2
"29/10/2024","14:30:00","26.39","-2.313","0.009",-0.04,"1.00","-3.80","-0.30","8.152","4.19",2024-10-29 14:30:00,"PSY1N905",2
"29/10/2024","14:45:00","26.37","-1.985","0.000",0,"1.00","-3.80","-0.26","8.152","4.19",2024-10-29 14:45:00,"PSY1N905",2
"29/10/2024","15:00:00","26.28","-2.366","0.051",-0.06,"1.00","-3.80","-0.31","8.154","4.19",2024-10-29 15:00:00,"PSY1N905",2
"29/10/2024","15:15:00","25.95","-2.103","0.048",-0.03,"1.00","-3.80","-0.28","8.166","4.19",2024-10-29 15:15:00,"PSY1N905",2
"29/10/2024","15:30:00","25.55","-2.260","0.052",-0.05,"1.00","-3.80","-0.30","8.180","4.19",2024-10-29 15:30:00,"PSY1N905",2
"29/10/2024","15:45:00","25.51","-2.355","0.047",-0.06,"1.00","-3.80","-0.31","8.180","4.19",2024-10-29 15:45:00,"PSY1N905",2
"29/10/2024","16:00:00","25.25","-2.307","0.057",-0.06,"1.00","-3.80","-0.30","8.191","4.19",2024-10-29 16:00:00,"PSY1N905",2
"29/10/2024","16:15:00","25.65","-2.332","0.071",-0.06,"1.00","-3.80","-0.31","8.175","4.19",2024-10-29 16:15:00,"PSY1N905",2
"29/10/2024","16:30:00","25.76","-1.831","0.091",0,"1.00","-3.80","-0.24","8.173","4.19",2024-10-29 16:30:00,"PSY1N905",2
"29/10/2024","16:45:00","25.44","-1.551","0.231",0,"1.00","-3.80","-0.20","8.184","4.19",2024-10-29 16:45:00,"PSY1N905",2
"29/10/2024","17:00:00","25.12","-1.501","0.000",0,"1.00","-3.80","-0.20","8.194","4.19",2024-10-29 17:00:00,"PSY1N905",2
"29/10/2024","17:15:00","24.91","-1.473","0.000",0,"1.00","-3.80","-0.19","8.201","4.19",2024-10-29 17:15:00,"PSY1N905",2
"29/10/2024","17:30:00","24.83","-1.609","0.000",0,"1.00","-3.80","-0.21","8.205","4.19",2024-10-29 17:30:00,"PSY1N905",2
"29/10/2024","17:45:00","24.66","-1.766","0.000",0,"1.00","-3.80","-0.23","8.212","4.19",2024-10-29 17:45:00,"PSY1N905",2
"29/10/2024","18:00:00","24.31","-1.846","0.055",0,"1.00","-3.80","-0.24","8.222","4.19",2024-10-29 18:00:00,"PSY1N905",2
"29/10/2024","18:15:00","24.14","-1.693","0.000",0,"1.00","-3.80","-0.22","8.229","4.19",2024-10-29 18:15:00,"PSY1N905",2
"29/10/2024","18:30:00","24.16","-1.720","0.197",-0.02,"1.00","-3.80","-0.23","8.229","4.19",2024-10-29 18:30:00,"PSY1N905",2
"29/10/2024","18:45:00","23.79","-1.666","0.000",0,"1.00","-3.80","-0.22","8.244","4.19",2024-10-29 18:45:00,"PSY1N905",2
"29/10/2024","19:00:00","23.70","-1.728","0.000",0,"1.00","-3.80","-0.23","8.244","4.18",2024-10-29 19:00:00,"PSY1N905",2
"29/10/2024","19:15:00","23.67","-1.551","0.000",0,"1.00","-3.80","-0.20","8.247","4.18",2024-10-29 19:15:00,"PSY1N905",2
"29/10/2024","19:30:00","23.74","-1.805","0.194",-0.03,"1.00","-3.80","-0.24","8.244","4.18",2024-10-29 19:30:00,"PSY1N905",2
"29/10/2024","19:45:00","23.71","-1.760","0.105",0,"1.00","-3.80","-0.23","8.244","4.18",2024-10-29 19:45:00,"PSY1N905",2
"29/10/2024","20:00:00","23.67","-1.887","0.062",0,"1.00","-3.80","-0.25","8.247","4.18",2024-10-29 20:00:00,"PSY1N905",2
"29/10/2024","20:15:00","24.05","-1.868","0.084",-0.01,"1.00","-3.80","-0.25","8.233","4.18",2024-10-29 20:15:00,"PSY1N905",2
"29/10/2024","20:30:00","24.12","-1.795","0.101",0,"1.00","-3.80","-0.24","8.229","4.17",2024-10-29 20:30:00,"PSY1N905",2
"29/10/2024","20:45:00","24.14","-1.809","0.176",-0.02,"1.00","-3.80","-0.24","8.229","4.17",2024-10-29 20:45:00,"PSY1N905",2
"29/10/2024","21:00:00","24.10","-1.920","0.106",-0.02,"1.00","-3.80","-0.25","8.229","4.17",2024-10-29 21:00:00,"PSY1N905",2
"29/10/2024","21:15:00","24.27","-1.758","0.109",0,"1.00","-3.80","-0.23","8.226","4.17",2024-10-29 21:15:00,"PSY1N905",2
"29/10/2024","21:30:00","24.35","-1.712","0.134",0,"1.00","-3.80","-0.23","8.222","4.17",2024-10-29 21:30:00,"PSY1N905",2
"29/10/2024","21:45:00","24.35","-1.591","0.000",0,"1.00","-3.80","-0.21","8.222","4.17",2024-10-29 21:45:00,"PSY1N905",2
"29/10/2024","22:00:00","24.31","-1.678","0.163",0,"1.00","-3.80","-0.22","8.222","4.17",2024-10-29 22:00:00,"PSY1N905",2
"29/10/2024","22:15:00","24.23","-1.641","0.177",0,"1.00","-3.80","-0.22","8.226","4.17",2024-10-29 22:15:00,"PSY1N905",2
"29/10/2024","22:30:00","24.21","-1.632","0.000",0,"1.00","-3.80","-0.22","8.226","4.17",2024-10-29 22:30:00,"PSY1N905",2
"29/10/2024","22:45:00","24.14","-1.580","0.185",0,"1.00","-3.80","-0.21","8.229","4.17",2024-10-29 22:45:00,"PSY1N905",2
"29/10/2024","23:00:00","24.11","-1.685","0.163",0,"1.00","-3.80","-0.22","8.229","4.17",2024-10-29 23:00:00,"PSY1N905",2
"29/10/2024","23:15:00","24.09","-1.578","0.000",0,"1.00","-3.80","-0.21","8.233","4.16",2024-10-29 23:15:00,"PSY1N905",2
"29/10/2024","23:30:00","24.13","-1.457","0.000",0,"1.00","-3.80","-0.19","8.229","4.16",2024-10-29 23:30:00,"PSY1N905",2
"29/10/2024","23:45:00","24.17","-1.618","0.184",0,"1.00","-3.80","-0.21","8.229","4.16",2024-10-29 23:45:00,"PSY1N905",2
"30/10/2024","00:00:00","23.52","-0.536","0.000",0,"1.00","-3.80","-0.07","8.251","4.16",2024-10-30,"PSY1N905",2
"30/10/2024","00:15:00","22.93","-0.459","0.000",0,"1.00","-3.80","-0.06","8.272","4.16",2024-10-30 00:15:00,"PSY1N905",2
"30/10/2024","00:30:00","22.43","-0.438","0.000",0,"1.00","-3.80","-0.05","8.290","4.16",2024-10-30 00:30:00,"PSY1N905",2
"30/10/2024","00:45:00","21.94","-0.458","0.000",0,"1.00","-3.80","-0.06","8.308","4.16",2024-10-30 00:45:00,"PSY1N905",2
"30/10/2024","01:00:00","21.57","-0.269","0.000",0,"1.00","-3.80","-0.03","8.323","4.16",2024-10-30 01:00:00,"PSY1N905",2
"30/10/2024","01:15:00","21.26","-0.346","0.000",0,"1.00","-3.80","-0.04","8.333","4.15",2024-10-30 01:15:00,"PSY1N905",2
"30/10/2024","01:30:00","21.03","-0.340","0.000",0,"1.00","-3.80","-0.04","8.341","4.15",2024-10-30 01:30:00,"PSY1N905",2
"30/10/2024","01:45:00","20.74","-0.318","0.000",0,"1.00","-3.80","-0.04","8.352","4.15",2024-10-30 01:45:00,"PSY1N905",2
"30/10/2024","02:00:00","20.37","-0.476","0.000",0,"1.00","-3.80","-0.06","8.366","4.15",2024-10-30 02:00:00,"PSY1N905",2
"30/10/2024","02:15:00","20.06","-0.466","0.000",0,"1.00","-3.80","-0.06","8.377","4.15",2024-10-30 02:15:00,"PSY1N905",2
"30/10/2024","02:30:00","20.05","-0.310","0.000",0,"1.00","-3.80","-0.04","8.377","4.15",2024-10-30 02:30:00,"PSY1N905",2
"30/10/2024","02:45:00","19.98","-0.391","0.000",0,"1.00","-3.80","-0.05","8.381","4.15",2024-10-30 02:45:00,"PSY1N905",2
"30/10/2024","03:00:00","19.84","-0.352","0.000",0,"1.00","-3.80","-0.04","8.384","4.15",2024-10-30 03:00:00,"PSY1N905",2
"30/10/2024","03:15:00","19.73","-0.434","0.000",0,"1.00","-3.80","-0.05","8.388","4.15",2024-10-30 03:15:00,"PSY1N905",2
"30/10/2024","03:30:00","19.66","-0.457","0.000",0,"1.00","-3.80","-0.06","8.392","4.14",2024-10-30 03:30:00,"PSY1N905",2
"30/10/2024","03:45:00","19.55","-0.376","0.000",0,"1.00","-3.80","-0.05","8.395","4.14",2024-10-30 03:45:00,"PSY1N905",2
"30/10/2024","04:00:00","19.46","-0.306","0.000",0,"1.00","-3.80","-0.04","8.399","4.14",2024-10-30 04:00:00,"PSY1N905",2
"30/10/2024","04:15:00","19.31","-0.407","0.000",0,"1.00","-3.80","-0.05","8.403","4.14",2024-10-30 04:15:00,"PSY1N905",2
"30/10/2024","04:30:00","19.29","-0.290","0.000",0,"1.00","-3.80","-0.04","8.406","4.14",2024-10-30 04:30:00,"PSY1N905",2
"30/10/2024","04:45:00","19.27","-0.400","0.000",0,"1.00","-3.80","-0.05","8.406","4.14",2024-10-30 04:45:00,"PSY1N905",2
"30/10/2024","05:00:00","19.24","-0.522","0.000",0,"1.00","-3.80","-0.07","8.406","4.14",2024-10-30 05:00:00,"PSY1N905",2
"30/10/2024","05:15:00","19.24","-0.308","0.000",0,"1.00","-3.80","-0.04","8.406","4.14",2024-10-30 05:15:00,"PSY1N905",2
"30/10/2024","05:30:00","19.23","-0.357","0.000",0,"1.00","-3.80","-0.04","8.406","4.13",2024-10-30 05:30:00,"PSY1N905",2
"30/10/2024","05:45:00","19.23","-0.303","0.000",0,"1.00","-3.80","-0.04","8.406","4.13",2024-10-30 05:45:00,"PSY1N905",2
"30/10/2024","06:00:00","19.24","-0.353","0.000",0,"1.00","-3.80","-0.04","8.406","4.13",2024-10-30 06:00:00,"PSY1N905",2
"30/10/2024","06:15:00","19.19","-0.280","0.000",0,"1.00","-3.80","-0.03","8.410","4.13",2024-10-30 06:15:00,"PSY1N905",2
"30/10/2024","06:30:00","19.16","-0.389","0.000",0,"1.00","-3.80","-0.05","8.410","4.13",2024-10-30 06:30:00,"PSY1N905",2
"30/10/2024","06:45:00","19.14","-0.474","0.000",0,"1.00","-3.80","-0.06","8.410","4.13",2024-10-30 06:45:00,"PSY1N905",2
"30/10/2024","07:00:00","19.13","-0.278","0.000",0,"1.00","-3.80","-0.03","8.410","4.13",2024-10-30 07:00:00,"PSY1N905",2
"30/10/2024","07:15:00","19.13","-0.367","0.000",0,"1.00","-3.80","-0.05","8.410","4.13",2024-10-30 07:15:00,"PSY1N905",2
"30/10/2024","07:30:00","19.14","-0.429","0.000",0,"1.00","-3.80","-0.05","8.410","4.13",2024-10-30 07:30:00,"PSY1N905",2
"30/10/2024","07:45:00","19.02","-0.419","0.000",0,"1.00","-3.80","-0.05","8.414","4.13",2024-10-30 07:45:00,"PSY1N905",2
"30/10/2024","08:00:00","19.44","-1.191","0.000",0,"1.00","-3.80","-0.16","8.399","4.12",2024-10-30 08:00:00,"PSY1N905",2
"30/10/2024","08:15:00","20.14","-1.284","0.000",0,"1.00","-3.80","-0.17","8.373","4.12",2024-10-30 08:15:00,"PSY1N905",2
"30/10/2024","08:30:00","20.68","-1.410","0.000",0,"1.00","-3.80","-0.19","8.355","4.12",2024-10-30 08:30:00,"PSY1N905",2
"30/10/2024","08:45:00","21.08","-1.422","0.000",0,"1.00","-3.80","-0.19","8.341","4.12",2024-10-30 08:45:00,"PSY1N905",2
"30/10/2024","09:00:00","21.49","-1.512","0.000",0,"1.00","-3.80","-0.20","8.326","4.12",2024-10-30 09:00:00,"PSY1N905",2
"30/10/2024","09:15:00","21.76","-1.454","0.000",0,"1.00","-3.80","-0.19","8.315","4.12",2024-10-30 09:15:00,"PSY1N905",2
"30/10/2024","09:30:00","21.87","-1.635","0.000",0,"1.00","-3.80","-0.22","8.312","4.12",2024-10-30 09:30:00,"PSY1N905",2
"30/10/2024","09:45:00","22.11","-1.438","0.000",0,"1.00","-3.80","-0.19","8.301","4.12",2024-10-30 09:45:00,"PSY1N905",2
"30/10/2024","10:00:00","22.36","-1.378","0.000",0,"1.00","-3.80","-0.18","8.294","4.11",2024-10-30 10:00:00,"PSY1N905",2
"30/10/2024","10:15:00","22.45","-1.736","0.000",0,"1.00","-3.80","-0.23","8.290","4.11",2024-10-30 10:15:00,"PSY1N905",2
"30/10/2024","10:30:00","22.79","-1.545","0.000",0,"1.00","-3.80","-0.20","8.279","4.11",2024-10-30 10:30:00,"PSY1N905",2
"30/10/2024","10:45:00","22.87","-1.472","0.000",0,"1.00","-3.80","-0.19","8.276","4.11",2024-10-30 10:45:00,"PSY1N905",2
"30/10/2024","11:00:00","23.14","-1.682","0.000",0,"1.00","-3.80","-0.22","8.265","4.11",2024-10-30 11:00:00,"PSY1N905",2
"30/10/2024","11:15:00","23.42","-1.694","0.000",0,"1.00","-3.80","-0.22","8.254","4.11",2024-10-30 11:15:00,"PSY1N905",2
"30/10/2024","11:30:00","23.73","-1.634","0.000",0,"1.00","-3.80","-0.22","8.244","4.11",2024-10-30 11:30:00,"PSY1N905",2
"30/10/2024","11:45:00","23.99","-1.395","0.000",0,"1.00","-3.80","-0.18","8.237","4.11",2024-10-30 11:45:00,"PSY1N905",2
"30/10/2024","12:00:00","24.08","-1.482","0.000",0,"1.00","-3.80","-0.20","8.233","4.11",2024-10-30 12:00:00,"PSY1N905",2
"30/10/2024","12:15:00","24.08","-1.642","0.000",0,"1.00","-3.80","-0.22","8.233","4.11",2024-10-30 12:15:00,"PSY1N905",2
"30/10/2024","12:30:00","24.37","-1.597","0.000",0,"1.00","-3.80","-0.21","8.222","4.11",2024-10-30 12:30:00,"PSY1N905",2
"30/10/2024","12:45:00","24.62","-1.685","0.000",0,"1.00","-3.80","-0.22","8.212","4.10",2024-10-30 12:45:00,"PSY1N905",2
"30/10/2024","13:00:00","24.84","-1.899","0.000",0,"1.00","-3.80","-0.25","8.205","4.10",2024-10-30 13:00:00,"PSY1N905",2
"30/10/2024","13:15:00","24.97","-1.695","0.000",0,"1.00","-3.80","-0.22","8.201","4.10",2024-10-30 13:15:00,"PSY1N905",2
"30/10/2024","13:30:00","25.21","-1.753","0.000",0,"1.00","-3.80","-0.23","8.191","4.10",2024-10-30 13:30:00,"PSY1N905",2
"30/10/2024","13:45:00","25.55","-1.177","0.000",0,"1.00","-3.80","-0.15","8.180","4.10",2024-10-30 13:45:00,"PSY1N905",2
"30/10/2024","14:00:00","25.73","-1.633","0.000",0,"1.00","-3.80","-0.21","8.173","4.10",2024-10-30 14:00:00,"PSY1N905",2
"30/10/2024","14:15:00","25.68","-1.820","0.000",0,"1.00","-3.80","-0.24","8.175","4.10",2024-10-30 14:15:00,"PSY1N905",2
"30/10/2024","14:30:00","25.62","-1.791","0.000",0,"1.00","-3.80","-0.24","8.175","4.10",2024-10-30 14:30:00,"PSY1N905",2
"30/10/2024","14:45:00","25.87","-1.730","0.000",0,"1.00","-3.80","-0.23","8.168","4.09",2024-10-30 14:45:00,"PSY1N905",2
"30/10/2024","15:00:00","25.75","-1.688","0.000",0,"1.00","-3.80","-0.22","8.173","4.09",2024-10-30 15:00:00,"PSY1N905",2
"30/10/2024","15:15:00","25.83","-1.788","0.000",0,"1.00","-3.80","-0.23","8.168","4.09",2024-10-30 15:15:00,"PSY1N905",2
"30/10/2024","15:30:00","25.95","-1.853","0.000",0,"1.00","-3.80","-0.24","8.166","4.09",2024-10-30 15:30:00,"PSY1N905",2
"30/10/2024","15:45:00","26.06","-1.658","0.000",0,"1.00","-3.80","-0.22","8.161","4.09",2024-10-30 15:45:00,"PSY1N905",2
"30/10/2024","16:00:00","26.01","-1.604","0.000",0,"1.00","-3.80","-0.21","8.161","4.09",2024-10-30 16:00:00,"PSY1N905",2
"30/10/2024","16:15:00","25.95","-1.503","0.000",0,"1.00","-3.80","-0.20","8.166","4.09",2024-10-30 16:15:00,"PSY1N905",2
"30/10/2024","16:30:00","25.59","-1.795","0.000",0,"1.00","-3.80","-0.24","8.180","4.09",2024-10-30 16:30:00,"PSY1N905",2
"30/10/2024","16:45:00","25.32","-1.848","0.000",0,"1.00","-3.80","-0.24","8.187","4.09",2024-10-30 16:45:00,"PSY1N905",2
"30/10/2024","17:00:00","25.13","-1.746","0.000",0,"1.00","-3.80","-0.23","8.194","4.09",2024-10-30 17:00:00,"PSY1N905",2
"30/10/2024","17:15:00","24.91","-1.771","0.000",0,"1.00","-3.80","-0.23","8.201","4.08",2024-10-30 17:15:00,"PSY1N905",2
"30/10/2024","17:30:00","24.26","-2.001","0.000",0,"1.00","-3.80","-0.26","8.226","4.13",2024-10-30 17:30:00,"PSY1N905",2
"30/10/2024","17:45:00","24.94","-1.917","0.000",0,"1.00","-3.80","-0.25","8.201","4.16",2024-10-30 17:45:00,"PSY1N905",2
"30/10/2024","18:00:00","25.24","-1.884","0.000",0,"1.00","-3.80","-0.25","8.191","4.17",2024-10-30 18:00:00,"PSY1N905",2
"30/10/2024","18:15:00","25.06","-1.801","0.000",0,"1.00","-3.80","-0.24","8.198","4.18",2024-10-30 18:15:00,"PSY1N905",2
"30/10/2024","18:30:00","25.21","-1.895","0.000",0,"1.00","-3.80","-0.25","8.191","4.18",2024-10-30 18:30:00,"PSY1N905",2
"30/10/2024","18:45:00","24.87","-1.751","0.000",0,"1.00","-3.80","-0.23","8.205","4.18",2024-10-30 18:45:00,"PSY1N905",2
"30/10/2024","19:00:00","24.77","-1.860","0.000",0,"1.00","-3.80","-0.25","8.208","4.19",2024-10-30 19:00:00,"PSY1N905",2
"30/10/2024","19:15:00","24.40","-1.837","0.000",0,"1.00","-3.80","-0.24","8.219","4.19",2024-10-30 19:15:00,"PSY1N905",2
"30/10/2024","19:30:00","24.36","-1.762","0.000",0,"1.00","-3.80","-0.23","8.222","4.19",2024-10-30 19:30:00,"PSY1N905",2
"30/10/2024","19:45:00","24.22","-1.792","0.101",0,"1.00","-3.80","-0.24","8.226","4.19",2024-10-30 19:45:00,"PSY1N905",2
"30/10/2024","20:00:00","24.31","-1.924","0.026",0,"1.00","-3.80","-0.25","8.222","4.19",2024-10-30 20:00:00,"PSY1N905",2
"30/10/2024","20:15:00","24.52","-1.883","0.000",0,"1.00","-3.80","-0.25","8.215","4.19",2024-10-30 20:15:00,"PSY1N905",2
"30/10/2024","20:30:00","24.40","-1.771","0.000",0,"1.00","-3.80","-0.23","8.219","4.19",2024-10-30 20:30:00,"PSY1N905",2
"30/10/2024","20:45:00","24.36","-1.859","0.069",0,"1.00","-3.80","-0.25","8.222","4.19",2024-10-30 20:45:00,"PSY1N905",2
"30/10/2024","21:00:00","24.34","-1.907","0.151",-0.03,"1.00","-3.80","-0.25","8.222","4.19",2024-10-30 21:00:00,"PSY1N905",2
"30/10/2024","21:15:00","24.32","-1.575","0.000",0,"1.00","-3.80","-0.21","8.222","4.19",2024-10-30 21:15:00,"PSY1N905",2
"30/10/2024","21:30:00","24.32","-1.793","0.186",-0.02,"1.00","-3.80","-0.24","8.222","4.19",2024-10-30 21:30:00,"PSY1N905",2
"30/10/2024","21:45:00","24.10","-1.570","0.000",0,"1.00","-3.80","-0.21","8.229","4.19",2024-10-30 21:45:00,"PSY1N905",2
"30/10/2024","22:00:00","23.95","-1.779","0.107",0,"1.00","-3.80","-0.24","8.237","4.19",2024-10-30 22:00:00,"PSY1N905",2
"30/10/2024","22:15:00","23.81","-1.778","0.000",0,"1.00","-3.80","-0.24","8.240","4.19",2024-10-30 22:15:00,"PSY1N905",2
"30/10/2024","22:30:00","23.85","-1.735","0.000",0,"1.00","-3.80","-0.23","8.240","4.19",2024-10-30 22:30:00,"PSY1N905",2
"30/10/2024","22:45:00","23.76","-1.466","0.000",0,"1.00","-3.80","-0.19","8.244","4.19",2024-10-30 22:45:00,"PSY1N905",2
"30/10/2024","23:00:00","23.60","-1.783","0.000",0,"1.00","-3.80","-0.24","8.247","4.19",2024-10-30 23:00:00,"PSY1N905",2
"30/10/2024","23:15:00","23.73","-1.697","0.000",0,"1.00","-3.80","-0.22","8.244","4.19",2024-10-30 23:15:00,"PSY1N905",2
"30/10/2024","23:30:00","23.78","-1.629","0.000",0,"1.00","-3.80","-0.22","8.244","4.19",2024-10-30 23:30:00,"PSY1N905",2
"30/10/2024","23:45:00","23.74","-1.669","0.000",0,"1.00","-3.80","-0.22","8.244","4.19",2024-10-30 23:45:00,"PSY1N905",2
"31/10/2024","00:00:00","23.24","-0.689","0.000",0,"1.00","-3.80","-0.09","8.262","4.19",2024-10-31,"PSY1N905",2
"31/10/2024","00:15:00","22.74","-0.469","0.000",0,"1.00","-3.80","-0.06","8.279","4.19",2024-10-31 00:15:00,"PSY1N905",2
"31/10/2024","00:30:00","22.32","-0.535","0.000",0,"1.00","-3.80","-0.07","8.294","4.19",2024-10-31 00:30:00,"PSY1N905",2
"31/10/2024","00:45:00","21.89","-0.473","0.000",0,"1.00","-3.80","-0.06","8.312","4.19",2024-10-31 00:45:00,"PSY1N905",2
"31/10/2024","01:00:00","21.43","-0.347","0.000",0,"1.00","-3.80","-0.04","8.326","4.19",2024-10-31 01:00:00,"PSY1N905",2
"31/10/2024","01:15:00","20.89","-0.335","0.000",0,"1.00","-3.80","-0.04","8.348","4.19",2024-10-31 01:15:00,"PSY1N905",2
"31/10/2024","01:30:00","20.44","-0.419","0.000",0,"1.00","-3.80","-0.05","8.362","4.19",2024-10-31 01:30:00,"PSY1N905",2
"31/10/2024","01:45:00","20.16","-0.513","0.000",0,"1.00","-3.80","-0.07","8.373","4.19",2024-10-31 01:45:00,"PSY1N905",2
"31/10/2024","02:00:00","19.94","-0.361","0.000",0,"1.00","-3.80","-0.04","8.381","4.19",2024-10-31 02:00:00,"PSY1N905",2
"31/10/2024","02:15:00","19.70","-0.405","0.000",0,"1.00","-3.80","-0.05","8.388","4.19",2024-10-31 02:15:00,"PSY1N905",2
"31/10/2024","02:30:00","19.58","-0.358","0.000",0,"1.00","-3.80","-0.04","8.395","4.19",2024-10-31 02:30:00,"PSY1N905",2
"31/10/2024","02:45:00","19.54","-0.459","0.000",0,"1.00","-3.80","-0.06","8.395","4.19",2024-10-31 02:45:00,"PSY1N905",2
"31/10/2024","03:00:00","19.57","-0.325","0.000",0,"1.00","-3.80","-0.04","8.395","4.19",2024-10-31 03:00:00,"PSY1N905",2
"31/10/2024","03:15:00","19.56","-0.293","0.000",0,"1.00","-3.80","-0.04","8.395","4.19",2024-10-31 03:15:00,"PSY1N905",2
"31/10/2024","03:30:00","19.42","-0.375","0.000",0,"1.00","-3.80","-0.05","8.399","4.19",2024-10-31 03:30:00,"PSY1N905",2
"31/10/2024","03:45:00","19.29","-0.491","0.000",0,"1.00","-3.80","-0.06","8.406","4.19",2024-10-31 03:45:00,"PSY1N905",2
"31/10/2024","04:00:00","19.32","-0.460","0.000",0,"1.00","-3.80","-0.06","8.403","4.19",2024-10-31 04:00:00,"PSY1N905",2
"31/10/2024","04:15:00","19.31","-0.453","0.000",0,"1.00","-3.80","-0.06","8.403","4.19",2024-10-31 04:15:00,"PSY1N905",2
"31/10/2024","04:30:00","19.31","-0.475","0.000",0,"1.00","-3.80","-0.06","8.403","4.19",2024-10-31 04:30:00,"PSY1N905",2
"31/10/2024","04:45:00","19.19","-0.391","0.000",0,"1.00","-3.80","-0.05","8.410","4.19",2024-10-31 04:45:00,"PSY1N905",2
"31/10/2024","05:00:00","19.07","-0.395","0.000",0,"1.00","-3.80","-0.05","8.414","4.19",2024-10-31 05:00:00,"PSY1N905",2
"31/10/2024","05:15:00","19.10","-0.422","0.000",0,"1.00","-3.80","-0.05","8.410","4.19",2024-10-31 05:15:00,"PSY1N905",2
"31/10/2024","05:30:00","18.97","-0.432","0.000",0,"1.00","-3.80","-0.05","8.417","4.19",2024-10-31 05:30:00,"PSY1N905",2
"31/10/2024","05:45:00","18.98","-0.276","0.000",0,"1.00","-3.80","-0.03","8.417","4.19",2024-10-31 05:45:00,"PSY1N905",2
"31/10/2024","06:00:00","19.00","-0.391","0.000",0,"1.00","-3.80","-0.05","8.414","4.19",2024-10-31 06:00:00,"PSY1N905",2
"31/10/2024","06:15:00","19.00","-0.380","0.000",0,"1.00","-3.80","-0.05","8.414","4.19",2024-10-31 06:15:00,"PSY1N905",2
"31/10/2024","06:30:00","18.99","-0.433","0.000",0,"1.00","-3.80","-0.05","8.417","4.19",2024-10-31 06:30:00,"PSY1N905",2
"31/10/2024","06:45:00","18.96","-0.492","0.000",0,"1.00","-3.80","-0.06","8.417","4.19",2024-10-31 06:45:00,"PSY1N905",2
"31/10/2024","07:00:00","18.91","-0.316","0.000",0,"1.00","-3.80","-0.04","8.417","4.19",2024-10-31 07:00:00,"PSY1N905",2
"31/10/2024","07:15:00","18.93","-0.459","0.000",0,"1.00","-3.80","-0.06","8.417","4.19",2024-10-31 07:15:00,"PSY1N905",2
"31/10/2024","07:30:00","18.85","-0.495","0.000",0,"1.00","-3.80","-0.06","8.421","4.19",2024-10-31 07:30:00,"PSY1N905",2
"31/10/2024","07:45:00","18.77","-0.430","0.000",0,"1.00","-3.80","-0.05","8.425","4.19",2024-10-31 07:45:00,"PSY1N905",2
"31/10/2024","08:00:00","19.21","-1.458","0.000",0,"1.00","-3.80","-0.20","8.406","4.19",2024-10-31 08:00:00,"PSY1N905",2
"31/10/2024","08:15:00","20.01","-1.539","0.000",0,"1.00","-3.80","-0.21","8.377","4.19",2024-10-31 08:15:00,"PSY1N905",2
"31/10/2024","08:30:00","20.46","-1.681","0.000",0,"1.00","-3.80","-0.23","8.362","4.19",2024-10-31 08:30:00,"PSY1N905",2
"31/10/2024","08:45:00","20.71","-1.511","0.000",0,"1.00","-3.80","-0.20","8.352","4.19",2024-10-31 08:45:00,"PSY1N905",2
"31/10/2024","09:00:00","20.81","-1.657","0.000",0,"1.00","-3.80","-0.22","8.348","4.19",2024-10-31 09:00:00,"PSY1N905",2
"31/10/2024","09:15:00","21.09","-1.659","0.000",0,"1.00","-3.80","-0.22","8.341","4.19",2024-10-31 09:15:00,"PSY1N905",2
"31/10/2024","09:30:00","21.38","-1.587","0.000",0,"1.00","-3.80","-0.21","8.330","4.19",2024-10-31 09:30:00,"PSY1N905",2
"31/10/2024","09:45:00","21.65","-1.691","0.000",0,"1.00","-3.80","-0.23","8.319","4.19",2024-10-31 09:45:00,"PSY1N905",2
"31/10/2024","10:00:00","21.97","-1.849","0.000",0,"1.00","-3.80","-0.25","8.308","4.19",2024-10-31 10:00:00,"PSY1N905",2
"31/10/2024","10:15:00","22.53","-1.803","0.000",0,"1.00","-3.80","-0.24","8.287","4.19",2024-10-31 10:15:00,"PSY1N905",2
"31/10/2024","10:30:00","22.86","-1.858","0.000",0,"1.00","-3.80","-0.25","8.276","4.19",2024-10-31 10:30:00,"PSY1N905",2
"31/10/2024","10:45:00","23.11","-1.910","0.000",0,"1.00","-3.80","-0.25","8.265","4.19",2024-10-31 10:45:00,"PSY1N905",2
"31/10/2024","11:00:00","23.48","-2.048","0.000",0,"1.00","-3.80","-0.27","8.254","4.19",2024-10-31 11:00:00,"PSY1N905",2
"31/10/2024","11:15:00","24.19","-1.830","0.000",0,"1.00","-3.80","-0.24","8.229","4.19",2024-10-31 11:15:00,"PSY1N905",2
"31/10/2024","11:30:00","24.06","-1.765","0.000",0,"1.00","-3.80","-0.23","8.233","4.19",2024-10-31 11:30:00,"PSY1N905",2
"31/10/2024","11:45:00","24.22","-1.676","0.000",0,"1.00","-3.80","-0.22","8.226","4.19",2024-10-31 11:45:00,"PSY1N905",2
"31/10/2024","12:00:00","24.26","-1.384","0.000",0,"1.00","-3.80","-0.18","8.226","4.19",2024-10-31 12:00:00,"PSY1N905",2
"31/10/2024","12:15:00","24.58","-2.206","-0.065",-0.01,"1.00","-3.80","-0.29","8.215","4.19",2024-10-31 12:15:00,"PSY1N905",2
"31/10/2024","12:30:00","24.83","-1.347","0.000",0,"1.00","-3.80","-0.18","8.205","4.19",2024-10-31 12:30:00,"PSY1N905",2
"31/10/2024","12:45:00","25.08","-1.690","0.000",0,"1.00","-3.80","-0.22","8.198","4.19",2024-10-31 12:45:00,"PSY1N905",2
"31/10/2024","13:00:00","25.90","-2.065","0.000",0,"1.00","-3.80","-0.27","8.166","4.19",2024-10-31 13:00:00,"PSY1N905",2
"31/10/2024","13:15:00","26.68","-1.936","0.000",0,"1.00","-3.80","-0.25","8.141","4.19",2024-10-31 13:15:00,"PSY1N905",2
"31/10/2024","13:30:00","27.11","-1.815","0.000",0,"1.00","-3.80","-0.24","8.123","4.19",2024-10-31 13:30:00,"PSY1N905",2
"31/10/2024","13:45:00","27.55","-2.288","-0.042",-0.03,"1.00","-3.80","-0.30","8.109","4.19",2024-10-31 13:45:00,"PSY1N905",2
"31/10/2024","14:00:00","27.31","-0.282","0.000",0,"1.00","-3.80","-0.03","8.116","4.19",2024-10-31 14:00:00,"PSY1N905",2
"31/10/2024","14:15:00","27.00","-2.022","0.000",0,"1.00","-3.80","-0.26","8.128","4.19",2024-10-31 14:15:00,"PSY1N905",2
"31/10/2024","14:30:00","27.23","-1.692","0.000",0,"1.00","-3.80","-0.22","8.121","4.19",2024-10-31 14:30:00,"PSY1N905",2
"31/10/2024","14:45:00","27.44","-1.911","0.000",0,"1.00","-3.80","-0.25","8.114","4.19",2024-10-31 14:45:00,"PSY1N905",2
"31/10/2024","15:00:00","27.29","-1.507","0.000",0,"1.00","-3.80","-0.20","8.121","4.19",2024-10-31 15:00:00,"PSY1N905",2
"31/10/2024","15:15:00","26.44","-1.643","0.000",0,"1.00","-3.80","-0.21","8.148","4.19",2024-10-31 15:15:00,"PSY1N905",2
"31/10/2024","15:30:00","25.70","-1.593","0.000",0,"1.00","-3.80","-0.21","8.173","4.19",2024-10-31 15:30:00,"PSY1N905",2
"31/10/2024","15:45:00","25.72","-1.839","0.000",0,"1.00","-3.80","-0.24","8.173","4.19",2024-10-31 15:45:00,"PSY1N905",2
"31/10/2024","16:00:00","25.62","-1.556","0.000",0,"1.00","-3.80","-0.20","8.175","4.19",2024-10-31 16:00:00,"PSY1N905",2
"31/10/2024","16:15:00","25.42","-1.693","0.000",0,"1.00","-3.80","-0.22","8.184","4.19",2024-10-31 16:15:00,"PSY1N905",2
"31/10/2024","16:30:00","25.42","-1.776","0.000",0,"1.00","-3.80","-0.23","8.184","4.19",2024-10-31 16:30:00,"PSY1N905",2
"31/10/2024","16:45:00","25.58","-1.639","0.000",0,"1.00","-3.80","-0.21","8.180","4.19",2024-10-31 16:45:00,"PSY1N905",2
"31/10/2024","17:00:00","25.60","-1.690","0.000",0,"1.00","-3.80","-0.22","8.175","4.19",2024-10-31 17:00:00,"PSY1N905",2
"31/10/2024","17:15:00","25.55","-1.845","0.112",-0.01,"1.00","-3.80","-0.24","8.180","4.19",2024-10-31 17:15:00,"PSY1N905",2
"31/10/2024","17:30:00","25.45","-1.773","0.000",0,"1.00","-3.80","-0.23","8.184","4.18",2024-10-31 17:30:00,"PSY1N905",2
"31/10/2024","17:45:00","25.24","-1.732","0.000",0,"1.00","-3.80","-0.23","8.191","4.18",2024-10-31 17:45:00,"PSY1N905",2
"31/10/2024","18:00:00","25.01","-1.743","0.000",0,"1.00","-3.80","-0.23","8.198","4.18",2024-10-31 18:00:00,"PSY1N905",2
"31/10/2024","18:15:00","24.72","-1.645","0.000",0,"1.00","-3.80","-0.22","8.208","4.18",2024-10-31 18:15:00,"PSY1N905",2
"31/10/2024","18:30:00","24.21","-1.567","0.000",0,"1.00","-3.80","-0.21","8.226","4.18",2024-10-31 18:30:00,"PSY1N905",2
"31/10/2024","18:45:00","23.81","-1.370","0.000",0,"1.00","-3.80","-0.18","8.240","4.18",2024-10-31 18:45:00,"PSY1N905",2
"31/10/2024","19:00:00","23.80","-1.690","0.000",0,"1.00","-3.80","-0.22","8.240","4.17",2024-10-31 19:00:00,"PSY1N905",2
"31/10/2024","19:15:00","23.78","-1.729","0.000",0,"1.00","-3.80","-0.23","8.244","4.17",2024-10-31 19:15:00,"PSY1N905",2
"31/10/2024","19:30:00","23.52","-1.284","0.000",0,"1.00","-3.80","-0.17","8.251","4.17",2024-10-31 19:30:00,"PSY1N905",2
"31/10/2024","19:45:00","23.06","-1.694","0.120",0,"1.00","-3.80","-0.22","8.269","4.17",2024-10-31 19:45:00,"PSY1N905",2
"31/10/2024","20:00:00","23.28","-1.692","0.000",0,"1.00","-3.80","-0.22","8.262","4.17",2024-10-31 20:00:00,"PSY1N905",2
"31/10/2024","20:15:00","23.28","-1.807","0.129",-0.01,"1.00","-3.80","-0.24","8.262","4.17",2024-10-31 20:15:00,"PSY1N905",2
"31/10/2024","20:30:00","23.12","-1.583","0.312",-0.03,"1.00","-3.80","-0.21","8.265","4.17",2024-10-31 20:30:00,"PSY1N905",2
"31/10/2024","20:45:00","22.95","-1.697","0.292",-0.04,"1.00","-3.80","-0.23","8.272","4.17",2024-10-31 20:45:00,"PSY1N905",2
"31/10/2024","21:00:00","22.93","-1.653","0.000",0,"1.00","-3.80","-0.22","8.272","4.17",2024-10-31 21:00:00,"PSY1N905",2
"31/10/2024","21:15:00","22.81","-1.473","0.511",-0.07,"1.00","-3.80","-0.19","8.276","4.17",2024-10-31 21:15:00,"PSY1N905",2
"31/10/2024","21:30:00","22.59","-1.713","0.237",-0.03,"1.00","-3.80","-0.23","8.287","4.17",2024-10-31 21:30:00,"PSY1N905",2
"31/10/2024","21:45:00","22.58","-1.295","0.000",0,"1.00","-3.80","-0.17","8.287","4.16",2024-10-31 21:45:00,"PSY1N905",2
"31/10/2024","22:00:00","22.46","-1.139","0.000",0,"1.00","-3.80","-0.15","8.290","4.16",2024-10-31 22:00:00,"PSY1N905",2
"31/10/2024","22:15:00","22.30","-1.302","0.400",-0.02,"1.00","-3.80","-0.17","8.294","4.16",2024-10-31 22:15:00,"PSY1N905",2
"31/10/2024","22:30:00","22.23","-1.503","0.446",-0.06,"1.00","-3.80","-0.20","8.297","4.16",2024-10-31 22:30:00,"PSY1N905",2
"31/10/2024","22:45:00","22.24","-1.295","0.382",-0.02,"1.00","-3.80","-0.17","8.297","4.16",2024-10-31 22:45:00,"PSY1N905",2
"31/10/2024","23:00:00","22.23","-1.170","0.000",0,"1.00","-3.80","-0.15","8.297","4.16",2024-10-31 23:00:00,"PSY1N905",2
"31/10/2024","23:15:00","22.44","-1.455","0.394",-0.04,"1.00","-3.80","-0.19","8.290","4.16",2024-10-31 23:15:00,"PSY1N905",2
"31/10/2024","23:30:00","22.62","-1.457","0.409",-0.04,"1.00","-3.80","-0.19","8.283","4.16",2024-10-31 23:30:00,"PSY1N905",2
"31/10/2024","23:45:00","22.78","-1.416","0.406",-0.04,"1.00","-3.80","-0.19","8.279","4.15",2024-10-31 23:45:00,"PSY1N905",2
"01/11/2024","00:00:00","22.25","-0.359","0.000",0,"1.00","-3.80","-0.04","8.297","4.15",2024-11-01,"PSY1N905",2
"01/11/2024","00:15:00","21.72","-0.279","0.000",0,"1.00","-3.80","-0.03","8.315","4.15",2024-11-01 00:15:00,"PSY1N905",2
"01/11/2024","00:30:00","21.26","-0.250","0.000",0,"1.00","-3.80","-0.03","8.333","4.15",2024-11-01 00:30:00,"PSY1N905",2
"01/11/2024","00:45:00","20.88","-0.300","0.000",0,"1.00","-3.80","-0.04","8.348","4.15",2024-11-01 00:45:00,"PSY1N905",2
"01/11/2024","01:00:00","20.61","-0.225","0.000",0,"1.00","-3.80","-0.03","8.355","4.15",2024-11-01 01:00:00,"PSY1N905",2
"01/11/2024","01:15:00","20.38","-0.208","0.000",0,"1.00","-3.80","-0.02","8.366","4.15",2024-11-01 01:15:00,"PSY1N905",2
"01/11/2024","01:30:00","20.20","-0.286","0.000",0,"1.00","-3.80","-0.03","8.370","4.15",2024-11-01 01:30:00,"PSY1N905",2
"01/11/2024","01:45:00","20.09","-0.328","0.000",0,"1.00","-3.80","-0.04","8.377","4.14",2024-11-01 01:45:00,"PSY1N905",2
"01/11/2024","02:00:00","19.97","-0.249","0.000",0,"1.00","-3.80","-0.03","8.381","4.14",2024-11-01 02:00:00,"PSY1N905",2
"01/11/2024","02:15:00","19.89","-0.262","0.000",0,"1.00","-3.80","-0.03","8.384","4.14",2024-11-01 02:15:00,"PSY1N905",2
"01/11/2024","02:30:00","19.83","-0.397","0.000",0,"1.00","-3.80","-0.05","8.384","4.14",2024-11-01 02:30:00,"PSY1N905",2
"01/11/2024","02:45:00","19.78","-0.298","0.000",0,"1.00","-3.80","-0.04","8.388","4.14",2024-11-01 02:45:00,"PSY1N905",2
"01/11/2024","03:00:00","19.74","-0.320","0.000",0,"1.00","-3.80","-0.04","8.388","4.14",2024-11-01 03:00:00,"PSY1N905",2
"01/11/2024","03:15:00","19.69","-0.329","0.000",0,"1.00","-3.80","-0.04","8.392","4.14",2024-11-01 03:15:00,"PSY1N905",2
"01/11/2024","03:30:00","19.64","-0.379","0.000",0,"1.00","-3.80","-0.05","8.392","4.14",2024-11-01 03:30:00,"PSY1N905",2
"01/11/2024","03:45:00","19.61","-0.322","0.000",0,"1.00","-3.80","-0.04","8.392","4.14",2024-11-01 03:45:00,"PSY1N905",2
"01/11/2024","04:00:00","19.58","-0.328","0.000",0,"1.00","-3.80","-0.04","8.395","4.13",2024-11-01 04:00:00,"PSY1N905",2
"01/11/2024","04:15:00","19.56","-0.467","0.000",0,"1.00","-3.80","-0.06","8.395","4.13",2024-11-01 04:15:00,"PSY1N905",2
"01/11/2024","04:30:00","19.54","-0.396","0.000",0,"1.00","-3.80","-0.05","8.395","4.13",2024-11-01 04:30:00,"PSY1N905",2
"01/11/2024","04:45:00","19.52","-0.490","0.000",0,"1.00","-3.80","-0.06","8.395","4.13",2024-11-01 04:45:00,"PSY1N905",2
"01/11/2024","05:00:00","19.52","-0.388","0.000",0,"1.00","-3.80","-0.05","8.395","4.13",2024-11-01 05:00:00,"PSY1N905",2
"01/11/2024","05:15:00","19.50","-0.398","0.000",0,"1.00","-3.80","-0.05","8.395","4.13",2024-11-01 05:15:00,"PSY1N905",2
"01/11/2024","05:30:00","19.50","-0.464","0.000",0,"1.00","-3.80","-0.06","8.395","4.13",2024-11-01 05:30:00,"PSY1N905",2
"01/11/2024","05:45:00","19.48","-0.453","0.000",0,"1.00","-3.80","-0.06","8.399","4.13",2024-11-01 05:45:00,"PSY1N905",2
"01/11/2024","06:00:00","19.47","-0.438","0.000",0,"1.00","-3.80","-0.06","8.399","4.13",2024-11-01 06:00:00,"PSY1N905",2
"01/11/2024","06:15:00","19.44","-0.363","0.000",0,"1.00","-3.80","-0.05","8.399","4.12",2024-11-01 06:15:00,"PSY1N905",2
"01/11/2024","06:30:00","19.43","-0.371","0.000",0,"1.00","-3.80","-0.05","8.399","4.12",2024-11-01 06:30:00,"PSY1N905",2
"01/11/2024","06:45:00","19.42","-0.369","0.000",0,"1.00","-3.80","-0.05","8.399","4.12",2024-11-01 06:45:00,"PSY1N905",2
"01/11/2024","07:00:00","19.42","-0.386","0.000",0,"1.00","-3.80","-0.05","8.399","4.12",2024-11-01 07:00:00,"PSY1N905",2
"01/11/2024","07:15:00","19.43","-0.402","0.000",0,"1.00","-3.80","-0.05","8.399","4.12",2024-11-01 07:15:00,"PSY1N905",2
"01/11/2024","07:30:00","19.47","-0.430","0.000",0,"1.00","-3.80","-0.05","8.399","4.12",2024-11-01 07:30:00,"PSY1N905",2
"01/11/2024","07:45:00","19.32","-0.109","0.000",0,"1.00","-3.80","-0.01","8.403","4.12",2024-11-01 07:45:00,"PSY1N905",2
"01/11/2024","08:00:00","19.56","-1.303","0.000",0,"1.00","-3.80","-0.17","8.395","4.12",2024-11-01 08:00:00,"PSY1N905",2
"01/11/2024","08:15:00","20.06","-1.584","0.000",0,"1.00","-3.80","-0.21","8.377","4.12",2024-11-01 08:15:00,"PSY1N905",2
"01/11/2024","08:30:00","20.40","-1.371","0.000",0,"1.00","-3.80","-0.18","8.362","4.11",2024-11-01 08:30:00,"PSY1N905",2
"01/11/2024","08:45:00","20.61","-1.579","0.000",0,"1.00","-3.80","-0.21","8.355","4.11",2024-11-01 08:45:00,"PSY1N905",2
"01/11/2024","09:00:00","20.73","-1.398","0.000",0,"1.00","-3.80","-0.19","8.352","4.11",2024-11-01 09:00:00,"PSY1N905",2
"01/11/2024","09:15:00","20.92","-1.475","0.000",0,"1.00","-3.80","-0.20","8.344","4.11",2024-11-01 09:15:00,"PSY1N905",2
"01/11/2024","09:30:00","21.14","-1.617","0.000",0,"1.00","-3.80","-0.22","8.337","4.11",2024-11-01 09:30:00,"PSY1N905",2
"01/11/2024","09:45:00","21.24","-1.589","0.000",0,"1.00","-3.80","-0.21","8.333","4.11",2024-11-01 09:45:00,"PSY1N905",2
"01/11/2024","10:00:00","21.18","-1.621","0.000",0,"1.00","-3.80","-0.22","8.337","4.11",2024-11-01 10:00:00,"PSY1N905",2
"01/11/2024","10:15:00","21.30","-1.691","0.000",0,"1.00","-3.80","-0.23","8.330","4.11",2024-11-01 10:15:00,"PSY1N905",2
"01/11/2024","10:30:00","21.41","-1.669","0.182",-0.01,"1.00","-3.80","-0.22","8.326","4.11",2024-11-01 10:30:00,"PSY1N905",2
"01/11/2024","10:45:00","21.47","-1.538","0.000",0,"1.00","-3.80","-0.20","8.326","4.11",2024-11-01 10:45:00,"PSY1N905",2
"01/11/2024","11:00:00","21.66","-1.706","0.000",0,"1.00","-3.80","-0.23","8.319","4.10",2024-11-01 11:00:00,"PSY1N905",2
"01/11/2024","11:15:00","21.60","-1.334","0.000",0,"1.00","-3.80","-0.18","8.319","4.10",2024-11-01 11:15:00,"PSY1N905",2
"01/11/2024","11:30:00","21.75","-0.922","0.000",0,"1.00","-3.80","-0.12","8.315","4.10",2024-11-01 11:30:00,"PSY1N905",2
"01/11/2024","11:45:00","22.04","-1.526","0.000",0,"1.00","-3.80","-0.20","8.305","4.10",2024-11-01 11:45:00,"PSY1N905",2
"01/11/2024","12:00:00","22.24","-1.700","0.000",0,"1.00","-3.80","-0.23","8.297","4.10",2024-11-01 12:00:00,"PSY1N905",2
"01/11/2024","12:15:00","22.52","-1.617","0.000",0,"1.00","-3.80","-0.21","8.287","4.10",2024-11-01 12:15:00,"PSY1N905",2
"01/11/2024","12:30:00","22.67","-1.538","0.250",-0.01,"1.00","-3.80","-0.20","8.283","4.10",2024-11-01 12:30:00,"PSY1N905",2
"01/11/2024","12:45:00","22.71","-1.740","0.000",0,"1.00","-3.80","-0.23","8.279","4.10",2024-11-01 12:45:00,"PSY1N905",2
"01/11/2024","13:00:00","22.74","-1.536","0.000",0,"1.00","-3.80","-0.20","8.279","4.09",2024-11-01 13:00:00,"PSY1N905",2
"01/11/2024","13:15:00","22.59","-1.410","0.000",0,"1.00","-3.80","-0.19","8.287","4.09",2024-11-01 13:15:00,"PSY1N905",2
"01/11/2024","13:30:00","22.74","-1.634","0.157",0,"1.00","-3.80","-0.22","8.279","4.09",2024-11-01 13:30:00,"PSY1N905",2
"01/11/2024","13:45:00","22.72","-1.425","0.000",0,"1.00","-3.80","-0.19","8.279","4.09",2024-11-01 13:45:00,"PSY1N905",2
"01/11/2024","14:00:00","22.79","-1.714","0.298",-0.05,"1.00","-3.80","-0.23","8.279","4.09",2024-11-01 14:00:00,"PSY1N905",2
"01/11/2024","14:15:00","22.98","-1.566","0.000",0,"1.00","-3.80","-0.21","8.272","4.09",2024-11-01 14:15:00,"PSY1N905",2
"01/11/2024","14:30:00","22.83","-1.373","0.000",0,"1.00","-3.80","-0.18","8.276","4.09",2024-11-01 14:30:00,"PSY1N905",2
"01/11/2024","14:45:00","22.80","-1.240","0.000",0,"1.00","-3.80","-0.16","8.276","4.09",2024-11-01 14:45:00,"PSY1N905",2
"01/11/2024","15:00:00","22.70","-1.264","0.503",-0.04,"1.00","-3.80","-0.17","8.279","4.09",2024-11-01 15:00:00,"PSY1N905",2
"01/11/2024","15:15:00","22.56","-1.301","0.358",-0.01,"1.00","-3.80","-0.17","8.287","4.09",2024-11-01 15:15:00,"PSY1N905",2
"01/11/2024","15:30:00","22.50","-1.334","0.388",-0.02,"1.00","-3.80","-0.18","8.287","4.09",2024-11-01 15:30:00,"PSY1N905",2
"01/11/2024","15:45:00","22.49","-1.538","0.498",-0.08,"1.00","-3.80","-0.20","8.290","4.08",2024-11-01 15:45:00,"PSY1N905",2
"01/11/2024","16:00:00","22.52","-1.315","0.565",-0.07,"1.00","-3.80","-0.17","8.287","4.08",2024-11-01 16:00:00,"PSY1N905",2
"01/11/2024","16:15:00","22.61","-1.288","0.475",-0.04,"1.00","-3.80","-0.17","8.283","4.08",2024-11-01 16:15:00,"PSY1N905",2
"01/11/2024","16:30:00","22.58","-1.180","0.636",-0.07,"1.00","-3.80","-0.16","8.287","4.08",2024-11-01 16:30:00,"PSY1N905",2
"01/11/2024","16:45:00","22.51","-1.114","0.618",-0.06,"1.00","-3.80","-0.15","8.287","4.08",2024-11-01 16:45:00,"PSY1N905",2
"01/11/2024","17:00:00","22.37","-1.120","0.600",-0.05,"1.00","-3.80","-0.15","8.294","4.08",2024-11-01 17:00:00,"PSY1N905",2
"01/11/2024","17:15:00","22.21","-0.647","0.762",-0.04,"1.00","-3.80","-0.08","8.297","4.08",2024-11-01 17:15:00,"PSY1N905",2
"01/11/2024","17:30:00","22.11","-1.098","0.806",-0.11,"1.00","-3.80","-0.14","8.301","4.08",2024-11-01 17:30:00,"PSY1N905",2
"01/11/2024","17:45:00","22.20","-0.932","0.883",-0.11,"1.00","-3.80","-0.12","8.297","4.08",2024-11-01 17:45:00,"PSY1N905",2
"01/11/2024","18:00:00","22.28","-1.122","0.812",-0.12,"1.00","-3.80","-0.15","8.297","4.08",2024-11-01 18:00:00,"PSY1N905",2
"01/11/2024","18:15:00","22.19","-1.129","0.888",-0.14,"1.00","-3.80","-0.15","8.301","4.07",2024-11-01 18:15:00,"PSY1N905",2
"01/11/2024","18:30:00","22.14","-1.072","0.989",-0.16,"1.00","-3.80","-0.14","8.301","4.07",2024-11-01 18:30:00,"PSY1N905",2
"01/11/2024","18:45:00","22.10","-0.714","1.153",-0.16,"1.00","-3.80","-0.09","8.301","4.07",2024-11-01 18:45:00,"PSY1N905",2
"01/11/2024","19:00:00","22.06","-0.933","0.859",-0.1,"1.00","-3.80","-0.12","8.305","4.07",2024-11-01 19:00:00,"PSY1N905",2
"01/11/2024","19:15:00","22.12","-1.131","0.977",-0.16,"1.00","-3.80","-0.15","8.301","4.07",2024-11-01 19:15:00,"PSY1N905",2
"01/11/2024","19:30:00","22.28","-0.725","0.955",-0.1,"1.00","-3.80","-0.09","8.297","4.07",2024-11-01 19:30:00,"PSY1N905",2
"01/11/2024","19:45:00","22.24","-1.030","1.157",-0.2,"1.00","-3.80","-0.14","8.297","4.07",2024-11-01 19:45:00,"PSY1N905",2
"01/11/2024","20:00:00","22.28","-1.147","1.116",-0.2,"1.00","-3.80","-0.15","8.297","4.07",2024-11-01 20:00:00,"PSY1N905",2
"01/11/2024","20:15:00","22.34","-0.927","1.101",-0.17,"1.00","-3.80","-0.12","8.294","4.07",2024-11-01 20:15:00,"PSY1N905",2
"01/11/2024","20:30:00","22.35","-0.875","1.172",-0.18,"1.00","-3.80","-0.11","8.294","4.07",2024-11-01 20:30:00,"PSY1N905",2
"01/11/2024","20:45:00","22.30","-0.701","1.264",-0.19,"1.00","-3.80","-0.09","8.294","4.07",2024-11-01 20:45:00,"PSY1N905",2
"01/11/2024","21:00:00","22.29","-0.965","1.175",-0.2,"1.00","-3.80","-0.13","8.297","4.06",2024-11-01 21:00:00,"PSY1N905",2
"01/11/2024","21:15:00","22.35","-0.795","1.330",-0.22,"1.00","-3.80","-0.10","8.294","4.06",2024-11-01 21:15:00,"PSY1N905",2
"01/11/2024","21:30:00","22.23","-0.844","1.180",-0.18,"1.00","-3.80","-0.11","8.297","4.06",2024-11-01 21:30:00,"PSY1N905",2
"01/11/2024","21:45:00","22.21","-0.840","1.216",-0.19,"1.00","-3.80","-0.11","8.297","4.06",2024-11-01 21:45:00,"PSY1N905",2
"01/11/2024","22:00:00","22.03","-0.875","1.291",-0.22,"1.00","-3.80","-0.11","8.305","4.06",2024-11-01 22:00:00,"PSY1N905",2
"01/11/2024","22:15:00","21.99","-0.850","1.293",-0.22,"1.00","-3.80","-0.11","8.308","4.06",2024-11-01 22:15:00,"PSY1N905",2
"01/11/2024","22:30:00","21.98","-0.974","1.258",-0.23,"1.00","-3.80","-0.13","8.308","4.06",2024-11-01 22:30:00,"PSY1N905",2
"01/11/2024","22:45:00","21.94","-0.783","1.352",-0.23,"1.00","-3.80","-0.10","8.308","4.06",2024-11-01 22:45:00,"PSY1N905",2
"01/11/2024","23:00:00","21.85","-0.859","1.208",-0.2,"1.00","-3.80","-0.11","8.312","4.06",2024-11-01 23:00:00,"PSY1N905",2
"01/11/2024","23:15:00","22.30","-1.112","1.155",-0.21,"1.00","-3.80","-0.15","8.294","4.06",2024-11-01 23:15:00,"PSY1N905",2
"01/11/2024","23:30:00","22.69","-1.115","1.215",-0.22,"1.00","-3.80","-0.15","8.283","4.06",2024-11-01 23:30:00,"PSY1N905",2
"01/11/2024","23:45:00","22.95","-0.883","1.248",-0.2,"1.00","-3.80","-0.11","8.272","4.06",2024-11-01 23:45:00,"PSY1N905",2
"02/11/2024","00:00:00","22.40","-0.082","1.373",-0.13,"1.00","-3.80","-0.01","8.290","4.06",2024-11-02,"PSY1N905",2
"02/11/2024","00:15:00","21.91","0.105","1.088",-0.03,"1.00","-3.80","0.01","8.308","4.06",2024-11-02 00:15:00,"PSY1N905",2
"02/11/2024","00:30:00","21.51","0.004","0.916",0,"1.00","-3.80","0.00","8.323","4.06",2024-11-02 00:30:00,"PSY1N905",2
"02/11/2024","00:45:00","21.15","-0.076","0.000",0,"1.00","-3.80","-0.01","8.337","4.06",2024-11-02 00:45:00,"PSY1N905",2
"02/11/2024","01:00:00","20.84","-0.035","0.000",0,"1.00","-3.80","0.00","8.348","4.06",2024-11-02 01:00:00,"PSY1N905",2
"02/11/2024","01:15:00","20.47","-0.001","0.000",0,"1.00","-3.80","0.00","8.362","4.06",2024-11-02 01:15:00,"PSY1N905",2
"02/11/2024","01:30:00","20.16","-0.206","0.000",0,"1.00","-3.80","-0.02","8.373","4.06",2024-11-02 01:30:00,"PSY1N905",2
"02/11/2024","01:45:00","19.90","-0.175","0.000",0,"1.00","-3.80","-0.02","8.381","4.06",2024-11-02 01:45:00,"PSY1N905",2
"02/11/2024","02:00:00","19.73","-0.265","0.000",0,"1.00","-3.80","-0.03","8.388","4.05",2024-11-02 02:00:00,"PSY1N905",2
"02/11/2024","02:15:00","19.60","-0.240","0.000",0,"1.00","-3.80","-0.03","8.392","4.05",2024-11-02 02:15:00,"PSY1N905",2
"02/11/2024","02:30:00","19.51","-0.291","0.000",0,"1.00","-3.80","-0.04","8.395","4.05",2024-11-02 02:30:00,"PSY1N905",2
"02/11/2024","02:45:00","19.45","-0.388","0.000",0,"1.00","-3.80","-0.05","8.399","4.05",2024-11-02 02:45:00,"PSY1N905",2
"02/11/2024","03:00:00","19.43","-0.334","0.000",0,"1.00","-3.80","-0.04","8.399","4.05",2024-11-02 03:00:00,"PSY1N905",2
"02/11/2024","03:15:00","19.37","-0.376","0.000",0,"1.00","-3.80","-0.05","8.403","4.05",2024-11-02 03:15:00,"PSY1N905",2
"02/11/2024","03:30:00","19.32","-0.307","0.000",0,"1.00","-3.80","-0.04","8.403","4.05",2024-11-02 03:30:00,"PSY1N905",2
"02/11/2024","03:45:00","19.28","-0.319","0.000",0,"1.00","-3.80","-0.04","8.406","4.05",2024-11-02 03:45:00,"PSY1N905",2
"02/11/2024","04:00:00","19.23","-0.380","0.000",0,"1.00","-3.80","-0.05","8.406","4.04",2024-11-02 04:00:00,"PSY1N905",2
"02/11/2024","04:15:00","19.15","-0.408","0.000",0,"1.00","-3.80","-0.05","8.410","4.04",2024-11-02 04:15:00,"PSY1N905",2
"02/11/2024","04:30:00","19.08","-0.389","0.000",0,"1.00","-3.80","-0.05","8.414","4.04",2024-11-02 04:30:00,"PSY1N905",2
"02/11/2024","04:45:00","19.07","-0.188","0.000",0,"1.00","-3.80","-0.02","8.414","4.04",2024-11-02 04:45:00,"PSY1N905",2
"02/11/2024","05:00:00","19.03","-0.361","0.000",0,"1.00","-3.80","-0.04","8.414","4.04",2024-11-02 05:00:00,"PSY1N905",2
"02/11/2024","05:15:00","19.01","-0.337","0.000",0,"1.00","-3.80","-0.04","8.414","4.04",2024-11-02 05:15:00,"PSY1N905",2
"02/11/2024","05:30:00","19.00","-0.377","0.000",0,"1.00","-3.80","-0.05","8.414","4.03",2024-11-02 05:30:00,"PSY1N905",2
"02/11/2024","05:45:00","18.99","-0.310","0.000",0,"1.00","-3.80","-0.04","8.417","4.03",2024-11-02 05:45:00,"PSY1N905",2
"02/11/2024","06:00:00","18.98","-0.357","0.000",0,"1.00","-3.80","-0.04","8.417","4.03",2024-11-02 06:00:00,"PSY1N905",2
"02/11/2024","06:15:00","18.98","-0.275","0.000",0,"1.00","-3.80","-0.03","8.417","4.03",2024-11-02 06:15:00,"PSY1N905",2
"02/11/2024","06:30:00","18.91","-0.297","0.000",0,"1.00","-3.80","-0.04","8.417","4.02",2024-11-02 06:30:00,"PSY1N905",2
"02/11/2024","06:45:00","18.87","-0.374","0.000",0,"1.00","-3.80","-0.05","8.421","4.02",2024-11-02 06:45:00,"PSY1N905",2
"02/11/2024","07:00:00","18.84","-0.308","0.000",0,"1.00","-3.80","-0.04","8.421","4.02",2024-11-02 07:00:00,"PSY1N905",2
"02/11/2024","07:15:00","18.84","-0.129","0.000",0,"1.00","-3.80","-0.01","8.421","4.02",2024-11-02 07:15:00,"PSY1N905",2
"02/11/2024","07:30:00","18.81","-0.422","0.000",0,"1.00","-3.80","-0.05","8.421","4.02",2024-11-02 07:30:00,"PSY1N905",2
"02/11/2024","07:45:00","18.83","-0.474","0.000",0,"1.00","-3.80","-0.06","8.421","4.02",2024-11-02 07:45:00,"PSY1N905",2
"02/11/2024","08:00:00","19.31","-1.470","0.000",0,"1.00","-3.80","-0.20","8.403","4.01",2024-11-02 08:00:00,"PSY1N905",2
"02/11/2024","08:15:00","20.06","-1.791","0.086",0,"1.00","-3.80","-0.24","8.377","4.01",2024-11-02 08:15:00,"PSY1N905",2
"02/11/2024","08:30:00","20.52","-1.675","0.262",-0.04,"1.00","-3.80","-0.22","8.359","4.01",2024-11-02 08:30:00,"PSY1N905",2
"02/11/2024","08:45:00","20.89","-1.852","0.272",-0.07,"1.00","-3.80","-0.25","8.348","4.01",2024-11-02 08:45:00,"PSY1N905",2
"02/11/2024","09:00:00","21.11","-1.823","0.337",-0.08,"1.00","-3.80","-0.24","8.337","4.01",2024-11-02 09:00:00,"PSY1N905",2
"02/11/2024","09:15:00","21.28","-1.655","0.365",-0.06,"1.00","-3.80","-0.22","8.333","4.00",2024-11-02 09:15:00,"PSY1N905",2
"02/11/2024","09:30:00","21.40","-1.763","0.442",-0.1,"1.00","-3.80","-0.24","8.326","4.00",2024-11-02 09:30:00,"PSY1N905",2
"02/11/2024","09:45:00","21.35","-1.530","0.558",-0.1,"1.00","-3.80","-0.20","8.330","4.00",2024-11-02 09:45:00,"PSY1N905",2
"02/11/2024","10:00:00","21.37","-1.524","0.589",-0.11,"1.00","-3.80","-0.20","8.330","4.00",2024-11-02 10:00:00,"PSY1N905",2
"02/11/2024","10:15:00","21.51","-1.424","0.698",-0.13,"1.00","-3.80","-0.19","8.323","4.00",2024-11-02 10:15:00,"PSY1N905",2
"02/11/2024","10:30:00","21.38","-1.124","0.776",-0.11,"1.00","-3.80","-0.15","8.330","4.00",2024-11-02 10:30:00,"PSY1N905",2
"02/11/2024","10:45:00","21.41","-1.667","0.796",-0.19,"1.00","-3.80","-0.22","8.326","3.99",2024-11-02 10:45:00,"PSY1N905",2
"02/11/2024","11:00:00","21.52","-1.466","0.898",-0.19,"1.00","-3.80","-0.20","8.323","3.99",2024-11-02 11:00:00,"PSY1N905",2
"02/11/2024","11:15:00","21.74","-1.539","1.148",-0.27,"1.00","-3.80","-0.20","8.315","3.99",2024-11-02 11:15:00,"PSY1N905",2
"02/11/2024","11:30:00","21.54","-1.668","1.038",-0.26,"1.00","-3.80","-0.22","8.323","3.99",2024-11-02 11:30:00,"PSY1N905",2
"02/11/2024","11:45:00","21.37","-1.571","1.007",-0.24,"1.00","-3.80","-0.21","8.330","3.99",2024-11-02 11:45:00,"PSY1N905",2
"02/11/2024","12:00:00","21.59","-1.483","0.908",-0.2,"1.00","-3.80","-0.20","8.323","3.99",2024-11-02 12:00:00,"PSY1N905",2
"02/11/2024","12:15:00","21.90","-1.623","1.110",-0.27,"1.00","-3.80","-0.22","8.308","3.99",2024-11-02 12:15:00,"PSY1N905",2
"02/11/2024","12:30:00","22.05","-1.457","1.101",-0.25,"1.00","-3.80","-0.19","8.305","3.98",2024-11-02 12:30:00,"PSY1N905",2
"02/11/2024","12:45:00","22.59","-1.795","0.978",-0.25,"1.00","-3.80","-0.24","8.287","3.98",2024-11-02 12:45:00,"PSY1N905",2
"02/11/2024","13:00:00","23.59","-1.699","1.096",-0.26,"1.00","-3.80","-0.22","8.251","3.98",2024-11-02 13:00:00,"PSY1N905",2
"02/11/2024","13:15:00","24.16","-1.384","1.242",-0.25,"1.00","-3.80","-0.18","8.229","3.98",2024-11-02 13:15:00,"PSY1N905",2
"02/11/2024","13:30:00","24.42","-1.327","1.455",-0.3,"1.00","-3.80","-0.17","8.219","3.98",2024-11-02 13:30:00,"PSY1N905",2
"02/11/2024","13:45:00","24.19","-0.764","1.520",-0.24,"1.00","-3.80","-0.10","8.229","3.98",2024-11-02 13:45:00,"PSY1N905",2
"02/11/2024","14:00:00","23.96","-1.223","1.534",-0.31,"1.00","-3.80","-0.16","8.237","3.98",2024-11-02 14:00:00,"PSY1N905",2
"02/11/2024","14:15:00","23.81","-1.310","1.599",-0.34,"1.00","-3.80","-0.17","8.240","3.98",2024-11-02 14:15:00,"PSY1N905",2
"02/11/2024","14:30:00","23.72","-1.382","1.449",-0.31,"1.00","-3.80","-0.18","8.244","3.98",2024-11-02 14:30:00,"PSY1N905",2
"02/11/2024","14:45:00","23.93","-1.193","1.479",-0.29,"1.00","-3.80","-0.16","8.237","3.98",2024-11-02 14:45:00,"PSY1N905",2
"02/11/2024","15:00:00","23.98","-1.001","1.482",-0.27,"1.00","-3.80","-0.13","8.237","3.98",2024-11-02 15:00:00,"PSY1N905",2
"02/11/2024","15:15:00","24.25","-1.376","1.524",-0.33,"1.00","-3.80","-0.18","8.226","3.97",2024-11-02 15:15:00,"PSY1N905",2
"02/11/2024","15:30:00","23.87","-0.755","1.689",-0.29,"1.00","-3.80","-0.10","8.240","3.97",2024-11-02 15:30:00,"PSY1N905",2
"02/11/2024","15:45:00","23.71","-0.902","1.676",-0.31,"1.00","-3.80","-0.12","8.244","3.97",2024-11-02 15:45:00,"PSY1N905",2
"02/11/2024","16:00:00","23.60","-1.103","1.658",-0.33,"1.00","-3.80","-0.14","8.247","3.97",2024-11-02 16:00:00,"PSY1N905",2
"02/11/2024","16:15:00","23.89","-1.152","1.648",-0.33,"1.00","-3.80","-0.15","8.240","3.97",2024-11-02 16:15:00,"PSY1N905",2
"02/11/2024","16:30:00","23.78","-1.255","1.697",-0.36,"1.00","-3.80","-0.16","8.244","3.97",2024-11-02 16:30:00,"PSY1N905",2
"02/11/2024","16:45:00","23.65","-1.304","1.718",-0.38,"1.00","-3.80","-0.17","8.247","3.97",2024-11-02 16:45:00,"PSY1N905",2
"02/11/2024","17:00:00","23.85","-1.238","1.749",-0.37,"1.00","-3.80","-0.16","8.240","3.97",2024-11-02 17:00:00,"PSY1N905",2
"02/11/2024","17:15:00","23.80","-1.051","1.862",-0.38,"1.00","-3.80","-0.14","8.240","3.97",2024-11-02 17:15:00,"PSY1N905",2
"02/11/2024","17:30:00","23.89","-1.088","1.865",-0.38,"1.00","-3.80","-0.14","8.240","3.97",2024-11-02 17:30:00,"PSY1N905",2
"02/11/2024","17:45:00","23.83","-1.005","1.851",-0.37,"1.00","-3.80","-0.13","8.240","3.97",2024-11-02 17:45:00,"PSY1N905",2
"02/11/2024","18:00:00","23.86","-1.122","1.805",-0.37,"1.00","-3.80","-0.15","8.240","3.97",2024-11-02 18:00:00,"PSY1N905",2
"02/11/2024","18:15:00","23.75","-1.087","1.943",-0.41,"1.00","-3.80","-0.14","8.244","3.97",2024-11-02 18:15:00,"PSY1N905",2
"02/11/2024","18:30:00","23.73","-1.023","2.014",-0.42,"1.00","-3.80","-0.13","8.244","3.96",2024-11-02 18:30:00,"PSY1N905",2
"02/11/2024","18:45:00","23.80","-1.204","2.060",-0.45,"1.00","-3.80","-0.16","8.240","3.96",2024-11-02 18:45:00,"PSY1N905",2
"02/11/2024","19:00:00","23.81","-1.113","1.928",-0.41,"1.00","-3.80","-0.15","8.240","3.96",2024-11-02 19:00:00,"PSY1N905",2
"02/11/2024","19:15:00","23.89","-1.091","1.978",-0.42,"1.00","-3.80","-0.14","8.240","3.96",2024-11-02 19:15:00,"PSY1N905",2
"02/11/2024","19:30:00","23.73","-1.152","1.969",-0.42,"1.00","-3.80","-0.15","8.244","3.96",2024-11-02 19:30:00,"PSY1N905",2
"02/11/2024","19:45:00","23.68","-0.941","2.044",-0.42,"1.00","-3.80","-0.12","8.247","3.96",2024-11-02 19:45:00,"PSY1N905",2
"02/11/2024","20:00:00","23.55","-1.271","2.059",-0.47,"1.00","-3.80","-0.17","8.251","3.96",2024-11-02 20:00:00,"PSY1N905",2
"02/11/2024","20:15:00","23.25","-0.750","2.011",-0.39,"1.00","-3.80","-0.10","8.262","3.96",2024-11-02 20:15:00,"PSY1N905",2
"02/11/2024","20:30:00","23.01","-1.291","1.933",-0.44,"1.00","-3.80","-0.17","8.269","3.96",2024-11-02 20:30:00,"PSY1N905",2
"02/11/2024","20:45:00","23.12","-1.326","2.015",-0.47,"1.00","-3.80","-0.17","8.265","3.96",2024-11-02 20:45:00,"PSY1N905",2
"02/11/2024","21:00:00","23.16","-1.253","2.028",-0.46,"1.00","-3.80","-0.16","8.265","3.96",2024-11-02 21:00:00,"PSY1N905",2
"02/11/2024","21:15:00","23.17","-1.038","2.143",-0.47,"1.00","-3.80","-0.14","8.265","3.96",2024-11-02 21:15:00,"PSY1N905",2
"02/11/2024","21:30:00","23.04","-0.869","2.154",-0.45,"1.00","-3.80","-0.11","8.269","3.96",2024-11-02 21:30:00,"PSY1N905",2
"02/11/2024","21:45:00","22.87","-0.922","2.106",-0.45,"1.00","-3.80","-0.12","8.276","3.96",2024-11-02 21:45:00,"PSY1N905",2
"02/11/2024","22:00:00","22.68","-0.990","2.060",-0.44,"1.00","-3.80","-0.13","8.283","3.95",2024-11-02 22:00:00,"PSY1N905",2
"02/11/2024","22:15:00","22.61","-0.826","2.133",-0.44,"1.00","-3.80","-0.11","8.283","3.95",2024-11-02 22:15:00,"PSY1N905",2
"02/11/2024","22:30:00","22.45","-0.923","2.136",-0.46,"1.00","-3.80","-0.12","8.290","3.95",2024-11-02 22:30:00,"PSY1N905",2
"02/11/2024","22:45:00","22.21","-0.916","2.495",-0.57,"1.00","-3.80","-0.12","8.297","3.95",2024-11-02 22:45:00,"PSY1N905",2
"02/11/2024","23:00:00","22.20","-1.130","2.044",-0.47,"1.00","-3.80","-0.15","8.297","3.95",2024-11-02 23:00:00,"PSY1N905",2
"02/11/2024","23:15:00","22.64","-1.087","2.035",-0.45,"1.00","-3.80","-0.14","8.283","3.95",2024-11-02 23:15:00,"PSY1N905",2
"02/11/2024","23:30:00","23.02","-1.162","2.120",-0.48,"1.00","-3.80","-0.15","8.269","3.95",2024-11-02 23:30:00,"PSY1N905",2
"02/11/2024","23:45:00","23.26","-1.178","2.130",-0.48,"1.00","-3.80","-0.15","8.262","3.95",2024-11-02 23:45:00,"PSY1N905",2
"03/11/2024","00:00:00","22.71","0.063","2.594",-0.45,"1.00","-3.80","0.00","8.279","3.95",2024-11-03,"PSY1N905",2
"03/11/2024","00:15:00","22.17","0.107","2.295",-0.37,"1.00","-3.80","0.01","8.301","3.95",2024-11-03 00:15:00,"PSY1N905",2
"03/11/2024","00:30:00","21.72","0.040","2.058",-0.32,"1.00","-3.80","0.00","8.315","3.95",2024-11-03 00:30:00,"PSY1N905",2
"03/11/2024","00:45:00","21.31","-0.062","1.893",-0.29,"1.00","-3.80","0.00","8.330","3.95",2024-11-03 00:45:00,"PSY1N905",2
"03/11/2024","01:00:00","20.86","0.083","1.767",-0.24,"1.00","-3.80","0.01","8.348","3.95",2024-11-03 01:00:00,"PSY1N905",2
"03/11/2024","01:15:00","20.46","-0.097","1.616",-0.23,"1.00","-3.80","-0.01","8.362","3.95",2024-11-03 01:15:00,"PSY1N905",2
"03/11/2024","01:30:00","20.21","-0.091","1.504",-0.2,"1.00","-3.80","-0.01","8.370","3.95",2024-11-03 01:30:00,"PSY1N905",2
"03/11/2024","01:45:00","19.89","-0.104","1.425",-0.18,"1.00","-3.80","-0.01","8.384","3.95",2024-11-03 01:45:00,"PSY1N905",2
"03/11/2024","02:00:00","19.78","-0.123","1.349",-0.16,"1.00","-3.80","-0.01","8.388","3.95",2024-11-03 02:00:00,"PSY1N905",2
"03/11/2024","02:15:00","19.65","-0.123","1.317",-0.15,"1.00","-3.80","-0.01","8.392","3.95",2024-11-03 02:15:00,"PSY1N905",2
"03/11/2024","02:30:00","19.42","-0.068","1.302",-0.14,"1.00","-3.80","0.00","8.399","3.95",2024-11-03 02:30:00,"PSY1N905",2
"03/11/2024","02:45:00","19.25","-0.118","1.201",-0.12,"1.00","-3.80","-0.01","8.406","3.94",2024-11-03 02:45:00,"PSY1N905",2
"03/11/2024","03:00:00","19.13","-0.049","1.242",-0.13,"1.00","-3.80","0.00","8.410","3.94",2024-11-03 03:00:00,"PSY1N905",2
"03/11/2024","03:15:00","19.06","-0.078","1.165",-0.11,"1.00","-3.80","-0.01","8.414","3.94",2024-11-03 03:15:00,"PSY1N905",2
"03/11/2024","03:30:00","19.02","-0.105","1.111",-0.1,"1.00","-3.80","-0.01","8.414","3.94",2024-11-03 03:30:00,"PSY1N905",2
"03/11/2024","03:45:00","18.96","-0.116","1.092",-0.09,"1.00","-3.80","-0.01","8.417","3.94",2024-11-03 03:45:00,"PSY1N905",2
"03/11/2024","04:00:00","18.91","-0.142","1.030",-0.08,"1.00","-3.80","-0.01","8.417","3.94",2024-11-03 04:00:00,"PSY1N905",2
"03/11/2024","04:15:00","18.84","-0.223","1.025",-0.09,"1.00","-3.80","-0.03","8.421","3.94",2024-11-03 04:15:00,"PSY1N905",2
"03/11/2024","04:30:00","18.85","-0.167","1.035",-0.08,"1.00","-3.80","-0.02","8.421","3.94",2024-11-03 04:30:00,"PSY1N905",2
"03/11/2024","04:45:00","18.66","-0.125","1.041",-0.08,"1.00","-3.80","-0.01","8.428","3.94",2024-11-03 04:45:00,"PSY1N905",2
"03/11/2024","05:00:00","18.63","-0.163","0.990",-0.07,"1.00","-3.80","-0.02","8.428","3.94",2024-11-03 05:00:00,"PSY1N905",2
"03/11/2024","05:15:00","18.49","-0.108","0.989",-0.06,"1.00","-3.80","-0.01","8.436","3.94",2024-11-03 05:15:00,"PSY1N905",2
"03/11/2024","05:30:00","18.51","-0.227","0.930",-0.06,"1.00","-3.80","-0.03","8.432","3.94",2024-11-03 05:30:00,"PSY1N905",2
"03/11/2024","05:45:00","18.59","-0.187","0.905",-0.05,"1.00","-3.80","-0.02","8.432","3.94",2024-11-03 05:45:00,"PSY1N905",2
"03/11/2024","06:00:00","18.64","-0.179","0.876",-0.04,"1.00","-3.80","-0.02","8.428","3.94",2024-11-03 06:00:00,"PSY1N905",2
"03/11/2024","06:15:00","18.60","-0.183","0.891",-0.04,"1.00","-3.80","-0.02","8.428","3.94",2024-11-03 06:15:00,"PSY1N905",2
"03/11/2024","06:30:00","18.65","-0.222","0.879",-0.04,"1.00","-3.80","-0.03","8.428","3.93",2024-11-03 06:30:00,"PSY1N905",2
"03/11/2024","06:45:00","18.62","-0.100","0.830",-0.01,"1.00","-3.80","-0.01","8.428","3.93",2024-11-03 06:45:00,"PSY1N905",2
"03/11/2024","07:00:00","18.67","-0.253","0.817",-0.03,"1.00","-3.80","-0.03","8.428","3.93",2024-11-03 07:00:00,"PSY1N905",2
"03/11/2024","07:15:00","18.68","-0.224","0.825",-0.02,"1.00","-3.80","-0.03","8.428","3.93",2024-11-03 07:15:00,"PSY1N905",2
"03/11/2024","07:30:00","18.43","-0.116","0.816",-0.01,"1.00","-3.80","-0.01","8.436","3.93",2024-11-03 07:30:00,"PSY1N905",2
"03/11/2024","07:45:00","18.20","-0.172","0.869",-0.04,"1.00","-3.80","-0.02","8.443","3.93",2024-11-03 07:45:00,"PSY1N905",2
"03/11/2024","08:00:00","18.48","-1.466","0.561",-0.11,"1.00","-3.80","-0.20","8.436","3.93",2024-11-03 08:00:00,"PSY1N905",2
"03/11/2024","08:15:00","18.97","-1.604","0.794",-0.2,"1.00","-3.80","-0.22","8.417","3.93",2024-11-03 08:15:00,"PSY1N905",2
"03/11/2024","08:30:00","19.43","-1.468","0.824",-0.19,"1.00","-3.80","-0.20","8.399","3.93",2024-11-03 08:30:00,"PSY1N905",2
"03/11/2024","08:45:00","19.75","-1.308","1.205",-0.28,"1.00","-3.80","-0.17","8.388","3.93",2024-11-03 08:45:00,"PSY1N905",2
"03/11/2024","09:00:00","19.92","-1.303","1.426",-0.35,"1.00","-3.80","-0.17","8.381","3.93",2024-11-03 09:00:00,"PSY1N905",2
"03/11/2024","10:00:00","20.62","-1.116","1.921",-0.46,"1.00","-3.80","-0.15","8.355","3.93",2024-11-03 10:00:00,"PSY1N905",2
"03/11/2024","10:15:00","20.96","-1.263","1.810",-0.44,"1.00","-3.80","-0.17","8.344","3.93",2024-11-03 10:15:00,"PSY1N905",2
"03/11/2024","10:30:00","21.29","-1.244","1.937",-0.47,"1.00","-3.80","-0.17","8.333","3.93",2024-11-03 10:30:00,"PSY1N905",2
"03/11/2024","10:45:00","21.46","-1.470","1.883",-0.48,"1.00","-3.80","-0.20","8.326","3.93",2024-11-03 10:45:00,"PSY1N905",2
"03/11/2024","11:00:00","21.70","-1.261","2.093",-0.51,"1.00","-3.80","-0.17","8.315","3.97",2024-11-03 11:00:00,"PSY1N905",2
"03/11/2024","11:15:00","21.98","-1.458","1.930",-0.48,"1.00","-3.80","-0.19","8.308","3.99",2024-11-03 11:15:00,"PSY1N905",2
"03/11/2024","11:30:00","21.82","-1.369","1.325",-0.3,"1.00","-3.80","-0.18","8.312","4.01",2024-11-03 11:30:00,"PSY1N905",2
"03/11/2024","11:45:00","21.98","-1.320","1.118",-0.23,"1.00","-3.80","-0.17","8.308","4.04",2024-11-03 11:45:00,"PSY1N905",2
"03/11/2024","12:00:00","21.94","-1.574","0.899",-0.2,"1.00","-3.80","-0.21","8.308","4.08",2024-11-03 12:00:00,"PSY1N905",2
"03/11/2024","12:15:00","22.33","-1.463","0.824",-0.16,"1.00","-3.80","-0.19","8.294","4.10",2024-11-03 12:15:00,"PSY1N905",2
"03/11/2024","12:30:00","22.49","-1.453","0.815",-0.16,"1.00","-3.80","-0.19","8.290","4.13",2024-11-03 12:30:00,"PSY1N905",2
"03/11/2024","12:45:00","23.18","-1.785","0.622",-0.15,"1.00","-3.80","-0.24","8.265","4.16",2024-11-03 12:45:00,"PSY1N905",2
"03/11/2024","13:00:00","23.90","-1.681","0.614",-0.13,"1.00","-3.80","-0.22","8.237","4.19",2024-11-03 13:00:00,"PSY1N905",2
"03/11/2024","13:15:00","24.18","-1.256","0.587",-0.06,"1.00","-3.80","-0.16","8.229","4.19",2024-11-03 13:15:00,"PSY1N905",2
"03/11/2024","13:30:00","24.26","-1.476","0.676",-0.11,"1.00","-3.80","-0.19","8.226","4.19",2024-11-03 13:30:00,"PSY1N905",2
"03/11/2024","13:45:00","24.17","-1.474","0.567",-0.08,"1.00","-3.80","-0.19","8.229","4.19",2024-11-03 13:45:00,"PSY1N905",2
"03/11/2024","14:00:00","24.27","-1.564","0.479",-0.07,"1.00","-3.80","-0.21","8.226","4.19",2024-11-03 14:00:00,"PSY1N905",2
"03/11/2024","14:15:00","24.30","-1.488","0.533",-0.08,"1.00","-3.80","-0.20","8.222","4.19",2024-11-03 14:15:00,"PSY1N905",2
"03/11/2024","14:30:00","24.47","-1.516","0.489",-0.07,"1.00","-3.80","-0.20","8.219","4.19",2024-11-03 14:30:00,"PSY1N905",2
"03/11/2024","14:45:00","24.58","-1.400","0.609",-0.08,"1.00","-3.80","-0.18","8.215","4.19",2024-11-03 14:45:00,"PSY1N905",2
"03/11/2024","15:00:00","24.60","-1.758","0.428",-0.08,"1.00","-3.80","-0.23","8.212","4.19",2024-11-03 15:00:00,"PSY1N905",2
"03/11/2024","15:15:00","24.52","-1.688","0.445",-0.08,"1.00","-3.80","-0.22","8.215","4.19",2024-11-03 15:15:00,"PSY1N905",2
"03/11/2024","15:30:00","24.22","-1.352","0.440",-0.03,"1.00","-3.80","-0.18","8.226","4.19",2024-11-03 15:30:00,"PSY1N905",2
"03/11/2024","15:45:00","24.63","-1.622","0.436",-0.07,"1.00","-3.80","-0.21","8.212","4.19",2024-11-03 15:45:00,"PSY1N905",2
"03/11/2024","16:00:00","24.96","-1.685","0.460",-0.08,"1.00","-3.80","-0.22","8.201","4.19",2024-11-03 16:00:00,"PSY1N905",2
"03/11/2024","16:15:00","25.16","-1.686","0.495",-0.09,"1.00","-3.80","-0.22","8.194","4.19",2024-11-03 16:15:00,"PSY1N905",2
"03/11/2024","16:30:00","24.77","-1.506","0.667",-0.11,"1.00","-3.80","-0.20","8.208","4.19",2024-11-03 16:30:00,"PSY1N905",2
"03/11/2024","16:45:00","24.94","-1.472","0.548",-0.07,"1.00","-3.80","-0.19","8.201","4.19",2024-11-03 16:45:00,"PSY1N905",2
"03/11/2024","17:00:00","24.89","-1.461","0.479",-0.05,"1.00","-3.80","-0.19","8.205","4.19",2024-11-03 17:00:00,"PSY1N905",2
"03/11/2024","17:15:00","24.52","-1.070","0.475",0,"1.00","-3.80","-0.14","8.215","4.19",2024-11-03 17:15:00,"PSY1N905",2
"03/11/2024","17:30:00","24.01","-1.240","0.497",-0.03,"1.00","-3.80","-0.16","8.233","4.19",2024-11-03 17:30:00,"PSY1N905",2
"03/11/2024","17:45:00","23.99","-1.439","0.603",-0.09,"1.00","-3.80","-0.19","8.237","4.19",2024-11-03 17:45:00,"PSY1N905",2
"03/11/2024","18:00:00","23.80","-1.402","0.508",-0.06,"1.00","-3.80","-0.18","8.240","4.19",2024-11-03 18:00:00,"PSY1N905",2
"03/11/2024","18:15:00","23.47","-1.347","0.705",-0.11,"1.00","-3.80","-0.18","8.254","4.19",2024-11-03 18:15:00,"PSY1N905",2
"03/11/2024","18:30:00","23.19","-1.251","0.750",-0.11,"1.00","-3.80","-0.16","8.265","4.19",2024-11-03 18:30:00,"PSY1N905",2
"03/11/2024","18:45:00","22.94","-1.313","0.479",-0.04,"1.00","-3.80","-0.17","8.272","4.19",2024-11-03 18:45:00,"PSY1N905",2
"03/11/2024","19:00:00","22.99","-1.327","0.475",-0.04,"1.00","-3.80","-0.17","8.272","4.19",2024-11-03 19:00:00,"PSY1N905",2
"03/11/2024","19:15:00","22.88","-1.148","0.473",-0.02,"1.00","-3.80","-0.15","8.276","4.19",2024-11-03 19:15:00,"PSY1N905",2
"03/11/2024","19:30:00","22.79","-1.297","0.474",-0.04,"1.00","-3.80","-0.17","8.279","4.19",2024-11-03 19:30:00,"PSY1N905",2
"03/11/2024","19:45:00","22.72","-1.399","0.572",-0.08,"1.00","-3.80","-0.18","8.279","4.19",2024-11-03 19:45:00,"PSY1N905",2
"03/11/2024","20:00:00","22.59","-1.302","0.519",-0.05,"1.00","-3.80","-0.17","8.287","4.19",2024-11-03 20:00:00,"PSY1N905",2
"03/11/2024","20:15:00","22.34","-1.250","0.645",-0.08,"1.00","-3.80","-0.16","8.294","4.19",2024-11-03 20:15:00,"PSY1N905",2
"03/11/2024","20:30:00","22.51","-1.640","0.520",-0.1,"1.00","-3.80","-0.22","8.287","4.19",2024-11-03 20:30:00,"PSY1N905",2
"03/11/2024","20:45:00","22.84","-1.723","0.556",-0.12,"1.00","-3.80","-0.23","8.276","4.19",2024-11-03 20:45:00,"PSY1N905",2
"03/11/2024","21:00:00","22.91","-1.473","0.634",-0.11,"1.00","-3.80","-0.19","8.272","4.19",2024-11-03 21:00:00,"PSY1N905",2
"03/11/2024","21:15:00","22.84","-1.356","0.608",-0.09,"1.00","-3.80","-0.18","8.276","4.19",2024-11-03 21:15:00,"PSY1N905",2
"03/11/2024","21:30:00","22.75","-1.395","0.712",-0.12,"1.00","-3.80","-0.18","8.279","4.19",2024-11-03 21:30:00,"PSY1N905",2
"03/11/2024","21:45:00","22.51","-1.134","0.626",-0.06,"1.00","-3.80","-0.15","8.287","4.19",2024-11-03 21:45:00,"PSY1N905",2
"03/11/2024","22:00:00","22.23","-1.351","0.684",-0.11,"1.00","-3.80","-0.18","8.297","4.19",2024-11-03 22:00:00,"PSY1N905",2
"03/11/2024","22:15:00","22.11","-1.014","0.766",-0.09,"1.00","-3.80","-0.13","8.301","4.19",2024-11-03 22:15:00,"PSY1N905",2
"03/11/2024","22:30:00","21.87","-1.292","0.899",-0.17,"1.00","-3.80","-0.17","8.312","4.19",2024-11-03 22:30:00,"PSY1N905",2
"03/11/2024","22:45:00","21.83","-1.178","0.749",-0.11,"1.00","-3.80","-0.16","8.312","4.19",2024-11-03 22:45:00,"PSY1N905",2
"03/11/2024","23:00:00","21.85","-1.324","0.794",-0.14,"1.00","-3.80","-0.18","8.312","4.19",2024-11-03 23:00:00,"PSY1N905",2
"03/11/2024","23:15:00","22.06","-1.428","0.748",-0.14,"1.00","-3.80","-0.19","8.305","4.19",2024-11-03 23:15:00,"PSY1N905",2
"03/11/2024","23:30:00","22.33","-1.418","0.765",-0.14,"1.00","-3.80","-0.19","8.294","4.19",2024-11-03 23:30:00,"PSY1N905",2
"03/11/2024","23:45:00","22.48","-1.306","0.799",-0.14,"1.00","-3.80","-0.17","8.290","4.19",2024-11-03 23:45:00,"PSY1N905",2
"04/11/2024","00:00:00","21.91","-0.282","1.033",-0.07,"1.00","-3.80","-0.03","8.308","4.19",2024-11-04,"PSY1N905",2
"04/11/2024","00:15:00","21.29","-0.262","0.824",-0.01,"1.00","-3.80","-0.03","8.333","4.19",2024-11-04 00:15:00,"PSY1N905",2
"04/11/2024","00:30:00","20.77","-0.196","0.000",0,"1.00","-3.80","-0.02","8.352","4.19",2024-11-04 00:30:00,"PSY1N905",2
"04/11/2024","00:45:00","20.33","-0.196","0.000",0,"1.00","-3.80","-0.02","8.366","4.19",2024-11-04 00:45:00,"PSY1N905",2
"04/11/2024","01:00:00","19.98","-0.327","0.000",0,"1.00","-3.80","-0.04","8.381","4.19",2024-11-04 01:00:00,"PSY1N905",2
"04/11/2024","01:15:00","19.72","-0.257","0.000",0,"1.00","-3.80","-0.03","8.388","4.19",2024-11-04 01:15:00,"PSY1N905",2
"04/11/2024","01:30:00","19.50","-0.268","0.000",0,"1.00","-3.80","-0.03","8.395","4.19",2024-11-04 01:30:00,"PSY1N905",2
"04/11/2024","01:45:00","19.33","-0.285","0.000",0,"1.00","-3.80","-0.03","8.403","4.19",2024-11-04 01:45:00,"PSY1N905",2
"04/11/2024","02:00:00","19.19","-0.341","0.000",0,"1.00","-3.80","-0.04","8.410","4.19",2024-11-04 02:00:00,"PSY1N905",2
"04/11/2024","02:15:00","19.11","-0.361","0.000",0,"1.00","-3.80","-0.04","8.410","4.19",2024-11-04 02:15:00,"PSY1N905",2
"04/11/2024","02:30:00","19.01","-0.344","0.000",0,"1.00","-3.80","-0.04","8.414","4.19",2024-11-04 02:30:00,"PSY1N905",2
"04/11/2024","02:45:00","18.95","-0.409","0.000",0,"1.00","-3.80","-0.05","8.417","4.19",2024-11-04 02:45:00,"PSY1N905",2
"04/11/2024","03:00:00","18.87","-0.450","0.000",0,"1.00","-3.80","-0.06","8.421","4.19",2024-11-04 03:00:00,"PSY1N905",2
"04/11/2024","03:15:00","18.76","-0.432","0.000",0,"1.00","-3.80","-0.05","8.425","4.19",2024-11-04 03:15:00,"PSY1N905",2
"04/11/2024","03:30:00","18.69","-0.415","0.000",0,"1.00","-3.80","-0.05","8.428","4.19",2024-11-04 03:30:00,"PSY1N905",2
"04/11/2024","03:45:00","18.64","-0.384","0.000",0,"1.00","-3.80","-0.05","8.428","4.19",2024-11-04 03:45:00,"PSY1N905",2
"04/11/2024","04:00:00","18.60","-0.474","0.000",0,"1.00","-3.80","-0.06","8.428","4.19",2024-11-04 04:00:00,"PSY1N905",2
"04/11/2024","04:15:00","18.54","-0.405","0.000",0,"1.00","-3.80","-0.05","8.432","4.19",2024-11-04 04:15:00,"PSY1N905",2
"04/11/2024","04:30:00","18.52","-0.378","0.000",0,"1.00","-3.80","-0.05","8.432","4.19",2024-11-04 04:30:00,"PSY1N905",2
"04/11/2024","04:45:00","18.48","-0.418","0.000",0,"1.00","-3.80","-0.05","8.436","4.19",2024-11-04 04:45:00,"PSY1N905",2
"04/11/2024","05:00:00","18.44","-0.394","0.000",0,"1.00","-3.80","-0.05","8.436","4.19",2024-11-04 05:00:00,"PSY1N905",2
"04/11/2024","05:15:00","18.41","-0.542","0.000",0,"1.00","-3.80","-0.07","8.436","4.19",2024-11-04 05:15:00,"PSY1N905",2
"04/11/2024","05:30:00","18.37","-0.517","0.000",0,"1.00","-3.80","-0.07","8.439","4.19",2024-11-04 05:30:00,"PSY1N905",2
"04/11/2024","05:45:00","18.35","-0.453","0.000",0,"1.00","-3.80","-0.06","8.439","4.19",2024-11-04 05:45:00,"PSY1N905",2
"04/11/2024","06:00:00","18.29","-0.518","0.000",0,"1.00","-3.80","-0.07","8.443","4.19",2024-11-04 06:00:00,"PSY1N905",2
"04/11/2024","06:15:00","18.24","-0.508","0.000",0,"1.00","-3.80","-0.07","8.443","4.19",2024-11-04 06:15:00,"PSY1N905",2
"04/11/2024","06:30:00","18.16","-0.459","0.000",0,"1.00","-3.80","-0.06","8.447","4.19",2024-11-04 06:30:00,"PSY1N905",2
"04/11/2024","06:45:00","18.07","-0.497","0.000",0,"1.00","-3.80","-0.06","8.451","4.19",2024-11-04 06:45:00,"PSY1N905",2
"04/11/2024","07:00:00","17.99","-0.395","0.000",0,"1.00","-3.80","-0.05","8.454","4.19",2024-11-04 07:00:00,"PSY1N905",2
"04/11/2024","07:15:00","17.96","-0.489","0.000",0,"1.00","-3.80","-0.06","8.454","4.19",2024-11-04 07:15:00,"PSY1N905",2
"04/11/2024","07:30:00","18.00","-0.681","0.000",0,"1.00","-3.80","-0.09","8.451","4.19",2024-11-04 07:30:00,"PSY1N905",2
"04/11/2024","07:45:00","18.07","-0.676","0.000",0,"1.00","-3.80","-0.09","8.451","4.19",2024-11-04 07:45:00,"PSY1N905",2
"04/11/2024","08:00:00","18.60","-1.730","0.000",0,"1.00","-3.80","-0.23","8.428","4.19",2024-11-04 08:00:00,"PSY1N905",2
"04/11/2024","08:15:00","19.38","-1.796","0.000",0,"1.00","-3.80","-0.24","8.403","4.19",2024-11-04 08:15:00,"PSY1N905",2
"04/11/2024","08:30:00","19.93","-1.839","0.000",0,"1.00","-3.80","-0.25","8.381","4.19",2024-11-04 08:30:00,"PSY1N905",2
"04/11/2024","08:45:00","20.15","-1.828","0.071",0,"1.00","-3.80","-0.25","8.373","4.19",2024-11-04 08:45:00,"PSY1N905",2
"04/11/2024","09:00:00","19.93","-1.838","0.066",0,"1.00","-3.80","-0.25","8.381","4.19",2024-11-04 09:00:00,"PSY1N905",2
"04/11/2024","09:15:00","19.91","-2.125","0.115",-0.06,"1.00","-3.80","-0.29","8.381","4.19",2024-11-04 09:15:00,"PSY1N905",2
"04/11/2024","09:30:00","20.02","-1.873","0.129",-0.03,"1.00","-3.80","-0.25","8.377","4.19",2024-11-04 09:30:00,"PSY1N905",2
"04/11/2024","09:45:00","20.20","-2.024","0.123",-0.05,"1.00","-3.80","-0.27","8.370","4.19",2024-11-04 09:45:00,"PSY1N905",2
"04/11/2024","10:00:00","20.55","-2.033","0.128",-0.05,"1.00","-3.80","-0.27","8.359","4.19",2024-11-04 10:00:00,"PSY1N905",2
"04/11/2024","10:15:00","20.61","-2.066","0.450",-0.15,"1.00","-3.80","-0.28","8.355","4.19",2024-11-04 10:15:00,"PSY1N905",2
"04/11/2024","10:30:00","21.39","-2.004","0.189",-0.06,"1.00","-3.80","-0.27","8.330","4.19",2024-11-04 10:30:00,"PSY1N905",2
"04/11/2024","10:45:00","22.27","-2.108","0.487",-0.16,"1.00","-3.80","-0.28","8.297","4.19",2024-11-04 10:45:00,"PSY1N905",2
"04/11/2024","11:00:00","22.61","-2.122","0.234",-0.09,"1.00","-3.80","-0.28","8.283","4.19",2024-11-04 11:00:00,"PSY1N905",2
"04/11/2024","11:15:00","22.58","-2.268","0.199",-0.1,"1.00","-3.80","-0.30","8.287","4.19",2024-11-04 11:15:00,"PSY1N905",2
"04/11/2024","11:30:00","22.95","-2.124","0.352",-0.12,"1.00","-3.80","-0.28","8.272","4.19",2024-11-04 11:30:00,"PSY1N905",2
"04/11/2024","11:45:00","22.70","-2.144","0.346",-0.12,"1.00","-3.80","-0.29","8.279","4.19",2024-11-04 11:45:00,"PSY1N905",2
"04/11/2024","12:00:00","22.85","-1.967","0.267",-0.07,"1.00","-3.80","-0.26","8.276","4.19",2024-11-04 12:00:00,"PSY1N905",2
"04/11/2024","12:15:00","23.16","-2.342","0.336",-0.14,"1.00","-3.80","-0.31","8.265","4.19",2024-11-04 12:15:00,"PSY1N905",2
"04/11/2024","12:30:00","23.51","-2.430","0.321",-0.15,"1.00","-3.80","-0.32","8.251","4.19",2024-11-04 12:30:00,"PSY1N905",2
"04/11/2024","12:45:00","24.24","-2.253","0.271",-0.11,"1.00","-3.80","-0.30","8.226","4.18",2024-11-04 12:45:00,"PSY1N905",2
"24/10/2024","13:15:00","23.95","-1.375","0.993",-0.19,"1.00","-3.80","-0.18","8.237","3.72",2024-10-24 13:15:00,"PSY1N906",4
"24/10/2024","13:30:00","25.07","-0.551","0.000",0,"1.00","-3.80","-0.07","8.198","3.74",2024-10-24 13:30:00,"PSY1N906",4
"24/10/2024","13:45:00","25.69","-1.069","0.966",-0.12,"1.00","-3.80","-0.14","8.175","3.76",2024-10-24 13:45:00,"PSY1N906",4
"24/10/2024","14:00:00","25.81","-0.087","1.476",-0.12,"1.00","-3.80","-0.01","8.168","3.77",2024-10-24 14:00:00,"PSY1N906",4
"24/10/2024","14:15:00","25.55","0.076","1.633",-0.15,"1.00","-3.80","0.01","8.180","3.78",2024-10-24 14:15:00,"PSY1N906",4
"24/10/2024","14:30:00","25.62","-0.911","0.994",-0.11,"1.00","-3.80","-0.12","8.175","3.79",2024-10-24 14:30:00,"PSY1N906",4
"24/10/2024","14:45:00","25.69","-0.613","0.981",-0.07,"1.00","-3.80","-0.08","8.175","3.80",2024-10-24 14:45:00,"PSY1N906",4
"24/10/2024","15:00:00","25.35","0.206","1.220",-0.02,"1.00","-3.80","0.02","8.187","3.83",2024-10-24 15:00:00,"PSY1N906",4
"24/10/2024","15:15:00","25.44","-0.831","1.403",-0.21,"1.00","-3.80","-0.11","8.184","3.86",2024-10-24 15:15:00,"PSY1N906",4
"24/10/2024","15:30:00","25.88","-1.571","0.803",-0.15,"1.00","-3.80","-0.21","8.168","3.89",2024-10-24 15:30:00,"PSY1N906",4
"24/10/2024","15:45:00","26.40","-1.274","0.654",-0.07,"1.00","-3.80","-0.17","8.148","3.92",2024-10-24 15:45:00,"PSY1N906",4
"24/10/2024","16:00:01","25.38","1.393","2.655",-0.24,"1.00","-3.80","0.18","8.187","3.95",2024-10-24 16:00:01,"PSY1N906",4
"24/10/2024","16:15:00","24.29","-0.687","1.806",-0.31,"1.00","-3.80","-0.09","8.226","3.97",2024-10-24 16:15:00,"PSY1N906",4
"24/10/2024","16:30:00","24.32","0.623","1.806",-0.13,"1.00","-3.80","0.08","8.222","3.96",2024-10-24 16:30:00,"PSY1N906",4
"24/10/2024","16:45:00","24.24","0.133","1.575",-0.14,"1.00","-3.80","0.01","8.226","4.00",2024-10-24 16:45:00,"PSY1N906",4
"24/10/2024","17:00:00","24.09","-0.687","1.239",-0.16,"1.00","-3.80","-0.09","8.233","4.04",2024-10-24 17:00:00,"PSY1N906",4
"24/10/2024","17:15:00","23.88","-1.048","1.083",-0.17,"1.00","-3.80","-0.14","8.240","4.06",2024-10-24 17:15:00,"PSY1N906",4
"24/10/2024","17:30:00","23.79","-0.960","1.155",-0.18,"1.00","-3.80","-0.12","8.244","4.09",2024-10-24 17:30:00,"PSY1N906",4
"24/10/2024","17:45:00","23.90","-0.825","1.291",-0.19,"1.00","-3.80","-0.11","8.237","4.12",2024-10-24 17:45:00,"PSY1N906",4
"24/10/2024","18:00:00","24.00","-0.707","1.387",-0.2,"1.00","-3.80","-0.09","8.233","4.15",2024-10-24 18:00:00,"PSY1N906",4
"24/10/2024","18:15:00","23.72","-0.060","2.042",-0.3,"1.00","-3.80","0.00","8.244","4.15",2024-10-24 18:15:00,"PSY1N906",4
"24/10/2024","18:30:00","23.47","0.328","1.900",-0.21,"1.00","-3.80","0.04","8.254","4.15",2024-10-24 18:30:00,"PSY1N906",4
"24/10/2024","18:45:00","23.39","-0.512","1.089",-0.1,"1.00","-3.80","-0.06","8.258","4.15",2024-10-24 18:45:00,"PSY1N906",4
"24/10/2024","19:00:00","23.47","-0.605","1.209",-0.15,"1.00","-3.80","-0.08","8.254","4.15",2024-10-24 19:00:00,"PSY1N906",4
"24/10/2024","19:15:00","23.42","-0.472","1.356",-0.17,"1.00","-3.80","-0.06","8.254","4.15",2024-10-24 19:15:00,"PSY1N906",4
"24/10/2024","19:30:00","23.32","-0.391","1.324",-0.15,"1.00","-3.80","-0.05","8.258","4.15",2024-10-24 19:30:00,"PSY1N906",4
"24/10/2024","19:45:00","23.33","-0.461","1.304",-0.15,"1.00","-3.80","-0.06","8.258","4.15",2024-10-24 19:45:00,"PSY1N906",4
"24/10/2024","20:00:00","23.27","-0.513","1.395",-0.19,"1.00","-3.80","-0.06","8.262","4.15",2024-10-24 20:00:00,"PSY1N906",4
"24/10/2024","20:15:00","22.90","-0.380","1.446",-0.19,"1.00","-3.80","-0.05","8.272","4.15",2024-10-24 20:15:00,"PSY1N906",4
"24/10/2024","20:30:00","22.63","-0.498","1.316",-0.17,"1.00","-3.80","-0.06","8.283","4.15",2024-10-24 20:30:00,"PSY1N906",4
"24/10/2024","20:45:00","22.42","-0.515","1.258",-0.16,"1.00","-3.80","-0.07","8.290","4.15",2024-10-24 20:45:00,"PSY1N906",4
"24/10/2024","21:00:00","22.27","-0.485","1.405",-0.2,"1.00","-3.80","-0.06","8.297","4.15",2024-10-24 21:00:00,"PSY1N906",4
"24/10/2024","21:15:00","22.37","-0.660","1.057",-0.12,"1.00","-3.80","-0.08","8.294","4.15",2024-10-24 21:15:00,"PSY1N906",4
"24/10/2024","21:30:00","22.71","-0.634","1.099",-0.13,"1.00","-3.80","-0.08","8.279","4.14",2024-10-24 21:30:00,"PSY1N906",4
"24/10/2024","21:45:00","22.79","-0.612","1.165",-0.14,"1.00","-3.80","-0.08","8.279","4.15",2024-10-24 21:45:00,"PSY1N906",4
"24/10/2024","22:00:00","22.62","-0.453","1.253",-0.15,"1.00","-3.80","-0.06","8.283","4.14",2024-10-24 22:00:00,"PSY1N906",4
"24/10/2024","22:15:00","22.54","-0.556","1.100",-0.12,"1.00","-3.80","-0.07","8.287","4.15",2024-10-24 22:15:00,"PSY1N906",4
"24/10/2024","22:30:00","22.65","-0.677","1.084",-0.13,"1.00","-3.80","-0.09","8.283","4.15",2024-10-24 22:30:00,"PSY1N906",4
"24/10/2024","22:45:00","22.82","-0.669","1.066",-0.12,"1.00","-3.80","-0.09","8.276","4.15",2024-10-24 22:45:00,"PSY1N906",4
"24/10/2024","23:00:00","22.49","-0.136","1.103",-0.06,"1.00","-3.80","-0.01","8.290","4.15",2024-10-24 23:00:00,"PSY1N906",4
"24/10/2024","23:15:00","21.94","-0.233","0.000",0,"1.00","-3.80","-0.03","8.308","4.15",2024-10-24 23:15:00,"PSY1N906",4
"24/10/2024","23:30:00","21.49","-0.309","0.000",0,"1.00","-3.80","-0.04","8.326","4.14",2024-10-24 23:30:00,"PSY1N906",4
"24/10/2024","23:45:00","21.12","-0.319","0.000",0,"1.00","-3.80","-0.04","8.337","4.15",2024-10-24 23:45:00,"PSY1N906",4
"25/10/2024","00:00:00","20.85","-0.435","0.000",0,"1.00","-3.80","-0.05","8.348","4.14",2024-10-25,"PSY1N906",4
"25/10/2024","00:15:00","20.64","-0.498","0.000",0,"1.00","-3.80","-0.06","8.355","4.14",2024-10-25 00:15:00,"PSY1N906",4
"25/10/2024","00:30:00","20.46","-0.478","0.000",0,"1.00","-3.80","-0.06","8.362","4.14",2024-10-25 00:30:00,"PSY1N906",4
"25/10/2024","00:45:00","20.33","-0.443","0.000",0,"1.00","-3.80","-0.06","8.366","4.14",2024-10-25 00:45:00,"PSY1N906",4
"25/10/2024","01:00:00","20.20","-0.472","0.000",0,"1.00","-3.80","-0.06","8.370","4.14",2024-10-25 01:00:00,"PSY1N906",4
"25/10/2024","01:15:00","20.11","-0.524","0.000",0,"1.00","-3.80","-0.07","8.373","4.14",2024-10-25 01:15:00,"PSY1N906",4
"25/10/2024","01:30:00","20.04","-0.501","0.000",0,"1.00","-3.80","-0.06","8.377","4.14",2024-10-25 01:30:00,"PSY1N906",4
"25/10/2024","01:45:00","19.95","-0.427","0.000",0,"1.00","-3.80","-0.05","8.381","4.14",2024-10-25 01:45:00,"PSY1N906",4
"25/10/2024","02:00:00","19.87","-0.590","0.000",0,"1.00","-3.80","-0.08","8.384","4.15",2024-10-25 02:00:00,"PSY1N906",4
"25/10/2024","02:15:00","19.78","-0.457","0.000",0,"1.00","-3.80","-0.06","8.388","4.14",2024-10-25 02:15:00,"PSY1N906",4
"25/10/2024","02:30:00","19.71","-0.397","0.000",0,"1.00","-3.80","-0.05","8.388","4.14",2024-10-25 02:30:00,"PSY1N906",4
"25/10/2024","02:45:00","19.64","-0.504","0.000",0,"1.00","-3.80","-0.06","8.392","4.14",2024-10-25 02:45:00,"PSY1N906",4
"25/10/2024","03:00:00","19.59","-0.532","0.000",0,"1.00","-3.80","-0.07","8.395","4.14",2024-10-25 03:00:00,"PSY1N906",4
"25/10/2024","03:15:00","19.55","-0.438","0.000",0,"1.00","-3.80","-0.06","8.395","4.14",2024-10-25 03:15:00,"PSY1N906",4
"25/10/2024","03:30:00","19.54","-0.377","0.000",0,"1.00","-3.80","-0.05","8.395","4.15",2024-10-25 03:30:00,"PSY1N906",4
"25/10/2024","03:45:00","19.52","-0.331","0.000",0,"1.00","-3.80","-0.04","8.395","4.14",2024-10-25 03:45:00,"PSY1N906",4
"25/10/2024","04:00:00","19.49","-0.449","0.000",0,"1.00","-3.80","-0.06","8.399","4.14",2024-10-25 04:00:00,"PSY1N906",4
"25/10/2024","04:15:00","19.49","-0.564","0.000",0,"1.00","-3.80","-0.07","8.399","4.14",2024-10-25 04:15:00,"PSY1N906",4
"25/10/2024","04:30:00","19.45","-0.541","0.000",0,"1.00","-3.80","-0.07","8.399","4.14",2024-10-25 04:30:00,"PSY1N906",4
"25/10/2024","04:45:00","19.39","-0.383","0.000",0,"1.00","-3.80","-0.05","8.403","4.15",2024-10-25 04:45:00,"PSY1N906",4
"25/10/2024","05:00:00","19.31","-0.386","0.000",0,"1.00","-3.80","-0.05","8.403","4.14",2024-10-25 05:00:00,"PSY1N906",4
"25/10/2024","05:15:00","19.26","-0.428","0.000",0,"1.00","-3.80","-0.05","8.406","4.14",2024-10-25 05:15:00,"PSY1N906",4
"25/10/2024","05:30:00","19.20","-0.376","0.000",0,"1.00","-3.80","-0.05","8.406","4.15",2024-10-25 05:30:00,"PSY1N906",4
"25/10/2024","05:45:00","19.13","-0.355","0.000",0,"1.00","-3.80","-0.04","8.410","4.15",2024-10-25 05:45:00,"PSY1N906",4
"25/10/2024","06:00:00","19.10","-0.380","0.000",0,"1.00","-3.80","-0.05","8.410","4.14",2024-10-25 06:00:00,"PSY1N906",4
"25/10/2024","06:15:00","19.10","-0.325","0.000",0,"1.00","-3.80","-0.04","8.410","4.14",2024-10-25 06:15:00,"PSY1N906",4
"25/10/2024","06:30:00","19.13","-0.435","0.000",0,"1.00","-3.80","-0.06","8.410","4.15",2024-10-25 06:30:00,"PSY1N906",4
"25/10/2024","06:45:00","19.15","-0.394","0.000",0,"1.00","-3.80","-0.05","8.410","4.14",2024-10-25 06:45:00,"PSY1N906",4
"25/10/2024","07:00:00","19.19","-0.718","0.000",0,"1.00","-3.80","-0.09","8.410","4.14",2024-10-25 07:00:00,"PSY1N906",4
"25/10/2024","07:15:00","19.78","-0.699","0.000",0,"1.00","-3.80","-0.09","8.388","4.14",2024-10-25 07:15:00,"PSY1N906",4
"25/10/2024","07:30:00","20.24","-0.996","0.000",0,"1.00","-3.80","-0.13","8.370","4.14",2024-10-25 07:30:00,"PSY1N906",4
"25/10/2024","07:45:00","20.62","-1.004","0.000",0,"1.00","-3.80","-0.13","8.355","4.14",2024-10-25 07:45:00,"PSY1N906",4
"25/10/2024","08:00:00","20.81","-1.109","0.000",0,"1.00","-3.80","-0.15","8.348","4.15",2024-10-25 08:00:00,"PSY1N906",4
"25/10/2024","08:15:00","20.86","-1.238","0.000",0,"1.00","-3.80","-0.16","8.348","4.15",2024-10-25 08:15:00,"PSY1N906",4
"25/10/2024","08:30:00","20.88","-1.256","0.000",0,"1.00","-3.80","-0.17","8.348","4.15",2024-10-25 08:30:00,"PSY1N906",4
"25/10/2024","08:45:00","20.98","-1.371","0.000",0,"1.00","-3.80","-0.18","8.344","4.14",2024-10-25 08:45:00,"PSY1N906",4
"25/10/2024","09:00:00","21.18","-1.499","0.000",0,"1.00","-3.80","-0.20","8.337","4.15",2024-10-25 09:00:00,"PSY1N906",4
"25/10/2024","09:15:00","21.41","-1.474","0.000",0,"1.00","-3.80","-0.20","8.326","4.14",2024-10-25 09:15:00,"PSY1N906",4
"25/10/2024","09:30:00","21.54","-1.400","0.000",0,"1.00","-3.80","-0.19","8.323","4.13",2024-10-25 09:30:00,"PSY1N906",4
"25/10/2024","09:45:00","21.72","-1.435","0.000",0,"1.00","-3.80","-0.19","8.315","4.13",2024-10-25 09:45:00,"PSY1N906",4
"25/10/2024","10:00:00","21.85","-1.334","0.000",0,"1.00","-3.80","-0.18","8.312","4.13",2024-10-25 10:00:00,"PSY1N906",4
"25/10/2024","10:15:00","22.35","-1.575","0.000",0,"1.00","-3.80","-0.21","8.294","4.13",2024-10-25 10:15:00,"PSY1N906",4
"25/10/2024","10:30:00","22.73","-1.528","0.000",0,"1.00","-3.80","-0.20","8.279","4.13",2024-10-25 10:30:00,"PSY1N906",4
"25/10/2024","10:45:00","22.87","-1.580","0.000",0,"1.00","-3.80","-0.21","8.276","4.13",2024-10-25 10:45:00,"PSY1N906",4
"25/10/2024","11:00:00","23.26","-1.596","0.000",0,"1.00","-3.80","-0.21","8.262","4.13",2024-10-25 11:00:00,"PSY1N906",4
"25/10/2024","11:15:00","23.88","-1.712","0.157",-0.01,"1.00","-3.80","-0.23","8.240","4.12",2024-10-25 11:15:00,"PSY1N906",4
"25/10/2024","11:30:00","24.39","-1.515","0.297",-0.02,"1.00","-3.80","-0.20","8.222","4.12",2024-10-25 11:30:00,"PSY1N906",4
"25/10/2024","11:45:00","24.57","-1.524","0.000",0,"1.00","-3.80","-0.20","8.215","4.12",2024-10-25 11:45:00,"PSY1N906",4
"25/10/2024","12:00:00","24.86","-1.685","0.269",-0.03,"1.00","-3.80","-0.22","8.205","4.12",2024-10-25 12:00:00,"PSY1N906",4
"25/10/2024","12:15:00","24.93","-1.609","0.403",-0.05,"1.00","-3.80","-0.21","8.201","4.12",2024-10-25 12:15:00,"PSY1N906",4
"25/10/2024","12:30:00","24.87","-1.636","0.444",-0.07,"1.00","-3.80","-0.22","8.205","4.12",2024-10-25 12:30:00,"PSY1N906",4
"25/10/2024","12:45:00","24.91","-1.781","0.407",-0.08,"1.00","-3.80","-0.23","8.201","4.12",2024-10-25 12:45:00,"PSY1N906",4
"25/10/2024","13:00:00","24.53","-1.054","1.230",-0.2,"1.00","-3.80","-0.14","8.215","4.11",2024-10-25 13:00:00,"PSY1N906",4
"25/10/2024","13:15:00","24.04","-0.822","0.000",0,"1.00","-3.80","-0.11","8.233","4.13",2024-10-25 13:15:00,"PSY1N906",4
"25/10/2024","13:30:00","23.91","-0.744","0.668",-0.01,"1.00","-3.80","-0.10","8.237","4.14",2024-10-25 13:30:00,"PSY1N906",4
"25/10/2024","13:45:00","24.18","-1.041","0.000",0,"1.00","-3.80","-0.14","8.229","4.15",2024-10-25 13:45:00,"PSY1N906",4
"25/10/2024","14:00:00","24.91","-1.193","0.448",-0.01,"1.00","-3.80","-0.16","8.201","4.15",2024-10-25 14:00:00,"PSY1N906",4
"25/10/2024","14:15:00","25.48","-1.167","0.488",-0.02,"1.00","-3.80","-0.15","8.184","4.15",2024-10-25 14:15:00,"PSY1N906",4
"25/10/2024","14:30:00","25.42","-1.139","0.589",-0.04,"1.00","-3.80","-0.15","8.184","4.15",2024-10-25 14:30:00,"PSY1N906",4
"25/10/2024","14:45:00","25.84","-1.345","0.492",-0.04,"1.00","-3.80","-0.18","8.168","4.15",2024-10-25 14:45:00,"PSY1N906",4
"25/10/2024","15:00:00","25.74","-0.489","1.355",-0.15,"1.00","-3.80","-0.06","8.173","4.15",2024-10-25 15:00:00,"PSY1N906",4
"25/10/2024","15:15:00","25.87","-0.961","0.958",-0.11,"1.00","-3.80","-0.12","8.168","4.15",2024-10-25 15:15:00,"PSY1N906",4
"25/10/2024","15:30:00","25.66","1.164","2.456",-0.21,"1.00","-3.80","0.15","8.175","4.15",2024-10-25 15:30:00,"PSY1N906",4
"25/10/2024","15:45:00","25.75","-1.040","1.031",-0.14,"1.00","-3.80","-0.13","8.173","4.14",2024-10-25 15:45:00,"PSY1N906",4
"25/10/2024","16:00:00","25.70","1.310","1.994",-0.07,"1.00","-3.80","0.17","8.173","4.14",2024-10-25 16:00:00,"PSY1N906",4
"25/10/2024","16:15:00","25.39","0.629","1.881",-0.14,"1.00","-3.80","0.08","8.187","4.13",2024-10-25 16:15:00,"PSY1N906",4
"25/10/2024","16:30:00","25.61","-0.896","1.143",-0.15,"1.00","-3.80","-0.12","8.175","4.13",2024-10-25 16:30:00,"PSY1N906",4
"25/10/2024","16:45:00","25.60","-0.679","1.215",-0.14,"1.00","-3.80","-0.09","8.175","4.13",2024-10-25 16:45:00,"PSY1N906",4
"25/10/2024","17:00:00","25.76","-0.602","1.249",-0.13,"1.00","-3.80","-0.08","8.173","4.13",2024-10-25 17:00:00,"PSY1N906",4
"25/10/2024","17:15:00","25.71","-0.053","1.636",-0.16,"1.00","-3.80","0.00","8.173","4.13",2024-10-25 17:15:00,"PSY1N906",4
"25/10/2024","17:30:00","25.58","-0.627","1.335",-0.16,"1.00","-3.80","-0.08","8.180","4.13",2024-10-25 17:30:00,"PSY1N906",4
"25/10/2024","17:45:00","25.72","-0.614","1.278",-0.14,"1.00","-3.80","-0.08","8.173","4.13",2024-10-25 17:45:00,"PSY1N906",4
"25/10/2024","18:00:00","25.65","-0.510","1.482",-0.18,"1.00","-3.80","-0.06","8.175","4.12",2024-10-25 18:00:00,"PSY1N906",4
"25/10/2024","18:15:00","25.59","-0.504","1.385",-0.16,"1.00","-3.80","-0.06","8.180","4.12",2024-10-25 18:15:00,"PSY1N906",4
"25/10/2024","18:30:00","25.57","-0.320","1.562",-0.18,"1.00","-3.80","-0.04","8.180","4.12",2024-10-25 18:30:00,"PSY1N906",4
"25/10/2024","18:45:00","25.44","-0.303","1.534",-0.17,"1.00","-3.80","-0.04","8.184","4.12",2024-10-25 18:45:00,"PSY1N906",4
"25/10/2024","19:00:00","25.28","-0.348","1.613",-0.2,"1.00","-3.80","-0.04","8.191","4.12",2024-10-25 19:00:00,"PSY1N906",4
"25/10/2024","19:15:00","25.09","-0.323","1.518",-0.17,"1.00","-3.80","-0.04","8.198","4.12",2024-10-25 19:15:00,"PSY1N906",4
"25/10/2024","19:30:00","24.93","-0.468","1.584",-0.21,"1.00","-3.80","-0.06","8.201","4.12",2024-10-25 19:30:00,"PSY1N906",4
"25/10/2024","19:45:00","24.70","-0.373","1.600",-0.21,"1.00","-3.80","-0.05","8.208","4.12",2024-10-25 19:45:00,"PSY1N906",4
"25/10/2024","20:00:00","24.49","-0.509","1.588",-0.22,"1.00","-3.80","-0.06","8.219","4.11",2024-10-25 20:00:00,"PSY1N906",4
"25/10/2024","20:15:00","24.35","-0.389","1.641",-0.22,"1.00","-3.80","-0.05","8.222","4.11",2024-10-25 20:15:00,"PSY1N906",4
"25/10/2024","20:30:00","24.15","-0.272","1.544",-0.18,"1.00","-3.80","-0.03","8.229","4.11",2024-10-25 20:30:00,"PSY1N906",4
"25/10/2024","20:45:00","23.94","-0.435","1.536",-0.21,"1.00","-3.80","-0.05","8.237","4.11",2024-10-25 20:45:00,"PSY1N906",4
"25/10/2024","21:00:00","23.77","-0.351","1.444",-0.17,"1.00","-3.80","-0.04","8.244","4.11",2024-10-25 21:00:00,"PSY1N906",4
"25/10/2024","21:15:00","23.58","-0.468","1.469",-0.2,"1.00","-3.80","-0.06","8.251","4.11",2024-10-25 21:15:00,"PSY1N906",4
"25/10/2024","21:30:00","23.48","-0.449","1.436",-0.19,"1.00","-3.80","-0.06","8.254","4.11",2024-10-25 21:30:00,"PSY1N906",4
"25/10/2024","21:45:00","23.42","-0.397","1.477",-0.19,"1.00","-3.80","-0.05","8.254","4.11",2024-10-25 21:45:00,"PSY1N906",4
"25/10/2024","22:00:00","23.30","-0.299","1.414",-0.16,"1.00","-3.80","-0.04","8.258","4.11",2024-10-25 22:00:00,"PSY1N906",4
"25/10/2024","22:15:00","23.03","-0.490","1.506",-0.22,"1.00","-3.80","-0.06","8.269","4.10",2024-10-25 22:15:00,"PSY1N906",4
"25/10/2024","22:30:00","23.15","-0.558","1.259",-0.16,"1.00","-3.80","-0.07","8.265","4.10",2024-10-25 22:30:00,"PSY1N906",4
"25/10/2024","22:45:00","23.38","-0.784","1.253",-0.18,"1.00","-3.80","-0.10","8.258","4.10",2024-10-25 22:45:00,"PSY1N906",4
"25/10/2024","23:00:00","23.09","0.095","1.286",-0.08,"1.00","-3.80","0.01","8.269","4.10",2024-10-25 23:00:00,"PSY1N906",4
"25/10/2024","23:15:00","22.55","-0.012","0.000",0,"1.00","-3.80","0.00","8.287","4.10",2024-10-25 23:15:00,"PSY1N906",4
"25/10/2024","23:30:00","22.10","-0.139","0.000",0,"1.00","-3.80","-0.01","8.301","4.10",2024-10-25 23:30:00,"PSY1N906",4
"25/10/2024","23:45:00","21.73","-0.192","0.000",0,"1.00","-3.80","-0.02","8.315","4.10",2024-10-25 23:45:00,"PSY1N906",4
"26/10/2024","00:00:00","21.27","-0.135","0.000",0,"1.00","-3.80","-0.01","8.333","4.10",2024-10-26,"PSY1N906",4
"26/10/2024","00:15:00","20.68","-0.120","0.000",0,"1.00","-3.80","-0.01","8.355","4.09",2024-10-26 00:15:00,"PSY1N906",4
"26/10/2024","00:30:00","20.15","-0.203","0.000",0,"1.00","-3.80","-0.02","8.373","4.09",2024-10-26 00:30:00,"PSY1N906",4
"26/10/2024","00:45:00","19.76","-0.025","0.000",0,"1.00","-3.80","0.00","8.388","4.09",2024-10-26 00:45:00,"PSY1N906",4
"26/10/2024","01:00:00","19.52","-0.314","0.000",0,"1.00","-3.80","-0.04","8.395","4.09",2024-10-26 01:00:00,"PSY1N906",4
"26/10/2024","01:15:00","19.40","-0.281","0.000",0,"1.00","-3.80","-0.03","8.399","4.09",2024-10-26 01:15:00,"PSY1N906",4
"26/10/2024","01:30:00","19.31","-0.369","0.000",0,"1.00","-3.80","-0.05","8.403","4.09",2024-10-26 01:30:00,"PSY1N906",4
"26/10/2024","01:45:00","19.24","-0.340","0.000",0,"1.00","-3.80","-0.04","8.406","4.09",2024-10-26 01:45:00,"PSY1N906",4
"26/10/2024","02:00:00","19.13","-0.290","0.000",0,"1.00","-3.80","-0.04","8.410","4.09",2024-10-26 02:00:00,"PSY1N906",4
"26/10/2024","02:15:00","19.00","-0.327","0.000",0,"1.00","-3.80","-0.04","8.414","4.09",2024-10-26 02:15:00,"PSY1N906",4
"26/10/2024","02:30:00","18.90","-0.419","0.000",0,"1.00","-3.80","-0.05","8.417","4.09",2024-10-26 02:30:00,"PSY1N906",4
"26/10/2024","02:45:00","18.88","-0.444","0.000",0,"1.00","-3.80","-0.06","8.421","4.08",2024-10-26 02:45:00,"PSY1N906",4
"26/10/2024","03:00:00","18.82","-0.530","0.000",0,"1.00","-3.80","-0.07","8.421","4.08",2024-10-26 03:00:00,"PSY1N906",4
"26/10/2024","03:15:00","18.75","-0.397","0.000",0,"1.00","-3.80","-0.05","8.425","4.08",2024-10-26 03:15:00,"PSY1N906",4
"26/10/2024","03:30:00","18.71","-0.394","0.000",0,"1.00","-3.80","-0.05","8.425","4.08",2024-10-26 03:30:00,"PSY1N906",4
"26/10/2024","03:45:00","18.61","-0.360","0.000",0,"1.00","-3.80","-0.04","8.428","4.08",2024-10-26 03:45:00,"PSY1N906",4
"26/10/2024","04:00:00","18.58","-0.403","0.000",0,"1.00","-3.80","-0.05","8.432","4.08",2024-10-26 04:00:00,"PSY1N906",4
"26/10/2024","04:15:00","18.63","-0.352","0.000",0,"1.00","-3.80","-0.04","8.428","4.08",2024-10-26 04:15:00,"PSY1N906",4
"26/10/2024","04:30:00","18.65","-0.461","0.000",0,"1.00","-3.80","-0.06","8.428","4.08",2024-10-26 04:30:00,"PSY1N906",4
"26/10/2024","04:45:00","18.64","-0.404","0.000",0,"1.00","-3.80","-0.05","8.428","4.08",2024-10-26 04:45:00,"PSY1N906",4
"26/10/2024","05:00:00","18.61","-0.335","0.000",0,"1.00","-3.80","-0.04","8.428","4.07",2024-10-26 05:00:00,"PSY1N906",4
"26/10/2024","05:15:00","18.57","-0.395","0.000",0,"1.00","-3.80","-0.05","8.432","4.07",2024-10-26 05:15:00,"PSY1N906",4
"26/10/2024","05:30:00","18.56","-0.413","0.000",0,"1.00","-3.80","-0.05","8.432","4.07",2024-10-26 05:30:00,"PSY1N906",4
"26/10/2024","05:45:00","18.52","-0.279","0.000",0,"1.00","-3.80","-0.03","8.432","4.07",2024-10-26 05:45:00,"PSY1N906",4
"26/10/2024","06:00:00","18.67","-0.540","0.000",0,"1.00","-3.80","-0.07","8.428","4.07",2024-10-26 06:00:00,"PSY1N906",4
"26/10/2024","06:15:00","18.69","-0.284","0.000",0,"1.00","-3.80","-0.03","8.428","4.07",2024-10-26 06:15:00,"PSY1N906",4
"26/10/2024","06:30:00","18.57","-0.286","0.000",0,"1.00","-3.80","-0.03","8.432","4.07",2024-10-26 06:30:00,"PSY1N906",4
"26/10/2024","06:45:00","18.40","-0.352","0.000",0,"1.00","-3.80","-0.04","8.436","4.07",2024-10-26 06:45:00,"PSY1N906",4
"26/10/2024","07:00:00","18.50","-0.793","0.000",0,"1.00","-3.80","-0.10","8.432","4.07",2024-10-26 07:00:00,"PSY1N906",4
"26/10/2024","07:15:00","19.15","-0.943","0.000",0,"1.00","-3.80","-0.13","8.410","4.06",2024-10-26 07:15:00,"PSY1N906",4
"26/10/2024","07:30:00","19.74","-1.120","0.000",0,"1.00","-3.80","-0.15","8.388","4.06",2024-10-26 07:30:00,"PSY1N906",4
"26/10/2024","07:45:00","20.18","-1.228","0.000",0,"1.00","-3.80","-0.16","8.373","4.06",2024-10-26 07:45:00,"PSY1N906",4
"26/10/2024","08:00:00","20.44","-1.318","0.000",0,"1.00","-3.80","-0.18","8.362","4.06",2024-10-26 08:00:00,"PSY1N906",4
"26/10/2024","08:15:00","20.48","-1.377","0.000",0,"1.00","-3.80","-0.18","8.362","4.06",2024-10-26 08:15:00,"PSY1N906",4
"26/10/2024","08:30:00","20.38","-1.246","0.000",0,"1.00","-3.80","-0.17","8.366","4.06",2024-10-26 08:30:00,"PSY1N906",4
"26/10/2024","08:45:00","20.32","-1.282","0.000",0,"1.00","-3.80","-0.17","8.366","4.06",2024-10-26 08:45:00,"PSY1N906",4
"26/10/2024","09:00:00","20.52","-1.502","0.000",0,"1.00","-3.80","-0.20","8.359","4.06",2024-10-26 09:00:00,"PSY1N906",4
"26/10/2024","09:15:00","20.96","-1.385","0.000",0,"1.00","-3.80","-0.18","8.344","4.06",2024-10-26 09:15:00,"PSY1N906",4
"26/10/2024","09:30:00","21.32","-1.523","0.000",0,"1.00","-3.80","-0.20","8.330","4.05",2024-10-26 09:30:00,"PSY1N906",4
"26/10/2024","09:45:00","21.58","-1.443","0.000",0,"1.00","-3.80","-0.19","8.323","4.05",2024-10-26 09:45:00,"PSY1N906",4
"26/10/2024","10:00:00","22.03","-1.472","0.000",0,"1.00","-3.80","-0.20","8.305","4.05",2024-10-26 10:00:00,"PSY1N906",4
"26/10/2024","10:15:00","22.44","-1.487","0.000",0,"1.00","-3.80","-0.20","8.290","4.05",2024-10-26 10:15:00,"PSY1N906",4
"26/10/2024","10:30:00","22.99","-1.651","0.230",-0.02,"1.00","-3.80","-0.22","8.272","4.05",2024-10-26 10:30:00,"PSY1N906",4
"26/10/2024","10:45:00","23.45","-1.608","0.282",-0.03,"1.00","-3.80","-0.21","8.254","4.05",2024-10-26 10:45:00,"PSY1N906",4
"26/10/2024","11:00:00","23.91","-1.669","0.270",-0.03,"1.00","-3.80","-0.22","8.237","4.05",2024-10-26 11:00:00,"PSY1N906",4
"26/10/2024","11:15:00","24.15","-1.707","0.450",-0.08,"1.00","-3.80","-0.23","8.229","4.05",2024-10-26 11:15:00,"PSY1N906",4
"26/10/2024","11:30:00","24.66","-0.968","0.000",0,"1.00","-3.80","-0.13","8.212","4.04",2024-10-26 11:30:00,"PSY1N906",4
"26/10/2024","11:45:00","25.14","-0.625","1.856",-0.3,"1.00","-3.80","-0.08","8.194","4.04",2024-10-26 11:45:00,"PSY1N906",4
"26/10/2024","12:00:00","25.49","-0.115","0.000",0,"1.00","-3.80","-0.01","8.184","4.04",2024-10-26 12:00:00,"PSY1N906",4
"26/10/2024","12:15:00","25.92","-0.623","1.297",-0.15,"1.00","-3.80","-0.08","8.166","4.04",2024-10-26 12:15:00,"PSY1N906",4
"26/10/2024","12:30:00","25.77","0.038","1.724",-0.17,"1.00","-3.80","0.00","8.173","4.04",2024-10-26 12:30:00,"PSY1N906",4
"26/10/2024","12:45:00","26.10","-0.268","2.101",-0.3,"1.00","-3.80","-0.03","8.159","4.04",2024-10-26 12:45:00,"PSY1N906",4
"26/10/2024","13:00:00","26.27","-0.087","2.000",-0.25,"1.00","-3.80","-0.01","8.154","4.04",2024-10-26 13:00:00,"PSY1N906",4
"26/10/2024","13:15:00","26.29","0.198","2.326",-0.3,"1.00","-3.80","0.02","8.154","4.04",2024-10-26 13:15:00,"PSY1N906",4
"26/10/2024","13:30:00","26.26","-0.424","1.768",-0.24,"1.00","-3.80","-0.05","8.154","4.04",2024-10-26 13:30:00,"PSY1N906",4
"26/10/2024","13:45:00","26.10","-0.245","2.308",-0.35,"1.00","-3.80","-0.03","8.159","4.04",2024-10-26 13:45:00,"PSY1N906",4
"26/10/2024","14:00:00","26.18","0.466","2.946",-0.42,"1.00","-3.80","0.06","8.159","4.04",2024-10-26 14:00:00,"PSY1N906",4
"26/10/2024","14:15:00","26.18","-0.094","2.691",-0.43,"1.00","-3.80","-0.01","8.159","4.04",2024-10-26 14:15:00,"PSY1N906",4
"26/10/2024","14:30:00","26.08","0.241","2.308",-0.29,"1.00","-3.80","0.03","8.161","4.03",2024-10-26 14:30:00,"PSY1N906",4
"26/10/2024","14:45:00","26.06","-0.408","2.441",-0.41,"1.00","-3.80","-0.05","8.161","4.03",2024-10-26 14:45:00,"PSY1N906",4
"26/10/2024","15:00:00","26.21","0.395","1.853",-0.15,"1.00","-3.80","0.05","8.154","4.03",2024-10-26 15:00:00,"PSY1N906",4
"26/10/2024","15:15:00","26.05","0.535","2.327",-0.26,"1.00","-3.80","0.07","8.161","4.03",2024-10-26 15:15:00,"PSY1N906",4
"26/10/2024","15:30:00","25.99","-1.006","1.665",-0.29,"1.00","-3.80","-0.13","8.166","4.06",2024-10-26 15:30:00,"PSY1N906",4
"26/10/2024","15:45:00","26.34","-0.279","2.578",-0.42,"1.00","-3.80","-0.03","8.152","4.09",2024-10-26 15:45:00,"PSY1N906",4
"26/10/2024","16:00:00","26.42","0.467","1.876",-0.14,"1.00","-3.80","0.06","8.148","4.12",2024-10-26 16:00:00,"PSY1N906",4
"26/10/2024","16:15:00","26.47","0.504","2.035",-0.18,"1.00","-3.80","0.06","8.148","4.15",2024-10-26 16:15:00,"PSY1N906",4
"26/10/2024","16:30:00","26.31","-0.206","1.867",-0.23,"1.00","-3.80","-0.02","8.152","4.15",2024-10-26 16:30:00,"PSY1N906",4
"26/10/2024","16:45:00","25.92","0.455","2.019",-0.19,"1.00","-3.80","0.06","8.166","4.15",2024-10-26 16:45:00,"PSY1N906",4
"26/10/2024","17:00:00","25.63","0.573","2.136",-0.21,"1.00","-3.80","0.07","8.175","4.15",2024-10-26 17:00:00,"PSY1N906",4
"26/10/2024","17:15:00","25.52","0.426","2.061",-0.21,"1.00","-3.80","0.05","8.180","4.15",2024-10-26 17:15:00,"PSY1N906",4
"26/10/2024","17:30:00","25.78","-0.339","2.069",-0.31,"1.00","-3.80","-0.04","8.173","4.15",2024-10-26 17:30:00,"PSY1N906",4
"26/10/2024","17:45:00","25.89","-0.665","1.664",-0.25,"1.00","-3.80","-0.08","8.168","4.15",2024-10-26 17:45:00,"PSY1N906",4
"26/10/2024","18:00:00","25.93","0.412","2.007",-0.19,"1.00","-3.80","0.05","8.166","4.15",2024-10-26 18:00:00,"PSY1N906",4
"26/10/2024","18:15:00","25.75","0.499","2.213",-0.24,"1.00","-3.80","0.06","8.173","4.15",2024-10-26 18:15:00,"PSY1N906",4
"26/10/2024","18:30:00","25.44","-0.450","1.848",-0.27,"1.00","-3.80","-0.06","8.184","4.15",2024-10-26 18:30:00,"PSY1N906",4
"26/10/2024","18:45:00","25.70","-0.468","1.979",-0.31,"1.00","-3.80","-0.06","8.173","4.15",2024-10-26 18:45:00,"PSY1N906",4
"26/10/2024","19:00:00","25.61","-0.383","2.099",-0.33,"1.00","-3.80","-0.05","8.175","4.15",2024-10-26 19:00:00,"PSY1N906",4
"26/10/2024","19:15:00","25.49","-0.392","2.138",-0.34,"1.00","-3.80","-0.05","8.184","4.15",2024-10-26 19:15:00,"PSY1N906",4
"26/10/2024","19:30:00","25.29","-0.354","2.172",-0.35,"1.00","-3.80","-0.04","8.191","4.15",2024-10-26 19:30:00,"PSY1N906",4
"26/10/2024","19:45:00","25.17","-0.296","2.155",-0.34,"1.00","-3.80","-0.03","8.194","4.15",2024-10-26 19:45:00,"PSY1N906",4
"26/10/2024","20:00:00","25.10","-0.332","2.208",-0.36,"1.00","-3.80","-0.04","8.194","4.15",2024-10-26 20:00:00,"PSY1N906",4
"26/10/2024","20:15:00","25.03","-0.398","2.175",-0.36,"1.00","-3.80","-0.05","8.198","4.15",2024-10-26 20:15:00,"PSY1N906",4
"26/10/2024","20:30:00","25.08","-0.357","2.074",-0.32,"1.00","-3.80","-0.04","8.198","4.15",2024-10-26 20:30:00,"PSY1N906",4
"26/10/2024","20:45:00","24.98","-0.409","2.037",-0.32,"1.00","-3.80","-0.05","8.201","4.15",2024-10-26 20:45:00,"PSY1N906",4
"26/10/2024","21:00:00","24.90","-0.416","1.986",-0.31,"1.00","-3.80","-0.05","8.201","4.15",2024-10-26 21:00:00,"PSY1N906",4
"26/10/2024","21:15:00","24.74","-0.383","1.994",-0.31,"1.00","-3.80","-0.05","8.208","4.15",2024-10-26 21:15:00,"PSY1N906",4
"26/10/2024","21:30:00","24.58","-0.423","2.022",-0.33,"1.00","-3.80","-0.05","8.215","4.15",2024-10-26 21:30:00,"PSY1N906",4
"26/10/2024","21:45:00","24.49","-0.397","1.973",-0.31,"1.00","-3.80","-0.05","8.219","4.15",2024-10-26 21:45:00,"PSY1N906",4
"26/10/2024","22:00:00","24.42","-0.587","1.857",-0.31,"1.00","-3.80","-0.07","8.219","4.15",2024-10-26 22:00:00,"PSY1N906",4
"26/10/2024","22:15:00","24.45","-0.514","1.824",-0.29,"1.00","-3.80","-0.06","8.219","4.15",2024-10-26 22:15:00,"PSY1N906",4
"26/10/2024","22:30:00","24.42","-0.417","1.909",-0.3,"1.00","-3.80","-0.05","8.219","4.15",2024-10-26 22:30:00,"PSY1N906",4
"26/10/2024","22:45:00","24.23","-0.407","1.991",-0.32,"1.00","-3.80","-0.05","8.226","4.15",2024-10-26 22:45:00,"PSY1N906",4
"26/10/2024","23:00:00","23.70","0.256","1.813",-0.19,"1.00","-3.80","0.03","8.244","4.15",2024-10-26 23:00:00,"PSY1N906",4
"26/10/2024","23:15:00","22.91","0.130","1.331",-0.09,"1.00","-3.80","0.01","8.272","4.15",2024-10-26 23:15:00,"PSY1N906",4
"26/10/2024","23:30:00","22.26","0.081","1.033",-0.01,"1.00","-3.80","0.01","8.297","4.15",2024-10-26 23:30:00,"PSY1N906",4
"26/10/2024","23:45:00","21.81","-0.168","0.857",0,"1.00","-3.80","-0.02","8.312","4.15",2024-10-26 23:45:00,"PSY1N906",4
"27/10/2024","00:00:00","21.46","-0.041","0.000",0,"1.00","-3.80","0.00","8.326","4.15",2024-10-27,"PSY1N906",4
"27/10/2024","00:15:00","21.13","-0.137","0.000",0,"1.00","-3.80","-0.01","8.337","4.15",2024-10-27 00:15:00,"PSY1N906",4
"27/10/2024","00:30:00","20.84","-0.109","0.000",0,"1.00","-3.80","-0.01","8.348","4.15",2024-10-27 00:30:00,"PSY1N906",4
"27/10/2024","00:45:00","20.57","-0.207","0.000",0,"1.00","-3.80","-0.02","8.359","4.15",2024-10-27 00:45:00,"PSY1N906",4
"27/10/2024","01:00:00","20.35","-0.171","0.000",0,"1.00","-3.80","-0.02","8.366","4.15",2024-10-27 01:00:00,"PSY1N906",4
"27/10/2024","01:15:00","20.16","-0.356","0.000",0,"1.00","-3.80","-0.04","8.373","4.15",2024-10-27 01:15:00,"PSY1N906",4
"27/10/2024","01:30:00","20.00","-0.237","0.000",0,"1.00","-3.80","-0.03","8.377","4.15",2024-10-27 01:30:00,"PSY1N906",4
"27/10/2024","01:45:00","19.89","-0.288","0.000",0,"1.00","-3.80","-0.03","8.384","4.15",2024-10-27 01:45:00,"PSY1N906",4
"27/10/2024","02:00:00","19.78","-0.358","0.000",0,"1.00","-3.80","-0.04","8.388","4.15",2024-10-27 02:00:00,"PSY1N906",4
"27/10/2024","02:15:00","19.69","-0.352","0.000",0,"1.00","-3.80","-0.04","8.392","4.15",2024-10-27 02:15:00,"PSY1N906",4
"27/10/2024","02:30:00","19.57","-0.221","0.000",0,"1.00","-3.80","-0.03","8.395","4.15",2024-10-27 02:30:00,"PSY1N906",4
"27/10/2024","02:45:00","19.47","-0.254","0.000",0,"1.00","-3.80","-0.03","8.399","4.15",2024-10-27 02:45:00,"PSY1N906",4
"27/10/2024","03:00:00","19.44","-0.438","0.000",0,"1.00","-3.80","-0.06","8.399","4.15",2024-10-27 03:00:00,"PSY1N906",4
"27/10/2024","03:15:00","19.35","-0.375","0.000",0,"1.00","-3.80","-0.05","8.403","4.15",2024-10-27 03:15:00,"PSY1N906",4
"27/10/2024","03:30:00","19.28","-0.328","0.000",0,"1.00","-3.80","-0.04","8.406","4.15",2024-10-27 03:30:00,"PSY1N906",4
"27/10/2024","03:45:00","19.25","-0.473","0.000",0,"1.00","-3.80","-0.06","8.406","4.15",2024-10-27 03:45:00,"PSY1N906",4
"27/10/2024","04:00:00","19.24","-0.341","0.000",0,"1.00","-3.80","-0.04","8.406","4.15",2024-10-27 04:00:00,"PSY1N906",4
"27/10/2024","04:15:00","19.21","-0.443","0.000",0,"1.00","-3.80","-0.06","8.406","4.15",2024-10-27 04:15:00,"PSY1N906",4
"27/10/2024","04:30:00","19.19","-0.368","0.000",0,"1.00","-3.80","-0.05","8.410","4.15",2024-10-27 04:30:00,"PSY1N906",4
"27/10/2024","04:45:00","19.12","-0.486","0.000",0,"1.00","-3.80","-0.06","8.410","4.15",2024-10-27 04:45:00,"PSY1N906",4
"27/10/2024","05:00:00","19.08","-0.350","0.000",0,"1.00","-3.80","-0.04","8.414","4.15",2024-10-27 05:00:00,"PSY1N906",4
"27/10/2024","05:15:00","19.09","-0.465","0.000",0,"1.00","-3.80","-0.06","8.414","4.15",2024-10-27 05:15:00,"PSY1N906",4
"27/10/2024","05:30:00","19.08","-0.388","0.000",0,"1.00","-3.80","-0.05","8.414","4.15",2024-10-27 05:30:00,"PSY1N906",4
"27/10/2024","05:45:00","19.07","-0.501","0.000",0,"1.00","-3.80","-0.06","8.414","4.15",2024-10-27 05:45:00,"PSY1N906",4
"27/10/2024","06:00:00","19.07","-0.451","0.000",0,"1.00","-3.80","-0.06","8.414","4.15",2024-10-27 06:00:00,"PSY1N906",4
"27/10/2024","06:15:00","19.05","-0.383","0.000",0,"1.00","-3.80","-0.05","8.414","4.15",2024-10-27 06:15:00,"PSY1N906",4
"27/10/2024","06:30:00","19.03","-0.399","0.000",0,"1.00","-3.80","-0.05","8.414","4.15",2024-10-27 06:30:00,"PSY1N906",4
"27/10/2024","06:45:00","19.03","-0.375","0.000",0,"1.00","-3.80","-0.05","8.414","4.15",2024-10-27 06:45:00,"PSY1N906",4
"27/10/2024","07:00:00","19.04","-0.462","0.000",0,"1.00","-3.80","-0.06","8.414","4.15",2024-10-27 07:00:00,"PSY1N906",4
"27/10/2024","07:15:00","19.06","-0.332","0.000",0,"1.00","-3.80","-0.04","8.414","4.15",2024-10-27 07:15:00,"PSY1N906",4
"27/10/2024","07:30:00","19.10","-0.502","0.000",0,"1.00","-3.80","-0.06","8.410","4.15",2024-10-27 07:30:00,"PSY1N906",4
"27/10/2024","07:45:00","19.16","-0.387","0.000",0,"1.00","-3.80","-0.05","8.410","4.15",2024-10-27 07:45:00,"PSY1N906",4
"27/10/2024","08:00:00","19.62","-0.994","0.000",0,"1.00","-3.80","-0.13","8.392","4.15",2024-10-27 08:00:00,"PSY1N906",4
"27/10/2024","08:15:00","20.40","-1.298","0.000",0,"1.00","-3.80","-0.17","8.362","4.14",2024-10-27 08:15:00,"PSY1N906",4
"27/10/2024","08:30:00","21.01","-1.439","0.000",0,"1.00","-3.80","-0.19","8.341","4.15",2024-10-27 08:30:00,"PSY1N906",4
"27/10/2024","08:45:00","21.41","-1.469","0.000",0,"1.00","-3.80","-0.20","8.326","4.15",2024-10-27 08:45:00,"PSY1N906",4
"27/10/2024","09:00:00","21.56","-1.586","0.000",0,"1.00","-3.80","-0.21","8.323","4.15",2024-10-27 09:00:00,"PSY1N906",4
"27/10/2024","09:15:00","21.70","-1.521","0.000",0,"1.00","-3.80","-0.20","8.315","4.15",2024-10-27 09:15:00,"PSY1N906",4
"27/10/2024","09:30:00","21.91","-1.527","0.000",0,"1.00","-3.80","-0.20","8.308","4.15",2024-10-27 09:30:00,"PSY1N906",4
"27/10/2024","09:45:00","22.24","-1.669","0.227",-0.02,"1.00","-3.80","-0.22","8.297","4.15",2024-10-27 09:45:00,"PSY1N906",4
"27/10/2024","10:00:00","22.74","-1.605","0.238",-0.02,"1.00","-3.80","-0.21","8.279","4.15",2024-10-27 10:00:00,"PSY1N906",4
"27/10/2024","10:15:00","23.11","-1.483","0.267",-0.01,"1.00","-3.80","-0.20","8.265","4.15",2024-10-27 10:15:00,"PSY1N906",4
"27/10/2024","10:30:00","23.33","-1.480","0.319",-0.02,"1.00","-3.80","-0.20","8.258","4.15",2024-10-27 10:30:00,"PSY1N906",4
"27/10/2024","10:45:00","23.62","-1.707","0.538",-0.11,"1.00","-3.80","-0.23","8.247","4.15",2024-10-27 10:45:00,"PSY1N906",4
"27/10/2024","11:00:00","23.98","-1.580","0.607",-0.11,"1.00","-3.80","-0.21","8.237","4.15",2024-10-27 11:00:00,"PSY1N906",4
"27/10/2024","11:15:00","24.30","-1.192","0.908",-0.14,"1.00","-3.80","-0.16","8.222","4.15",2024-10-27 11:15:00,"PSY1N906",4
"27/10/2024","11:30:00","24.67","-1.236","1.230",-0.22,"1.00","-3.80","-0.16","8.212","4.15",2024-10-27 11:30:00,"PSY1N906",4
"27/10/2024","11:45:00","25.05","-1.107","1.563",-0.29,"1.00","-3.80","-0.14","8.198","4.15",2024-10-27 11:45:00,"PSY1N906",4
"27/10/2024","12:00:00","25.23","-0.785","1.741",-0.29,"1.00","-3.80","-0.10","8.191","4.15",2024-10-27 12:00:00,"PSY1N906",4
"27/10/2024","12:15:00","25.59","-0.390","2.022",-0.31,"1.00","-3.80","-0.05","8.180","4.15",2024-10-27 12:15:00,"PSY1N906",4
"27/10/2024","12:30:00","25.67","-0.575","2.104",-0.35,"1.00","-3.80","-0.07","8.175","4.15",2024-10-27 12:30:00,"PSY1N906",4
"27/10/2024","12:45:00","25.69","-0.387","2.039",-0.31,"1.00","-3.80","-0.05","8.175","4.15",2024-10-27 12:45:00,"PSY1N906",4
"27/10/2024","13:00:00","25.64","-0.432","2.233",-0.37,"1.00","-3.80","-0.05","8.175","4.15",2024-10-27 13:00:00,"PSY1N906",4
"27/10/2024","13:15:00","25.40","-0.571","2.058",-0.34,"1.00","-3.80","-0.07","8.184","4.15",2024-10-27 13:15:00,"PSY1N906",4
"27/10/2024","13:30:00","25.53","-0.644","2.080",-0.36,"1.00","-3.80","-0.08","8.180","4.15",2024-10-27 13:30:00,"PSY1N906",4
"27/10/2024","13:45:00","25.61","-0.671","2.001",-0.34,"1.00","-3.80","-0.08","8.175","4.15",2024-10-27 13:45:00,"PSY1N906",4
"27/10/2024","14:00:00","25.60","-0.482","2.370",-0.41,"1.00","-3.80","-0.06","8.175","4.15",2024-10-27 14:00:00,"PSY1N906",4
"27/10/2024","14:15:00","25.79","-0.754","2.299",-0.43,"1.00","-3.80","-0.10","8.173","4.15",2024-10-27 14:15:00,"PSY1N906",4
"27/10/2024","14:30:00","26.06","-0.592","2.262",-0.39,"1.00","-3.80","-0.07","8.161","4.15",2024-10-27 14:30:00,"PSY1N906",4
"27/10/2024","14:45:59","26.36","-0.342","2.550",-0.42,"1.00","-3.80","-0.04","8.152","4.15",2024-10-27 14:45:59,"PSY1N906",4
"27/10/2024","15:00:00","26.23","-0.439","2.318",-0.38,"1.00","-3.80","-0.05","8.154","4.15",2024-10-27 15:00:00,"PSY1N906",4
"27/10/2024","15:15:00","26.19","-0.588","2.261",-0.39,"1.00","-3.80","-0.07","8.159","4.15",2024-10-27 15:15:00,"PSY1N906",4
"27/10/2024","15:30:00","26.26","-0.415","2.398",-0.4,"1.00","-3.80","-0.05","8.154","4.15",2024-10-27 15:30:00,"PSY1N906",4
"27/10/2024","15:45:00","26.21","-0.500","2.256",-0.37,"1.00","-3.80","-0.06","8.154","4.14",2024-10-27 15:45:00,"PSY1N906",4
"27/10/2024","16:00:00","26.30","-0.700","2.526",-0.47,"1.00","-3.80","-0.09","8.152","4.14",2024-10-27 16:00:00,"PSY1N906",4
"27/10/2024","16:15:00","26.19","-0.606","2.397",-0.42,"1.00","-3.80","-0.08","8.159","4.13",2024-10-27 16:15:00,"PSY1N906",4
"27/10/2024","16:30:00","26.35","-0.720","2.491",-0.46,"1.00","-3.80","-0.09","8.152","4.13",2024-10-27 16:30:00,"PSY1N906",4
"27/10/2024","16:45:00","26.51","-0.500","2.614",-0.46,"1.00","-3.80","-0.06","8.145","4.13",2024-10-27 16:45:00,"PSY1N906",4
"27/10/2024","17:00:00","26.41","-0.301","2.617",-0.44,"1.00","-3.80","-0.04","8.148","4.13",2024-10-27 17:00:00,"PSY1N906",4
"27/10/2024","17:15:00","26.23","-0.238","2.780",-0.47,"1.00","-3.80","-0.03","8.154","4.13",2024-10-27 17:15:00,"PSY1N906",4
"27/10/2024","17:30:00","25.99","-0.344","2.622",-0.45,"1.00","-3.80","-0.04","8.166","4.13",2024-10-27 17:30:00,"PSY1N906",4
"27/10/2024","17:45:00","25.80","-0.373","2.645",-0.46,"1.00","-3.80","-0.05","8.168","4.13",2024-10-27 17:45:00,"PSY1N906",4
"27/10/2024","18:00:00","25.56","-0.184","2.771",-0.47,"1.00","-3.80","-0.02","8.180","4.13",2024-10-27 18:00:00,"PSY1N906",4
"27/10/2024","18:15:00","25.26","-0.174","2.710",-0.46,"1.00","-3.80","-0.02","8.191","4.12",2024-10-27 18:15:00,"PSY1N906",4
"27/10/2024","18:30:00","24.90","-0.148","2.621",-0.44,"1.00","-3.80","-0.01","8.201","4.12",2024-10-27 18:30:00,"PSY1N906",4
"27/10/2024","18:45:00","24.55","-0.117","2.564",-0.43,"1.00","-3.80","-0.01","8.215","4.12",2024-10-27 18:45:00,"PSY1N906",4
"27/10/2024","19:00:00","24.19","-0.053","2.581",-0.43,"1.00","-3.80","0.00","8.229","4.12",2024-10-27 19:00:00,"PSY1N906",4
"27/10/2024","19:15:00","23.89","-0.208","2.508",-0.44,"1.00","-3.80","-0.02","8.240","4.12",2024-10-27 19:15:00,"PSY1N906",4
"27/10/2024","19:30:00","23.60","-0.335","2.446",-0.45,"1.00","-3.80","-0.04","8.247","4.12",2024-10-27 19:30:00,"PSY1N906",4
"27/10/2024","19:45:00","23.35","-0.204","2.536",-0.46,"1.00","-3.80","-0.02","8.258","4.12",2024-10-27 19:45:00,"PSY1N906",4
"27/10/2024","20:00:00","23.09","-0.500","2.454",-0.48,"1.00","-3.80","-0.06","8.269","4.12",2024-10-27 20:00:00,"PSY1N906",4
"27/10/2024","20:15:00","22.90","-0.233","2.532",-0.47,"1.00","-3.80","-0.03","8.272","4.12",2024-10-27 20:15:00,"PSY1N906",4
"27/10/2024","20:30:00","22.66","-0.321","2.413",-0.45,"1.00","-3.80","-0.04","8.283","4.11",2024-10-27 20:30:00,"PSY1N906",4
"27/10/2024","20:45:00","22.67","-0.348","2.455",-0.47,"1.00","-3.80","-0.04","8.283","4.11",2024-10-27 20:45:00,"PSY1N906",4
"27/10/2024","21:00:00","22.66","-0.561","2.506",-0.51,"1.00","-3.80","-0.07","8.283","4.11",2024-10-27 21:00:00,"PSY1N906",4
"27/10/2024","21:15:00","22.60","-0.394","2.441",-0.47,"1.00","-3.80","-0.05","8.283","4.11",2024-10-27 21:15:00,"PSY1N906",4
"27/10/2024","21:30:00","22.55","-0.341","2.408",-0.46,"1.00","-3.80","-0.04","8.287","4.11",2024-10-27 21:30:00,"PSY1N906",4
"27/10/2024","21:45:00","22.45","-0.457","2.392",-0.47,"1.00","-3.80","-0.06","8.290","4.11",2024-10-27 21:45:00,"PSY1N906",4
"27/10/2024","22:00:00","22.40","-0.356","2.466",-0.48,"1.00","-3.80","-0.04","8.290","4.11",2024-10-27 22:00:00,"PSY1N906",4
"27/10/2024","22:15:00","22.30","-0.330","2.376",-0.45,"1.00","-3.80","-0.04","8.294","4.11",2024-10-27 22:15:00,"PSY1N906",4
"27/10/2024","22:30:00","22.29","-0.363","2.493",-0.49,"1.00","-3.80","-0.04","8.297","4.11",2024-10-27 22:30:00,"PSY1N906",4
"27/10/2024","22:45:00","22.20","-0.313","2.299",-0.43,"1.00","-3.80","-0.04","8.297","4.10",2024-10-27 22:45:00,"PSY1N906",4
"27/10/2024","23:00:00","22.15","-0.490","2.190",-0.42,"1.00","-3.80","-0.06","8.301","4.10",2024-10-27 23:00:00,"PSY1N906",4
"27/10/2024","23:15:00","22.50","-0.569","2.253",-0.44,"1.00","-3.80","-0.07","8.287","4.10",2024-10-27 23:15:00,"PSY1N906",4
"27/10/2024","23:30:00","22.75","-0.609","2.269",-0.45,"1.00","-3.80","-0.08","8.279","4.10",2024-10-27 23:30:00,"PSY1N906",4
"27/10/2024","23:45:00","22.92","-0.431","2.353",-0.45,"1.00","-3.80","-0.05","8.272","4.10",2024-10-27 23:45:00,"PSY1N906",4
"28/10/2024","00:00:00","22.49","0.212","2.096",-0.29,"1.00","-3.80","0.02","8.290","4.10",2024-10-28,"PSY1N906",4
"28/10/2024","00:15:00","21.94","0.046","1.678",-0.21,"1.00","-3.80","0.00","8.308","4.10",2024-10-28 00:15:00,"PSY1N906",4
"28/10/2024","00:30:00","21.46","0.065","1.406",-0.13,"1.00","-3.80","0.00","8.326","4.10",2024-10-28 00:30:00,"PSY1N906",4
"28/10/2024","00:45:00","21.06","0.130","1.219",-0.07,"1.00","-3.80","0.01","8.341","4.09",2024-10-28 00:45:00,"PSY1N906",4
"28/10/2024","01:00:00","20.76","0.045","1.157",-0.07,"1.00","-3.80","0.00","8.352","4.09",2024-10-28 01:00:00,"PSY1N906",4
"28/10/2024","01:15:00","20.41","0.139","1.059",-0.03,"1.00","-3.80","0.01","8.362","4.09",2024-10-28 01:15:00,"PSY1N906",4
"28/10/2024","01:30:00","20.15","-0.146","0.888",-0.02,"1.00","-3.80","-0.02","8.373","4.09",2024-10-28 01:30:00,"PSY1N906",4
"28/10/2024","01:45:00","20.05","-0.104","0.000",0,"1.00","-3.80","-0.01","8.377","4.09",2024-10-28 01:45:00,"PSY1N906",4
"28/10/2024","02:00:00","19.96","-0.077","0.000",0,"1.00","-3.80","-0.01","8.381","4.09",2024-10-28 02:00:00,"PSY1N906",4
"28/10/2024","02:15:00","19.88","-0.260","0.000",0,"1.00","-3.80","-0.03","8.384","4.09",2024-10-28 02:15:00,"PSY1N906",4
"28/10/2024","02:30:00","19.83","-0.153","0.000",0,"1.00","-3.80","-0.02","8.384","4.09",2024-10-28 02:30:00,"PSY1N906",4
"28/10/2024","02:45:00","19.81","-0.321","0.000",0,"1.00","-3.80","-0.04","8.384","4.09",2024-10-28 02:45:00,"PSY1N906",4
"28/10/2024","03:00:00","19.83","-0.250","0.000",0,"1.00","-3.80","-0.03","8.384","4.09",2024-10-28 03:00:00,"PSY1N906",4
"28/10/2024","03:15:00","19.83","-0.251","0.000",0,"1.00","-3.80","-0.03","8.384","4.08",2024-10-28 03:15:00,"PSY1N906",4
"28/10/2024","03:30:00","19.80","-0.191","0.000",0,"1.00","-3.80","-0.02","8.384","4.08",2024-10-28 03:30:00,"PSY1N906",4
"28/10/2024","03:45:00","19.69","-0.309","0.000",0,"1.00","-3.80","-0.04","8.392","4.08",2024-10-28 03:45:00,"PSY1N906",4
"28/10/2024","04:00:00","19.64","-0.229","0.000",0,"1.00","-3.80","-0.03","8.392","4.08",2024-10-28 04:00:00,"PSY1N906",4
"28/10/2024","04:15:00","19.59","-0.242","0.000",0,"1.00","-3.80","-0.03","8.395","4.08",2024-10-28 04:15:00,"PSY1N906",4
"28/10/2024","04:30:00","19.55","-0.256","0.000",0,"1.00","-3.80","-0.03","8.395","4.08",2024-10-28 04:30:00,"PSY1N906",4
"28/10/2024","04:45:00","19.48","-0.373","0.000",0,"1.00","-3.80","-0.05","8.399","4.08",2024-10-28 04:45:00,"PSY1N906",4
"28/10/2024","05:00:00","19.46","-0.408","0.000",0,"1.00","-3.80","-0.05","8.399","4.08",2024-10-28 05:00:00,"PSY1N906",4
"28/10/2024","05:15:00","19.45","-0.327","0.000",0,"1.00","-3.80","-0.04","8.399","4.08",2024-10-28 05:15:00,"PSY1N906",4
"28/10/2024","05:30:00","19.42","-0.508","0.000",0,"1.00","-3.80","-0.07","8.399","4.08",2024-10-28 05:30:00,"PSY1N906",4
"28/10/2024","05:45:00","19.40","-0.389","0.000",0,"1.00","-3.80","-0.05","8.399","4.07",2024-10-28 05:45:00,"PSY1N906",4
"28/10/2024","06:00:00","19.31","-0.309","0.000",0,"1.00","-3.80","-0.04","8.403","4.07",2024-10-28 06:00:00,"PSY1N906",4
"28/10/2024","06:15:00","19.17","-0.300","0.000",0,"1.00","-3.80","-0.04","8.410","4.07",2024-10-28 06:15:00,"PSY1N906",4
"28/10/2024","06:30:00","19.10","-0.411","0.000",0,"1.00","-3.80","-0.05","8.410","4.07",2024-10-28 06:30:00,"PSY1N906",4
"28/10/2024","06:45:00","19.05","-0.383","0.000",0,"1.00","-3.80","-0.05","8.414","4.07",2024-10-28 06:45:00,"PSY1N906",4
"28/10/2024","07:00:00","19.08","-0.396","0.000",0,"1.00","-3.80","-0.05","8.414","4.07",2024-10-28 07:00:00,"PSY1N906",4
"28/10/2024","07:15:00","18.98","-0.477","0.000",0,"1.00","-3.80","-0.06","8.417","4.07",2024-10-28 07:15:00,"PSY1N906",4
"28/10/2024","07:30:00","18.89","-0.397","0.000",0,"1.00","-3.80","-0.05","8.421","4.07",2024-10-28 07:30:00,"PSY1N906",4
"28/10/2024","07:45:00","18.86","-0.624","0.000",0,"1.00","-3.80","-0.08","8.421","4.07",2024-10-28 07:45:00,"PSY1N906",4
"28/10/2024","08:00:00","19.20","-1.140","0.000",0,"1.00","-3.80","-0.15","8.406","4.06",2024-10-28 08:00:00,"PSY1N906",4
"28/10/2024","08:15:00","19.90","-1.452","0.437",-0.06,"1.00","-3.80","-0.19","8.381","4.06",2024-10-28 08:15:00,"PSY1N906",4
"28/10/2024","08:30:00","20.41","-1.384","0.817",-0.17,"1.00","-3.80","-0.18","8.362","4.06",2024-10-28 08:30:00,"PSY1N906",4
"28/10/2024","08:45:00","20.86","-1.072","1.261",-0.25,"1.00","-3.80","-0.14","8.348","4.06",2024-10-28 08:45:00,"PSY1N906",4
"28/10/2024","09:00:00","21.25","-0.788","1.635",-0.32,"1.00","-3.80","-0.10","8.333","4.06",2024-10-28 09:00:00,"PSY1N906",4
"28/10/2024","09:15:00","21.58","-0.623","1.728",-0.32,"1.00","-3.80","-0.08","8.323","4.06",2024-10-28 09:15:00,"PSY1N906",4
"28/10/2024","09:30:00","21.72","0.023","2.018",-0.31,"1.00","-3.80","0.00","8.315","4.06",2024-10-28 09:30:00,"PSY1N906",4
"28/10/2024","09:45:00","21.64","-0.863","1.521",-0.29,"1.00","-3.80","-0.11","8.319","4.06",2024-10-28 09:45:00,"PSY1N906",4
"28/10/2024","10:00:00","22.18","-0.850","1.425",-0.25,"1.00","-3.80","-0.11","8.301","4.06",2024-10-28 10:00:00,"PSY1N906",4
"28/10/2024","10:15:00","22.56","-0.837","1.278",-0.21,"1.00","-3.80","-0.11","8.287","4.05",2024-10-28 10:15:00,"PSY1N906",4
"28/10/2024","10:30:00","22.87","-0.666","1.285",-0.18,"1.00","-3.80","-0.09","8.276","4.05",2024-10-28 10:30:00,"PSY1N906",4
"28/10/2024","10:45:00","23.13","-0.663","1.297",-0.18,"1.00","-3.80","-0.08","8.265","4.05",2024-10-28 10:45:00,"PSY1N906",4
"28/10/2024","11:00:00","23.47","-0.655","1.292",-0.18,"1.00","-3.80","-0.08","8.254","4.05",2024-10-28 11:00:00,"PSY1N906",4
"28/10/2024","11:15:00","23.95","-0.918","1.348",-0.22,"1.00","-3.80","-0.12","8.237","4.05",2024-10-28 11:15:00,"PSY1N906",4
"28/10/2024","11:30:00","24.68","-0.956","1.348",-0.22,"1.00","-3.80","-0.12","8.212","4.05",2024-10-28 11:30:00,"PSY1N906",4
"28/10/2024","11:45:00","25.48","-1.108","1.596",-0.3,"1.00","-3.80","-0.14","8.184","4.05",2024-10-28 11:45:00,"PSY1N906",4
"28/10/2024","12:00:00","26.44","-0.864","1.925",-0.34,"1.00","-3.80","-0.11","8.148","4.05",2024-10-28 12:00:00,"PSY1N906",4
"28/10/2024","12:15:00","26.66","-0.985","1.936",-0.35,"1.00","-3.80","-0.13","8.141","4.04",2024-10-28 12:15:00,"PSY1N906",4
"28/10/2024","12:30:00","26.74","-0.784","2.204",-0.39,"1.00","-3.80","-0.10","8.137","4.04",2024-10-28 12:30:00,"PSY1N906",4
"28/10/2024","12:45:00","26.70","-0.714","2.175",-0.37,"1.00","-3.80","-0.09","8.137","4.04",2024-10-28 12:45:00,"PSY1N906",4
"28/10/2024","13:00:00","26.69","-0.755","2.354",-0.43,"1.00","-3.80","-0.10","8.141","4.04",2024-10-28 13:00:00,"PSY1N906",4
"28/10/2024","13:15:00","26.89","-1.067","2.147",-0.41,"1.00","-3.80","-0.14","8.134","4.04",2024-10-28 13:15:00,"PSY1N906",4
"28/10/2024","13:30:00","26.91","-0.481","2.484",-0.42,"1.00","-3.80","-0.06","8.130","4.04",2024-10-28 13:30:00,"PSY1N906",4
"28/10/2024","13:45:00","26.82","-0.624","2.430",-0.42,"1.00","-3.80","-0.08","8.134","4.04",2024-10-28 13:45:00,"PSY1N906",4
"28/10/2024","14:00:00","26.80","-0.658","2.420",-0.43,"1.00","-3.80","-0.08","8.134","4.04",2024-10-28 14:00:00,"PSY1N906",4
"28/10/2024","14:15:00","26.60","-0.478","2.384",-0.4,"1.00","-3.80","-0.06","8.141","4.04",2024-10-28 14:15:00,"PSY1N906",4
"28/10/2024","14:30:00","26.59","-0.533","2.378",-0.4,"1.00","-3.80","-0.07","8.145","4.04",2024-10-28 14:30:00,"PSY1N906",4
"28/10/2024","14:45:00","26.40","-0.699","2.230",-0.39,"1.00","-3.80","-0.09","8.148","4.04",2024-10-28 14:45:00,"PSY1N906",4
"28/10/2024","15:00:00","26.30","0.791","2.918",-0.37,"1.00","-3.80","0.10","8.152","4.04",2024-10-28 15:00:00,"PSY1N906",4
"28/10/2024","15:15:00","25.38","-0.343","2.070",-0.32,"1.00","-3.80","-0.04","8.187","4.03",2024-10-28 15:15:00,"PSY1N906",4
"28/10/2024","15:30:00","25.00","-0.585","1.800",-0.28,"1.00","-3.80","-0.07","8.198","4.03",2024-10-28 15:30:00,"PSY1N906",4
"28/10/2024","15:45:00","24.87","-0.489","1.749",-0.26,"1.00","-3.80","-0.06","8.205","4.03",2024-10-28 15:45:00,"PSY1N906",4
"28/10/2024","16:00:00","24.60","-0.694","1.625",-0.26,"1.00","-3.80","-0.09","8.212","4.03",2024-10-28 16:00:00,"PSY1N906",4
"28/10/2024","16:15:00","24.53","-0.723","1.676",-0.28,"1.00","-3.80","-0.09","8.215","4.03",2024-10-28 16:15:00,"PSY1N906",4
"28/10/2024","16:30:00","24.60","-0.627","1.680",-0.26,"1.00","-3.80","-0.08","8.212","4.03",2024-10-28 16:30:00,"PSY1N906",4
"28/10/2024","16:45:00","24.33","-0.512","1.729",-0.26,"1.00","-3.80","-0.06","8.222","4.03",2024-10-28 16:45:00,"PSY1N906",4
"28/10/2024","17:00:00","23.19","0.638","2.137",-0.24,"1.00","-3.80","0.08","8.265","4.06",2024-10-28 17:00:00,"PSY1N906",4
"28/10/2024","17:15:00","23.38","-0.871","1.541",-0.27,"1.00","-3.80","-0.11","8.258","4.07",2024-10-28 17:15:00,"PSY1N906",4
"28/10/2024","17:30:00","23.61","-0.741","1.765",-0.31,"1.00","-3.80","-0.10","8.247","4.09",2024-10-28 17:30:00,"PSY1N906",4
"28/10/2024","17:45:00","23.93","0.265","2.027",-0.25,"1.00","-3.80","0.03","8.237","4.10",2024-10-28 17:45:00,"PSY1N906",4
"28/10/2024","18:00:00","23.70","-0.604","1.816",-0.31,"1.00","-3.80","-0.08","8.244","4.11",2024-10-28 18:00:00,"PSY1N906",4
"28/10/2024","18:15:00","23.75","0.165","2.137",-0.29,"1.00","-3.80","0.02","8.244","4.13",2024-10-28 18:15:00,"PSY1N906",4
"28/10/2024","18:30:00","23.53","-0.593","1.831",-0.31,"1.00","-3.80","-0.08","8.251","4.15",2024-10-28 18:30:00,"PSY1N906",4
"28/10/2024","18:45:00","23.62","-0.503","2.052",-0.36,"1.00","-3.80","-0.06","8.247","4.15",2024-10-28 18:45:00,"PSY1N906",4
"28/10/2024","19:00:00","23.50","-0.425","2.205",-0.39,"1.00","-3.80","-0.05","8.251","4.15",2024-10-28 19:00:00,"PSY1N906",4
"28/10/2024","19:15:00","23.31","-0.325","2.122",-0.36,"1.00","-3.80","-0.04","8.258","4.15",2024-10-28 19:15:00,"PSY1N906",4
"28/10/2024","19:30:00","23.16","-0.414","2.148",-0.38,"1.00","-3.80","-0.05","8.265","4.15",2024-10-28 19:30:00,"PSY1N906",4
"28/10/2024","19:45:00","23.00","-0.421","2.179",-0.4,"1.00","-3.80","-0.05","8.269","4.15",2024-10-28 19:45:00,"PSY1N906",4
"28/10/2024","20:00:00","22.93","-0.483","2.145",-0.4,"1.00","-3.80","-0.06","8.272","4.15",2024-10-28 20:00:00,"PSY1N906",4
"28/10/2024","20:15:00","22.82","-0.417","2.095",-0.37,"1.00","-3.80","-0.05","8.276","4.15",2024-10-28 20:15:00,"PSY1N906",4
"28/10/2024","20:30:00","22.72","-0.282","2.207",-0.39,"1.00","-3.80","-0.03","8.279","4.15",2024-10-28 20:30:00,"PSY1N906",4
"28/10/2024","20:45:00","22.61","-0.434","2.210",-0.41,"1.00","-3.80","-0.05","8.283","4.15",2024-10-28 20:45:00,"PSY1N906",4
"28/10/2024","21:00:00","22.55","-0.264","2.148",-0.37,"1.00","-3.80","-0.03","8.287","4.15",2024-10-28 21:00:00,"PSY1N906",4
"28/10/2024","21:15:00","22.52","-0.174","2.228",-0.38,"1.00","-3.80","-0.02","8.287","4.15",2024-10-28 21:15:00,"PSY1N906",4
"28/10/2024","21:30:00","22.35","-0.245","2.165",-0.38,"1.00","-3.80","-0.03","8.294","4.15",2024-10-28 21:30:00,"PSY1N906",4
"28/10/2024","21:45:00","22.37","-0.567","1.968",-0.37,"1.00","-3.80","-0.07","8.294","4.15",2024-10-28 21:45:00,"PSY1N906",4
"28/10/2024","22:00:00","22.77","-0.534","2.041",-0.38,"1.00","-3.80","-0.07","8.279","4.15",2024-10-28 22:00:00,"PSY1N906",4
"28/10/2024","22:15:00","22.92","-0.406","2.119",-0.38,"1.00","-3.80","-0.05","8.272","4.15",2024-10-28 22:15:00,"PSY1N906",4
"28/10/2024","22:30:00","22.90","-0.369","2.139",-0.38,"1.00","-3.80","-0.05","8.272","4.15",2024-10-28 22:30:00,"PSY1N906",4
"28/10/2024","22:45:00","22.91","-0.447","2.085",-0.37,"1.00","-3.80","-0.06","8.272","4.15",2024-10-28 22:45:00,"PSY1N906",4
"28/10/2024","23:00:00","22.76","-0.257","2.086",-0.35,"1.00","-3.80","-0.03","8.279","4.15",2024-10-28 23:00:00,"PSY1N906",4
"28/10/2024","23:15:00","22.71","-0.522","2.059",-0.38,"1.00","-3.80","-0.07","8.279","4.15",2024-10-28 23:15:00,"PSY1N906",4
"28/10/2024","23:30:00","22.85","-0.523","1.964",-0.35,"1.00","-3.80","-0.07","8.276","4.15",2024-10-28 23:30:00,"PSY1N906",4
"28/10/2024","23:45:00","23.01","-0.620","1.952",-0.36,"1.00","-3.80","-0.08","8.269","4.15",2024-10-28 23:45:00,"PSY1N906",4
"29/10/2024","00:00:00","22.55","0.154","1.725",-0.2,"1.00","-3.80","0.02","8.287","4.15",2024-10-29,"PSY1N906",4
"29/10/2024","00:15:00","22.05","0.078","1.319",-0.1,"1.00","-3.80","0.01","8.305","4.15",2024-10-29 00:15:00,"PSY1N906",4
"29/10/2024","00:30:00","21.64","0.029","1.109",-0.05,"1.00","-3.80","0.00","8.319","4.15",2024-10-29 00:30:00,"PSY1N906",4
"29/10/2024","00:45:00","21.30","0.017","0.970",-0.01,"1.00","-3.80","0.00","8.330","4.15",2024-10-29 00:45:00,"PSY1N906",4
"29/10/2024","01:00:00","20.85","0.017","0.919",0,"1.00","-3.80","0.00","8.348","4.15",2024-10-29 01:00:00,"PSY1N906",4
"29/10/2024","01:15:00","20.47","0.055","0.000",0,"1.00","-3.80","0.00","8.362","4.15",2024-10-29 01:15:00,"PSY1N906",4
"29/10/2024","01:30:00","20.21","-0.144","0.000",0,"1.00","-3.80","-0.01","8.370","4.15",2024-10-29 01:30:00,"PSY1N906",4
"29/10/2024","01:45:00","19.97","-0.242","0.000",0,"1.00","-3.80","-0.03","8.381","4.15",2024-10-29 01:45:00,"PSY1N906",4
"29/10/2024","02:00:00","19.75","-0.201","0.000",0,"1.00","-3.80","-0.02","8.388","4.15",2024-10-29 02:00:00,"PSY1N906",4
"29/10/2024","02:15:00","19.65","-0.300","0.000",0,"1.00","-3.80","-0.04","8.392","4.15",2024-10-29 02:15:00,"PSY1N906",4
"29/10/2024","02:30:00","19.56","-0.293","0.000",0,"1.00","-3.80","-0.04","8.395","4.15",2024-10-29 02:30:00,"PSY1N906",4
"29/10/2024","02:45:00","19.47","-0.408","0.000",0,"1.00","-3.80","-0.05","8.399","4.15",2024-10-29 02:45:00,"PSY1N906",4
"29/10/2024","03:00:00","19.42","-0.230","0.000",0,"1.00","-3.80","-0.03","8.399","4.15",2024-10-29 03:00:00,"PSY1N906",4
"29/10/2024","03:15:00","19.30","-0.274","0.000",0,"1.00","-3.80","-0.03","8.403","4.15",2024-10-29 03:15:00,"PSY1N906",4
"29/10/2024","03:30:00","19.25","-0.362","0.000",0,"1.00","-3.80","-0.04","8.406","4.15",2024-10-29 03:30:00,"PSY1N906",4
"29/10/2024","03:45:00","19.20","-0.357","0.000",0,"1.00","-3.80","-0.04","8.406","4.15",2024-10-29 03:45:00,"PSY1N906",4
"29/10/2024","04:00:00","19.12","-0.301","0.000",0,"1.00","-3.80","-0.04","8.410","4.15",2024-10-29 04:00:00,"PSY1N906",4
"29/10/2024","04:15:00","18.99","-0.393","0.000",0,"1.00","-3.80","-0.05","8.417","4.15",2024-10-29 04:15:00,"PSY1N906",4
"29/10/2024","04:30:00","18.89","-0.359","0.000",0,"1.00","-3.80","-0.04","8.421","4.15",2024-10-29 04:30:00,"PSY1N906",4
"29/10/2024","04:45:00","18.82","-0.320","0.000",0,"1.00","-3.80","-0.04","8.421","4.15",2024-10-29 04:45:00,"PSY1N906",4
"29/10/2024","05:00:00","18.74","-0.304","0.000",0,"1.00","-3.80","-0.04","8.425","4.15",2024-10-29 05:00:00,"PSY1N906",4
"29/10/2024","05:15:00","18.67","-0.316","0.000",0,"1.00","-3.80","-0.04","8.428","4.15",2024-10-29 05:15:00,"PSY1N906",4
"29/10/2024","05:30:00","18.55","-0.295","0.000",0,"1.00","-3.80","-0.04","8.432","4.15",2024-10-29 05:30:00,"PSY1N906",4
"29/10/2024","05:45:00","18.43","-0.397","0.000",0,"1.00","-3.80","-0.05","8.436","4.15",2024-10-29 05:45:00,"PSY1N906",4
"29/10/2024","06:00:00","18.37","-0.414","0.000",0,"1.00","-3.80","-0.05","8.439","4.15",2024-10-29 06:00:00,"PSY1N906",4
"29/10/2024","06:15:00","18.35","-0.334","0.000",0,"1.00","-3.80","-0.04","8.439","4.15",2024-10-29 06:15:00,"PSY1N906",4
"29/10/2024","06:30:00","18.34","-0.413","0.000",0,"1.00","-3.80","-0.05","8.439","4.15",2024-10-29 06:30:00,"PSY1N906",4
"29/10/2024","06:45:00","18.29","-0.358","0.000",0,"1.00","-3.80","-0.04","8.443","4.14",2024-10-29 06:45:00,"PSY1N906",4
"29/10/2024","07:00:00","18.27","-0.428","0.000",0,"1.00","-3.80","-0.05","8.443","4.15",2024-10-29 07:00:00,"PSY1N906",4
"29/10/2024","07:15:00","18.20","-0.422","0.000",0,"1.00","-3.80","-0.05","8.443","4.15",2024-10-29 07:15:00,"PSY1N906",4
"29/10/2024","07:30:00","18.05","-0.516","0.000",0,"1.00","-3.80","-0.07","8.451","4.15",2024-10-29 07:30:00,"PSY1N906",4
"29/10/2024","07:45:00","17.90","-0.461","0.000",0,"1.00","-3.80","-0.06","8.454","4.15",2024-10-29 07:45:00,"PSY1N906",4
"29/10/2024","08:00:00","18.21","-1.046","0.000",0,"1.00","-3.80","-0.14","8.443","4.15",2024-10-29 08:00:00,"PSY1N906",4
"29/10/2024","08:15:00","18.88","-1.306","0.000",0,"1.00","-3.80","-0.18","8.421","4.15",2024-10-29 08:15:00,"PSY1N906",4
"29/10/2024","08:30:00","19.48","-1.379","0.278",-0.01,"1.00","-3.80","-0.18","8.399","4.15",2024-10-29 08:30:00,"PSY1N906",4
"29/10/2024","08:45:00","19.92","-1.358","0.368",-0.03,"1.00","-3.80","-0.18","8.381","4.15",2024-10-29 08:45:00,"PSY1N906",4
"29/10/2024","09:00:00","20.27","-1.287","0.540",-0.07,"1.00","-3.80","-0.17","8.370","4.15",2024-10-29 09:00:00,"PSY1N906",4
"29/10/2024","09:15:00","20.58","-1.209","0.704",-0.11,"1.00","-3.80","-0.16","8.359","4.15",2024-10-29 09:15:00,"PSY1N906",4
"29/10/2024","09:30:00","20.86","-0.919","0.801",-0.1,"1.00","-3.80","-0.12","8.348","4.15",2024-10-29 09:30:00,"PSY1N906",4
"29/10/2024","09:45:00","21.31","-1.067","0.836",-0.12,"1.00","-3.80","-0.14","8.330","4.15",2024-10-29 09:45:00,"PSY1N906",4
"29/10/2024","10:00:00","22.17","-1.312","1.043",-0.21,"1.00","-3.80","-0.17","8.301","4.15",2024-10-29 10:00:00,"PSY1N906",4
"29/10/2024","10:15:00","22.82","-0.876","1.287",-0.21,"1.00","-3.80","-0.11","8.276","4.15",2024-10-29 10:15:00,"PSY1N906",4
"29/10/2024","10:30:00","22.87","-0.727","1.393",-0.22,"1.00","-3.80","-0.09","8.276","4.15",2024-10-29 10:30:00,"PSY1N906",4
"29/10/2024","10:45:00","22.80","-1.050","1.343",-0.25,"1.00","-3.80","-0.14","8.276","4.15",2024-10-29 10:45:00,"PSY1N906",4
"29/10/2024","11:00:00","22.95","-0.204","1.592",-0.2,"1.00","-3.80","-0.02","8.272","4.15",2024-10-29 11:00:00,"PSY1N906",4
"29/10/2024","11:15:00","23.08","-0.211","1.784",-0.26,"1.00","-3.80","-0.02","8.269","4.15",2024-10-29 11:15:00,"PSY1N906",4
"29/10/2024","11:30:00","23.31","-0.752","1.612",-0.28,"1.00","-3.80","-0.10","8.258","4.15",2024-10-29 11:30:00,"PSY1N906",4
"29/10/2024","11:45:00","23.60","-1.087","1.507",-0.29,"1.00","-3.80","-0.14","8.247","4.15",2024-10-29 11:45:00,"PSY1N906",4
"29/10/2024","12:00:00","23.84","-0.926","1.550",-0.28,"1.00","-3.80","-0.12","8.240","4.15",2024-10-29 12:00:00,"PSY1N906",4
"29/10/2024","12:15:00","23.97","-0.007","3.393",-0.65,"1.00","-3.80","0.00","8.237","4.15",2024-10-29 12:15:00,"PSY1N906",4
"29/10/2024","12:30:00","24.09","-0.651","1.988",-0.36,"1.00","-3.80","-0.08","8.233","4.15",2024-10-29 12:30:00,"PSY1N906",4
"29/10/2024","12:45:00","24.77","-0.975","1.900",-0.37,"1.00","-3.80","-0.13","8.208","4.15",2024-10-29 12:45:00,"PSY1N906",4
"29/10/2024","13:00:00","25.19","-0.801","2.126",-0.4,"1.00","-3.80","-0.10","8.194","4.15",2024-10-29 13:00:00,"PSY1N906",4
"29/10/2024","13:15:00","25.56","-0.683","2.251",-0.41,"1.00","-3.80","-0.09","8.180","4.15",2024-10-29 13:15:00,"PSY1N906",4
"29/10/2024","13:30:00","26.31","-0.896","2.877",-0.58,"1.00","-3.80","-0.11","8.152","4.15",2024-10-29 13:30:00,"PSY1N906",4
"29/10/2024","13:45:00","26.57","-0.716","2.683",-0.5,"1.00","-3.80","-0.09","8.145","4.15",2024-10-29 13:45:00,"PSY1N906",4
"29/10/2024","14:00:00","25.89","-0.763","2.372",-0.44,"1.00","-3.80","-0.10","8.168","4.15",2024-10-29 14:00:00,"PSY1N906",4
"29/10/2024","14:15:00","26.47","-0.559","2.514",-0.44,"1.00","-3.80","-0.07","8.148","4.15",2024-10-29 14:15:00,"PSY1N906",4
"29/10/2024","14:30:00","26.33","-0.716","2.500",-0.46,"1.00","-3.80","-0.09","8.152","4.15",2024-10-29 14:30:00,"PSY1N906",4
"29/10/2024","14:45:00","26.28","-0.327","2.497",-0.41,"1.00","-3.80","-0.04","8.154","4.15",2024-10-29 14:45:00,"PSY1N906",4
"29/10/2024","15:00:00","26.17","-0.669","2.490",-0.46,"1.00","-3.80","-0.08","8.159","4.15",2024-10-29 15:00:00,"PSY1N906",4
"29/10/2024","15:15:00","25.60","0.360","2.867",-0.43,"1.00","-3.80","0.04","8.175","4.15",2024-10-29 15:15:00,"PSY1N906",4
"29/10/2024","15:30:00","25.09","-0.788","2.097",-0.39,"1.00","-3.80","-0.10","8.198","4.15",2024-10-29 15:30:00,"PSY1N906",4
"29/10/2024","15:45:00","25.18","-0.920","2.000",-0.38,"1.00","-3.80","-0.12","8.194","4.15",2024-10-29 15:45:00,"PSY1N906",4
"29/10/2024","16:00:00","24.83","-1.010","1.860",-0.36,"1.00","-3.80","-0.13","8.205","4.15",2024-10-29 16:00:00,"PSY1N906",4
"29/10/2024","16:15:00","25.36","-0.748","2.246",-0.42,"1.00","-3.80","-0.10","8.187","4.15",2024-10-29 16:15:00,"PSY1N906",4
"29/10/2024","16:30:00","25.60","-0.525","2.061",-0.34,"1.00","-3.80","-0.07","8.175","4.15",2024-10-29 16:30:00,"PSY1N906",4
"29/10/2024","16:45:00","24.95","1.366","3.563",-0.49,"1.00","-3.80","0.18","8.201","4.15",2024-10-29 16:45:00,"PSY1N906",4
"29/10/2024","17:00:00","24.74","0.547","2.342",-0.28,"1.00","-3.80","0.07","8.208","4.15",2024-10-29 17:00:00,"PSY1N906",4
"29/10/2024","17:15:00","24.49","0.328","2.189",-0.27,"1.00","-3.80","0.04","8.219","4.15",2024-10-29 17:15:00,"PSY1N906",4
"29/10/2024","17:30:00","24.49","0.422","2.155",-0.25,"1.00","-3.80","0.05","8.219","4.15",2024-10-29 17:30:00,"PSY1N906",4
"29/10/2024","17:45:00","24.34","-0.597","1.731",-0.28,"1.00","-3.80","-0.08","8.222","4.15",2024-10-29 17:45:00,"PSY1N906",4
"29/10/2024","18:00:00","23.95","-0.605","1.756",-0.29,"1.00","-3.80","-0.08","8.237","4.15",2024-10-29 18:00:00,"PSY1N906",4
"29/10/2024","18:15:00","23.74","-0.519","1.803",-0.29,"1.00","-3.80","-0.07","8.244","4.15",2024-10-29 18:15:00,"PSY1N906",4
"29/10/2024","18:30:00","23.91","-0.349","1.899",-0.29,"1.00","-3.80","-0.04","8.237","4.15",2024-10-29 18:30:00,"PSY1N906",4
"29/10/2024","18:45:00","23.49","-0.428","1.910",-0.31,"1.00","-3.80","-0.05","8.254","4.15",2024-10-29 18:45:00,"PSY1N906",4
"29/10/2024","19:00:00","23.51","-0.415","1.973",-0.33,"1.00","-3.80","-0.05","8.251","4.14",2024-10-29 19:00:00,"PSY1N906",4
"29/10/2024","19:15:00","23.34","-0.189","2.230",-0.37,"1.00","-3.80","-0.02","8.258","4.14",2024-10-29 19:15:00,"PSY1N906",4
"29/10/2024","19:30:00","23.53","-0.465","1.920",-0.32,"1.00","-3.80","-0.06","8.251","4.14",2024-10-29 19:30:00,"PSY1N906",4
"29/10/2024","19:45:00","23.55","-0.427","2.010",-0.34,"1.00","-3.80","-0.05","8.251","4.13",2024-10-29 19:45:00,"PSY1N906",4
"29/10/2024","20:00:00","23.52","-0.573","1.930",-0.34,"1.00","-3.80","-0.07","8.251","4.13",2024-10-29 20:00:00,"PSY1N906",4
"29/10/2024","20:15:00","23.84","-0.467","2.091",-0.36,"1.00","-3.80","-0.06","8.240","4.13",2024-10-29 20:15:00,"PSY1N906",4
"29/10/2024","20:30:00","23.95","-0.380","2.200",-0.38,"1.00","-3.80","-0.05","8.237","4.13",2024-10-29 20:30:00,"PSY1N906",4
"29/10/2024","20:45:00","23.92","-0.263","2.277",-0.38,"1.00","-3.80","-0.03","8.237","4.13",2024-10-29 20:45:00,"PSY1N906",4
"29/10/2024","21:00:00","23.90","-0.579","2.085",-0.38,"1.00","-3.80","-0.07","8.237","4.13",2024-10-29 21:00:00,"PSY1N906",4
"29/10/2024","21:15:00","24.06","-0.514","2.162",-0.39,"1.00","-3.80","-0.06","8.233","4.13",2024-10-29 21:15:00,"PSY1N906",4
"29/10/2024","21:30:00","24.15","-0.531","2.165",-0.39,"1.00","-3.80","-0.07","8.229","4.13",2024-10-29 21:30:00,"PSY1N906",4
"29/10/2024","21:45:00","24.13","-0.492","2.139",-0.37,"1.00","-3.80","-0.06","8.229","4.12",2024-10-29 21:45:00,"PSY1N906",4
"29/10/2024","22:00:00","24.09","-0.353","2.114",-0.35,"1.00","-3.80","-0.04","8.233","4.12",2024-10-29 22:00:00,"PSY1N906",4
"29/10/2024","22:15:00","24.01","-0.462","2.132",-0.37,"1.00","-3.80","-0.06","8.233","4.12",2024-10-29 22:15:00,"PSY1N906",4
"29/10/2024","22:30:00","24.01","-0.532","2.109",-0.37,"1.00","-3.80","-0.07","8.233","4.12",2024-10-29 22:30:00,"PSY1N906",4
"29/10/2024","22:45:00","23.94","-0.293","2.070",-0.33,"1.00","-3.80","-0.03","8.237","4.12",2024-10-29 22:45:00,"PSY1N906",4
"29/10/2024","23:00:00","23.86","-0.421","2.022",-0.34,"1.00","-3.80","-0.05","8.240","4.12",2024-10-29 23:00:00,"PSY1N906",4
"29/10/2024","23:15:00","23.84","-0.344","1.968",-0.31,"1.00","-3.80","-0.04","8.240","4.12",2024-10-29 23:15:00,"PSY1N906",4
"29/10/2024","23:30:00","23.90","-0.529","2.016",-0.35,"1.00","-3.80","-0.07","8.237","4.12",2024-10-29 23:30:00,"PSY1N906",4
"29/10/2024","23:45:00","23.94","-0.437","1.973",-0.33,"1.00","-3.80","-0.05","8.237","4.11",2024-10-29 23:45:00,"PSY1N906",4
"30/10/2024","00:00:00","23.37","0.130","1.788",-0.21,"1.00","-3.80","0.01","8.258","4.11",2024-10-30,"PSY1N906",4
"30/10/2024","00:15:00","22.77","0.096","1.356",-0.1,"1.00","-3.80","0.01","8.279","4.11",2024-10-30 00:15:00,"PSY1N906",4
"30/10/2024","00:30:00","22.28","0.184","1.171",-0.04,"1.00","-3.80","0.02","8.297","4.11",2024-10-30 00:30:00,"PSY1N906",4
"30/10/2024","00:45:00","21.80","-0.097","1.067",-0.05,"1.00","-3.80","-0.01","8.312","4.11",2024-10-30 00:45:00,"PSY1N906",4
"30/10/2024","01:00:00","21.46","-0.014","0.975",-0.02,"1.00","-3.80","0.00","8.326","4.11",2024-10-30 01:00:00,"PSY1N906",4
"30/10/2024","01:15:00","21.14","-0.073","0.865",0,"1.00","-3.80","-0.01","8.337","4.11",2024-10-30 01:15:00,"PSY1N906",4
"30/10/2024","01:30:00","20.92","-0.028","0.000",0,"1.00","-3.80","0.00","8.344","4.11",2024-10-30 01:30:00,"PSY1N906",4
"30/10/2024","01:45:00","20.61","0.048","0.000",0,"1.00","-3.80","0.00","8.355","4.11",2024-10-30 01:45:00,"PSY1N906",4
"30/10/2024","02:00:00","20.26","-0.111","0.000",0,"1.00","-3.80","-0.01","8.370","4.11",2024-10-30 02:00:00,"PSY1N906",4
"30/10/2024","02:15:00","19.96","-0.128","0.000",0,"1.00","-3.80","-0.01","8.381","4.10",2024-10-30 02:15:00,"PSY1N906",4
"30/10/2024","02:30:00","19.95","-0.131","0.000",0,"1.00","-3.80","-0.01","8.381","4.10",2024-10-30 02:30:00,"PSY1N906",4
"30/10/2024","02:45:00","19.88","-0.242","0.000",0,"1.00","-3.80","-0.03","8.384","4.10",2024-10-30 02:45:00,"PSY1N906",4
"30/10/2024","03:00:00","19.75","-0.183","0.000",0,"1.00","-3.80","-0.02","8.388","4.10",2024-10-30 03:00:00,"PSY1N906",4
"30/10/2024","03:15:00","19.65","-0.182","0.000",0,"1.00","-3.80","-0.02","8.392","4.10",2024-10-30 03:15:00,"PSY1N906",4
"30/10/2024","03:30:00","19.57","-0.166","0.000",0,"1.00","-3.80","-0.02","8.395","4.10",2024-10-30 03:30:00,"PSY1N906",4
"30/10/2024","03:45:00","19.47","-0.342","0.000",0,"1.00","-3.80","-0.04","8.399","4.10",2024-10-30 03:45:00,"PSY1N906",4
"30/10/2024","04:00:00","19.39","-0.275","0.000",0,"1.00","-3.80","-0.03","8.403","4.10",2024-10-30 04:00:00,"PSY1N906",4
"30/10/2024","04:15:00","19.25","-0.330","0.000",0,"1.00","-3.80","-0.04","8.406","4.09",2024-10-30 04:15:00,"PSY1N906",4
"30/10/2024","04:30:00","19.21","-0.372","0.000",0,"1.00","-3.80","-0.05","8.406","4.09",2024-10-30 04:30:00,"PSY1N906",4
"30/10/2024","04:45:00","19.20","-0.415","0.000",0,"1.00","-3.80","-0.05","8.406","4.09",2024-10-30 04:45:00,"PSY1N906",4
"30/10/2024","05:00:00","19.17","-0.293","0.000",0,"1.00","-3.80","-0.04","8.410","4.09",2024-10-30 05:00:00,"PSY1N906",4
"30/10/2024","05:15:00","19.17","-0.309","0.000",0,"1.00","-3.80","-0.04","8.410","4.09",2024-10-30 05:15:00,"PSY1N906",4
"30/10/2024","05:30:00","19.14","-0.381","0.000",0,"1.00","-3.80","-0.05","8.410","4.09",2024-10-30 05:30:00,"PSY1N906",4
"30/10/2024","05:45:00","19.15","-0.339","0.000",0,"1.00","-3.80","-0.04","8.410","4.09",2024-10-30 05:45:00,"PSY1N906",4
"30/10/2024","06:00:00","19.14","-0.361","0.000",0,"1.00","-3.80","-0.04","8.410","4.09",2024-10-30 06:00:00,"PSY1N906",4
"30/10/2024","06:15:00","19.11","-0.445","0.000",0,"1.00","-3.80","-0.06","8.410","4.09",2024-10-30 06:15:00,"PSY1N906",4
"30/10/2024","06:30:00","19.11","-0.393","0.000",0,"1.00","-3.80","-0.05","8.410","4.09",2024-10-30 06:30:00,"PSY1N906",4
"30/10/2024","06:45:00","19.09","-0.410","0.000",0,"1.00","-3.80","-0.05","8.414","4.08",2024-10-30 06:45:00,"PSY1N906",4
"30/10/2024","07:00:00","19.07","-0.400","0.000",0,"1.00","-3.80","-0.05","8.414","4.08",2024-10-30 07:00:00,"PSY1N906",4
"30/10/2024","07:15:00","19.11","-0.342","0.000",0,"1.00","-3.80","-0.04","8.410","4.08",2024-10-30 07:15:00,"PSY1N906",4
"30/10/2024","07:30:00","19.12","-0.465","0.000",0,"1.00","-3.80","-0.06","8.410","4.08",2024-10-30 07:30:00,"PSY1N906",4
"30/10/2024","07:45:00","18.99","-0.479","0.000",0,"1.00","-3.80","-0.06","8.417","4.08",2024-10-30 07:45:00,"PSY1N906",4
"30/10/2024","08:00:00","19.28","-1.163","0.000",0,"1.00","-3.80","-0.16","8.406","4.08",2024-10-30 08:00:00,"PSY1N906",4
"30/10/2024","08:15:00","19.97","-1.247","0.000",0,"1.00","-3.80","-0.17","8.381","4.08",2024-10-30 08:15:00,"PSY1N906",4
"30/10/2024","08:30:00","20.53","-1.331","0.276",0,"1.00","-3.80","-0.18","8.359","4.08",2024-10-30 08:30:00,"PSY1N906",4
"30/10/2024","08:45:00","20.91","-1.400","0.365",-0.03,"1.00","-3.80","-0.19","8.344","4.08",2024-10-30 08:45:00,"PSY1N906",4
"30/10/2024","09:00:00","21.30","-1.388","0.468",-0.06,"1.00","-3.80","-0.18","8.330","4.07",2024-10-30 09:00:00,"PSY1N906",4
"30/10/2024","09:15:00","21.61","-1.268","0.600",-0.08,"1.00","-3.80","-0.17","8.319","4.07",2024-10-30 09:15:00,"PSY1N906",4
"30/10/2024","09:30:00","21.77","-1.056","0.754",-0.09,"1.00","-3.80","-0.14","8.315","4.07",2024-10-30 09:30:00,"PSY1N906",4
"30/10/2024","09:45:00","22.00","-0.979","0.952",-0.14,"1.00","-3.80","-0.13","8.305","4.07",2024-10-30 09:45:00,"PSY1N906",4
"30/10/2024","10:00:00","22.20","-0.913","1.153",-0.18,"1.00","-3.80","-0.12","8.297","4.07",2024-10-30 10:00:00,"PSY1N906",4
"30/10/2024","10:15:00","22.35","-0.797","1.141",-0.16,"1.00","-3.80","-0.10","8.294","4.07",2024-10-30 10:15:00,"PSY1N906",4
"30/10/2024","10:30:00","22.66","-0.770","1.189",-0.17,"1.00","-3.80","-0.10","8.283","4.07",2024-10-30 10:30:00,"PSY1N906",4
"30/10/2024","10:45:00","22.76","-0.799","1.310",-0.21,"1.00","-3.80","-0.10","8.279","4.07",2024-10-30 10:45:00,"PSY1N906",4
"30/10/2024","11:00:00","23.04","-0.847","1.314",-0.21,"1.00","-3.80","-0.11","8.269","4.07",2024-10-30 11:00:00,"PSY1N906",4
"30/10/2024","11:15:00","23.26","-0.798","1.335",-0.21,"1.00","-3.80","-0.10","8.262","4.06",2024-10-30 11:15:00,"PSY1N906",4
"30/10/2024","11:30:00","23.57","-0.747","1.372",-0.21,"1.00","-3.80","-0.10","8.251","4.06",2024-10-30 11:30:00,"PSY1N906",4
"30/10/2024","11:45:00","23.85","-0.681","1.386",-0.2,"1.00","-3.80","-0.09","8.240","4.06",2024-10-30 11:45:00,"PSY1N906",4
"30/10/2024","12:00:00","23.92","-0.470","1.584",-0.22,"1.00","-3.80","-0.06","8.237","4.06",2024-10-30 12:00:00,"PSY1N906",4
"30/10/2024","12:15:00","23.90","-0.753","1.495",-0.24,"1.00","-3.80","-0.10","8.237","4.06",2024-10-30 12:15:00,"PSY1N906",4
"30/10/2024","12:30:00","24.18","-0.840","1.479",-0.24,"1.00","-3.80","-0.11","8.229","4.06",2024-10-30 12:30:00,"PSY1N906",4
"30/10/2024","12:45:00","24.46","-0.597","1.550",-0.23,"1.00","-3.80","-0.08","8.219","4.06",2024-10-30 12:45:00,"PSY1N906",4
"30/10/2024","13:00:00","24.68","-0.955","1.467",-0.25,"1.00","-3.80","-0.12","8.212","4.06",2024-10-30 13:00:00,"PSY1N906",4
"30/10/2024","13:15:00","24.80","-0.762","1.681",-0.28,"1.00","-3.80","-0.10","8.205","4.06",2024-10-30 13:15:00,"PSY1N906",4
"30/10/2024","13:30:00","24.98","-0.818","1.793",-0.31,"1.00","-3.80","-0.11","8.201","4.06",2024-10-30 13:30:00,"PSY1N906",4
"30/10/2024","13:45:00","25.34","0.673","2.236",-0.22,"1.00","-3.80","0.09","8.187","4.05",2024-10-30 13:45:00,"PSY1N906",4
"30/10/2024","14:00:00","25.60","-0.682","1.966",-0.33,"1.00","-3.80","-0.09","8.175","4.05",2024-10-30 14:00:00,"PSY1N906",4
"30/10/2024","14:15:00","25.54","-0.806","1.842",-0.32,"1.00","-3.80","-0.10","8.180","4.05",2024-10-30 14:15:00,"PSY1N906",4
"30/10/2024","14:30:00","25.43","-0.148","2.181",-0.32,"1.00","-3.80","-0.01","8.184","4.05",2024-10-30 14:30:00,"PSY1N906",4
"30/10/2024","14:45:00","25.70","-0.735","2.218",-0.4,"1.00","-3.80","-0.09","8.173","4.05",2024-10-30 14:45:00,"PSY1N906",4
"30/10/2024","15:00:00","25.63","-0.600","2.176",-0.38,"1.00","-3.80","-0.08","8.175","4.05",2024-10-30 15:00:00,"PSY1N906",4
"30/10/2024","15:15:00","25.71","-0.649","2.202",-0.39,"1.00","-3.80","-0.08","8.173","4.05",2024-10-30 15:15:00,"PSY1N906",4
"30/10/2024","15:30:00","25.86","-0.640","2.434",-0.44,"1.00","-3.80","-0.08","8.168","4.05",2024-10-30 15:30:00,"PSY1N906",4
"30/10/2024","15:45:00","25.94","-0.318","2.582",-0.44,"1.00","-3.80","-0.04","8.166","4.04",2024-10-30 15:45:00,"PSY1N906",4
"30/10/2024","16:00:00","25.91","-0.546","2.403",-0.42,"1.00","-3.80","-0.07","8.166","4.04",2024-10-30 16:00:00,"PSY1N906",4
"30/10/2024","16:15:00","25.64","1.118","2.843",-0.32,"1.00","-3.80","0.14","8.175","4.04",2024-10-30 16:15:00,"PSY1N906",4
"30/10/2024","16:30:00","25.34","-0.577","2.072",-0.35,"1.00","-3.80","-0.07","8.187","4.04",2024-10-30 16:30:00,"PSY1N906",4
"30/10/2024","16:45:00","25.11","-0.628","2.177",-0.39,"1.00","-3.80","-0.08","8.194","4.04",2024-10-30 16:45:00,"PSY1N906",4
"30/10/2024","17:00:00","24.93","-0.411","2.071",-0.33,"1.00","-3.80","-0.05","8.201","4.04",2024-10-30 17:00:00,"PSY1N906",4
"30/10/2024","17:15:00","24.60","-0.593","1.950",-0.33,"1.00","-3.80","-0.07","8.212","4.04",2024-10-30 17:15:00,"PSY1N906",4
"30/10/2024","17:30:00","24.10","-0.947","1.477",-0.26,"1.00","-3.80","-0.12","8.229","4.09",2024-10-30 17:30:00,"PSY1N906",4
"30/10/2024","17:45:00","24.81","-0.932","1.597",-0.28,"1.00","-3.80","-0.12","8.205","4.12",2024-10-30 17:45:00,"PSY1N906",4
"30/10/2024","18:00:00","25.15","-0.799","1.684",-0.28,"1.00","-3.80","-0.10","8.194","4.15",2024-10-30 18:00:00,"PSY1N906",4
"30/10/2024","18:15:00","24.85","-0.693","1.630",-0.26,"1.00","-3.80","-0.09","8.205","4.15",2024-10-30 18:15:00,"PSY1N906",4
"30/10/2024","18:30:00","25.09","-0.521","1.745",-0.26,"1.00","-3.80","-0.07","8.198","4.15",2024-10-30 18:30:00,"PSY1N906",4
"30/10/2024","18:45:00","24.59","-0.429","1.883",-0.29,"1.00","-3.80","-0.05","8.215","4.15",2024-10-30 18:45:00,"PSY1N906",4
"30/10/2024","19:00:00","24.57","-0.516","2.032",-0.34,"1.00","-3.80","-0.06","8.215","4.15",2024-10-30 19:00:00,"PSY1N906",4
"30/10/2024","19:15:00","24.12","-0.560","1.917",-0.32,"1.00","-3.80","-0.07","8.229","4.15",2024-10-30 19:15:00,"PSY1N906",4
"30/10/2024","19:30:00","24.24","-0.476","2.057",-0.35,"1.00","-3.80","-0.06","8.226","4.15",2024-10-30 19:30:00,"PSY1N906",4
"30/10/2024","19:45:00","24.12","-0.385","2.141",-0.36,"1.00","-3.80","-0.05","8.229","4.15",2024-10-30 19:45:00,"PSY1N906",4
"30/10/2024","20:00:00","24.18","-0.624","1.994",-0.35,"1.00","-3.80","-0.08","8.229","4.15",2024-10-30 20:00:00,"PSY1N906",4
"30/10/2024","20:15:00","24.37","-0.435","2.079",-0.35,"1.00","-3.80","-0.05","8.222","4.15",2024-10-30 20:15:00,"PSY1N906",4
"30/10/2024","20:30:00","24.29","-0.310","2.238",-0.37,"1.00","-3.80","-0.04","8.226","4.15",2024-10-30 20:30:00,"PSY1N906",4
"30/10/2024","20:45:00","24.24","-0.362","2.174",-0.36,"1.00","-3.80","-0.04","8.226","4.15",2024-10-30 20:45:00,"PSY1N906",4
"30/10/2024","21:00:00","24.19","-0.432","2.065",-0.35,"1.00","-3.80","-0.05","8.229","4.15",2024-10-30 21:00:00,"PSY1N906",4
"30/10/2024","21:15:00","24.22","-0.293","2.193",-0.36,"1.00","-3.80","-0.03","8.226","4.15",2024-10-30 21:15:00,"PSY1N906",4
"30/10/2024","21:30:00","24.20","-0.358","2.141",-0.36,"1.00","-3.80","-0.04","8.226","4.15",2024-10-30 21:30:00,"PSY1N906",4
"30/10/2024","21:45:00","24.00","-0.228","2.051",-0.32,"1.00","-3.80","-0.03","8.233","4.15",2024-10-30 21:45:00,"PSY1N906",4
"30/10/2024","22:00:00","23.83","-0.445","2.178",-0.38,"1.00","-3.80","-0.06","8.240","4.15",2024-10-30 22:00:00,"PSY1N906",4
"30/10/2024","22:15:00","23.72","-0.445","1.942",-0.32,"1.00","-3.80","-0.06","8.244","4.15",2024-10-30 22:15:00,"PSY1N906",4
"30/10/2024","22:30:00","23.72","-0.530","1.976",-0.34,"1.00","-3.80","-0.07","8.244","4.15",2024-10-30 22:30:00,"PSY1N906",4
"30/10/2024","22:45:00","23.67","-0.306","2.068",-0.34,"1.00","-3.80","-0.04","8.247","4.15",2024-10-30 22:45:00,"PSY1N906",4
"30/10/2024","23:00:00","23.51","-0.404","1.865",-0.3,"1.00","-3.80","-0.05","8.251","4.15",2024-10-30 23:00:00,"PSY1N906",4
"30/10/2024","23:15:00","23.53","-0.401","1.820",-0.28,"1.00","-3.80","-0.05","8.251","4.15",2024-10-30 23:15:00,"PSY1N906",4
"30/10/2024","23:30:00","23.58","-0.479","1.795",-0.29,"1.00","-3.80","-0.06","8.251","4.15",2024-10-30 23:30:00,"PSY1N906",4
"30/10/2024","23:45:00","23.55","-0.607","1.767",-0.3,"1.00","-3.80","-0.08","8.251","4.15",2024-10-30 23:45:00,"PSY1N906",4
"31/10/2024","00:00:00","23.10","0.228","1.621",-0.15,"1.00","-3.80","0.03","8.265","4.15",2024-10-31,"PSY1N906",4
"31/10/2024","00:15:00","22.60","0.132","1.228",-0.06,"1.00","-3.80","0.01","8.283","4.15",2024-10-31 00:15:00,"PSY1N906",4
"31/10/2024","00:30:00","22.18","0.064","1.049",-0.02,"1.00","-3.80","0.00","8.301","4.15",2024-10-31 00:30:00,"PSY1N906",4
"31/10/2024","00:45:00","21.78","-0.098","0.933",-0.01,"1.00","-3.80","-0.01","8.315","4.15",2024-10-31 00:45:00,"PSY1N906",4
"31/10/2024","01:00:00","21.35","0.057","0.000",0,"1.00","-3.80","0.00","8.330","4.15",2024-10-31 01:00:00,"PSY1N906",4
"31/10/2024","01:15:00","20.85","-0.011","0.000",0,"1.00","-3.80","0.00","8.348","4.15",2024-10-31 01:15:00,"PSY1N906",4
"31/10/2024","01:30:00","20.43","0.001","0.000",0,"1.00","-3.80","0.00","8.362","4.15",2024-10-31 01:30:00,"PSY1N906",4
"31/10/2024","01:45:00","20.14","-0.141","0.000",0,"1.00","-3.80","-0.01","8.373","4.15",2024-10-31 01:45:00,"PSY1N906",4
"31/10/2024","02:00:00","19.91","-0.100","0.000",0,"1.00","-3.80","-0.01","8.381","4.15",2024-10-31 02:00:00,"PSY1N906",4
"31/10/2024","02:15:00","19.70","-0.286","0.000",0,"1.00","-3.80","-0.03","8.388","4.15",2024-10-31 02:15:00,"PSY1N906",4
"31/10/2024","02:30:00","19.56","-0.272","0.000",0,"1.00","-3.80","-0.03","8.395","4.15",2024-10-31 02:30:00,"PSY1N906",4
"31/10/2024","02:45:00","19.52","-0.211","0.000",0,"1.00","-3.80","-0.02","8.395","4.15",2024-10-31 02:45:00,"PSY1N906",4
"31/10/2024","03:00:00","19.52","-0.297","0.000",0,"1.00","-3.80","-0.04","8.395","4.15",2024-10-31 03:00:00,"PSY1N906",4
"31/10/2024","03:15:00","19.51","-0.146","0.000",0,"1.00","-3.80","-0.02","8.395","4.15",2024-10-31 03:15:00,"PSY1N906",4
"31/10/2024","03:30:00","19.38","-0.299","0.000",0,"1.00","-3.80","-0.04","8.403","4.15",2024-10-31 03:30:00,"PSY1N906",4
"31/10/2024","03:45:00","19.24","-0.295","0.000",0,"1.00","-3.80","-0.04","8.406","4.15",2024-10-31 03:45:00,"PSY1N906",4
"31/10/2024","04:00:00","19.26","-0.372","0.000",0,"1.00","-3.80","-0.05","8.406","4.15",2024-10-31 04:00:00,"PSY1N906",4
"31/10/2024","04:15:00","19.27","-0.290","0.000",0,"1.00","-3.80","-0.04","8.406","4.15",2024-10-31 04:15:00,"PSY1N906",4
"31/10/2024","04:30:00","19.24","-0.385","0.000",0,"1.00","-3.80","-0.05","8.406","4.15",2024-10-31 04:30:00,"PSY1N906",4
"31/10/2024","04:45:00","19.14","-0.176","0.000",0,"1.00","-3.80","-0.02","8.410","4.15",2024-10-31 04:45:00,"PSY1N906",4
"31/10/2024","05:00:00","19.03","-0.430","0.000",0,"1.00","-3.80","-0.05","8.414","4.15",2024-10-31 05:00:00,"PSY1N906",4
"31/10/2024","05:15:00","19.03","-0.449","0.000",0,"1.00","-3.80","-0.06","8.414","4.15",2024-10-31 05:15:00,"PSY1N906",4
"31/10/2024","05:30:00","18.91","-0.423","0.000",0,"1.00","-3.80","-0.05","8.417","4.15",2024-10-31 05:30:00,"PSY1N906",4
"31/10/2024","05:45:00","18.94","-0.336","0.000",0,"1.00","-3.80","-0.04","8.417","4.15",2024-10-31 05:45:00,"PSY1N906",4
"31/10/2024","06:00:00","18.95","-0.444","0.000",0,"1.00","-3.80","-0.06","8.417","4.15",2024-10-31 06:00:00,"PSY1N906",4
"31/10/2024","06:15:00","18.93","-0.428","0.000",0,"1.00","-3.80","-0.05","8.417","4.15",2024-10-31 06:15:00,"PSY1N906",4
"31/10/2024","06:30:00","18.93","-0.265","0.000",0,"1.00","-3.80","-0.03","8.417","4.15",2024-10-31 06:30:00,"PSY1N906",4
"31/10/2024","06:45:00","18.91","-0.414","0.000",0,"1.00","-3.80","-0.05","8.417","4.15",2024-10-31 06:45:00,"PSY1N906",4
"31/10/2024","07:00:00","18.88","-0.418","0.000",0,"1.00","-3.80","-0.05","8.421","4.15",2024-10-31 07:00:00,"PSY1N906",4
"31/10/2024","07:15:00","18.89","-0.423","0.000",0,"1.00","-3.80","-0.05","8.421","4.15",2024-10-31 07:15:00,"PSY1N906",4
"31/10/2024","07:30:00","18.84","-0.442","0.000",0,"1.00","-3.80","-0.06","8.421","4.15",2024-10-31 07:30:00,"PSY1N906",4
"31/10/2024","07:45:00","18.74","-0.399","0.000",0,"1.00","-3.80","-0.05","8.425","4.15",2024-10-31 07:45:00,"PSY1N906",4
"31/10/2024","08:00:00","19.10","-1.319","0.000",0,"1.00","-3.80","-0.18","8.410","4.15",2024-10-31 08:00:00,"PSY1N906",4
"31/10/2024","08:15:00","19.87","-1.525","0.000",0,"1.00","-3.80","-0.20","8.384","4.15",2024-10-31 08:15:00,"PSY1N906",4
"31/10/2024","08:30:00","20.38","-1.492","0.262",-0.02,"1.00","-3.80","-0.20","8.366","4.15",2024-10-31 08:30:00,"PSY1N906",4
"31/10/2024","08:45:00","20.68","-1.305","0.329",-0.01,"1.00","-3.80","-0.17","8.355","4.15",2024-10-31 08:45:00,"PSY1N906",4
"31/10/2024","09:00:00","20.80","-1.314","0.385",-0.03,"1.00","-3.80","-0.17","8.348","4.15",2024-10-31 09:00:00,"PSY1N906",4
"31/10/2024","09:15:00","21.05","-1.420","0.559",-0.09,"1.00","-3.80","-0.19","8.341","4.15",2024-10-31 09:15:00,"PSY1N906",4
"31/10/2024","09:30:00","21.33","-1.039","0.574",-0.04,"1.00","-3.80","-0.14","8.330","4.15",2024-10-31 09:30:00,"PSY1N906",4
"31/10/2024","09:45:00","21.61","-1.213","0.726",-0.11,"1.00","-3.80","-0.16","8.319","4.15",2024-10-31 09:45:00,"PSY1N906",4
"31/10/2024","10:00:00","21.90","-1.281","0.765",-0.13,"1.00","-3.80","-0.17","8.308","4.15",2024-10-31 10:00:00,"PSY1N906",4
"31/10/2024","10:15:00","22.45","-0.911","0.882",-0.11,"1.00","-3.80","-0.12","8.290","4.15",2024-10-31 10:15:00,"PSY1N906",4
"31/10/2024","10:30:00","22.76","-1.031","1.030",-0.16,"1.00","-3.80","-0.14","8.279","4.15",2024-10-31 10:30:00,"PSY1N906",4
"31/10/2024","10:45:00","23.05","-0.971","1.125",-0.18,"1.00","-3.80","-0.13","8.269","4.15",2024-10-31 10:45:00,"PSY1N906",4
"31/10/2024","11:00:00","23.28","-1.095","1.211",-0.21,"1.00","-3.80","-0.14","8.262","4.15",2024-10-31 11:00:00,"PSY1N906",4
"31/10/2024","11:15:00","23.79","-0.974","1.393",-0.24,"1.00","-3.80","-0.13","8.244","4.15",2024-10-31 11:15:00,"PSY1N906",4
"31/10/2024","11:30:00","23.77","-1.013","1.366",-0.24,"1.00","-3.80","-0.13","8.244","4.15",2024-10-31 11:30:00,"PSY1N906",4
"31/10/2024","11:45:00","23.90","0.503","1.712",-0.13,"1.00","-3.80","0.06","8.237","4.15",2024-10-31 11:45:00,"PSY1N906",4
"31/10/2024","12:00:00","24.05","-0.137","2.293",-0.37,"1.00","-3.80","-0.01","8.233","4.15",2024-10-31 12:00:00,"PSY1N906",4
"31/10/2024","12:15:00","24.30","-1.118","1.396",-0.26,"1.00","-3.80","-0.15","8.222","4.15",2024-10-31 12:15:00,"PSY1N906",4
"31/10/2024","12:30:00","24.25","0.176","1.704",-0.17,"1.00","-3.80","0.02","8.226","4.15",2024-10-31 12:30:00,"PSY1N906",4
"31/10/2024","12:45:00","24.61","-0.720","1.617",-0.26,"1.00","-3.80","-0.09","8.212","4.15",2024-10-31 12:45:00,"PSY1N906",4
"31/10/2024","13:00:00","25.81","-1.273","1.371",-0.26,"1.00","-3.80","-0.17","8.168","4.15",2024-10-31 13:00:00,"PSY1N906",4
"31/10/2024","13:15:00","26.79","-0.848","1.857",-0.31,"1.00","-3.80","-0.11","8.137","4.15",2024-10-31 13:15:00,"PSY1N906",4
"31/10/2024","13:30:00","27.37","-0.679","2.123",-0.35,"1.00","-3.80","-0.09","8.116","4.15",2024-10-31 13:30:00,"PSY1N906",4
"31/10/2024","13:45:00","27.67","-0.499","2.157",-0.33,"1.00","-3.80","-0.06","8.107","4.15",2024-10-31 13:45:00,"PSY1N906",4
"31/10/2024","14:00:00","27.59","0.666","3.706",-0.55,"1.00","-3.80","0.08","8.109","4.15",2024-10-31 14:00:00,"PSY1N906",4
"31/10/2024","14:15:00","27.14","-0.709","2.084",-0.34,"1.00","-3.80","-0.09","8.123","4.15",2024-10-31 14:15:00,"PSY1N906",4
"31/10/2024","14:30:00","27.27","0.313","2.248",-0.25,"1.00","-3.80","0.04","8.121","4.15",2024-10-31 14:30:00,"PSY1N906",4
"31/10/2024","14:45:00","27.40","-0.420","2.148",-0.32,"1.00","-3.80","-0.05","8.114","4.15",2024-10-31 14:45:00,"PSY1N906",4
"31/10/2024","15:00:00","27.04","0.869","3.009",-0.37,"1.00","-3.80","0.11","8.128","4.15",2024-10-31 15:00:00,"PSY1N906",4
"31/10/2024","15:15:00","26.25","-0.062","2.294",-0.32,"1.00","-3.80","0.00","8.154","4.15",2024-10-31 15:15:00,"PSY1N906",4
"31/10/2024","15:30:00","25.39","0.141","1.786",-0.18,"1.00","-3.80","0.01","8.187","4.15",2024-10-31 15:30:00,"PSY1N906",4
"31/10/2024","15:45:00","25.41","-0.546","1.818",-0.28,"1.00","-3.80","-0.07","8.184","4.15",2024-10-31 15:45:00,"PSY1N906",4
"31/10/2024","16:00:00","25.33","0.001","2.028",-0.26,"1.00","-3.80","0.00","8.187","4.15",2024-10-31 16:00:00,"PSY1N906",4
"31/10/2024","16:15:00","24.99","0.906","2.326",-0.22,"1.00","-3.80","0.12","8.201","4.15",2024-10-31 16:15:00,"PSY1N906",4
"31/10/2024","16:30:00","25.12","-0.155","1.801",-0.23,"1.00","-3.80","-0.02","8.194","4.15",2024-10-31 16:30:00,"PSY1N906",4
"31/10/2024","16:45:00","25.38","-0.452","1.968",-0.31,"1.00","-3.80","-0.06","8.187","4.15",2024-10-31 16:45:00,"PSY1N906",4
"31/10/2024","17:00:00","25.46","-0.448","2.046",-0.32,"1.00","-3.80","-0.06","8.184","4.15",2024-10-31 17:00:00,"PSY1N906",4
"31/10/2024","17:15:00","25.42","-0.433","2.195",-0.36,"1.00","-3.80","-0.05","8.184","4.15",2024-10-31 17:15:00,"PSY1N906",4
"31/10/2024","17:30:00","25.28","-0.243","2.137",-0.32,"1.00","-3.80","-0.03","8.191","4.14",2024-10-31 17:30:00,"PSY1N906",4
"31/10/2024","17:45:00","25.13","-0.291","2.129",-0.33,"1.00","-3.80","-0.03","8.194","4.14",2024-10-31 17:45:00,"PSY1N906",4
"31/10/2024","18:00:00","24.86","-0.131","2.225",-0.34,"1.00","-3.80","-0.01","8.205","4.13",2024-10-31 18:00:00,"PSY1N906",4
"31/10/2024","18:15:00","24.55","-0.100","2.334",-0.37,"1.00","-3.80","-0.01","8.215","4.13",2024-10-31 18:15:00,"PSY1N906",4
"31/10/2024","18:30:00","24.18","-0.143","2.175",-0.34,"1.00","-3.80","-0.01","8.229","4.13",2024-10-31 18:30:00,"PSY1N906",4
"31/10/2024","18:45:00","23.81","-0.096","2.110",-0.32,"1.00","-3.80","-0.01","8.240","4.13",2024-10-31 18:45:00,"PSY1N906",4
"31/10/2024","19:00:00","23.69","-0.361","2.056",-0.34,"1.00","-3.80","-0.04","8.247","4.13",2024-10-31 19:00:00,"PSY1N906",4
"31/10/2024","19:15:00","23.62","-0.287","2.157",-0.36,"1.00","-3.80","-0.03","8.247","4.13",2024-10-31 19:15:00,"PSY1N906",4
"31/10/2024","19:30:00","23.27","0.722","2.715",-0.38,"1.00","-3.80","0.09","8.262","4.13",2024-10-31 19:30:00,"PSY1N906",4
"31/10/2024","19:45:00","22.86","-0.445","1.701",-0.27,"1.00","-3.80","-0.06","8.276","4.13",2024-10-31 19:45:00,"PSY1N906",4
"31/10/2024","20:00:00","23.10","-0.315","1.876",-0.3,"1.00","-3.80","-0.04","8.265","4.13",2024-10-31 20:00:00,"PSY1N906",4
"31/10/2024","20:15:00","23.13","-0.231","2.062",-0.33,"1.00","-3.80","-0.03","8.265","4.12",2024-10-31 20:15:00,"PSY1N906",4
"31/10/2024","20:30:00","23.03","-0.468","2.207",-0.41,"1.00","-3.80","-0.06","8.269","4.12",2024-10-31 20:30:00,"PSY1N906",4
"31/10/2024","20:45:00","22.90","-0.262","2.205",-0.38,"1.00","-3.80","-0.03","8.272","4.12",2024-10-31 20:45:00,"PSY1N906",4
"31/10/2024","21:00:00","22.84","-0.319","2.192",-0.39,"1.00","-3.80","-0.04","8.276","4.12",2024-10-31 21:00:00,"PSY1N906",4
"31/10/2024","21:15:00","22.74","-0.210","2.264",-0.4,"1.00","-3.80","-0.02","8.279","4.12",2024-10-31 21:15:00,"PSY1N906",4
"31/10/2024","21:30:00","22.50","-0.447","2.055",-0.37,"1.00","-3.80","-0.06","8.287","4.12",2024-10-31 21:30:00,"PSY1N906",4
"31/10/2024","21:45:00","22.54","-0.264","2.264",-0.41,"1.00","-3.80","-0.03","8.287","4.12",2024-10-31 21:45:00,"PSY1N906",4
"31/10/2024","22:00:00","22.46","-0.340","2.116",-0.38,"1.00","-3.80","-0.04","8.290","4.12",2024-10-31 22:00:00,"PSY1N906",4
"31/10/2024","22:15:00","22.36","-0.269","2.031",-0.34,"1.00","-3.80","-0.03","8.294","4.11",2024-10-31 22:15:00,"PSY1N906",4
"31/10/2024","22:30:00","22.22","-0.315","2.151",-0.39,"1.00","-3.80","-0.04","8.297","4.11",2024-10-31 22:30:00,"PSY1N906",4
"31/10/2024","22:45:00","22.17","-0.274","2.068",-0.36,"1.00","-3.80","-0.03","8.301","4.11",2024-10-31 22:45:00,"PSY1N906",4
"31/10/2024","23:00:00","22.12","-0.390","2.045",-0.37,"1.00","-3.80","-0.05","8.301","4.11",2024-10-31 23:00:00,"PSY1N906",4
"31/10/2024","23:15:00","22.27","-0.465","1.985",-0.36,"1.00","-3.80","-0.06","8.297","4.11",2024-10-31 23:15:00,"PSY1N906",4
"31/10/2024","23:30:00","22.43","-0.443","1.975",-0.35,"1.00","-3.80","-0.06","8.290","4.11",2024-10-31 23:30:00,"PSY1N906",4
"31/10/2024","23:45:00","22.60","-0.530","1.979",-0.36,"1.00","-3.80","-0.07","8.283","4.11",2024-10-31 23:45:00,"PSY1N906",4
"01/11/2024","00:00:00","22.11","0.193","1.825",-0.23,"1.00","-3.80","0.02","8.301","4.11",2024-11-01,"PSY1N906",4
"01/11/2024","00:15:00","21.55","0.159","1.459",-0.13,"1.00","-3.80","0.02","8.323","4.11",2024-11-01 00:15:00,"PSY1N906",4
"01/11/2024","00:30:00","21.10","0.074","1.239",-0.09,"1.00","-3.80","0.01","8.337","4.10",2024-11-01 00:30:00,"PSY1N906",4
"01/11/2024","00:45:00","20.76","0.060","1.103",-0.05,"1.00","-3.80","0.00","8.352","4.10",2024-11-01 00:45:00,"PSY1N906",4
"01/11/2024","01:00:00","20.49","-0.059","1.013",-0.04,"1.00","-3.80","0.00","8.362","4.10",2024-11-01 01:00:00,"PSY1N906",4
"01/11/2024","01:15:00","20.28","0.041","0.939",-0.01,"1.00","-3.80","0.00","8.370","4.10",2024-11-01 01:15:00,"PSY1N906",4
"01/11/2024","01:30:00","20.11","-0.051","0.882",-0.01,"1.00","-3.80","0.00","8.373","4.10",2024-11-01 01:30:00,"PSY1N906",4
"01/11/2024","01:45:00","19.98","-0.174","0.809",0,"1.00","-3.80","-0.02","8.381","4.10",2024-11-01 01:45:00,"PSY1N906",4
"01/11/2024","02:00:00","19.88","-0.059","0.000",0,"1.00","-3.80","0.00","8.384","4.10",2024-11-01 02:00:00,"PSY1N906",4
"01/11/2024","02:15:00","19.79","-0.102","0.000",0,"1.00","-3.80","-0.01","8.388","4.10",2024-11-01 02:15:00,"PSY1N906",4
"01/11/2024","02:30:00","19.74","-0.195","0.000",0,"1.00","-3.80","-0.02","8.388","4.10",2024-11-01 02:30:00,"PSY1N906",4
"01/11/2024","02:45:00","19.68","-0.114","0.000",0,"1.00","-3.80","-0.01","8.392","4.09",2024-11-01 02:45:00,"PSY1N906",4
"01/11/2024","03:00:00","19.63","-0.216","0.000",0,"1.00","-3.80","-0.02","8.392","4.09",2024-11-01 03:00:00,"PSY1N906",4
"01/11/2024","03:15:00","19.60","-0.306","0.000",0,"1.00","-3.80","-0.04","8.392","4.09",2024-11-01 03:15:00,"PSY1N906",4
"01/11/2024","03:30:00","19.57","-0.300","0.000",0,"1.00","-3.80","-0.04","8.395","4.09",2024-11-01 03:30:00,"PSY1N906",4
"01/11/2024","03:45:00","19.53","-0.263","0.000",0,"1.00","-3.80","-0.03","8.395","4.09",2024-11-01 03:45:00,"PSY1N906",4
"01/11/2024","04:00:00","19.50","-0.184","0.000",0,"1.00","-3.80","-0.02","8.395","4.09",2024-11-01 04:00:00,"PSY1N906",4
"01/11/2024","04:15:00","19.48","-0.219","0.000",0,"1.00","-3.80","-0.03","8.399","4.09",2024-11-01 04:15:00,"PSY1N906",4
"01/11/2024","04:30:00","19.45","-0.181","0.000",0,"1.00","-3.80","-0.02","8.399","4.09",2024-11-01 04:30:00,"PSY1N906",4
"01/11/2024","04:45:00","19.42","-0.223","0.000",0,"1.00","-3.80","-0.03","8.399","4.09",2024-11-01 04:45:00,"PSY1N906",4
"01/11/2024","05:00:00","19.42","-0.284","0.000",0,"1.00","-3.80","-0.03","8.399","4.09",2024-11-01 05:00:00,"PSY1N906",4
"01/11/2024","05:15:00","19.40","-0.198","0.000",0,"1.00","-3.80","-0.02","8.399","4.08",2024-11-01 05:15:00,"PSY1N906",4
"01/11/2024","05:30:00","19.39","-0.297","0.000",0,"1.00","-3.80","-0.04","8.403","4.08",2024-11-01 05:30:00,"PSY1N906",4
"01/11/2024","05:45:00","19.38","-0.334","0.000",0,"1.00","-3.80","-0.04","8.403","4.08",2024-11-01 05:45:00,"PSY1N906",4
"01/11/2024","06:00:00","19.36","-0.389","0.000",0,"1.00","-3.80","-0.05","8.403","4.08",2024-11-01 06:00:00,"PSY1N906",4
"01/11/2024","06:15:00","19.35","-0.401","0.000",0,"1.00","-3.80","-0.05","8.403","4.08",2024-11-01 06:15:00,"PSY1N906",4
"01/11/2024","06:30:00","19.33","-0.443","0.000",0,"1.00","-3.80","-0.06","8.403","4.08",2024-11-01 06:30:00,"PSY1N906",4
"01/11/2024","06:45:00","19.31","-0.356","0.000",0,"1.00","-3.80","-0.04","8.403","4.08",2024-11-01 06:45:00,"PSY1N906",4
"01/11/2024","07:00:00","19.32","-0.435","0.000",0,"1.00","-3.80","-0.06","8.403","4.08",2024-11-01 07:00:00,"PSY1N906",4
"01/11/2024","07:15:00","19.35","-0.348","0.000",0,"1.00","-3.80","-0.04","8.403","4.08",2024-11-01 07:15:00,"PSY1N906",4
"01/11/2024","07:30:00","19.37","-0.434","0.000",0,"1.00","-3.80","-0.05","8.403","4.07",2024-11-01 07:30:00,"PSY1N906",4
"01/11/2024","07:45:00","19.24","-0.347","0.000",0,"1.00","-3.80","-0.04","8.406","4.07",2024-11-01 07:45:00,"PSY1N906",4
"01/11/2024","08:00:00","19.42","-1.134","0.350",0,"1.00","-3.80","-0.15","8.399","4.07",2024-11-01 08:00:00,"PSY1N906",4
"01/11/2024","08:15:00","19.91","-1.263","0.546",-0.07,"1.00","-3.80","-0.17","8.381","4.07",2024-11-01 08:15:00,"PSY1N906",4
"01/11/2024","08:30:00","20.27","-1.030","0.958",-0.16,"1.00","-3.80","-0.14","8.370","4.07",2024-11-01 08:30:00,"PSY1N906",4
"01/11/2024","08:45:00","20.51","-0.836","1.325",-0.24,"1.00","-3.80","-0.11","8.359","4.07",2024-11-01 08:45:00,"PSY1N906",4
"01/11/2024","09:00:00","20.68","-0.631","1.507",-0.27,"1.00","-3.80","-0.08","8.355","4.07",2024-11-01 09:00:00,"PSY1N906",4
"01/11/2024","09:15:00","20.82","-0.465","1.594",-0.27,"1.00","-3.80","-0.06","8.348","4.07",2024-11-01 09:15:00,"PSY1N906",4
"01/11/2024","09:30:00","21.03","-0.705","1.611",-0.3,"1.00","-3.80","-0.09","8.341","4.07",2024-11-01 09:30:00,"PSY1N906",4
"01/11/2024","09:45:00","21.08","-0.738","1.559",-0.29,"1.00","-3.80","-0.10","8.341","4.06",2024-11-01 09:45:00,"PSY1N906",4
"01/11/2024","10:00:00","21.07","-0.350","1.617",-0.26,"1.00","-3.80","-0.04","8.341","4.06",2024-11-01 10:00:00,"PSY1N906",4
"01/11/2024","10:15:00","21.18","-0.727","1.480",-0.27,"1.00","-3.80","-0.09","8.337","4.06",2024-11-01 10:15:00,"PSY1N906",4
"01/11/2024","10:30:00","21.29","-0.753","1.620",-0.31,"1.00","-3.80","-0.10","8.333","4.06",2024-11-01 10:30:00,"PSY1N906",4
"01/11/2024","10:45:00","21.38","-0.673","1.526",-0.27,"1.00","-3.80","-0.09","8.330","4.06",2024-11-01 10:45:00,"PSY1N906",4
"01/11/2024","11:00:00","21.56","-0.716","1.636",-0.3,"1.00","-3.80","-0.09","8.323","4.06",2024-11-01 11:00:00,"PSY1N906",4
"01/11/2024","11:15:00","21.46","-0.520","1.697",-0.3,"1.00","-3.80","-0.07","8.326","4.06",2024-11-01 11:15:00,"PSY1N906",4
"01/11/2024","11:30:00","21.72","-0.287","1.811",-0.29,"1.00","-3.80","-0.03","8.315","4.06",2024-11-01 11:30:00,"PSY1N906",4
"01/11/2024","11:45:00","21.93","-0.716","1.760",-0.33,"1.00","-3.80","-0.09","8.308","4.06",2024-11-01 11:45:00,"PSY1N906",4
"01/11/2024","12:00:00","22.16","-0.690","1.801",-0.34,"1.00","-3.80","-0.09","8.301","4.06",2024-11-01 12:00:00,"PSY1N906",4
"01/11/2024","12:15:00","22.41","-0.720","1.876",-0.36,"1.00","-3.80","-0.09","8.290","4.05",2024-11-01 12:15:00,"PSY1N906",4
"01/11/2024","12:30:00","22.62","-0.662","1.982",-0.38,"1.00","-3.80","-0.08","8.283","4.05",2024-11-01 12:30:00,"PSY1N906",4
"01/11/2024","12:45:00","22.69","-0.473","2.001",-0.36,"1.00","-3.80","-0.06","8.283","4.05",2024-11-01 12:45:00,"PSY1N906",4
"01/11/2024","13:00:00","22.72","-0.413","2.167",-0.4,"1.00","-3.80","-0.05","8.279","4.05",2024-11-01 13:00:00,"PSY1N906",4
"01/11/2024","13:15:00","22.56","-0.540","2.067",-0.39,"1.00","-3.80","-0.07","8.287","4.05",2024-11-01 13:15:00,"PSY1N906",4
"01/11/2024","13:30:00","22.68","-0.516","2.160",-0.41,"1.00","-3.80","-0.07","8.283","4.05",2024-11-01 13:30:00,"PSY1N906",4
"01/11/2024","13:45:00","22.65","-0.499","2.201",-0.42,"1.00","-3.80","-0.06","8.283","4.05",2024-11-01 13:45:00,"PSY1N906",4
"01/11/2024","14:00:00","22.75","-0.460","2.365",-0.46,"1.00","-3.80","-0.06","8.279","4.05",2024-11-01 14:00:00,"PSY1N906",4
"01/11/2024","14:15:00","22.79","-0.652","2.181",-0.43,"1.00","-3.80","-0.08","8.279","4.04",2024-11-01 14:15:00,"PSY1N906",4
"01/11/2024","14:30:00","22.72","-0.399","2.254",-0.42,"1.00","-3.80","-0.05","8.279","4.04",2024-11-01 14:30:00,"PSY1N906",4
"01/11/2024","14:45:00","22.75","-0.406","2.220",-0.41,"1.00","-3.80","-0.05","8.279","4.04",2024-11-01 14:45:00,"PSY1N906",4
"01/11/2024","15:00:00","22.60","-0.339","2.580",-0.5,"1.00","-3.80","-0.04","8.283","4.04",2024-11-01 15:00:00,"PSY1N906",4
"01/11/2024","15:15:00","22.53","-0.593","2.324",-0.47,"1.00","-3.80","-0.08","8.287","4.04",2024-11-01 15:15:00,"PSY1N906",4
"01/11/2024","15:30:00","22.46","-0.497","2.339",-0.46,"1.00","-3.80","-0.06","8.290","4.04",2024-11-01 15:30:00,"PSY1N906",4
"01/11/2024","15:45:00","22.43","-0.416","2.365",-0.46,"1.00","-3.80","-0.05","8.290","4.04",2024-11-01 15:45:00,"PSY1N906",4
"01/11/2024","16:00:00","22.47","-0.282","2.491",-0.47,"1.00","-3.80","-0.03","8.290","4.04",2024-11-01 16:00:00,"PSY1N906",4
"01/11/2024","16:15:00","22.54","-0.369","2.473",-0.48,"1.00","-3.80","-0.05","8.287","4.04",2024-11-01 16:15:00,"PSY1N906",4
"01/11/2024","16:30:00","22.54","-0.438","2.433",-0.48,"1.00","-3.80","-0.05","8.287","4.04",2024-11-01 16:30:00,"PSY1N906",4
"01/11/2024","16:45:00","22.45","-0.525","2.479",-0.5,"1.00","-3.80","-0.07","8.290","4.04",2024-11-01 16:45:00,"PSY1N906",4
"01/11/2024","17:00:00","22.31","-0.469","2.452",-0.49,"1.00","-3.80","-0.06","8.294","4.04",2024-11-01 17:00:00,"PSY1N906",4
"01/11/2024","17:15:00","22.16","-0.158","2.537",-0.48,"1.00","-3.80","-0.02","8.301","4.04",2024-11-01 17:15:00,"PSY1N906",4
"01/11/2024","17:30:00","22.04","-0.421","2.501",-0.5,"1.00","-3.80","-0.05","8.305","4.04",2024-11-01 17:30:00,"PSY1N906",4
"01/11/2024","17:45:00","22.10","-0.349","2.469",-0.48,"1.00","-3.80","-0.04","8.301","4.03",2024-11-01 17:45:00,"PSY1N906",4
"01/11/2024","18:00:00","22.15","-0.480","2.446",-0.49,"1.00","-3.80","-0.06","8.301","4.03",2024-11-01 18:00:00,"PSY1N906",4
"01/11/2024","18:15:00","22.07","-0.547","2.503",-0.52,"1.00","-3.80","-0.07","8.305","4.03",2024-11-01 18:15:00,"PSY1N906",4
"01/11/2024","18:30:00","22.04","-0.389","2.557",-0.52,"1.00","-3.80","-0.05","8.305","4.03",2024-11-01 18:30:00,"PSY1N906",4
"01/11/2024","18:45:00","22.02","-0.428","2.592",-0.53,"1.00","-3.80","-0.05","8.305","4.03",2024-11-01 18:45:00,"PSY1N906",4
"01/11/2024","19:00:00","22.04","-0.580","2.555",-0.54,"1.00","-3.80","-0.07","8.305","4.03",2024-11-01 19:00:00,"PSY1N906",4
"01/11/2024","19:15:00","22.10","-0.507","2.562",-0.53,"1.00","-3.80","-0.06","8.301","4.03",2024-11-01 19:15:00,"PSY1N906",4
"01/11/2024","19:30:00","22.19","-0.224","2.680",-0.53,"1.00","-3.80","-0.03","8.301","4.03",2024-11-01 19:30:00,"PSY1N906",4
"01/11/2024","19:45:00","22.21","-0.467","2.725",-0.57,"1.00","-3.80","-0.06","8.297","4.03",2024-11-01 19:45:00,"PSY1N906",4
"01/11/2024","20:00:00","22.25","-0.434","2.679",-0.55,"1.00","-3.80","-0.05","8.297","4.03",2024-11-01 20:00:00,"PSY1N906",4
"01/11/2024","20:15:00","22.24","-0.159","2.744",-0.53,"1.00","-3.80","-0.02","8.297","4.03",2024-11-01 20:15:00,"PSY1N906",4
"01/11/2024","20:30:00","22.21","-0.349","2.742",-0.56,"1.00","-3.80","-0.04","8.297","4.03",2024-11-01 20:30:00,"PSY1N906",4
"01/11/2024","20:45:00","22.20","-0.415","2.825",-0.59,"1.00","-3.80","-0.05","8.297","4.03",2024-11-01 20:45:00,"PSY1N906",4
"01/11/2024","21:00:00","22.23","-0.343","2.821",-0.58,"1.00","-3.80","-0.04","8.297","4.03",2024-11-01 21:00:00,"PSY1N906",4
"01/11/2024","21:15:00","22.25","-0.558","2.846",-0.62,"1.00","-3.80","-0.07","8.297","4.03",2024-11-01 21:15:00,"PSY1N906",4
"01/11/2024","21:30:00","22.16","-0.375","2.695",-0.55,"1.00","-3.80","-0.05","8.301","4.03",2024-11-01 21:30:00,"PSY1N906",4
"01/11/2024","21:45:00","22.11","-0.476","2.795",-0.59,"1.00","-3.80","-0.06","8.301","4.02",2024-11-01 21:45:00,"PSY1N906",4
"01/11/2024","22:00:00","21.95","-0.384","2.764",-0.58,"1.00","-3.80","-0.05","8.308","4.02",2024-11-01 22:00:00,"PSY1N906",4
"01/11/2024","22:15:00","21.90","-0.480","2.734",-0.58,"1.00","-3.80","-0.06","8.308","4.02",2024-11-01 22:15:00,"PSY1N906",4
"01/11/2024","22:30:00","21.89","-0.389","2.712",-0.56,"1.00","-3.80","-0.05","8.312","4.02",2024-11-01 22:30:00,"PSY1N906",4
"01/11/2024","22:45:00","21.88","-0.573","2.774",-0.61,"1.00","-3.80","-0.07","8.312","4.02",2024-11-01 22:45:00,"PSY1N906",4
"01/11/2024","23:00:00","21.78","-0.367","2.710",-0.56,"1.00","-3.80","-0.05","8.315","4.02",2024-11-01 23:00:00,"PSY1N906",4
"01/11/2024","23:15:00","22.15","-0.530","2.611",-0.55,"1.00","-3.80","-0.07","8.301","4.02",2024-11-01 23:15:00,"PSY1N906",4
"01/11/2024","23:30:00","22.50","-0.557","2.660",-0.56,"1.00","-3.80","-0.07","8.287","4.02",2024-11-01 23:30:00,"PSY1N906",4
"01/11/2024","23:45:00","22.75","-0.610","2.743",-0.58,"1.00","-3.80","-0.08","8.279","4.02",2024-11-01 23:45:00,"PSY1N906",4
"02/11/2024","00:00:00","22.24","0.035","2.536",-0.45,"1.00","-3.80","0.00","8.297","4.02",2024-11-02,"PSY1N906",4
"02/11/2024","00:15:00","21.76","0.056","2.147",-0.34,"1.00","-3.80","0.00","8.315","4.02",2024-11-02 00:15:00,"PSY1N906",4
"02/11/2024","00:30:00","21.36","0.146","1.919",-0.27,"1.00","-3.80","0.02","8.330","4.02",2024-11-02 00:30:00,"PSY1N906",4
"02/11/2024","00:45:00","21.01","0.135","1.754",-0.23,"1.00","-3.80","0.01","8.341","4.01",2024-11-02 00:45:00,"PSY1N906",4
"02/11/2024","01:00:00","20.70","0.089","1.673",-0.22,"1.00","-3.80","0.01","8.352","4.01",2024-11-02 01:00:00,"PSY1N906",4
"02/11/2024","01:15:00","20.34","0.031","1.579",-0.2,"1.00","-3.80","0.00","8.366","4.01",2024-11-02 01:15:00,"PSY1N906",4
"02/11/2024","01:30:00","20.04","0.056","1.511",-0.18,"1.00","-3.80","0.00","8.377","4.01",2024-11-02 01:30:00,"PSY1N906",4
"02/11/2024","01:45:00","19.78","-0.014","1.467",-0.18,"1.00","-3.80","0.00","8.388","4.01",2024-11-02 01:45:00,"PSY1N906",4
"02/11/2024","02:00:00","19.60","0.019","1.413",-0.16,"1.00","-3.80","0.00","8.392","4.00",2024-11-02 02:00:00,"PSY1N906",4
"02/11/2024","02:15:00","19.46","0.070","1.386",-0.15,"1.00","-3.80","0.00","8.399","4.00",2024-11-02 02:15:00,"PSY1N906",4
"02/11/2024","02:30:00","19.37","-0.031","1.360",-0.16,"1.00","-3.80","0.00","8.403","4.00",2024-11-02 02:30:00,"PSY1N906",4
"02/11/2024","02:45:00","19.32","-0.162","1.312",-0.16,"1.00","-3.80","-0.02","8.403","4.00",2024-11-02 02:45:00,"PSY1N906",4
"02/11/2024","03:00:00","19.31","-0.091","1.347",-0.16,"1.00","-3.80","-0.01","8.403","4.00",2024-11-02 03:00:00,"PSY1N906",4
"02/11/2024","03:15:00","19.26","-0.084","1.352",-0.16,"1.00","-3.80","-0.01","8.406","4.00",2024-11-02 03:15:00,"PSY1N906",4
"02/11/2024","03:30:00","19.20","-0.058","1.290",-0.14,"1.00","-3.80","0.00","8.406","3.99",2024-11-02 03:30:00,"PSY1N906",4
"02/11/2024","03:45:00","19.17","-0.154","1.276",-0.15,"1.00","-3.80","-0.02","8.410","3.99",2024-11-02 03:45:00,"PSY1N906",4
"02/11/2024","04:00:00","19.11","-0.078","1.257",-0.14,"1.00","-3.80","-0.01","8.410","3.99",2024-11-02 04:00:00,"PSY1N906",4
"02/11/2024","04:15:00","19.04","-0.105","1.239",-0.14,"1.00","-3.80","-0.01","8.414","3.99",2024-11-02 04:15:00,"PSY1N906",4
"02/11/2024","04:30:00","18.97","-0.031","1.176",-0.11,"1.00","-3.80","0.00","8.417","3.99",2024-11-02 04:30:00,"PSY1N906",4
"02/11/2024","04:45:00","18.96","-0.041","1.188",-0.11,"1.00","-3.80","0.00","8.417","3.98",2024-11-02 04:45:00,"PSY1N906",4
"02/11/2024","05:00:00","18.90","-0.212","1.147",-0.12,"1.00","-3.80","-0.02","8.417","3.98",2024-11-02 05:00:00,"PSY1N906",4
"02/11/2024","05:15:00","18.90","0.031","1.125",-0.08,"1.00","-3.80","0.00","8.417","3.98",2024-11-02 05:15:00,"PSY1N906",4
"02/11/2024","05:30:00","18.89","-0.134","1.113",-0.1,"1.00","-3.80","-0.01","8.421","3.98",2024-11-02 05:30:00,"PSY1N906",4
"02/11/2024","05:45:00","18.87","-0.109","1.063",-0.08,"1.00","-3.80","-0.01","8.421","3.98",2024-11-02 05:45:00,"PSY1N906",4
"02/11/2024","06:00:00","18.86","-0.207","1.073",-0.1,"1.00","-3.80","-0.02","8.421","3.97",2024-11-02 06:00:00,"PSY1N906",4
"02/11/2024","06:15:00","18.87","-0.178","1.057",-0.09,"1.00","-3.80","-0.02","8.421","3.97",2024-11-02 06:15:00,"PSY1N906",4
"02/11/2024","06:30:00","18.78","-0.170","1.078",-0.1,"1.00","-3.80","-0.02","8.425","3.97",2024-11-02 06:30:00,"PSY1N906",4
"02/11/2024","06:45:00","18.75","-0.136","1.018",-0.07,"1.00","-3.80","-0.01","8.425","3.97",2024-11-02 06:45:00,"PSY1N906",4
"02/11/2024","07:00:00","18.74","-0.145","0.991",-0.07,"1.00","-3.80","-0.02","8.425","3.97",2024-11-02 07:00:00,"PSY1N906",4
"02/11/2024","07:15:00","18.73","-0.229","1.049",-0.1,"1.00","-3.80","-0.03","8.425","3.97",2024-11-02 07:15:00,"PSY1N906",4
"02/11/2024","07:30:00","18.73","-0.131","1.059",-0.09,"1.00","-3.80","-0.01","8.425","3.96",2024-11-02 07:30:00,"PSY1N906",4
"02/11/2024","07:45:00","18.78","-0.119","1.187",-0.12,"1.00","-3.80","-0.01","8.425","3.96",2024-11-02 07:45:00,"PSY1N906",4
"02/11/2024","08:00:00","19.15","-0.858","1.043",-0.18,"1.00","-3.80","-0.11","8.410","3.96",2024-11-02 08:00:00,"PSY1N906",4
"02/11/2024","08:15:00","19.85","-0.879","1.567",-0.33,"1.00","-3.80","-0.12","8.384","3.96",2024-11-02 08:15:00,"PSY1N906",4
"02/11/2024","08:30:00","20.33","-0.610","2.088",-0.44,"1.00","-3.80","-0.08","8.366","3.96",2024-11-02 08:30:00,"PSY1N906",4
"02/11/2024","08:45:00","20.71","-0.595","2.255",-0.48,"1.00","-3.80","-0.08","8.352","3.96",2024-11-02 08:45:00,"PSY1N906",4
"02/11/2024","09:00:00","20.94","-0.571","2.446",-0.53,"1.00","-3.80","-0.07","8.344","3.96",2024-11-02 09:00:00,"PSY1N906",4
"02/11/2024","09:15:00","21.13","-0.555","2.501",-0.54,"1.00","-3.80","-0.07","8.337","3.95",2024-11-02 09:15:00,"PSY1N906",4
"02/11/2024","09:30:00","21.26","-0.665","2.574",-0.58,"1.00","-3.80","-0.09","8.333","3.95",2024-11-02 09:30:00,"PSY1N906",4
"02/11/2024","09:45:00","21.29","-0.367","2.651",-0.56,"1.00","-3.80","-0.05","8.333","3.95",2024-11-02 09:45:00,"PSY1N906",4
"02/11/2024","10:00:00","21.30","-0.572","2.652",-0.59,"1.00","-3.80","-0.07","8.330","3.95",2024-11-02 10:00:00,"PSY1N906",4
"02/11/2024","10:15:00","21.43","-0.558","2.612",-0.57,"1.00","-3.80","-0.07","8.326","3.95",2024-11-02 10:15:00,"PSY1N906",4
"02/11/2024","10:30:00","21.29","-0.674","2.694",-0.61,"1.00","-3.80","-0.09","8.333","3.95",2024-11-02 10:30:00,"PSY1N906",4
"02/11/2024","10:45:00","21.36","-0.575","2.621",-0.58,"1.00","-3.80","-0.07","8.330","3.95",2024-11-02 10:45:00,"PSY1N906",4
"02/11/2024","11:00:00","21.47","-0.631","2.761",-0.62,"1.00","-3.80","-0.08","8.326","3.95",2024-11-02 11:00:00,"PSY1N906",4
"02/11/2024","11:15:00","21.72","-0.793","2.818",-0.65,"1.00","-3.80","-0.10","8.315","3.95",2024-11-02 11:15:00,"PSY1N906",4
"02/11/2024","11:30:00","21.45","-0.652","2.659",-0.59,"1.00","-3.80","-0.08","8.326","3.95",2024-11-02 11:30:00,"PSY1N906",4
"02/11/2024","11:45:00","21.30","-0.986","2.517",-0.6,"1.00","-3.80","-0.13","8.330","3.94",2024-11-02 11:45:00,"PSY1N906",4
"02/11/2024","12:00:00","21.49","-0.822","2.541",-0.58,"1.00","-3.80","-0.11","8.326","3.94",2024-11-02 12:00:00,"PSY1N906",4
"02/11/2024","12:15:00","21.87","-0.596","2.811",-0.62,"1.00","-3.80","-0.08","8.312","3.94",2024-11-02 12:15:00,"PSY1N906",4
"02/11/2024","12:30:00","22.00","-0.704","2.857",-0.65,"1.00","-3.80","-0.09","8.305","3.94",2024-11-02 12:30:00,"PSY1N906",4
"02/11/2024","12:45:00","22.55","-0.950","2.693",-0.62,"1.00","-3.80","-0.12","8.287","3.94",2024-11-02 12:45:00,"PSY1N906",4
"02/11/2024","13:00:00","23.56","-0.937","3.068",-0.7,"1.00","-3.80","-0.12","8.251","3.94",2024-11-02 13:00:00,"PSY1N906",4
"02/11/2024","13:15:00","24.08","-0.707","3.229",-0.7,"1.00","-3.80","-0.09","8.233","3.94",2024-11-02 13:15:00,"PSY1N906",4
"02/11/2024","13:30:00","24.31","-0.763","3.416",-0.75,"1.00","-3.80","-0.10","8.222","3.94",2024-11-02 13:30:00,"PSY1N906",4
"02/11/2024","13:45:00","24.06","-0.390","3.678",-0.78,"1.00","-3.80","-0.05","8.233","3.94",2024-11-02 13:45:00,"PSY1N906",4
"02/11/2024","14:00:00","23.80","-0.642","3.369",-0.73,"1.00","-3.80","-0.08","8.240","3.94",2024-11-02 14:00:00,"PSY1N906",4
"02/11/2024","14:15:00","23.71","-0.654","3.396",-0.75,"1.00","-3.80","-0.08","8.244","3.94",2024-11-02 14:15:00,"PSY1N906",4
"02/11/2024","14:30:00","23.58","-0.645","3.271",-0.71,"1.00","-3.80","-0.08","8.251","3.94",2024-11-02 14:30:00,"PSY1N906",4
"02/11/2024","14:45:00","23.79","-0.856","3.365",-0.76,"1.00","-3.80","-0.11","8.244","3.93",2024-11-02 14:45:00,"PSY1N906",4
"02/11/2024","15:00:00","23.82","-0.586","3.411",-0.74,"1.00","-3.80","-0.07","8.240","3.93",2024-11-02 15:00:00,"PSY1N906",4
"02/11/2024","15:15:00","24.08","-0.713","3.492",-0.77,"1.00","-3.80","-0.09","8.233","3.93",2024-11-02 15:15:00,"PSY1N906",4
"02/11/2024","15:30:00","23.71","-0.334","3.636",-0.77,"1.00","-3.80","-0.04","8.244","3.93",2024-11-02 15:30:00,"PSY1N906",4
"02/11/2024","15:45:00","23.52","-0.471","3.580",-0.78,"1.00","-3.80","-0.06","8.251","3.93",2024-11-02 15:45:00,"PSY1N906",4
"02/11/2024","16:00:00","23.43","-0.599","3.602",-0.8,"1.00","-3.80","-0.08","8.254","3.93",2024-11-02 16:00:00,"PSY1N906",4
"02/11/2024","16:15:00","23.71","-0.610","3.618",-0.8,"1.00","-3.80","-0.08","8.244","3.93",2024-11-02 16:15:00,"PSY1N906",4
"02/11/2024","16:30:00","23.64","-0.566","3.501",-0.76,"1.00","-3.80","-0.07","8.247","3.93",2024-11-02 16:30:00,"PSY1N906",4
"02/11/2024","16:45:00","23.50","-0.686","3.504",-0.79,"1.00","-3.80","-0.09","8.251","3.93",2024-11-02 16:45:00,"PSY1N906",4
"02/11/2024","17:00:00","23.67","-0.518","3.588",-0.78,"1.00","-3.80","-0.07","8.247","3.93",2024-11-02 17:00:00,"PSY1N906",4
"02/11/2024","17:15:00","23.61","-0.413","3.688",-0.8,"1.00","-3.80","-0.05","8.247","3.93",2024-11-02 17:15:00,"PSY1N906",4
"02/11/2024","17:30:00","23.67","-0.504","3.674",-0.8,"1.00","-3.80","-0.06","8.247","3.93",2024-11-02 17:30:00,"PSY1N906",4
"02/11/2024","17:45:00","23.62","-0.436","3.751",-0.82,"1.00","-3.80","-0.05","8.247","3.93",2024-11-02 17:45:00,"PSY1N906",4
"02/11/2024","18:00:00","23.63","-0.520","3.696",-0.81,"1.00","-3.80","-0.07","8.247","3.93",2024-11-02 18:00:00,"PSY1N906",4
"02/11/2024","18:15:00","23.45","-0.457","3.717",-0.81,"1.00","-3.80","-0.06","8.254","3.93",2024-11-02 18:15:00,"PSY1N906",4
"02/11/2024","18:30:00","23.49","-0.414","3.783",-0.83,"1.00","-3.80","-0.05","8.254","3.93",2024-11-02 18:30:00,"PSY1N906",4
"02/11/2024","18:45:00","23.57","-0.583","3.762",-0.84,"1.00","-3.80","-0.07","8.251","3.93",2024-11-02 18:45:00,"PSY1N906",4
"02/11/2024","19:00:00","23.59","-0.516","3.723",-0.82,"1.00","-3.80","-0.06","8.251","3.92",2024-11-02 19:00:00,"PSY1N906",4
"02/11/2024","19:15:00","23.66","-0.496","3.842",-0.85,"1.00","-3.80","-0.06","8.247","3.92",2024-11-02 19:15:00,"PSY1N906",4
"02/11/2024","19:30:00","23.55","-0.481","3.789",-0.83,"1.00","-3.80","-0.06","8.251","3.92",2024-11-02 19:30:00,"PSY1N906",4
"02/11/2024","19:45:00","23.48","-0.452","3.955",-0.88,"1.00","-3.80","-0.06","8.254","3.92",2024-11-02 19:45:00,"PSY1N906",4
"02/11/2024","20:00:00","23.37","-0.454","3.868",-0.86,"1.00","-3.80","-0.06","8.258","3.92",2024-11-02 20:00:00,"PSY1N906",4
"02/11/2024","20:15:00","23.12","-0.178","3.927",-0.84,"1.00","-3.80","-0.02","8.265","3.92",2024-11-02 20:15:00,"PSY1N906",4
"02/11/2024","20:30:00","22.87","-0.634","3.694",-0.85,"1.00","-3.80","-0.08","8.276","3.92",2024-11-02 20:30:00,"PSY1N906",4
"02/11/2024","20:45:00","22.96","-0.586","3.806",-0.87,"1.00","-3.80","-0.07","8.272","3.92",2024-11-02 20:45:00,"PSY1N906",4
"02/11/2024","21:00:00","22.98","-0.373","3.934",-0.88,"1.00","-3.80","-0.05","8.272","3.92",2024-11-02 21:00:00,"PSY1N906",4
"02/11/2024","21:15:00","23.00","-0.428","3.865",-0.87,"1.00","-3.80","-0.05","8.269","3.92",2024-11-02 21:15:00,"PSY1N906",4
"02/11/2024","21:30:00","22.88","-0.390","3.920",-0.88,"1.00","-3.80","-0.05","8.276","3.92",2024-11-02 21:30:00,"PSY1N906",4
"02/11/2024","21:45:00","22.73","-0.289","3.818",-0.84,"1.00","-3.80","-0.03","8.279","3.92",2024-11-02 21:45:00,"PSY1N906",4
"02/11/2024","22:00:00","22.57","-0.487","3.767",-0.86,"1.00","-3.80","-0.06","8.287","3.92",2024-11-02 22:00:00,"PSY1N906",4
"02/11/2024","22:15:00","22.48","-0.569","3.841",-0.89,"1.00","-3.80","-0.07","8.290","3.92",2024-11-02 22:15:00,"PSY1N906",4
"02/11/2024","22:30:00","22.34","-0.317","3.822",-0.86,"1.00","-3.80","-0.04","8.294","3.92",2024-11-02 22:30:00,"PSY1N906",4
"02/11/2024","22:45:00","22.09","-0.400","3.818",-0.88,"1.00","-3.80","-0.05","8.305","3.92",2024-11-02 22:45:00,"PSY1N906",4
"02/11/2024","23:00:00","22.04","-0.607","3.591",-0.84,"1.00","-3.80","-0.08","8.305","3.92",2024-11-02 23:00:00,"PSY1N906",4
"02/11/2024","23:15:00","22.44","-0.553","3.721",-0.86,"1.00","-3.80","-0.07","8.290","3.92",2024-11-02 23:15:00,"PSY1N906",4
"02/11/2024","23:30:00","22.78","-0.522","3.764",-0.86,"1.00","-3.80","-0.07","8.279","3.92",2024-11-02 23:30:00,"PSY1N906",4
"02/11/2024","23:45:00","23.03","-0.572","3.774",-0.86,"1.00","-3.80","-0.07","8.269","3.91",2024-11-02 23:45:00,"PSY1N906",4
"03/11/2024","00:00:00","22.56","0.153","3.935",-0.82,"1.00","-3.80","0.02","8.287","3.91",2024-11-03,"PSY1N906",4
"03/11/2024","00:15:00","22.02","0.065","3.611",-0.76,"1.00","-3.80","0.00","8.305","3.91",2024-11-03 00:15:00,"PSY1N906",4
"03/11/2024","00:30:00","21.55","0.061","3.361",-0.7,"1.00","-3.80","0.00","8.323","3.91",2024-11-03 00:30:00,"PSY1N906",4
"03/11/2024","00:45:00","21.17","0.067","3.154",-0.65,"1.00","-3.80","0.00","8.337","3.91",2024-11-03 00:45:00,"PSY1N906",4
"03/11/2024","01:00:00","20.75","0.182","2.975",-0.59,"1.00","-3.80","0.02","8.352","3.91",2024-11-03 01:00:00,"PSY1N906",4
"03/11/2024","01:15:00","20.36","0.010","2.813",-0.58,"1.00","-3.80","0.00","8.366","3.91",2024-11-03 01:15:00,"PSY1N906",4
"03/11/2024","01:30:00","20.09","0.006","2.665",-0.54,"1.00","-3.80","0.00","8.377","3.91",2024-11-03 01:30:00,"PSY1N906",4
"03/11/2024","01:45:00","19.78","0.061","2.588",-0.52,"1.00","-3.80","0.00","8.388","3.91",2024-11-03 01:45:00,"PSY1N906",4
"03/11/2024","02:00:00","19.67","0.016","2.480",-0.49,"1.00","-3.80","0.00","8.392","3.91",2024-11-03 02:00:00,"PSY1N906",4
"03/11/2024","02:15:00","19.55","0.142","2.473",-0.48,"1.00","-3.80","0.01","8.395","3.91",2024-11-03 02:15:00,"PSY1N906",4
"03/11/2024","02:30:00","19.31","-0.040","2.388",-0.48,"1.00","-3.80","0.00","8.403","3.91",2024-11-03 02:30:00,"PSY1N906",4
"03/11/2024","02:45:00","19.18","0.009","2.331",-0.46,"1.00","-3.80","0.00","8.410","3.91",2024-11-03 02:45:00,"PSY1N906",4
"03/11/2024","03:00:00","19.06","0.107","2.323",-0.45,"1.00","-3.80","0.01","8.414","3.91",2024-11-03 03:00:00,"PSY1N906",4
"03/11/2024","03:15:00","18.95","0.092","2.241",-0.42,"1.00","-3.80","0.01","8.417","3.91",2024-11-03 03:15:00,"PSY1N906",4
"03/11/2024","03:30:00","18.95","0.037","2.201",-0.42,"1.00","-3.80","0.00","8.417","3.91",2024-11-03 03:30:00,"PSY1N906",4
"03/11/2024","03:45:00","18.87","-0.012","2.157",-0.41,"1.00","-3.80","0.00","8.421","3.90",2024-11-03 03:45:00,"PSY1N906",4
"03/11/2024","04:00:00","18.82","0.009","2.133",-0.4,"1.00","-3.80","0.00","8.421","3.90",2024-11-03 04:00:00,"PSY1N906",4
"03/11/2024","04:15:00","18.75","-0.029","2.094",-0.4,"1.00","-3.80","0.00","8.425","3.90",2024-11-03 04:15:00,"PSY1N906",4
"03/11/2024","04:30:00","18.74","0.036","2.090",-0.39,"1.00","-3.80","0.00","8.425","3.90",2024-11-03 04:30:00,"PSY1N906",4
"03/11/2024","04:45:00","18.60","-0.032","2.081",-0.4,"1.00","-3.80","0.00","8.428","3.90",2024-11-03 04:45:00,"PSY1N906",4
"03/11/2024","05:00:00","18.56","-0.065","2.027",-0.39,"1.00","-3.80","0.00","8.432","3.90",2024-11-03 05:00:00,"PSY1N906",4
"03/11/2024","05:15:00","18.42","-0.013","2.000",-0.37,"1.00","-3.80","0.00","8.436","3.90",2024-11-03 05:15:00,"PSY1N906",4
"03/11/2024","05:30:00","18.43","-0.109","1.936",-0.37,"1.00","-3.80","-0.01","8.436","3.90",2024-11-03 05:30:00,"PSY1N906",4
"03/11/2024","05:45:00","18.51","-0.048","1.914",-0.35,"1.00","-3.80","0.00","8.432","3.90",2024-11-03 05:45:00,"PSY1N906",4
"03/11/2024","06:00:00","18.55","0.056","1.937",-0.34,"1.00","-3.80","0.00","8.432","3.90",2024-11-03 06:00:00,"PSY1N906",4
"03/11/2024","06:15:00","18.51","0.026","1.933",-0.35,"1.00","-3.80","0.00","8.432","3.90",2024-11-03 06:15:00,"PSY1N906",4
"03/11/2024","06:30:00","18.54","-0.010","1.935",-0.35,"1.00","-3.80","0.00","8.432","3.90",2024-11-03 06:30:00,"PSY1N906",4
"03/11/2024","06:45:00","18.52","-0.021","1.868",-0.33,"1.00","-3.80","0.00","8.432","3.90",2024-11-03 06:45:00,"PSY1N906",4
"03/11/2024","07:00:00","18.58","-0.073","1.797",-0.31,"1.00","-3.80","-0.01","8.432","3.90",2024-11-03 07:00:00,"PSY1N906",4
"03/11/2024","07:15:00","18.60","0.053","1.833",-0.31,"1.00","-3.80","0.00","8.428","3.89",2024-11-03 07:15:00,"PSY1N906",4
"03/11/2024","07:30:00","18.36","0.076","1.956",-0.35,"1.00","-3.80","0.01","8.439","3.89",2024-11-03 07:30:00,"PSY1N906",4
"03/11/2024","07:45:00","18.15","0.057","2.021",-0.38,"1.00","-3.80","0.00","8.447","3.89",2024-11-03 07:45:00,"PSY1N906",4
"03/11/2024","08:00:00","18.37","-0.787","1.765",-0.41,"1.00","-3.80","-0.10","8.439","3.89",2024-11-03 08:00:00,"PSY1N906",4
"03/11/2024","08:15:00","18.89","-0.637","2.218",-0.52,"1.00","-3.80","-0.08","8.421","3.89",2024-11-03 08:15:00,"PSY1N906",4
"03/11/2024","08:30:00","19.35","-0.602","2.602",-0.62,"1.00","-3.80","-0.08","8.403","3.89",2024-11-03 08:30:00,"PSY1N906",4
"03/11/2024","08:45:00","19.68","-0.517","2.844",-0.68,"1.00","-3.80","-0.07","8.392","3.89",2024-11-03 08:45:00,"PSY1N906",4
"03/11/2024","09:00:00","19.85","-0.575","3.031",-0.74,"1.00","-3.80","-0.07","8.384","3.89",2024-11-03 09:00:00,"PSY1N906",4
"03/11/2024","09:15:00","19.93","-0.366","3.151",-0.74,"1.00","-3.80","-0.05","8.381","3.89",2024-11-03 09:15:00,"PSY1N906",4
"03/11/2024","09:30:00","20.04","-0.630","3.111",-0.76,"1.00","-3.80","-0.08","8.377","3.89",2024-11-03 09:30:00,"PSY1N906",4
"03/11/2024","09:45:00","20.26","-0.583","3.316",-0.81,"1.00","-3.80","-0.08","8.370","3.89",2024-11-03 09:45:00,"PSY1N906",4
"03/11/2024","10:00:00","20.60","-0.664","3.354",-0.82,"1.00","-3.80","-0.09","8.355","3.89",2024-11-03 10:00:00,"PSY1N906",4
"03/11/2024","10:15:00","20.98","-0.698","3.463",-0.85,"1.00","-3.80","-0.09","8.344","3.89",2024-11-03 10:15:00,"PSY1N906",4
"03/11/2024","10:30:00","21.21","-0.725","3.628",-0.89,"1.00","-3.80","-0.09","8.333","3.89",2024-11-03 10:30:00,"PSY1N906",4
"03/11/2024","10:45:00","21.36","-0.659","3.590",-0.87,"1.00","-3.80","-0.09","8.330","3.89",2024-11-03 10:45:00,"PSY1N906",4
"03/11/2024","11:00:00","21.61","-0.881","3.525",-0.87,"1.00","-3.80","-0.12","8.319","3.93",2024-11-03 11:00:00,"PSY1N906",4
"03/11/2024","11:15:00","21.87","-0.909","3.354",-0.82,"1.00","-3.80","-0.12","8.312","3.95",2024-11-03 11:15:00,"PSY1N906",4
"03/11/2024","11:30:00","21.81","-0.813","2.866",-0.67,"1.00","-3.80","-0.11","8.312","3.97",2024-11-03 11:30:00,"PSY1N906",4
"03/11/2024","11:45:00","21.96","-0.777","2.611",-0.59,"1.00","-3.80","-0.10","8.308","3.99",2024-11-03 11:45:00,"PSY1N906",4
"03/11/2024","12:00:00","21.98","-0.963","2.315",-0.53,"1.00","-3.80","-0.13","8.308","4.04",2024-11-03 12:00:00,"PSY1N906",4
"03/11/2024","12:15:00","22.31","-0.751","2.318",-0.49,"1.00","-3.80","-0.10","8.294","4.06",2024-11-03 12:15:00,"PSY1N906",4
"03/11/2024","12:30:00","22.45","-0.843","2.302",-0.5,"1.00","-3.80","-0.11","8.290","4.08",2024-11-03 12:30:00,"PSY1N906",4
"03/11/2024","12:45:00","23.06","-0.959","2.201",-0.47,"1.00","-3.80","-0.13","8.269","4.11",2024-11-03 12:45:00,"PSY1N906",4
"03/11/2024","13:00:00","23.85","-0.913","2.306",-0.48,"1.00","-3.80","-0.12","8.240","4.14",2024-11-03 13:00:00,"PSY1N906",4
"03/11/2024","13:15:00","24.06","0.174","2.895",-0.49,"1.00","-3.80","0.02","8.233","4.15",2024-11-03 13:15:00,"PSY1N906",4
"03/11/2024","13:30:00","24.18","-0.602","2.413",-0.46,"1.00","-3.80","-0.08","8.229","4.15",2024-11-03 13:30:00,"PSY1N906",4
"03/11/2024","13:45:00","24.03","-0.584","2.386",-0.46,"1.00","-3.80","-0.07","8.233","4.15",2024-11-03 13:45:00,"PSY1N906",4
"03/11/2024","14:00:00","24.15","-0.828","2.304",-0.46,"1.00","-3.80","-0.11","8.229","4.15",2024-11-03 14:00:00,"PSY1N906",4
"03/11/2024","14:15:00","24.15","-0.701","2.379",-0.47,"1.00","-3.80","-0.09","8.229","4.15",2024-11-03 14:15:00,"PSY1N906",4
"03/11/2024","14:30:00","24.36","-0.789","2.446",-0.49,"1.00","-3.80","-0.10","8.222","4.15",2024-11-03 14:30:00,"PSY1N906",4
"03/11/2024","14:45:00","24.43","-0.636","2.638",-0.52,"1.00","-3.80","-0.08","8.219","4.15",2024-11-03 14:45:00,"PSY1N906",4
"03/11/2024","15:00:00","24.45","-0.582","2.461",-0.47,"1.00","-3.80","-0.07","8.219","4.15",2024-11-03 15:00:00,"PSY1N906",4
"03/11/2024","15:15:00","24.40","-0.805","2.402",-0.48,"1.00","-3.80","-0.10","8.219","4.15",2024-11-03 15:15:00,"PSY1N906",4
"03/11/2024","15:30:00","24.10","-0.439","2.462",-0.46,"1.00","-3.80","-0.05","8.229","4.15",2024-11-03 15:30:00,"PSY1N906",4
"03/11/2024","15:45:00","24.58","-0.666","2.480",-0.48,"1.00","-3.80","-0.08","8.215","4.15",2024-11-03 15:45:00,"PSY1N906",4
"03/11/2024","16:00:00","24.90","-0.698","2.640",-0.52,"1.00","-3.80","-0.09","8.201","4.15",2024-11-03 16:00:00,"PSY1N906",4
"03/11/2024","16:15:00","25.05","-0.526","2.473",-0.45,"1.00","-3.80","-0.07","8.198","4.15",2024-11-03 16:15:00,"PSY1N906",4
"03/11/2024","16:30:00","24.65","-0.223","2.716",-0.48,"1.00","-3.80","-0.03","8.212","4.15",2024-11-03 16:30:00,"PSY1N906",4
"03/11/2024","16:45:00","24.74","-0.174","2.740",-0.48,"1.00","-3.80","-0.02","8.208","4.15",2024-11-03 16:45:00,"PSY1N906",4
"03/11/2024","17:00:00","24.70","-0.528","2.619",-0.5,"1.00","-3.80","-0.07","8.208","4.15",2024-11-03 17:00:00,"PSY1N906",4
"03/11/2024","17:15:00","24.42","-0.022","2.758",-0.47,"1.00","-3.80","0.00","8.219","4.15",2024-11-03 17:15:00,"PSY1N906",4
"03/11/2024","17:30:00","23.85","-0.172","2.641",-0.47,"1.00","-3.80","-0.02","8.240","4.15",2024-11-03 17:30:00,"PSY1N906",4
"03/11/2024","17:45:00","23.80","-0.198","2.458",-0.43,"1.00","-3.80","-0.02","8.240","4.15",2024-11-03 17:45:00,"PSY1N906",4
"03/11/2024","18:00:00","23.58","-0.128","2.536",-0.44,"1.00","-3.80","-0.01","8.251","4.15",2024-11-03 18:00:00,"PSY1N906",4
"03/11/2024","18:15:00","23.24","-0.026","2.498",-0.43,"1.00","-3.80","0.00","8.262","4.15",2024-11-03 18:15:00,"PSY1N906",4
"03/11/2024","18:30:00","23.05","-0.163","2.517",-0.45,"1.00","-3.80","-0.02","8.269","4.15",2024-11-03 18:30:00,"PSY1N906",4
"03/11/2024","18:45:00","22.82","0.006","2.500",-0.43,"1.00","-3.80","0.00","8.276","4.15",2024-11-03 18:45:00,"PSY1N906",4
"03/11/2024","19:00:00","22.83","-0.316","2.424",-0.45,"1.00","-3.80","-0.04","8.276","4.15",2024-11-03 19:00:00,"PSY1N906",4
"03/11/2024","19:15:00","22.70","-0.251","2.365",-0.43,"1.00","-3.80","-0.03","8.279","4.15",2024-11-03 19:15:00,"PSY1N906",4
"03/11/2024","19:30:00","22.63","-0.239","2.469",-0.46,"1.00","-3.80","-0.03","8.283","4.15",2024-11-03 19:30:00,"PSY1N906",4
"03/11/2024","19:45:00","22.54","-0.205","2.412",-0.44,"1.00","-3.80","-0.02","8.287","4.15",2024-11-03 19:45:00,"PSY1N906",4
"03/11/2024","20:00:00","22.45","-0.061","2.391",-0.42,"1.00","-3.80","0.00","8.290","4.15",2024-11-03 20:00:00,"PSY1N906",4
"03/11/2024","20:15:00","22.20","-0.282","2.472",-0.47,"1.00","-3.80","-0.03","8.297","4.15",2024-11-03 20:15:00,"PSY1N906",4
"03/11/2024","20:30:00","22.32","-0.480","2.303",-0.45,"1.00","-3.80","-0.06","8.294","4.15",2024-11-03 20:30:00,"PSY1N906",4
"03/11/2024","20:45:00","22.60","-0.580","2.346",-0.47,"1.00","-3.80","-0.07","8.283","4.15",2024-11-03 20:45:00,"PSY1N906",4
"03/11/2024","21:00:00","22.66","-0.288","2.486",-0.47,"1.00","-3.80","-0.03","8.283","4.15",2024-11-03 21:00:00,"PSY1N906",4
"03/11/2024","21:15:00","22.62","-0.230","2.480",-0.46,"1.00","-3.80","-0.03","8.283","4.15",2024-11-03 21:15:00,"PSY1N906",4
"03/11/2024","21:30:00","22.52","-0.357","2.442",-0.47,"1.00","-3.80","-0.04","8.287","4.15",2024-11-03 21:30:00,"PSY1N906",4
"03/11/2024","21:45:00","22.31","-0.297","2.470",-0.47,"1.00","-3.80","-0.04","8.294","4.15",2024-11-03 21:45:00,"PSY1N906",4
"03/11/2024","22:00:00","22.07","-0.146","2.356",-0.43,"1.00","-3.80","-0.02","8.305","4.15",2024-11-03 22:00:00,"PSY1N906",4
"03/11/2024","22:15:00","22.00","-0.230","2.445",-0.46,"1.00","-3.80","-0.03","8.305","4.15",2024-11-03 22:15:00,"PSY1N906",4
"03/11/2024","22:30:00","21.78","-0.363","2.461",-0.49,"1.00","-3.80","-0.04","8.315","4.15",2024-11-03 22:30:00,"PSY1N906",4
"03/11/2024","22:45:00","21.74","-0.158","2.396",-0.44,"1.00","-3.80","-0.02","8.315","4.15",2024-11-03 22:45:00,"PSY1N906",4
"03/11/2024","23:00:00","21.70","-0.352","2.301",-0.44,"1.00","-3.80","-0.04","8.315","4.15",2024-11-03 23:00:00,"PSY1N906",4
"03/11/2024","23:15:00","21.87","-0.496","2.322",-0.47,"1.00","-3.80","-0.06","8.312","4.15",2024-11-03 23:15:00,"PSY1N906",4
"03/11/2024","23:30:00","22.13","-0.589","2.378",-0.49,"1.00","-3.80","-0.08","8.301","4.15",2024-11-03 23:30:00,"PSY1N906",4
"03/11/2024","23:45:00","22.25","-0.443","2.357",-0.46,"1.00","-3.80","-0.06","8.297","4.15",2024-11-03 23:45:00,"PSY1N906",4
"04/11/2024","00:00:00","21.75","0.146","2.301",-0.38,"1.00","-3.80","0.01","8.315","4.15",2024-11-04,"PSY1N906",4
"04/11/2024","00:15:00","21.13","0.241","1.968",-0.28,"1.00","-3.80","0.03","8.337","4.15",2024-11-04 00:15:00,"PSY1N906",4
"04/11/2024","00:30:00","20.60","0.062","1.811",-0.26,"1.00","-3.80","0.00","8.355","4.15",2024-11-04 00:30:00,"PSY1N906",4
"04/11/2024","00:45:00","20.20","0.128","1.671",-0.22,"1.00","-3.80","0.01","8.370","4.15",2024-11-04 00:45:00,"PSY1N906",4
"04/11/2024","01:00:00","19.88","0.032","1.572",-0.21,"1.00","-3.80","0.00","8.384","4.15",2024-11-04 01:00:00,"PSY1N906",4
"04/11/2024","01:15:00","19.62","0.122","1.500",-0.18,"1.00","-3.80","0.01","8.392","4.15",2024-11-04 01:15:00,"PSY1N906",4
"04/11/2024","01:30:00","19.42","-0.001","1.418",-0.17,"1.00","-3.80","0.00","8.399","4.15",2024-11-04 01:30:00,"PSY1N906",4
"04/11/2024","01:45:00","19.26","0.071","1.380",-0.15,"1.00","-3.80","0.00","8.406","4.15",2024-11-04 01:45:00,"PSY1N906",4
"04/11/2024","02:59:59","19.13","-0.002","1.326",-0.15,"1.00","-3.80","0.00","8.410","4.15",2024-11-04 02:59:59,"PSY1N906",4
"04/11/2024","03:00:00","18.77","0.101","1.315",-0.13,"1.00","-3.80","0.01","8.425","4.15",2024-11-04 03:00:00,"PSY1N906",4
"04/11/2024","03:15:00","18.65","0.079","1.239",-0.11,"1.00","-3.80","0.01","8.428","4.15",2024-11-04 03:15:00,"PSY1N906",4
"04/11/2024","03:30:00","18.61","-0.035","1.209",-0.12,"1.00","-3.80","0.00","8.428","4.15",2024-11-04 03:30:00,"PSY1N906",4
"04/11/2024","03:45:00","18.56","0.025","1.180",-0.1,"1.00","-3.80","0.00","8.432","4.15",2024-11-04 03:45:00,"PSY1N906",4
"04/11/2024","04:00:00","18.51","-0.066","1.151",-0.11,"1.00","-3.80","0.00","8.432","4.15",2024-11-04 04:00:00,"PSY1N906",4
"04/11/2024","04:15:00","18.46","-0.012","1.136",-0.1,"1.00","-3.80","0.00","8.436","4.15",2024-11-04 04:15:00,"PSY1N906",4
"04/11/2024","04:30:00","18.42","-0.080","1.124",-0.1,"1.00","-3.80","-0.01","8.436","4.15",2024-11-04 04:30:00,"PSY1N906",4
"04/11/2024","04:45:00","18.39","-0.036","1.097",-0.09,"1.00","-3.80","0.00","8.439","4.15",2024-11-04 04:45:00,"PSY1N906",4
"04/11/2024","05:00:00","18.35","-0.084","1.091",-0.09,"1.00","-3.80","-0.01","8.439","4.15",2024-11-04 05:00:00,"PSY1N906",4
"04/11/2024","05:15:00","18.33","-0.058","1.083",-0.09,"1.00","-3.80","0.00","8.439","4.15",2024-11-04 05:15:00,"PSY1N906",4
"04/11/2024","05:30:00","18.30","-0.105","1.056",-0.09,"1.00","-3.80","-0.01","8.439","4.14",2024-11-04 05:30:00,"PSY1N906",4
"04/11/2024","05:45:00","18.27","-0.026","1.030",-0.07,"1.00","-3.80","0.00","8.443","4.15",2024-11-04 05:45:00,"PSY1N906",4
"04/11/2024","06:00:00","18.21","-0.136","1.029",-0.08,"1.00","-3.80","-0.01","8.443","4.15",2024-11-04 06:00:00,"PSY1N906",4
"04/11/2024","06:15:00","18.16","-0.046","1.036",-0.07,"1.00","-3.80","0.00","8.447","4.15",2024-11-04 06:15:00,"PSY1N906",4
"04/11/2024","06:30:00","18.09","-0.158","1.012",-0.08,"1.00","-3.80","-0.02","8.451","4.15",2024-11-04 06:30:00,"PSY1N906",4
"04/11/2024","06:45:00","18.00","-0.046","1.022",-0.07,"1.00","-3.80","0.00","8.451","4.15",2024-11-04 06:45:00,"PSY1N906",4
"04/11/2024","07:00:00","17.94","-0.120","1.003",-0.07,"1.00","-3.80","-0.01","8.454","4.15",2024-11-04 07:00:00,"PSY1N906",4
"04/11/2024","07:15:00","17.91","-0.110","0.979",-0.07,"1.00","-3.80","-0.01","8.454","4.15",2024-11-04 07:15:00,"PSY1N906",4
"04/11/2024","07:30:00","17.96","-0.181","1.039",-0.09,"1.00","-3.80","-0.02","8.454","4.15",2024-11-04 07:30:00,"PSY1N906",4
"04/11/2024","07:45:00","18.02","-0.119","1.160",-0.12,"1.00","-3.80","-0.01","8.451","4.15",2024-11-04 07:45:00,"PSY1N906",4
"04/11/2024","08:00:00","18.46","-0.740","0.896",-0.12,"1.00","-3.80","-0.10","8.436","4.15",2024-11-04 08:00:00,"PSY1N906",4
"04/11/2024","08:15:00","19.18","-0.836","1.153",-0.21,"1.00","-3.80","-0.11","8.410","4.15",2024-11-04 08:15:00,"PSY1N906",4
"04/11/2024","08:30:00","19.71","-0.704","1.464",-0.28,"1.00","-3.80","-0.09","8.388","4.15",2024-11-04 08:30:00,"PSY1N906",4
"04/11/2024","08:45:00","19.96","-0.385","1.785",-0.33,"1.00","-3.80","-0.05","8.381","4.14",2024-11-04 08:45:00,"PSY1N906",4
"04/11/2024","09:00:00","19.78","-0.509","1.931",-0.39,"1.00","-3.80","-0.07","8.388","4.15",2024-11-04 09:00:00,"PSY1N906",4
"04/11/2024","09:15:00","19.58","-0.795","1.644",-0.35,"1.00","-3.80","-0.10","8.395","4.15",2024-11-04 09:15:00,"PSY1N906",4
"04/11/2024","09:30:00","19.63","-0.260","2.003",-0.38,"1.00","-3.80","-0.03","8.392","4.15",2024-11-04 09:30:00,"PSY1N906",4
"04/11/2024","09:45:00","19.94","-0.638","1.708",-0.34,"1.00","-3.80","-0.08","8.381","4.15",2024-11-04 09:45:00,"PSY1N906",4
"04/11/2024","10:00:00","20.09","-0.219","2.154",-0.42,"1.00","-3.80","-0.03","8.377","4.15",2024-11-04 10:00:00,"PSY1N906",4
"04/11/2024","10:15:00","20.29","-0.615","1.997",-0.42,"1.00","-3.80","-0.08","8.370","4.15",2024-11-04 10:15:00,"PSY1N906",4
"04/11/2024","10:30:00","20.97","0.528","2.339",-0.35,"1.00","-3.80","0.07","8.344","4.15",2024-11-04 10:30:00,"PSY1N906",4
"04/11/2024","10:45:00","21.82","-0.859","2.169",-0.47,"1.00","-3.80","-0.11","8.312","4.15",2024-11-04 10:45:00,"PSY1N906",4
"04/11/2024","11:00:00","22.11","0.208","1.977",-0.27,"1.00","-3.80","0.02","8.301","4.15",2024-11-04 11:00:00,"PSY1N906",4
"04/11/2024","11:15:00","22.05","-0.651","2.227",-0.46,"1.00","-3.80","-0.08","8.305","4.15",2024-11-04 11:15:00,"PSY1N906",4
"04/11/2024","11:30:00","22.49","-0.919","2.016",-0.43,"1.00","-3.80","-0.12","8.290","4.15",2024-11-04 11:30:00,"PSY1N906",4
"04/11/2024","11:45:00","22.30","0.494","2.552",-0.39,"1.00","-3.80","0.06","8.294","4.15",2024-11-04 11:45:00,"PSY1N906",4
"04/11/2024","12:00:00","22.47","-0.061","2.298",-0.39,"1.00","-3.80","0.00","8.290","4.15",2024-11-04 12:00:00,"PSY1N906",4
"04/11/2024","12:15:00","22.74","-0.509","2.528",-0.51,"1.00","-3.80","-0.06","8.279","4.15",2024-11-04 12:15:00,"PSY1N906",4
"04/11/2024","12:30:00","23.04","-1.094","1.959",-0.42,"1.00","-3.80","-0.14","8.269","4.15",2024-11-04 12:30:00,"PSY1N906",4
"24/10/2024","17:15:00","24.56","-1.054","2.218",-0.46,"1.00","-3.80","-0.14","8.215","3.70",2024-10-24 17:15:00,"PSY1N909",1
"24/10/2024","17:30:00","24.40","-0.906","2.209",-0.44,"1.00","-3.80","-0.12","8.219","3.70",2024-10-24 17:30:00,"PSY1N909",1
"24/10/2024","17:45:00","24.57","-0.721","2.502",-0.5,"1.00","-3.80","-0.09","8.215","3.71",2024-10-24 17:45:00,"PSY1N909",1
"24/10/2024","18:00:00","24.63","-0.198","2.599",-0.45,"1.00","-3.80","-0.02","8.212","3.71",2024-10-24 18:00:00,"PSY1N909",1
"24/10/2024","18:15:00","24.26","0.506","3.829",-0.69,"1.00","-3.80","0.06","8.226","3.71",2024-10-24 18:15:00,"PSY1N909",1
"24/10/2024","18:30:00","24.18","-0.492","2.576",-0.49,"1.00","-3.80","-0.06","8.229","3.72",2024-10-24 18:30:00,"PSY1N909",1
"24/10/2024","18:45:00","24.20","-0.182","2.791",-0.51,"1.00","-3.80","-0.02","8.226","3.72",2024-10-24 18:45:00,"PSY1N909",1
"24/10/2024","19:00:00","24.23","-0.714","2.760",-0.57,"1.00","-3.80","-0.09","8.226","3.72",2024-10-24 19:00:00,"PSY1N909",1
"24/10/2024","19:15:00","24.14","-0.285","2.914",-0.56,"1.00","-3.80","-0.03","8.229","3.73",2024-10-24 19:15:00,"PSY1N909",1
"24/10/2024","19:30:00","24.03","0.015","2.895",-0.51,"1.00","-3.80","0.00","8.233","3.73",2024-10-24 19:30:00,"PSY1N909",1
"24/10/2024","19:45:00","24.05","-0.666","2.798",-0.58,"1.00","-3.80","-0.08","8.233","3.73",2024-10-24 19:45:00,"PSY1N909",1
"24/10/2024","20:00:00","23.84","-0.005","2.868",-0.51,"1.00","-3.80","0.00","8.240","3.74",2024-10-24 20:00:00,"PSY1N909",1
"24/10/2024","20:15:00","23.46","0.110","2.800",-0.49,"1.00","-3.80","0.01","8.254","3.74",2024-10-24 20:15:00,"PSY1N909",1
"24/10/2024","20:30:00","23.15","0.320","2.885",-0.49,"1.00","-3.80","0.04","8.265","3.74",2024-10-24 20:30:00,"PSY1N909",1
"24/10/2024","20:45:00","22.90","-0.218","3.369",-0.7,"1.00","-3.80","-0.02","8.272","3.74",2024-10-24 20:45:00,"PSY1N909",1
"24/10/2024","21:00:00","22.74","0.054","2.971",-0.56,"1.00","-3.80","0.00","8.279","3.75",2024-10-24 21:00:00,"PSY1N909",1
"24/10/2024","21:15:00","23.03","-0.894","2.476",-0.54,"1.00","-3.80","-0.12","8.269","3.75",2024-10-24 21:15:00,"PSY1N909",1
"24/10/2024","21:30:00","23.53","-0.849","2.630",-0.57,"1.00","-3.80","-0.11","8.251","3.75",2024-10-24 21:30:00,"PSY1N909",1
"24/10/2024","21:45:00","23.67","-0.669","2.644",-0.54,"1.00","-3.80","-0.09","8.247","3.76",2024-10-24 21:45:00,"PSY1N909",1
"24/10/2024","22:00:00","23.52","-0.511","2.936",-0.61,"1.00","-3.80","-0.06","8.251","3.76",2024-10-24 22:00:00,"PSY1N909",1
"24/10/2024","22:15:00","23.38","-0.265","2.738",-0.52,"1.00","-3.80","-0.03","8.258","3.76",2024-10-24 22:15:00,"PSY1N909",1
"24/10/2024","22:30:00","23.55","-0.634","2.675",-0.55,"1.00","-3.80","-0.08","8.251","3.76",2024-10-24 22:30:00,"PSY1N909",1
"24/10/2024","22:45:00","23.72","-0.819","2.642",-0.56,"1.00","-3.80","-0.11","8.244","3.76",2024-10-24 22:45:00,"PSY1N909",1
"24/10/2024","23:00:00","23.20","0.301","2.833",-0.47,"1.00","-3.80","0.04","8.262","3.76",2024-10-24 23:00:00,"PSY1N909",1
"24/10/2024","23:15:00","22.49","0.126","2.202",-0.34,"1.00","-3.80","0.01","8.290","3.76",2024-10-24 23:15:00,"PSY1N909",1
"24/10/2024","23:30:00","21.96","0.125","1.847",-0.24,"1.00","-3.80","0.01","8.308","3.76",2024-10-24 23:30:00,"PSY1N909",1
"24/10/2024","23:45:00","21.57","0.051","1.608",-0.19,"1.00","-3.80","0.00","8.323","3.76",2024-10-24 23:45:00,"PSY1N909",1
"25/10/2024","00:00:00","21.27","0.108","1.453",-0.14,"1.00","-3.80","0.01","8.333","3.77",2024-10-25,"PSY1N909",1
"25/10/2024","00:15:00","21.03","0.136","1.314",-0.1,"1.00","-3.80","0.01","8.341","3.77",2024-10-25 00:15:00,"PSY1N909",1
"25/10/2024","00:30:00","20.84","0.059","1.205",-0.08,"1.00","-3.80","0.00","8.348","3.77",2024-10-25 00:30:00,"PSY1N909",1
"25/10/2024","00:45:00","20.70","0.089","1.150",-0.06,"1.00","-3.80","0.01","8.352","3.77",2024-10-25 00:45:00,"PSY1N909",1
"25/10/2024","01:00:00","20.59","-0.041","1.099",-0.07,"1.00","-3.80","0.00","8.359","3.77",2024-10-25 01:00:00,"PSY1N909",1
"25/10/2024","01:15:00","20.49","-0.065","1.063",-0.06,"1.00","-3.80","0.00","8.362","3.77",2024-10-25 01:15:00,"PSY1N909",1
"25/10/2024","01:30:00","20.41","-0.001","1.072",-0.05,"1.00","-3.80","0.00","8.362","3.77",2024-10-25 01:30:00,"PSY1N909",1
"25/10/2024","01:45:00","20.32","-0.019","1.074",-0.06,"1.00","-3.80","0.00","8.366","3.77",2024-10-25 01:45:00,"PSY1N909",1
"25/10/2024","02:00:00","20.23","0.036","1.021",-0.04,"1.00","-3.80","0.00","8.370","3.77",2024-10-25 02:00:00,"PSY1N909",1
"25/10/2024","02:15:00","20.15","-0.026","1.055",-0.05,"1.00","-3.80","0.00","8.373","3.77",2024-10-25 02:15:00,"PSY1N909",1
"25/10/2024","02:30:00","20.06","-0.041","1.007",-0.04,"1.00","-3.80","0.00","8.377","3.77",2024-10-25 02:30:00,"PSY1N909",1
"25/10/2024","02:45:00","19.99","-0.111","0.968",-0.04,"1.00","-3.80","-0.01","8.381","3.77",2024-10-25 02:45:00,"PSY1N909",1
"25/10/2024","03:00:00","19.94","-0.139","0.944",-0.04,"1.00","-3.80","-0.01","8.381","3.77",2024-10-25 03:00:00,"PSY1N909",1
"25/10/2024","03:15:00","19.91","-0.129","0.910",-0.03,"1.00","-3.80","-0.01","8.381","3.77",2024-10-25 03:15:00,"PSY1N909",1
"25/10/2024","03:30:00","19.89","-0.161","0.850",-0.01,"1.00","-3.80","-0.02","8.384","3.77",2024-10-25 03:30:00,"PSY1N909",1
"25/10/2024","03:45:00","19.87","-0.197","0.816",-0.01,"1.00","-3.80","-0.02","8.384","3.77",2024-10-25 03:45:00,"PSY1N909",1
"25/10/2024","04:00:00","19.85","-0.253","0.756",0,"1.00","-3.80","-0.03","8.384","3.78",2024-10-25 04:00:00,"PSY1N909",1
"25/10/2024","04:15:00","19.87","-0.206","0.000",0,"1.00","-3.80","-0.02","8.384","3.78",2024-10-25 04:15:00,"PSY1N909",1
"25/10/2024","04:30:00","19.85","-0.225","0.000",0,"1.00","-3.80","-0.03","8.384","3.78",2024-10-25 04:30:00,"PSY1N909",1
"25/10/2024","04:45:00","19.81","-0.227","0.000",0,"1.00","-3.80","-0.03","8.384","3.78",2024-10-25 04:45:00,"PSY1N909",1
"25/10/2024","05:00:00","19.73","-0.220","0.000",0,"1.00","-3.80","-0.03","8.388","3.78",2024-10-25 05:00:00,"PSY1N909",1
"25/10/2024","05:15:00","19.67","-0.222","0.000",0,"1.00","-3.80","-0.03","8.392","3.78",2024-10-25 05:15:00,"PSY1N909",1
"25/10/2024","05:30:00","19.62","-0.234","0.000",0,"1.00","-3.80","-0.03","8.392","3.78",2024-10-25 05:30:00,"PSY1N909",1
"25/10/2024","05:45:00","19.56","-0.281","0.000",0,"1.00","-3.80","-0.03","8.395","3.78",2024-10-25 05:45:00,"PSY1N909",1
"25/10/2024","06:00:00","19.52","-0.181","0.000",0,"1.00","-3.80","-0.02","8.395","3.79",2024-10-25 06:00:00,"PSY1N909",1
"25/10/2024","06:15:00","19.51","-0.218","0.000",0,"1.00","-3.80","-0.03","8.395","3.79",2024-10-25 06:15:00,"PSY1N909",1
"25/10/2024","06:30:00","19.54","-0.321","0.000",0,"1.00","-3.80","-0.04","8.395","3.79",2024-10-25 06:30:00,"PSY1N909",1
"25/10/2024","06:45:00","19.58","-0.309","0.000",0,"1.00","-3.80","-0.04","8.395","3.79",2024-10-25 06:45:00,"PSY1N909",1
"25/10/2024","07:00:00","19.74","-1.352","0.270",0,"1.00","-3.80","-0.18","8.388","3.79",2024-10-25 07:00:00,"PSY1N909",1
"25/10/2024","07:15:00","20.51","-0.959","0.494",-0.01,"1.00","-3.80","-0.13","8.359","3.79",2024-10-25 07:15:00,"PSY1N909",1
"25/10/2024","07:30:00","20.96","-0.843","1.579",-0.31,"1.00","-3.80","-0.11","8.344","3.79",2024-10-25 07:30:00,"PSY1N909",1
"25/10/2024","07:45:00","21.31","-0.727","1.705",-0.33,"1.00","-3.80","-0.09","8.330","3.80",2024-10-25 07:45:00,"PSY1N909",1
"25/10/2024","08:00:00","21.41","-0.033","2.210",-0.38,"1.00","-3.80","0.00","8.326","3.80",2024-10-25 08:00:00,"PSY1N909",1
"25/10/2024","08:15:00","21.49","-0.628","2.113",-0.43,"1.00","-3.80","-0.08","8.326","3.80",2024-10-25 08:15:00,"PSY1N909",1
"25/10/2024","08:30:00","21.50","-0.389","2.256",-0.44,"1.00","-3.80","-0.05","8.323","3.80",2024-10-25 08:30:00,"PSY1N909",1
"25/10/2024","08:45:00","21.68","-0.573","2.069",-0.41,"1.00","-3.80","-0.07","8.319","3.80",2024-10-25 08:45:00,"PSY1N909",1
"25/10/2024","09:00:00","21.94","-1.241","2.173",-0.52,"1.00","-3.80","-0.16","8.308","3.81",2024-10-25 09:00:00,"PSY1N909",1
"25/10/2024","09:15:00","22.20","-0.944","2.026",-0.44,"1.00","-3.80","-0.12","8.297","3.79",2024-10-25 09:15:00,"PSY1N909",1
"25/10/2024","09:30:00","22.22","-0.608","2.647",-0.57,"1.00","-3.80","-0.08","8.297","3.79",2024-10-25 09:30:00,"PSY1N909",1
"25/10/2024","09:45:00","22.39","-1.078","2.209",-0.5,"1.00","-3.80","-0.14","8.294","3.79",2024-10-25 09:45:00,"PSY1N909",1
"25/10/2024","10:00:00","22.53","-0.965","2.016",-0.43,"1.00","-3.80","-0.13","8.287","3.79",2024-10-25 10:00:00,"PSY1N909",1
"25/10/2024","10:15:00","23.08","-1.674","2.251",-0.58,"1.00","-3.80","-0.22","8.269","3.79",2024-10-25 10:15:00,"PSY1N909",1
"25/10/2024","10:30:00","23.48","-1.521","2.099",-0.51,"1.00","-3.80","-0.20","8.254","3.78",2024-10-25 10:30:00,"PSY1N909",1
"25/10/2024","10:45:00","23.56","-1.635","2.909",-0.75,"1.00","-3.80","-0.22","8.251","3.78",2024-10-25 10:45:00,"PSY1N909",1
"25/10/2024","11:00:00","23.98","-1.832","2.057",-0.54,"1.00","-3.80","-0.24","8.237","3.78",2024-10-25 11:00:00,"PSY1N909",1
"25/10/2024","11:15:00","24.67","-1.635","2.401",-0.59,"1.00","-3.80","-0.22","8.212","3.78",2024-10-25 11:15:00,"PSY1N909",1
"25/10/2024","11:30:00","25.09","-0.821","3.012",-0.63,"1.00","-3.80","-0.11","8.198","3.78",2024-10-25 11:30:00,"PSY1N909",1
"25/10/2024","11:45:00","25.37","-1.780","2.428",-0.6,"1.00","-3.80","-0.23","8.187","3.78",2024-10-25 11:45:00,"PSY1N909",1
"25/10/2024","12:00:00","25.66","-1.531","2.151",-0.49,"1.00","-3.80","-0.20","8.175","3.78",2024-10-25 12:00:00,"PSY1N909",1
"25/10/2024","12:15:00","26.00","-1.568","2.633",-0.62,"1.00","-3.80","-0.20","8.161","3.78",2024-10-25 12:15:00,"PSY1N909",1
"25/10/2024","12:30:00","25.97","-1.345","2.668",-0.6,"1.00","-3.80","-0.18","8.166","3.78",2024-10-25 12:30:00,"PSY1N909",1
"25/10/2024","12:45:00","26.00","-1.805","2.069",-0.5,"1.00","-3.80","-0.24","8.161","3.78",2024-10-25 12:45:00,"PSY1N909",1
"25/10/2024","13:00:00","25.42","1.441","3.790",-0.52,"1.00","-3.80","0.19","8.184","3.78",2024-10-25 13:00:00,"PSY1N909",1
"25/10/2024","13:15:00","25.02","-0.846","2.267",-0.44,"1.00","-3.80","-0.11","8.198","3.77",2024-10-25 13:15:00,"PSY1N909",1
"25/10/2024","13:30:00","24.78","-0.453","2.466",-0.45,"1.00","-3.80","-0.06","8.208","3.79",2024-10-25 13:30:00,"PSY1N909",1
"25/10/2024","13:45:00","25.07","-1.042","2.389",-0.5,"1.00","-3.80","-0.14","8.198","3.80",2024-10-25 13:45:00,"PSY1N909",1
"25/10/2024","14:00:00","25.77","-1.492","2.505",-0.58,"1.00","-3.80","-0.19","8.173","3.81",2024-10-25 14:00:00,"PSY1N909",1
"25/10/2024","14:15:00","26.27","-1.020","2.734",-0.56,"1.00","-3.80","-0.13","8.154","3.81",2024-10-25 14:15:00,"PSY1N909",1
"25/10/2024","14:30:00","26.38","-0.876","2.923",-0.59,"1.00","-3.80","-0.11","8.152","3.81",2024-10-25 14:30:00,"PSY1N909",1
"25/10/2024","14:45:00","26.73","-1.035","2.893",-0.6,"1.00","-3.80","-0.13","8.137","3.82",2024-10-25 14:45:00,"PSY1N909",1
"25/10/2024","15:00:00","26.91","-0.677","4.099",-0.85,"1.00","-3.80","-0.09","8.130","3.82",2024-10-25 15:00:00,"PSY1N909",1
"25/10/2024","15:15:00","26.97","-1.076","2.878",-0.59,"1.00","-3.80","-0.14","8.130","3.83",2024-10-25 15:15:00,"PSY1N909",1
"25/10/2024","15:30:14","26.76","0.327","5.016",-0.95,"1.00","-3.80","0.04","8.137","3.83",2024-10-25 15:30:14,"PSY1N909",1
"25/10/2024","15:45:00","26.59","-1.713","2.821",-0.67,"1.00","-3.80","-0.22","8.145","3.84",2024-10-25 15:45:00,"PSY1N909",1
"25/10/2024","16:00:00","26.82","-0.213","3.334",-0.6,"1.00","-3.80","-0.02","8.134","3.85",2024-10-25 16:00:00,"PSY1N909",1
"25/10/2024","16:15:00","26.61","-0.513","3.112",-0.59,"1.00","-3.80","-0.06","8.141","3.85",2024-10-25 16:15:00,"PSY1N909",1
"25/10/2024","16:30:00","26.66","-1.099","3.063",-0.65,"1.00","-3.80","-0.14","8.141","3.86",2024-10-25 16:30:00,"PSY1N909",1
"25/10/2024","16:45:00","26.55","-1.191","3.653",-0.81,"1.00","-3.80","-0.15","8.145","3.87",2024-10-25 16:45:00,"PSY1N909",1
"25/10/2024","17:00:00","26.71","-0.810","3.451",-0.71,"1.00","-3.80","-0.10","8.137","3.88",2024-10-25 17:00:00,"PSY1N909",1
"25/10/2024","17:15:00","26.61","0.377","3.972",-0.68,"1.00","-3.80","0.05","8.141","3.88",2024-10-25 17:15:00,"PSY1N909",1
"25/10/2024","17:30:00","26.52","-1.113","3.141",-0.67,"1.00","-3.80","-0.14","8.145","3.89",2024-10-25 17:30:00,"PSY1N909",1
"25/10/2024","17:45:00","26.69","-0.918","3.414",-0.71,"1.00","-3.80","-0.12","8.141","3.89",2024-10-25 17:45:00,"PSY1N909",1
"25/10/2024","18:00:00","26.62","-0.914","3.474",-0.73,"1.00","-3.80","-0.12","8.141","3.90",2024-10-25 18:00:00,"PSY1N909",1
"25/10/2024","18:15:00","26.55","-0.796","3.315",-0.68,"1.00","-3.80","-0.10","8.145","3.90",2024-10-25 18:15:00,"PSY1N909",1
"25/10/2024","18:30:00","26.43","-0.838","3.537",-0.74,"1.00","-3.80","-0.11","8.148","3.91",2024-10-25 18:30:00,"PSY1N909",1
"25/10/2024","18:45:00","26.15","-0.665","3.454",-0.7,"1.00","-3.80","-0.08","8.159","3.91",2024-10-25 18:45:00,"PSY1N909",1
"25/10/2024","19:00:00","26.03","-0.817","3.262",-0.68,"1.00","-3.80","-0.10","8.161","3.92",2024-10-25 19:00:00,"PSY1N909",1
"25/10/2024","19:15:00","25.84","-0.722","3.232",-0.66,"1.00","-3.80","-0.09","8.168","3.93",2024-10-25 19:15:00,"PSY1N909",1
"25/10/2024","19:30:00","25.63","-0.422","3.449",-0.68,"1.00","-3.80","-0.05","8.175","3.93",2024-10-25 19:30:00,"PSY1N909",1
"25/10/2024","19:45:00","25.26","-0.733","3.626",-0.78,"1.00","-3.80","-0.09","8.191","3.94",2024-10-25 19:45:00,"PSY1N909",1
"25/10/2024","20:00:00","24.98","-0.503","3.484",-0.72,"1.00","-3.80","-0.06","8.201","3.95",2024-10-25 20:00:00,"PSY1N909",1
"25/10/2024","20:15:00","25.01","-0.370","3.260",-0.64,"1.00","-3.80","-0.04","8.198","3.95",2024-10-25 20:15:00,"PSY1N909",1
"25/10/2024","20:30:00","24.84","-0.091","3.729",-0.73,"1.00","-3.80","-0.01","8.205","3.96",2024-10-25 20:30:00,"PSY1N909",1
"25/10/2024","20:45:00","24.51","-0.234","3.578",-0.72,"1.00","-3.80","-0.03","8.215","3.96",2024-10-25 20:45:00,"PSY1N909",1
"25/10/2024","21:00:00","24.52","0.001","3.720",-0.72,"1.00","-3.80","0.00","8.215","3.97",2024-10-25 21:00:00,"PSY1N909",1
"25/10/2024","21:15:00","24.20","-0.272","3.661",-0.75,"1.00","-3.80","-0.03","8.226","3.97",2024-10-25 21:15:00,"PSY1N909",1
"25/10/2024","21:30:00","24.20","-0.882","3.377",-0.76,"1.00","-3.80","-0.11","8.226","3.98",2024-10-25 21:30:00,"PSY1N909",1
"25/10/2024","21:45:00","24.24","-0.598","3.480",-0.75,"1.00","-3.80","-0.08","8.226","3.98",2024-10-25 21:45:00,"PSY1N909",1
"25/10/2024","22:00:00","24.14","-0.672","3.712",-0.82,"1.00","-3.80","-0.09","8.229","3.99",2024-10-25 22:00:00,"PSY1N909",1
"25/10/2024","22:15:00","23.83","-0.650","3.110",-0.67,"1.00","-3.80","-0.08","8.240","4.00",2024-10-25 22:15:00,"PSY1N909",1
"25/10/2024","22:30:00","24.06","-0.808","3.029",-0.66,"1.00","-3.80","-0.10","8.233","4.02",2024-10-25 22:30:00,"PSY1N909",1
"25/10/2024","22:45:00","24.33","-0.870","3.113",-0.68,"1.00","-3.80","-0.11","8.222","4.03",2024-10-25 22:45:00,"PSY1N909",1
"25/10/2024","23:00:00","23.81","0.416","3.682",-0.68,"1.00","-3.80","0.05","8.240","4.04",2024-10-25 23:00:00,"PSY1N909",1
"25/10/2024","23:15:00","23.11","0.205","3.126",-0.57,"1.00","-3.80","0.02","8.265","4.05",2024-10-25 23:15:00,"PSY1N909",1
"25/10/2024","23:30:00","22.62","0.129","2.784",-0.5,"1.00","-3.80","0.01","8.283","4.06",2024-10-25 23:30:00,"PSY1N909",1
"25/10/2024","23:45:00","22.21","0.188","2.575",-0.44,"1.00","-3.80","0.02","8.297","4.07",2024-10-25 23:45:00,"PSY1N909",1
"26/10/2024","00:00:00","21.79","0.204","2.344",-0.38,"1.00","-3.80","0.02","8.315","4.07",2024-10-26,"PSY1N909",1
"26/10/2024","00:15:00","21.29","0.271","2.159",-0.33,"1.00","-3.80","0.03","8.333","4.08",2024-10-26 00:15:00,"PSY1N909",1
"26/10/2024","00:30:00","20.81","0.344","1.990",-0.28,"1.00","-3.80","0.04","8.348","4.09",2024-10-26 00:30:00,"PSY1N909",1
"26/10/2024","00:45:00","20.43","0.219","1.850",-0.26,"1.00","-3.80","0.03","8.362","4.10",2024-10-26 00:45:00,"PSY1N909",1
"26/10/2024","01:00:00","20.10","0.154","1.822",-0.26,"1.00","-3.80","0.02","8.373","4.10",2024-10-26 01:00:00,"PSY1N909",1
"26/10/2024","01:15:00","19.85","0.203","1.626",-0.2,"1.00","-3.80","0.02","8.384","4.11",2024-10-26 01:15:00,"PSY1N909",1
"26/10/2024","01:30:00","19.66","0.010","1.627",-0.23,"1.00","-3.80","0.00","8.392","4.12",2024-10-26 01:30:00,"PSY1N909",1
"26/10/2024","01:45:00","19.56","0.180","1.545",-0.18,"1.00","-3.80","0.02","8.395","4.13",2024-10-26 01:45:00,"PSY1N909",1
"26/10/2024","02:00:00","19.45","0.139","1.462",-0.17,"1.00","-3.80","0.01","8.399","4.14",2024-10-26 02:00:00,"PSY1N909",1
"26/10/2024","02:15:00","19.28","0.051","1.378",-0.15,"1.00","-3.80","0.00","8.406","4.14",2024-10-26 02:15:00,"PSY1N909",1
"26/10/2024","02:30:00","19.20","0.016","1.402",-0.17,"1.00","-3.80","0.00","8.406","4.15",2024-10-26 02:30:00,"PSY1N909",1
"26/10/2024","02:45:00","19.18","0.088","1.357",-0.14,"1.00","-3.80","0.01","8.410","4.15",2024-10-26 02:45:00,"PSY1N909",1
"26/10/2024","03:00:00","19.12","-0.022","1.328",-0.15,"1.00","-3.80","0.00","8.410","4.15",2024-10-26 03:00:00,"PSY1N909",1
"26/10/2024","03:15:00","18.97","0.101","1.304",-0.13,"1.00","-3.80","0.01","8.417","4.15",2024-10-26 03:15:00,"PSY1N909",1
"26/10/2024","03:30:00","18.94","0.001","1.246",-0.12,"1.00","-3.80","0.00","8.417","4.15",2024-10-26 03:30:00,"PSY1N909",1
"26/10/2024","03:45:00","18.86","-0.149","1.234",-0.14,"1.00","-3.80","-0.02","8.421","4.15",2024-10-26 03:45:00,"PSY1N909",1
"26/10/2024","04:00:00","18.87","-0.157","1.187",-0.13,"1.00","-3.80","-0.02","8.421","4.15",2024-10-26 04:00:00,"PSY1N909",1
"26/10/2024","04:15:00","18.93","-0.187","1.143",-0.12,"1.00","-3.80","-0.02","8.417","4.15",2024-10-26 04:15:00,"PSY1N909",1
"26/10/2024","04:30:00","19.01","-0.188","1.124",-0.11,"1.00","-3.80","-0.02","8.414","4.15",2024-10-26 04:30:00,"PSY1N909",1
"26/10/2024","04:45:00","19.04","-0.166","1.092",-0.1,"1.00","-3.80","-0.02","8.414","4.15",2024-10-26 04:45:00,"PSY1N909",1
"26/10/2024","05:00:00","19.04","-0.225","1.106",-0.11,"1.00","-3.80","-0.03","8.414","4.15",2024-10-26 05:00:00,"PSY1N909",1
"26/10/2024","05:15:00","18.97","-0.151","1.065",-0.09,"1.00","-3.80","-0.02","8.417","4.15",2024-10-26 05:15:00,"PSY1N909",1
"26/10/2024","05:30:00","18.99","-0.246","1.036",-0.09,"1.00","-3.80","-0.03","8.417","4.15",2024-10-26 05:30:00,"PSY1N909",1
"26/10/2024","05:45:00","18.94","-0.012","1.032",-0.06,"1.00","-3.80","0.00","8.417","4.15",2024-10-26 05:45:00,"PSY1N909",1
"26/10/2024","06:00:00","19.08","-0.257","0.986",-0.08,"1.00","-3.80","-0.03","8.414","4.15",2024-10-26 06:00:00,"PSY1N909",1
"26/10/2024","06:15:00","19.11","-0.145","1.048",-0.08,"1.00","-3.80","-0.02","8.410","4.15",2024-10-26 06:15:00,"PSY1N909",1
"26/10/2024","06:30:00","18.99","-0.158","1.110",-0.1,"1.00","-3.80","-0.02","8.417","4.15",2024-10-26 06:30:00,"PSY1N909",1
"26/10/2024","06:45:00","18.74","-0.010","1.209",-0.12,"1.00","-3.80","0.00","8.425","4.15",2024-10-26 06:45:00,"PSY1N909",1
"26/10/2024","07:00:00","18.94","-1.203","0.861",-0.17,"1.00","-3.80","-0.16","8.417","4.15",2024-10-26 07:00:00,"PSY1N909",1
"26/10/2024","07:15:00","19.68","-1.007","1.366",-0.29,"1.00","-3.80","-0.13","8.392","4.15",2024-10-26 07:15:00,"PSY1N909",1
"26/10/2024","07:30:00","20.28","-0.897","1.799",-0.4,"1.00","-3.80","-0.12","8.370","4.15",2024-10-26 07:30:00,"PSY1N909",1
"26/10/2024","07:45:00","20.73","-0.916","2.162",-0.5,"1.00","-3.80","-0.12","8.352","4.15",2024-10-26 07:45:00,"PSY1N909",1
"26/10/2024","08:00:00","20.89","-0.963","2.372",-0.57,"1.00","-3.80","-0.13","8.348","4.15",2024-10-26 08:00:00,"PSY1N909",1
"26/10/2024","08:15:00","20.94","-0.689","2.401",-0.54,"1.00","-3.80","-0.09","8.344","4.15",2024-10-26 08:15:00,"PSY1N909",1
"26/10/2024","08:30:00","20.84","-0.909","2.321",-0.54,"1.00","-3.80","-0.12","8.348","4.15",2024-10-26 08:30:00,"PSY1N909",1
"26/10/2024","08:45:00","20.85","-0.835","2.467",-0.58,"1.00","-3.80","-0.11","8.348","4.15",2024-10-26 08:45:00,"PSY1N909",1
"26/10/2024","09:00:00","20.97","-0.666","2.425",-0.54,"1.00","-3.80","-0.09","8.344","4.15",2024-10-26 09:00:00,"PSY1N909",1
"26/10/2024","09:15:00","21.48","-0.922","2.645",-0.63,"1.00","-3.80","-0.12","8.326","4.15",2024-10-26 09:15:00,"PSY1N909",1
"26/10/2024","09:30:00","21.86","-1.273","2.873",-0.73,"1.00","-3.80","-0.17","8.312","4.15",2024-10-26 09:30:00,"PSY1N909",1
"26/10/2024","09:45:00","22.30","-1.762","2.584",-0.7,"1.00","-3.80","-0.23","8.294","4.15",2024-10-26 09:45:00,"PSY1N909",1
"26/10/2024","10:00:00","22.77","-1.642","2.527",-0.66,"1.00","-3.80","-0.22","8.279","4.15",2024-10-26 10:00:00,"PSY1N909",1
"26/10/2024","10:15:00","23.19","-1.641","2.760",-0.72,"1.00","-3.80","-0.22","8.265","4.15",2024-10-26 10:15:00,"PSY1N909",1
"26/10/2024","10:30:00","23.82","-1.681","2.614",-0.67,"1.00","-3.80","-0.22","8.240","4.15",2024-10-26 10:30:00,"PSY1N909",1
"26/10/2024","10:45:00","24.23","-1.616","3.027",-0.76,"1.00","-3.80","-0.21","8.226","4.15",2024-10-26 10:45:00,"PSY1N909",1
"26/10/2024","11:00:00","24.71","-1.513","2.928",-0.71,"1.00","-3.80","-0.20","8.208","4.15",2024-10-26 11:00:00,"PSY1N909",1
"26/10/2024","11:15:00","25.06","-1.640","3.222",-0.8,"1.00","-3.80","-0.22","8.198","4.15",2024-10-26 11:15:00,"PSY1N909",1
"26/10/2024","11:30:00","25.45","-0.727","5.587",-1.28,"1.00","-3.80","-0.09","8.184","4.16",2024-10-26 11:30:00,"PSY1N909",1
"26/10/2024","11:45:00","26.06","-1.596","3.305",-0.79,"1.00","-3.80","-0.21","8.161","4.15",2024-10-26 11:45:00,"PSY1N909",1
"26/10/2024","12:00:00","26.56","-1.594","3.044",-0.71,"1.00","-3.80","-0.21","8.145","4.16",2024-10-26 12:00:00,"PSY1N909",1
"26/10/2024","12:15:00","27.18","-0.754","2.984",-0.57,"1.00","-3.80","-0.10","8.123","4.16",2024-10-26 12:15:00,"PSY1N909",1
"26/10/2024","12:30:00","27.16","-1.044","3.136",-0.65,"1.00","-3.80","-0.13","8.123","4.16",2024-10-26 12:30:00,"PSY1N909",1
"26/10/2024","12:45:00","27.58","-2.541","2.928",-0.79,"1.00","-3.80","-0.33","8.109","4.16",2024-10-26 12:45:00,"PSY1N909",1
"26/10/2024","13:00:00","27.60","-1.324","3.542",-0.78,"1.00","-3.80","-0.17","8.107","4.16",2024-10-26 13:00:00,"PSY1N909",1
"26/10/2024","13:15:00","27.31","-1.703","3.442",-0.81,"1.00","-3.80","-0.22","8.116","4.16",2024-10-26 13:15:00,"PSY1N909",1
"26/10/2024","13:30:00","27.44","-1.755","3.271",-0.77,"1.00","-3.80","-0.23","8.114","4.16",2024-10-26 13:30:00,"PSY1N909",1
"26/10/2024","13:45:00","27.16","-1.338","3.709",-0.83,"1.00","-3.80","-0.17","8.123","4.16",2024-10-26 13:45:00,"PSY1N909",1
"26/10/2024","14:00:00","27.20","-1.689","3.398",-0.8,"1.00","-3.80","-0.22","8.121","4.16",2024-10-26 14:00:00,"PSY1N909",1
"26/10/2024","14:15:00","27.03","-1.171","4.565",-1.03,"1.00","-3.80","-0.15","8.128","4.16",2024-10-26 14:15:00,"PSY1N909",1
"26/10/2024","14:30:00","27.20","-1.619","4.895",-1.16,"1.00","-3.80","-0.21","8.121","4.16",2024-10-26 14:30:00,"PSY1N909",1
"26/10/2024","14:45:00","27.25","-1.613","3.558",-0.83,"1.00","-3.80","-0.21","8.121","4.16",2024-10-26 14:45:00,"PSY1N909",1
"26/10/2024","15:00:00","27.45","-1.076","4.733",-1.04,"1.00","-3.80","-0.14","8.114","4.16",2024-10-26 15:00:00,"PSY1N909",1
"26/10/2024","15:15:00","27.05","-0.759","4.606",-0.98,"1.00","-3.80","-0.10","8.128","4.15",2024-10-26 15:15:00,"PSY1N909",1
"26/10/2024","15:30:00","26.72","-1.941","3.298",-0.82,"1.00","-3.80","-0.25","8.137","4.14",2024-10-26 15:30:00,"PSY1N909",1
"26/10/2024","15:45:00","27.01","-1.706","5.784",-1.4,"1.00","-3.80","-0.22","8.128","4.14",2024-10-26 15:45:00,"PSY1N909",1
"26/10/2024","16:00:00","27.19","-1.288","4.248",-0.96,"1.00","-3.80","-0.17","8.123","4.14",2024-10-26 16:00:00,"PSY1N909",1
"26/10/2024","16:15:00","27.27","-0.760","3.893",-0.8,"1.00","-3.80","-0.10","8.121","4.14",2024-10-26 16:15:00,"PSY1N909",1
"26/10/2024","16:30:00","27.14","-0.846","3.630",-0.75,"1.00","-3.80","-0.11","8.123","4.14",2024-10-26 16:30:00,"PSY1N909",1
"26/10/2024","16:45:00","27.01","-1.308","3.675",-0.82,"1.00","-3.80","-0.17","8.128","4.14",2024-10-26 16:45:00,"PSY1N909",1
"26/10/2024","17:00:00","26.75","-0.546","3.892",-0.78,"1.00","-3.80","-0.07","8.137","4.14",2024-10-26 17:00:00,"PSY1N909",1
"26/10/2024","17:15:00","26.62","-1.364","3.689",-0.84,"1.00","-3.80","-0.18","8.141","4.14",2024-10-26 17:15:00,"PSY1N909",1
"26/10/2024","17:30:00","26.80","-1.423","3.802",-0.88,"1.00","-3.80","-0.18","8.134","4.14",2024-10-26 17:30:00,"PSY1N909",1
"26/10/2024","17:45:00","26.85","-1.529","3.685",-0.86,"1.00","-3.80","-0.20","8.134","4.13",2024-10-26 17:45:00,"PSY1N909",1
"26/10/2024","18:00:00","26.82","-1.053","3.924",-0.86,"1.00","-3.80","-0.14","8.134","4.13",2024-10-26 18:00:00,"PSY1N909",1
"26/10/2024","18:15:00","26.71","-0.919","3.877",-0.83,"1.00","-3.80","-0.12","8.137","4.13",2024-10-26 18:15:00,"PSY1N909",1
"26/10/2024","18:30:00","26.45","-1.250","3.765",-0.85,"1.00","-3.80","-0.16","8.148","4.13",2024-10-26 18:30:00,"PSY1N909",1
"26/10/2024","18:45:00","26.53","-1.101","3.873",-0.86,"1.00","-3.80","-0.14","8.145","4.13",2024-10-26 18:45:00,"PSY1N909",1
"26/10/2024","19:00:00","26.45","-1.240","4.106",-0.94,"1.00","-3.80","-0.16","8.148","4.13",2024-10-26 19:00:00,"PSY1N909",1
"26/10/2024","19:15:00","26.27","-0.836","4.037",-0.87,"1.00","-3.80","-0.11","8.154","4.13",2024-10-26 19:15:00,"PSY1N909",1
"26/10/2024","19:30:00","26.04","-1.219","4.052",-0.93,"1.00","-3.80","-0.16","8.161","4.12",2024-10-26 19:30:00,"PSY1N909",1
"26/10/2024","19:45:00","25.87","-0.637","4.179",-0.89,"1.00","-3.80","-0.08","8.168","4.12",2024-10-26 19:45:00,"PSY1N909",1
"26/10/2024","20:00:00","25.69","-0.602","4.405",-0.95,"1.00","-3.80","-0.08","8.175","4.12",2024-10-26 20:00:00,"PSY1N909",1
"26/10/2024","20:15:00","25.53","-1.318","3.869",-0.91,"1.00","-3.80","-0.17","8.180","4.12",2024-10-26 20:15:00,"PSY1N909",1
"26/10/2024","20:30:00","25.74","-0.742","3.925",-0.84,"1.00","-3.80","-0.09","8.173","4.12",2024-10-26 20:30:00,"PSY1N909",1
"26/10/2024","20:45:00","25.66","-1.034","4.048",-0.92,"1.00","-3.80","-0.13","8.175","4.12",2024-10-26 20:45:00,"PSY1N909",1
"26/10/2024","21:00:00","25.63","-1.061","4.019",-0.91,"1.00","-3.80","-0.14","8.175","4.12",2024-10-26 21:00:00,"PSY1N909",1
"26/10/2024","21:15:00","25.43","-0.671","3.974",-0.86,"1.00","-3.80","-0.09","8.184","4.12",2024-10-26 21:15:00,"PSY1N909",1
"26/10/2024","21:30:00","25.21","-0.898","3.760",-0.84,"1.00","-3.80","-0.12","8.191","4.12",2024-10-26 21:30:00,"PSY1N909",1
"26/10/2024","21:45:00","25.11","-0.796","3.986",-0.88,"1.00","-3.80","-0.10","8.194","4.11",2024-10-26 21:45:00,"PSY1N909",1
"26/10/2024","22:00:00","25.07","-1.269","3.671",-0.87,"1.00","-3.80","-0.17","8.198","4.11",2024-10-26 22:00:00,"PSY1N909",1
"26/10/2024","22:15:00","25.20","-0.981","3.801",-0.86,"1.00","-3.80","-0.13","8.191","4.11",2024-10-26 22:15:00,"PSY1N909",1
"26/10/2024","22:30:00","25.16","-1.120","3.788",-0.87,"1.00","-3.80","-0.15","8.194","4.11",2024-10-26 22:30:00,"PSY1N909",1
"26/10/2024","22:45:00","24.97","-1.004","3.765",-0.86,"1.00","-3.80","-0.13","8.201","4.11",2024-10-26 22:45:00,"PSY1N909",1
"26/10/2024","23:00:00","24.16","0.263","4.687",-0.96,"1.00","-3.80","0.03","8.229","4.11",2024-10-26 23:00:00,"PSY1N909",1
"26/10/2024","23:15:00","23.04","0.441","4.034",-0.79,"1.00","-3.80","0.05","8.269","4.11",2024-10-26 23:15:00,"PSY1N909",1
"26/10/2024","23:30:00","22.29","0.221","3.772",-0.77,"1.00","-3.80","0.03","8.297","4.11",2024-10-26 23:30:00,"PSY1N909",1
"26/10/2024","23:45:00","21.82","-0.033","3.403",-0.72,"1.00","-3.80","0.00","8.312","4.10",2024-10-26 23:45:00,"PSY1N909",1
"27/10/2024","00:00:00","21.50","-0.164","3.176",-0.68,"1.00","-3.80","-0.02","8.323","4.10",2024-10-27,"PSY1N909",1
"27/10/2024","00:15:00","21.27","0.075","3.053",-0.61,"1.00","-3.80","0.01","8.333","4.10",2024-10-27 00:15:00,"PSY1N909",1
"27/10/2024","00:30:00","21.04","0.009","2.947",-0.6,"1.00","-3.80","0.00","8.341","4.10",2024-10-27 00:30:00,"PSY1N909",1
"27/10/2024","00:45:00","20.77","-0.105","2.765",-0.57,"1.00","-3.80","-0.01","8.352","4.10",2024-10-27 00:45:00,"PSY1N909",1
"27/10/2024","01:00:00","20.54","-0.294","2.628",-0.56,"1.00","-3.80","-0.04","8.359","4.10",2024-10-27 01:00:00,"PSY1N909",1
"27/10/2024","01:15:00","20.36","-0.175","2.565",-0.53,"1.00","-3.80","-0.02","8.366","4.10",2024-10-27 01:15:00,"PSY1N909",1
"27/10/2024","01:30:00","20.13","-0.145","2.429",-0.49,"1.00","-3.80","-0.01","8.373","4.10",2024-10-27 01:30:00,"PSY1N909",1
"27/10/2024","01:45:00","20.05","-0.228","2.350",-0.48,"1.00","-3.80","-0.03","8.377","4.10",2024-10-27 01:45:00,"PSY1N909",1
"27/10/2024","02:00:00","19.94","-0.132","2.282",-0.45,"1.00","-3.80","-0.01","8.381","4.10",2024-10-27 02:00:00,"PSY1N909",1
"27/10/2024","02:15:00","19.88","-0.226","2.240",-0.45,"1.00","-3.80","-0.03","8.384","4.09",2024-10-27 02:15:00,"PSY1N909",1
"27/10/2024","02:30:00","19.72","0.194","2.266",-0.4,"1.00","-3.80","0.02","8.388","4.09",2024-10-27 02:30:00,"PSY1N909",1
"27/10/2024","02:45:00","19.61","-0.109","2.127",-0.4,"1.00","-3.80","-0.01","8.392","4.09",2024-10-27 02:45:00,"PSY1N909",1
"27/10/2024","03:00:00","19.60","-0.300","2.025",-0.4,"1.00","-3.80","-0.04","8.392","4.09",2024-10-27 03:00:00,"PSY1N909",1
"27/10/2024","03:15:00","19.49","-0.298","2.015",-0.4,"1.00","-3.80","-0.04","8.399","4.09",2024-10-27 03:15:00,"PSY1N909",1
"27/10/2024","03:30:00","19.41","-0.303","2.008",-0.4,"1.00","-3.80","-0.04","8.399","4.09",2024-10-27 03:30:00,"PSY1N909",1
"27/10/2024","03:45:00","19.40","-0.172","1.902",-0.35,"1.00","-3.80","-0.02","8.399","4.09",2024-10-27 03:45:00,"PSY1N909",1
"27/10/2024","04:00:00","19.42","-0.253","1.880",-0.35,"1.00","-3.80","-0.03","8.399","4.09",2024-10-27 04:00:00,"PSY1N909",1
"27/10/2024","04:15:00","19.39","-0.185","1.846",-0.33,"1.00","-3.80","-0.02","8.403","4.09",2024-10-27 04:15:00,"PSY1N909",1
"27/10/2024","04:30:00","19.36","-0.341","1.795",-0.34,"1.00","-3.80","-0.04","8.403","4.08",2024-10-27 04:30:00,"PSY1N909",1
"27/10/2024","04:45:00","19.26","-0.155","1.858",-0.33,"1.00","-3.80","-0.02","8.406","4.08",2024-10-27 04:45:00,"PSY1N909",1
"27/10/2024","05:00:00","19.25","-0.182","1.784",-0.31,"1.00","-3.80","-0.02","8.406","4.08",2024-10-27 05:00:00,"PSY1N909",1
"27/10/2024","05:15:00","19.23","-0.241","1.739",-0.31,"1.00","-3.80","-0.03","8.406","4.08",2024-10-27 05:15:00,"PSY1N909",1
"27/10/2024","05:30:00","19.22","-0.120","1.717",-0.28,"1.00","-3.80","-0.01","8.406","4.08",2024-10-27 05:30:00,"PSY1N909",1
"27/10/2024","05:45:00","19.24","-0.281","1.741",-0.31,"1.00","-3.80","-0.03","8.406","4.08",2024-10-27 05:45:00,"PSY1N909",1
"27/10/2024","06:00:00","19.25","-0.195","1.696",-0.29,"1.00","-3.80","-0.02","8.406","4.08",2024-10-27 06:00:00,"PSY1N909",1
"27/10/2024","06:15:00","19.23","-0.145","1.623",-0.26,"1.00","-3.80","-0.02","8.406","4.08",2024-10-27 06:15:00,"PSY1N909",1
"27/10/2024","06:30:00","19.23","-0.229","1.566",-0.25,"1.00","-3.80","-0.03","8.406","4.07",2024-10-27 06:30:00,"PSY1N909",1
"27/10/2024","06:45:00","19.24","-0.260","1.588",-0.26,"1.00","-3.80","-0.03","8.406","4.07",2024-10-27 06:45:00,"PSY1N909",1
"27/10/2024","07:00:00","19.24","-0.188","1.571",-0.25,"1.00","-3.80","-0.02","8.406","4.07",2024-10-27 07:00:00,"PSY1N909",1
"27/10/2024","07:15:00","19.23","-0.109","1.578",-0.24,"1.00","-3.80","-0.01","8.406","4.07",2024-10-27 07:15:00,"PSY1N909",1
"27/10/2024","07:30:00","19.30","-0.339","1.561",-0.26,"1.00","-3.80","-0.04","8.403","4.07",2024-10-27 07:30:00,"PSY1N909",1
"27/10/2024","07:45:00","19.38","-0.239","1.663",-0.28,"1.00","-3.80","-0.03","8.403","4.07",2024-10-27 07:45:00,"PSY1N909",1
"27/10/2024","08:00:00","20.09","-1.570","1.234",-0.32,"1.00","-3.80","-0.21","8.377","4.07",2024-10-27 08:00:00,"PSY1N909",1
"27/10/2024","08:15:00","21.01","-1.371","1.699",-0.42,"1.00","-3.80","-0.18","8.341","4.07",2024-10-27 08:15:00,"PSY1N909",1
"27/10/2024","08:30:00","21.61","-0.604","2.210",-0.45,"1.00","-3.80","-0.08","8.319","4.07",2024-10-27 08:30:00,"PSY1N909",1
"27/10/2024","08:45:00","22.11","-1.045","2.480",-0.58,"1.00","-3.80","-0.14","8.301","4.07",2024-10-27 08:45:00,"PSY1N909",1
"27/10/2024","09:00:00","22.07","-0.981","2.620",-0.61,"1.00","-3.80","-0.13","8.305","4.07",2024-10-27 09:00:00,"PSY1N909",1
"27/10/2024","09:15:00","22.29","-1.191","2.931",-0.73,"1.00","-3.80","-0.16","8.297","4.06",2024-10-27 09:15:00,"PSY1N909",1
"27/10/2024","09:30:00","22.48","-1.145","2.737",-0.66,"1.00","-3.80","-0.15","8.290","4.06",2024-10-27 09:30:00,"PSY1N909",1
"27/10/2024","09:45:00","22.92","-1.631","2.817",-0.74,"1.00","-3.80","-0.22","8.272","4.06",2024-10-27 09:45:00,"PSY1N909",1
"27/10/2024","10:00:00","23.49","-1.540","3.093",-0.79,"1.00","-3.80","-0.20","8.254","4.06",2024-10-27 10:00:00,"PSY1N909",1
"27/10/2024","10:15:00","23.88","-1.383","3.235",-0.8,"1.00","-3.80","-0.18","8.240","4.06",2024-10-27 10:15:00,"PSY1N909",1
"27/10/2024","10:30:00","24.10","-1.593","3.126",-0.79,"1.00","-3.80","-0.21","8.229","4.06",2024-10-27 10:30:00,"PSY1N909",1
"27/10/2024","10:45:00","24.27","-1.478","3.057",-0.75,"1.00","-3.80","-0.19","8.226","4.06",2024-10-27 10:45:00,"PSY1N909",1
"27/10/2024","11:00:00","24.68","-1.757","3.327",-0.85,"1.00","-3.80","-0.23","8.212","4.06",2024-10-27 11:00:00,"PSY1N909",1
"27/10/2024","11:15:00","25.05","-1.381","3.574",-0.86,"1.00","-3.80","-0.18","8.198","4.06",2024-10-27 11:15:00,"PSY1N909",1
"27/10/2024","11:30:00","25.42","-1.673","3.643",-0.9,"1.00","-3.80","-0.22","8.184","4.05",2024-10-27 11:30:00,"PSY1N909",1
"27/10/2024","11:45:00","25.90","-1.485","3.515",-0.83,"1.00","-3.80","-0.19","8.166","4.05",2024-10-27 11:45:00,"PSY1N909",1
"27/10/2024","12:00:00","25.86","-1.801","3.845",-0.96,"1.00","-3.80","-0.24","8.168","4.05",2024-10-27 12:00:00,"PSY1N909",1
"27/10/2024","12:15:00","26.25","-1.234","3.631",-0.82,"1.00","-3.80","-0.16","8.154","4.05",2024-10-27 12:15:00,"PSY1N909",1
"27/10/2024","12:30:00","26.39","-1.319","4.106",-0.95,"1.00","-3.80","-0.17","8.152","4.05",2024-10-27 12:30:00,"PSY1N909",1
"27/10/2024","12:45:00","26.42","-1.311","4.130",-0.95,"1.00","-3.80","-0.17","8.148","4.05",2024-10-27 12:45:00,"PSY1N909",1
"27/10/2024","13:00:00","26.34","-1.064","4.373",-0.98,"1.00","-3.80","-0.14","8.152","4.05",2024-10-27 13:00:00,"PSY1N909",1
"27/10/2024","13:15:00","26.14","-1.288","4.173",-0.97,"1.00","-3.80","-0.17","8.159","4.05",2024-10-27 13:15:00,"PSY1N909",1
"27/10/2024","13:30:00","26.29","-1.522","4.542",-1.09,"1.00","-3.80","-0.20","8.154","4.05",2024-10-27 13:30:00,"PSY1N909",1
"27/10/2024","13:45:00","26.32","-1.377","4.232",-0.99,"1.00","-3.80","-0.18","8.152","4.05",2024-10-27 13:45:00,"PSY1N909",1
"27/10/2024","14:00:00","26.35","-1.466","3.904",-0.92,"1.00","-3.80","-0.19","8.152","4.05",2024-10-27 14:00:00,"PSY1N909",1
"27/10/2024","14:15:00","26.54","-1.172","4.281",-0.97,"1.00","-3.80","-0.15","8.145","4.05",2024-10-27 14:15:00,"PSY1N909",1
"27/10/2024","14:30:00","26.87","-1.897","3.952",-0.98,"1.00","-3.80","-0.25","8.134","4.04",2024-10-27 14:30:00,"PSY1N909",1
"27/10/2024","14:45:00","27.18","-1.056","4.833",-1.07,"1.00","-3.80","-0.14","8.123","4.04",2024-10-27 14:45:00,"PSY1N909",1
"27/10/2024","15:00:00","27.00","-1.364","4.459",-1.03,"1.00","-3.80","-0.18","8.128","4.04",2024-10-27 15:00:00,"PSY1N909",1
"27/10/2024","15:15:00","26.94","-1.176","4.228",-0.95,"1.00","-3.80","-0.15","8.130","4.04",2024-10-27 15:15:00,"PSY1N909",1
"27/10/2024","15:30:00","27.00","-1.299","4.553",-1.04,"1.00","-3.80","-0.17","8.128","4.04",2024-10-27 15:30:00,"PSY1N909",1
"27/10/2024","15:45:01","27.15","-1.682","4.030",-0.96,"1.00","-3.80","-0.22","8.123","4.05",2024-10-27 15:45:01,"PSY1N909",1
"27/10/2024","16:00:00","27.32","-0.937","4.117",-0.88,"1.00","-3.80","-0.12","8.116","4.06",2024-10-27 16:00:00,"PSY1N909",1
"27/10/2024","16:15:00","27.12","-0.966","4.031",-0.86,"1.00","-3.80","-0.12","8.123","4.07",2024-10-27 16:15:00,"PSY1N909",1
"27/10/2024","16:30:00","27.27","-1.171","3.711",-0.81,"1.00","-3.80","-0.15","8.121","4.08",2024-10-27 16:30:00,"PSY1N909",1
"27/10/2024","16:45:00","27.44","-0.863","3.745",-0.77,"1.00","-3.80","-0.11","8.114","4.09",2024-10-27 16:45:00,"PSY1N909",1
"27/10/2024","17:00:00","27.35","-0.624","3.693",-0.73,"1.00","-3.80","-0.08","8.116","4.09",2024-10-27 17:00:00,"PSY1N909",1
"27/10/2024","17:15:00","27.14","-0.499","3.566",-0.69,"1.00","-3.80","-0.06","8.123","4.10",2024-10-27 17:15:00,"PSY1N909",1
"27/10/2024","17:30:00","26.85","-0.548","3.296",-0.63,"1.00","-3.80","-0.07","8.134","4.11",2024-10-27 17:30:00,"PSY1N909",1
"27/10/2024","17:45:00","26.72","-0.655","3.372",-0.67,"1.00","-3.80","-0.08","8.137","4.12",2024-10-27 17:45:00,"PSY1N909",1
"27/10/2024","18:00:00","26.36","-0.293","3.737",-0.72,"1.00","-3.80","-0.03","8.152","4.13",2024-10-27 18:00:00,"PSY1N909",1
"27/10/2024","18:15:00","25.94","-0.145","3.611",-0.68,"1.00","-3.80","-0.01","8.166","4.14",2024-10-27 18:15:00,"PSY1N909",1
"27/10/2024","18:30:00","25.17","-0.207","3.327",-0.63,"1.00","-3.80","-0.02","8.194","4.14",2024-10-27 18:30:00,"PSY1N909",1
"27/10/2024","18:45:00","24.75","-0.061","3.154",-0.58,"1.00","-3.80","0.00","8.208","4.15",2024-10-27 18:45:00,"PSY1N909",1
"27/10/2024","19:00:00","24.37","-0.081","3.381",-0.65,"1.00","-3.80","-0.01","8.222","4.16",2024-10-27 19:00:00,"PSY1N909",1
"27/10/2024","19:15:00","23.96","-0.357","2.988",-0.59,"1.00","-3.80","-0.04","8.237","4.16",2024-10-27 19:15:00,"PSY1N909",1
"27/10/2024","19:30:00","23.81","-0.249","2.763",-0.52,"1.00","-3.80","-0.03","8.240","4.16",2024-10-27 19:30:00,"PSY1N909",1
"27/10/2024","19:45:00","23.48","0.423","3.111",-0.53,"1.00","-3.80","0.05","8.254","4.16",2024-10-27 19:45:00,"PSY1N909",1
"27/10/2024","20:00:00","23.08","-0.547","2.974",-0.63,"1.00","-3.80","-0.07","8.269","4.16",2024-10-27 20:00:00,"PSY1N909",1
"27/10/2024","20:15:00","22.94","0.135","2.836",-0.5,"1.00","-3.80","0.01","8.272","4.15",2024-10-27 20:15:00,"PSY1N909",1
"27/10/2024","20:30:00","22.92","-0.562","2.521",-0.51,"1.00","-3.80","-0.07","8.272","4.15",2024-10-27 20:30:00,"PSY1N909",1
"27/10/2024","20:45:00","23.01","-1.014","2.398",-0.54,"1.00","-3.80","-0.13","8.269","4.16",2024-10-27 20:45:00,"PSY1N909",1
"27/10/2024","21:00:00","23.29","-0.784","2.661",-0.57,"1.00","-3.80","-0.10","8.262","4.15",2024-10-27 21:00:00,"PSY1N909",1
"27/10/2024","21:15:00","23.28","-0.965","2.556",-0.57,"1.00","-3.80","-0.13","8.262","4.16",2024-10-27 21:15:00,"PSY1N909",1
"27/10/2024","21:30:00","23.25","-0.196","2.706",-0.51,"1.00","-3.80","-0.02","8.262","4.15",2024-10-27 21:30:00,"PSY1N909",1
"27/10/2024","21:45:00","23.01","-0.840","2.372",-0.51,"1.00","-3.80","-0.11","8.269","4.15",2024-10-27 21:45:00,"PSY1N909",1
"27/10/2024","22:00:00","22.88","-0.392","2.554",-0.5,"1.00","-3.80","-0.05","8.276","4.15",2024-10-27 22:00:00,"PSY1N909",1
"27/10/2024","22:15:00","22.96","-0.879","2.462",-0.54,"1.00","-3.80","-0.11","8.272","4.16",2024-10-27 22:15:00,"PSY1N909",1
"27/10/2024","22:30:00","22.86","-0.448","2.507",-0.49,"1.00","-3.80","-0.06","8.276","4.15",2024-10-27 22:30:00,"PSY1N909",1
"27/10/2024","22:45:00","22.73","-0.183","2.539",-0.47,"1.00","-3.80","-0.02","8.279","4.15",2024-10-27 22:45:00,"PSY1N909",1
"27/10/2024","23:00:00","22.71","-1.169","2.324",-0.54,"1.00","-3.80","-0.15","8.279","4.16",2024-10-27 23:00:00,"PSY1N909",1
"27/10/2024","23:15:00","23.30","-1.054","2.405",-0.54,"1.00","-3.80","-0.14","8.258","4.15",2024-10-27 23:15:00,"PSY1N909",1
"27/10/2024","23:30:00","23.60","-0.796","2.564",-0.54,"1.00","-3.80","-0.10","8.247","4.15",2024-10-27 23:30:00,"PSY1N909",1
"27/10/2024","23:45:00","23.82","-0.959","2.667",-0.59,"1.00","-3.80","-0.12","8.240","4.16",2024-10-27 23:45:00,"PSY1N909",1
"28/10/2024","00:00:00","23.08","0.407","2.679",-0.42,"1.00","-3.80","0.05","8.269","4.15",2024-10-28,"PSY1N909",1
"28/10/2024","00:15:00","22.45","0.255","2.105",-0.29,"1.00","-3.80","0.03","8.290","4.16",2024-10-28 00:15:00,"PSY1N909",1
"28/10/2024","00:30:00","21.89","0.098","1.761",-0.22,"1.00","-3.80","0.01","8.312","4.16",2024-10-28 00:30:00,"PSY1N909",1
"28/10/2024","00:45:00","21.47","0.025","1.581",-0.19,"1.00","-3.80","0.00","8.326","4.15",2024-10-28 00:45:00,"PSY1N909",1
"28/10/2024","01:00:00","21.12","0.101","1.438",-0.14,"1.00","-3.80","0.01","8.337","4.15",2024-10-28 01:00:00,"PSY1N909",1
"28/10/2024","01:15:00","20.80","0.048","1.306",-0.11,"1.00","-3.80","0.00","8.348","4.15",2024-10-28 01:15:00,"PSY1N909",1
"28/10/2024","01:30:00","20.54","-0.079","1.200",-0.1,"1.00","-3.80","-0.01","8.359","4.15",2024-10-28 01:30:00,"PSY1N909",1
"28/10/2024","01:45:00","20.41","-0.148","1.179",-0.11,"1.00","-3.80","-0.02","8.362","4.15",2024-10-28 01:45:00,"PSY1N909",1
"28/10/2024","02:00:00","20.32","-0.119","1.098",-0.08,"1.00","-3.80","-0.01","8.366","4.15",2024-10-28 02:00:00,"PSY1N909",1
"28/10/2024","02:15:00","20.24","-0.152","1.035",-0.07,"1.00","-3.80","-0.02","8.370","4.15",2024-10-28 02:15:00,"PSY1N909",1
"28/10/2024","02:30:00","20.21","-0.222","0.955",-0.05,"1.00","-3.80","-0.03","8.370","4.15",2024-10-28 02:30:00,"PSY1N909",1
"28/10/2024","02:45:00","20.18","-0.258","0.924",-0.05,"1.00","-3.80","-0.03","8.373","4.15",2024-10-28 02:45:00,"PSY1N909",1
"28/10/2024","03:00:00","20.20","-0.333","0.861",-0.04,"1.00","-3.80","-0.04","8.370","4.15",2024-10-28 03:00:00,"PSY1N909",1
"28/10/2024","03:15:00","20.20","-0.209","0.826",-0.01,"1.00","-3.80","-0.02","8.370","4.15",2024-10-28 03:15:00,"PSY1N909",1
"28/10/2024","03:30:00","20.18","-0.196","0.787",0,"1.00","-3.80","-0.02","8.373","4.15",2024-10-28 03:30:00,"PSY1N909",1
"28/10/2024","03:45:00","20.10","-0.211","0.000",0,"1.00","-3.80","-0.02","8.373","4.15",2024-10-28 03:45:00,"PSY1N909",1
"28/10/2024","04:00:00","20.03","-0.154","0.000",0,"1.00","-3.80","-0.02","8.377","4.15",2024-10-28 04:00:00,"PSY1N909",1
"28/10/2024","04:15:00","19.98","-0.320","0.000",0,"1.00","-3.80","-0.04","8.381","4.15",2024-10-28 04:15:00,"PSY1N909",1
"28/10/2024","04:30:00","19.92","-0.287","0.000",0,"1.00","-3.80","-0.03","8.381","4.15",2024-10-28 04:30:00,"PSY1N909",1
"28/10/2024","04:45:00","19.86","-0.356","0.000",0,"1.00","-3.80","-0.04","8.384","4.15",2024-10-28 04:45:00,"PSY1N909",1
"28/10/2024","05:00:00","19.84","-0.327","0.000",0,"1.00","-3.80","-0.04","8.384","4.15",2024-10-28 05:00:00,"PSY1N909",1
"28/10/2024","05:15:00","19.85","-0.279","0.000",0,"1.00","-3.80","-0.03","8.384","4.15",2024-10-28 05:15:00,"PSY1N909",1
"28/10/2024","05:30:00","19.82","-0.335","0.000",0,"1.00","-3.80","-0.04","8.384","4.15",2024-10-28 05:30:00,"PSY1N909",1
"28/10/2024","05:45:00","19.83","-0.367","0.000",0,"1.00","-3.80","-0.05","8.384","4.15",2024-10-28 05:45:00,"PSY1N909",1
"28/10/2024","06:00:00","19.75","-0.370","0.000",0,"1.00","-3.80","-0.05","8.388","4.15",2024-10-28 06:00:00,"PSY1N909",1
"28/10/2024","06:15:00","19.59","-0.265","0.000",0,"1.00","-3.80","-0.03","8.395","4.15",2024-10-28 06:15:00,"PSY1N909",1
"28/10/2024","06:30:00","19.49","-0.396","0.000",0,"1.00","-3.80","-0.05","8.399","4.15",2024-10-28 06:30:00,"PSY1N909",1
"28/10/2024","06:45:00","19.45","-0.333","0.000",0,"1.00","-3.80","-0.04","8.399","4.15",2024-10-28 06:45:00,"PSY1N909",1
"28/10/2024","07:00:00","19.42","-0.456","0.000",0,"1.00","-3.80","-0.06","8.399","4.15",2024-10-28 07:00:00,"PSY1N909",1
"28/10/2024","07:15:00","19.31","-0.351","0.000",0,"1.00","-3.80","-0.04","8.403","4.15",2024-10-28 07:15:00,"PSY1N909",1
"28/10/2024","07:30:00","19.15","-0.264","0.000",0,"1.00","-3.80","-0.03","8.410","4.15",2024-10-28 07:30:00,"PSY1N909",1
"28/10/2024","07:45:00","19.15","-0.344","0.000",0,"1.00","-3.80","-0.04","8.410","4.15",2024-10-28 07:45:00,"PSY1N909",1
"28/10/2024","08:00:00","19.66","-1.492","0.369",-0.05,"1.00","-3.80","-0.20","8.392","4.15",2024-10-28 08:00:00,"PSY1N909",1
"28/10/2024","08:15:00","20.47","-1.336","0.762",-0.14,"1.00","-3.80","-0.18","8.362","4.15",2024-10-28 08:15:00,"PSY1N909",1
"28/10/2024","08:30:00","20.83","-0.631","1.178",-0.17,"1.00","-3.80","-0.08","8.348","4.15",2024-10-28 08:30:00,"PSY1N909",1
"28/10/2024","08:45:00","21.42","-1.044","1.449",-0.3,"1.00","-3.80","-0.14","8.326","4.15",2024-10-28 08:45:00,"PSY1N909",1
"28/10/2024","09:00:00","21.86","-0.972","1.822",-0.39,"1.00","-3.80","-0.13","8.312","4.15",2024-10-28 09:00:00,"PSY1N909",1
"28/10/2024","09:15:00","22.15","-1.056","2.242",-0.52,"1.00","-3.80","-0.14","8.301","4.15",2024-10-28 09:15:00,"PSY1N909",1
"28/10/2024","09:30:00","22.48","-0.143","1.988",-0.31,"1.00","-3.80","-0.01","8.290","4.15",2024-10-28 09:30:00,"PSY1N909",1
"28/10/2024","09:45:00","22.66","-1.207","1.727",-0.38,"1.00","-3.80","-0.16","8.283","4.15",2024-10-28 09:45:00,"PSY1N909",1
"28/10/2024","10:00:00","23.00","-0.901","1.855",-0.37,"1.00","-3.80","-0.12","8.269","4.15",2024-10-28 10:00:00,"PSY1N909",1
"28/10/2024","10:15:00","23.38","-1.279","2.053",-0.47,"1.00","-3.80","-0.17","8.258","4.15",2024-10-28 10:15:00,"PSY1N909",1
"28/10/2024","10:30:00","23.67","-0.760","2.136",-0.42,"1.00","-3.80","-0.10","8.247","4.15",2024-10-28 10:30:00,"PSY1N909",1
"28/10/2024","10:45:00","23.89","-1.264","2.044",-0.46,"1.00","-3.80","-0.17","8.240","4.16",2024-10-28 10:45:00,"PSY1N909",1
"28/10/2024","11:00:00","24.25","-1.266","2.525",-0.58,"1.00","-3.80","-0.17","8.226","4.15",2024-10-28 11:00:00,"PSY1N909",1
"28/10/2024","11:15:00","24.79","-1.691","2.130",-0.52,"1.00","-3.80","-0.22","8.208","4.16",2024-10-28 11:15:00,"PSY1N909",1
"28/10/2024","11:30:00","25.47","-1.721","2.664",-0.66,"1.00","-3.80","-0.23","8.184","4.16",2024-10-28 11:30:00,"PSY1N909",1
"28/10/2024","11:45:00","26.28","-2.211","2.373",-0.63,"1.00","-3.80","-0.29","8.154","4.15",2024-10-28 11:45:00,"PSY1N909",1
"28/10/2024","12:00:00","27.27","-1.343","2.772",-0.6,"1.00","-3.80","-0.17","8.121","4.16",2024-10-28 12:00:00,"PSY1N909",1
"28/10/2024","12:15:00","27.46","-1.754","2.815",-0.66,"1.00","-3.80","-0.23","8.114","4.16",2024-10-28 12:15:00,"PSY1N909",1
"28/10/2024","12:30:00","27.53","-1.196","3.278",-0.7,"1.00","-3.80","-0.15","8.109","4.16",2024-10-28 12:30:00,"PSY1N909",1
"28/10/2024","12:45:00","27.46","-0.984","3.292",-0.68,"1.00","-3.80","-0.13","8.114","4.16",2024-10-28 12:45:00,"PSY1N909",1
"28/10/2024","13:00:00","27.33","-0.537","3.817",-0.75,"1.00","-3.80","-0.07","8.116","4.16",2024-10-28 13:00:00,"PSY1N909",1
"28/10/2024","13:15:00","27.59","-1.486","3.719",-0.84,"1.00","-3.80","-0.19","8.109","4.16",2024-10-28 13:15:00,"PSY1N909",1
"28/10/2024","13:30:00","27.58","-0.446","3.631",-0.68,"1.00","-3.80","-0.05","8.109","4.16",2024-10-28 13:30:00,"PSY1N909",1
"28/10/2024","13:45:00","27.46","-0.624","3.515",-0.68,"1.00","-3.80","-0.08","8.114","4.16",2024-10-28 13:45:00,"PSY1N909",1
"28/10/2024","14:00:00","27.51","-0.682","3.344",-0.65,"1.00","-3.80","-0.09","8.109","4.16",2024-10-28 14:00:00,"PSY1N909",1
"28/10/2024","14:15:00","27.36","-0.763","3.318",-0.65,"1.00","-3.80","-0.10","8.116","4.16",2024-10-28 14:15:00,"PSY1N909",1
"28/10/2024","14:30:00","27.39","-0.658","3.485",-0.68,"1.00","-3.80","-0.08","8.116","4.16",2024-10-28 14:30:00,"PSY1N909",1
"28/10/2024","14:45:00","27.10","-0.914","4.036",-0.86,"1.00","-3.80","-0.12","8.123","4.16",2024-10-28 14:45:00,"PSY1N909",1
"28/10/2024","15:00:00","27.11","-0.786","3.766",-0.77,"1.00","-3.80","-0.10","8.123","4.16",2024-10-28 15:00:00,"PSY1N909",1
"28/10/2024","15:15:00","26.07","-0.496","3.379",-0.66,"1.00","-3.80","-0.06","8.161","4.16",2024-10-28 15:15:00,"PSY1N909",1
"28/10/2024","15:30:00","25.80","-0.922","3.263",-0.7,"1.00","-3.80","-0.12","8.168","4.16",2024-10-28 15:30:00,"PSY1N909",1
"28/10/2024","15:45:00","25.45","-0.824","3.352",-0.71,"1.00","-3.80","-0.11","8.184","4.16",2024-10-28 15:45:00,"PSY1N909",1
"28/10/2024","16:00:00","25.26","-1.120","3.067",-0.68,"1.00","-3.80","-0.15","8.191","4.16",2024-10-28 16:00:00,"PSY1N909",1
"28/10/2024","16:15:00","25.38","-0.893","2.883",-0.6,"1.00","-3.80","-0.11","8.187","4.16",2024-10-28 16:15:00,"PSY1N909",1
"28/10/2024","16:30:00","25.44","-0.956","3.402",-0.75,"1.00","-3.80","-0.12","8.184","4.16",2024-10-28 16:30:00,"PSY1N909",1
"28/10/2024","16:45:00","25.05","-1.124","3.294",-0.75,"1.00","-3.80","-0.15","8.198","4.16",2024-10-28 16:45:00,"PSY1N909",1
"28/10/2024","17:00:00","23.88","0.913","4.183",-0.74,"1.00","-3.80","0.12","8.240","4.15",2024-10-28 17:00:00,"PSY1N909",1
"28/10/2024","17:15:00","24.08","-1.035","2.802",-0.63,"1.00","-3.80","-0.13","8.233","4.14",2024-10-28 17:15:00,"PSY1N909",1
"28/10/2024","17:30:00","24.29","-1.103","2.894",-0.66,"1.00","-3.80","-0.14","8.226","4.14",2024-10-28 17:30:00,"PSY1N909",1
"28/10/2024","17:45:00","24.43","-0.235","4.151",-0.87,"1.00","-3.80","-0.03","8.219","4.14",2024-10-28 17:45:00,"PSY1N909",1
"28/10/2024","18:00:00","24.12","-0.842","3.096",-0.68,"1.00","-3.80","-0.11","8.229","4.14",2024-10-28 18:00:00,"PSY1N909",1
"28/10/2024","18:15:00","24.20","-0.706","3.169",-0.68,"1.00","-3.80","-0.09","8.226","4.14",2024-10-28 18:15:00,"PSY1N909",1
"28/10/2024","18:30:00","23.96","-1.033","3.152",-0.72,"1.00","-3.80","-0.13","8.237","4.14",2024-10-28 18:30:00,"PSY1N909",1
"28/10/2024","18:45:00","24.07","-0.412","3.510",-0.73,"1.00","-3.80","-0.05","8.233","4.14",2024-10-28 18:45:00,"PSY1N909",1
"28/10/2024","19:00:00","23.82","-0.626","3.467",-0.76,"1.00","-3.80","-0.08","8.240","4.14",2024-10-28 19:00:00,"PSY1N909",1
"28/10/2024","19:15:00","23.69","-0.676","3.481",-0.77,"1.00","-3.80","-0.09","8.247","4.14",2024-10-28 19:15:00,"PSY1N909",1
"28/10/2024","19:30:00","23.50","-0.546","3.870",-0.87,"1.00","-3.80","-0.07","8.251","4.13",2024-10-28 19:30:00,"PSY1N909",1
"28/10/2024","19:45:00","23.34","-0.542","3.417",-0.75,"1.00","-3.80","-0.07","8.258","4.13",2024-10-28 19:45:00,"PSY1N909",1
"28/10/2024","20:00:00","23.35","-0.777","3.261",-0.74,"1.00","-3.80","-0.10","8.258","4.13",2024-10-28 20:00:00,"PSY1N909",1
"28/10/2024","20:15:00","23.28","-1.073","4.191",-1.03,"1.00","-3.80","-0.14","8.262","4.13",2024-10-28 20:15:00,"PSY1N909",1
"28/10/2024","20:30:00","23.17","-0.702","3.646",-0.84,"1.00","-3.80","-0.09","8.265","4.13",2024-10-28 20:30:00,"PSY1N909",1
"28/10/2024","20:45:00","23.12","-0.318","3.820",-0.83,"1.00","-3.80","-0.04","8.265","4.13",2024-10-28 20:45:00,"PSY1N909",1
"28/10/2024","21:00:00","23.09","-0.170","3.612",-0.76,"1.00","-3.80","-0.02","8.269","4.13",2024-10-28 21:00:00,"PSY1N909",1
"28/10/2024","21:15:00","23.03","-0.515","4.113",-0.94,"1.00","-3.80","-0.06","8.269","4.12",2024-10-28 21:15:00,"PSY1N909",1
"28/10/2024","21:30:00","22.79","-0.754","3.818",-0.9,"1.00","-3.80","-0.10","8.279","4.12",2024-10-28 21:30:00,"PSY1N909",1
"28/10/2024","21:45:00","22.91","-1.315","3.345",-0.84,"1.00","-3.80","-0.17","8.272","4.12",2024-10-28 21:45:00,"PSY1N909",1
"28/10/2024","22:00:00","23.50","-1.156","3.528",-0.86,"1.00","-3.80","-0.15","8.251","4.12",2024-10-28 22:00:00,"PSY1N909",1
"28/10/2024","22:15:00","23.69","-0.823","3.653",-0.84,"1.00","-3.80","-0.11","8.247","4.12",2024-10-28 22:15:00,"PSY1N909",1
"28/10/2024","22:30:00","23.63","-0.916","3.826",-0.9,"1.00","-3.80","-0.12","8.247","4.12",2024-10-28 22:30:00,"PSY1N909",1
"28/10/2024","22:45:00","23.66","-0.833","3.771",-0.87,"1.00","-3.80","-0.11","8.247","4.12",2024-10-28 22:45:00,"PSY1N909",1
"28/10/2024","23:00:00","23.45","-0.355","4.289",-0.96,"1.00","-3.80","-0.04","8.254","4.12",2024-10-28 23:00:00,"PSY1N909",1
"28/10/2024","23:15:00","23.43","-0.947","3.568",-0.84,"1.00","-3.80","-0.12","8.254","4.12",2024-10-28 23:15:00,"PSY1N909",1
"28/10/2024","23:30:00","23.64","-0.958","3.614",-0.85,"1.00","-3.80","-0.12","8.247","4.12",2024-10-28 23:30:00,"PSY1N909",1
"28/10/2024","23:45:00","23.81","-0.998","3.786",-0.9,"1.00","-3.80","-0.13","8.240","4.11",2024-10-28 23:45:00,"PSY1N909",1
"29/10/2024","00:00:00","23.04","0.127","4.018",-0.83,"1.00","-3.80","0.01","8.269","4.11",2024-10-29,"PSY1N909",1
"29/10/2024","00:15:00","22.42","0.026","3.231",-0.64,"1.00","-3.80","0.00","8.290","4.11",2024-10-29 00:15:00,"PSY1N909",1
"29/10/2024","00:30:00","21.96","-0.010","2.705",-0.51,"1.00","-3.80","0.00","8.308","4.11",2024-10-29 00:30:00,"PSY1N909",1
"29/10/2024","00:45:00","21.57","-0.073","2.430",-0.45,"1.00","-3.80","-0.01","8.323","4.11",2024-10-29 00:45:00,"PSY1N909",1
"29/10/2024","01:00:00","21.13","0.058","2.436",-0.44,"1.00","-3.80","0.00","8.337","4.11",2024-10-29 01:00:00,"PSY1N909",1
"29/10/2024","01:15:00","20.73","-0.008","1.952",-0.31,"1.00","-3.80","0.00","8.352","4.11",2024-10-29 01:15:00,"PSY1N909",1
"29/10/2024","01:30:00","20.45","-0.153","1.821",-0.3,"1.00","-3.80","-0.02","8.362","4.11",2024-10-29 01:30:00,"PSY1N909",1
"29/10/2024","01:45:00","20.18","0.029","1.827",-0.28,"1.00","-3.80","0.00","8.373","4.10",2024-10-29 01:45:00,"PSY1N909",1
"29/10/2024","02:00:00","19.96","-0.179","1.678",-0.27,"1.00","-3.80","-0.02","8.381","4.10",2024-10-29 02:00:00,"PSY1N909",1
"29/10/2024","02:15:00","19.88","-0.298","1.622",-0.27,"1.00","-3.80","-0.04","8.384","4.10",2024-10-29 02:15:00,"PSY1N909",1
"29/10/2024","02:30:00","19.77","-0.258","1.596",-0.26,"1.00","-3.80","-0.03","8.388","4.10",2024-10-29 02:30:00,"PSY1N909",1
"29/10/2024","02:45:00","19.71","-0.210","1.492",-0.22,"1.00","-3.80","-0.02","8.388","4.10",2024-10-29 02:45:00,"PSY1N909",1
"29/10/2024","03:00:00","19.65","-0.293","1.476",-0.23,"1.00","-3.80","-0.04","8.392","4.10",2024-10-29 03:00:00,"PSY1N909",1
"29/10/2024","03:15:00","19.54","-0.234","1.455",-0.21,"1.00","-3.80","-0.03","8.395","4.10",2024-10-29 03:15:00,"PSY1N909",1
"29/10/2024","03:30:00","19.50","-0.359","1.499",-0.24,"1.00","-3.80","-0.04","8.395","4.10",2024-10-29 03:30:00,"PSY1N909",1
"29/10/2024","03:45:00","19.45","-0.003","1.387",-0.16,"1.00","-3.80","0.00","8.399","4.10",2024-10-29 03:45:00,"PSY1N909",1
"29/10/2024","04:00:00","19.35","0.017","1.434",-0.17,"1.00","-3.80","0.00","8.403","4.09",2024-10-29 04:00:00,"PSY1N909",1
"29/10/2024","04:15:00","19.18","0.066","1.370",-0.15,"1.00","-3.80","0.00","8.410","4.09",2024-10-29 04:15:00,"PSY1N909",1
"29/10/2024","04:30:00","19.08","-0.199","1.340",-0.18,"1.00","-3.80","-0.02","8.414","4.09",2024-10-29 04:30:00,"PSY1N909",1
"29/10/2024","04:45:00","19.01","-0.203","1.279",-0.16,"1.00","-3.80","-0.02","8.414","4.09",2024-10-29 04:45:00,"PSY1N909",1
"29/10/2024","05:00:00","18.96","-0.249","1.263",-0.16,"1.00","-3.80","-0.03","8.417","4.09",2024-10-29 05:00:00,"PSY1N909",1
"29/10/2024","05:15:00","18.90","-0.147","1.223",-0.14,"1.00","-3.80","-0.02","8.417","4.09",2024-10-29 05:15:00,"PSY1N909",1
"29/10/2024","05:30:00","18.78","-0.174","1.269",-0.16,"1.00","-3.80","-0.02","8.425","4.09",2024-10-29 05:30:00,"PSY1N909",1
"29/10/2024","05:45:00","18.67","-0.344","1.205",-0.16,"1.00","-3.80","-0.04","8.428","4.09",2024-10-29 05:45:00,"PSY1N909",1
"29/10/2024","06:00:00","18.59","-0.201","1.201",-0.14,"1.00","-3.80","-0.02","8.432","4.09",2024-10-29 06:00:00,"PSY1N909",1
"29/10/2024","06:15:00","18.58","-0.407","1.115",-0.14,"1.00","-3.80","-0.05","8.432","4.09",2024-10-29 06:15:00,"PSY1N909",1
"29/10/2024","06:30:00","18.60","-0.308","1.091",-0.12,"1.00","-3.80","-0.04","8.428","4.08",2024-10-29 06:30:00,"PSY1N909",1
"29/10/2024","06:45:00","18.58","-0.314","1.075",-0.12,"1.00","-3.80","-0.04","8.432","4.08",2024-10-29 06:45:00,"PSY1N909",1
"29/10/2024","07:00:00","18.51","-0.194","1.092",-0.11,"1.00","-3.80","-0.02","8.432","4.08",2024-10-29 07:00:00,"PSY1N909",1
"29/10/2024","07:15:00","18.40","0.085","1.251",-0.12,"1.00","-3.80","0.01","8.436","4.08",2024-10-29 07:15:00,"PSY1N909",1
"29/10/2024","07:30:00","18.16","-0.142","1.254",-0.16,"1.00","-3.80","-0.01","8.447","4.08",2024-10-29 07:30:00,"PSY1N909",1
"29/10/2024","07:45:00","17.97","-0.202","1.422",-0.22,"1.00","-3.80","-0.02","8.454","4.08",2024-10-29 07:45:00,"PSY1N909",1
"29/10/2024","08:00:00","18.49","-1.226","0.881",-0.18,"1.00","-3.80","-0.16","8.436","4.08",2024-10-29 08:00:00,"PSY1N909",1
"29/10/2024","08:15:00","19.31","-0.894","1.483",-0.32,"1.00","-3.80","-0.12","8.403","4.08",2024-10-29 08:15:00,"PSY1N909",1
"29/10/2024","08:30:00","19.91","-1.104","1.922",-0.47,"1.00","-3.80","-0.15","8.381","4.07",2024-10-29 08:30:00,"PSY1N909",1
"29/10/2024","08:45:00","20.33","-1.097","2.530",-0.64,"1.00","-3.80","-0.15","8.366","4.07",2024-10-29 08:45:00,"PSY1N909",1
"29/10/2024","09:00:00","20.55","-0.959","2.832",-0.71,"1.00","-3.80","-0.13","8.359","4.07",2024-10-29 09:00:00,"PSY1N909",1
"29/10/2024","09:15:00","20.97","-1.334","2.694",-0.71,"1.00","-3.80","-0.18","8.344","4.07",2024-10-29 09:15:00,"PSY1N909",1
"29/10/2024","09:30:00","21.39","-1.184","2.624",-0.66,"1.00","-3.80","-0.16","8.330","4.07",2024-10-29 09:30:00,"PSY1N909",1
"29/10/2024","09:45:00","21.91","-1.659","2.599",-0.7,"1.00","-3.80","-0.22","8.308","4.07",2024-10-29 09:45:00,"PSY1N909",1
"29/10/2024","10:00:00","22.87","-2.069","2.872",-0.81,"1.00","-3.80","-0.28","8.276","4.07",2024-10-29 10:00:00,"PSY1N909",1
"29/10/2024","10:15:00","23.51","-1.211","3.021",-0.72,"1.00","-3.80","-0.16","8.251","4.07",2024-10-29 10:15:00,"PSY1N909",1
"29/10/2024","10:30:00","23.62","-0.835","3.291",-0.74,"1.00","-3.80","-0.11","8.247","4.07",2024-10-29 10:30:00,"PSY1N909",1
"29/10/2024","10:45:00","23.40","-1.796","3.156",-0.84,"1.00","-3.80","-0.24","8.254","4.07",2024-10-29 10:45:00,"PSY1N909",1
"29/10/2024","11:00:00","23.47","-0.326","4.607",-1.04,"1.00","-3.80","-0.04","8.254","4.07",2024-10-29 11:00:00,"PSY1N909",1
"29/10/2024","11:15:00","23.66","-1.263","3.427",-0.84,"1.00","-3.80","-0.17","8.247","4.06",2024-10-29 11:15:00,"PSY1N909",1
"29/10/2024","11:30:00","24.09","-2.005","2.933",-0.79,"1.00","-3.80","-0.27","8.233","4.06",2024-10-29 11:30:00,"PSY1N909",1
"29/10/2024","11:45:00","24.34","-1.349","3.237",-0.78,"1.00","-3.80","-0.18","8.222","4.06",2024-10-29 11:45:00,"PSY1N909",1
"29/10/2024","12:00:00","24.59","-1.825","3.211",-0.83,"1.00","-3.80","-0.24","8.215","4.06",2024-10-29 12:00:00,"PSY1N909",1
"29/10/2024","12:15:00","24.69","-1.266","4.673",-1.14,"1.00","-3.80","-0.17","8.212","4.06",2024-10-29 12:15:00,"PSY1N909",1
"29/10/2024","12:30:00","24.91","-1.800","3.212",-0.82,"1.00","-3.80","-0.24","8.201","4.06",2024-10-29 12:30:00,"PSY1N909",1
"29/10/2024","12:45:00","25.44","-1.955","3.452",-0.89,"1.00","-3.80","-0.26","8.184","4.06",2024-10-29 12:45:00,"PSY1N909",1
"29/10/2024","13:00:00","25.90","-1.738","3.752",-0.93,"1.00","-3.80","-0.23","8.166","4.06",2024-10-29 13:00:00,"PSY1N909",1
"29/10/2024","13:15:00","26.20","-1.795","3.821",-0.95,"1.00","-3.80","-0.24","8.154","4.05",2024-10-29 13:15:00,"PSY1N909",1
"29/10/2024","13:30:00","27.07","-2.011","3.268",-0.81,"1.00","-3.80","-0.26","8.128","4.05",2024-10-29 13:30:00,"PSY1N909",1
"29/10/2024","13:45:00","27.20","-1.048","3.994",-0.86,"1.00","-3.80","-0.13","8.121","4.05",2024-10-29 13:45:00,"PSY1N909",1
"29/10/2024","14:00:00","26.57","-1.153","4.378",-0.99,"1.00","-3.80","-0.15","8.145","4.05",2024-10-29 14:00:00,"PSY1N909",1
"29/10/2024","14:15:00","27.10","-1.178","4.665",-1.05,"1.00","-3.80","-0.15","8.123","4.05",2024-10-29 14:15:00,"PSY1N909",1
"29/10/2024","14:30:00","26.98","-1.187","4.500",-1.01,"1.00","-3.80","-0.15","8.130","4.05",2024-10-29 14:30:00,"PSY1N909",1
"29/10/2024","14:45:00","26.90","-0.924","4.802",-1.06,"1.00","-3.80","-0.12","8.130","4.05",2024-10-29 14:45:00,"PSY1N909",1
"29/10/2024","15:00:00","26.88","-1.738","4.565",-1.11,"1.00","-3.80","-0.23","8.134","4.05",2024-10-29 15:00:00,"PSY1N909",1
"29/10/2024","15:15:00","26.42","-0.613","4.487",-0.95,"1.00","-3.80","-0.08","8.148","4.05",2024-10-29 15:15:00,"PSY1N909",1
"29/10/2024","15:30:00","25.96","-1.486","3.909",-0.93,"1.00","-3.80","-0.19","8.166","4.05",2024-10-29 15:30:00,"PSY1N909",1
"29/10/2024","15:45:00","25.98","-1.687","3.944",-0.97,"1.00","-3.80","-0.22","8.166","4.05",2024-10-29 15:45:00,"PSY1N909",1
"29/10/2024","16:00:00","25.82","-1.472","4.106",-0.99,"1.00","-3.80","-0.19","8.168","4.05",2024-10-29 16:00:00,"PSY1N909",1
"29/10/2024","16:15:00","26.24","-1.784","4.230",-1.05,"1.00","-3.80","-0.23","8.154","4.05",2024-10-29 16:15:00,"PSY1N909",1
"29/10/2024","16:30:00","26.34","-1.277","4.777",-1.12,"1.00","-3.80","-0.17","8.152","4.04",2024-10-29 16:30:00,"PSY1N909",1
"29/10/2024","16:45:00","26.03","0.549","5.258",-1,"1.00","-3.80","0.07","8.161","4.04",2024-10-29 16:45:00,"PSY1N909",1
"29/10/2024","17:00:00","25.59","0.173","4.579",-0.89,"1.00","-3.80","0.02","8.180","4.04",2024-10-29 17:00:00,"PSY1N909",1
"29/10/2024","17:15:00","25.38","-0.390","4.329",-0.91,"1.00","-3.80","-0.05","8.187","4.04",2024-10-29 17:15:00,"PSY1N909",1
"29/10/2024","17:30:00","25.29","-0.430","4.126",-0.87,"1.00","-3.80","-0.05","8.191","4.04",2024-10-29 17:30:00,"PSY1N909",1
"29/10/2024","17:45:00","25.19","-1.228","3.768",-0.88,"1.00","-3.80","-0.16","8.194","4.04",2024-10-29 17:45:00,"PSY1N909",1
"29/10/2024","18:00:00","24.74","-1.093","3.868",-0.9,"1.00","-3.80","-0.14","8.208","4.04",2024-10-29 18:00:00,"PSY1N909",1
"29/10/2024","18:15:00","24.58","-0.579","4.074",-0.89,"1.00","-3.80","-0.07","8.215","4.04",2024-10-29 18:15:00,"PSY1N909",1
"29/10/2024","18:30:00","24.64","-0.696","4.290",-0.97,"1.00","-3.80","-0.09","8.212","4.04",2024-10-29 18:30:00,"PSY1N909",1
"29/10/2024","18:45:00","24.25","-1.141","3.904",-0.93,"1.00","-3.80","-0.15","8.226","4.04",2024-10-29 18:45:00,"PSY1N909",1
"29/10/2024","19:00:00","24.17","-1.181","4.014",-0.97,"1.00","-3.80","-0.15","8.229","4.05",2024-10-29 19:00:00,"PSY1N909",1
"29/10/2024","19:15:00","24.42","-0.600","3.761",-0.82,"1.00","-3.80","-0.08","8.219","4.06",2024-10-29 19:15:00,"PSY1N909",1
"29/10/2024","19:30:00","24.49","-0.482","3.914",-0.84,"1.00","-3.80","-0.06","8.219","4.07",2024-10-29 19:30:00,"PSY1N909",1
"29/10/2024","19:45:00","24.37","-0.715","3.398",-0.74,"1.00","-3.80","-0.09","8.222","4.08",2024-10-29 19:45:00,"PSY1N909",1
"29/10/2024","20:00:00","24.30","-0.988","2.923",-0.65,"1.00","-3.80","-0.13","8.222","4.09",2024-10-29 20:00:00,"PSY1N909",1
"29/10/2024","20:15:00","24.74","-0.879","2.853",-0.61,"1.00","-3.80","-0.11","8.208","4.10",2024-10-29 20:15:00,"PSY1N909",1
"29/10/2024","20:30:00","24.87","-0.782","3.135",-0.67,"1.00","-3.80","-0.10","8.205","4.11",2024-10-29 20:30:00,"PSY1N909",1
"29/10/2024","20:45:00","24.87","-0.966","2.937",-0.64,"1.00","-3.80","-0.12","8.205","4.11",2024-10-29 20:45:00,"PSY1N909",1
"29/10/2024","21:00:00","24.80","-0.842","2.825",-0.59,"1.00","-3.80","-0.11","8.205","4.12",2024-10-29 21:00:00,"PSY1N909",1
"29/10/2024","21:15:00","24.97","-0.885","2.873",-0.61,"1.00","-3.80","-0.11","8.201","4.13",2024-10-29 21:15:00,"PSY1N909",1
"29/10/2024","21:30:00","25.07","-0.682","3.020",-0.62,"1.00","-3.80","-0.09","8.198","4.14",2024-10-29 21:30:00,"PSY1N909",1
"29/10/2024","21:45:00","25.09","-0.861","2.997",-0.63,"1.00","-3.80","-0.11","8.198","4.15",2024-10-29 21:45:00,"PSY1N909",1
"29/10/2024","22:00:00","25.02","-0.740","3.052",-0.63,"1.00","-3.80","-0.09","8.198","4.15",2024-10-29 22:00:00,"PSY1N909",1
"29/10/2024","22:15:00","24.91","-0.653","2.928",-0.59,"1.00","-3.80","-0.08","8.201","4.16",2024-10-29 22:15:00,"PSY1N909",1
"29/10/2024","22:30:00","24.89","-0.678","2.928",-0.6,"1.00","-3.80","-0.09","8.205","4.16",2024-10-29 22:30:00,"PSY1N909",1
"29/10/2024","22:45:00","24.83","-0.752","2.863",-0.59,"1.00","-3.80","-0.10","8.205","4.16",2024-10-29 22:45:00,"PSY1N909",1
"29/10/2024","23:00:00","24.77","-0.844","2.880",-0.61,"1.00","-3.80","-0.11","8.208","4.16",2024-10-29 23:00:00,"PSY1N909",1
"29/10/2024","23:15:00","24.73","-0.760","2.791",-0.57,"1.00","-3.80","-0.10","8.208","4.16",2024-10-29 23:15:00,"PSY1N909",1
"29/10/2024","23:30:00","24.77","-0.814","2.751",-0.57,"1.00","-3.80","-0.10","8.208","4.16",2024-10-29 23:30:00,"PSY1N909",1
"29/10/2024","23:45:00","24.78","-0.749","2.752",-0.56,"1.00","-3.80","-0.10","8.208","4.16",2024-10-29 23:45:00,"PSY1N909",1
"30/10/2024","00:00:00","23.92","0.361","2.589",-0.38,"1.00","-3.80","0.04","8.237","4.16",2024-10-30,"PSY1N909",1
"30/10/2024","00:15:00","23.23","0.285","1.834",-0.2,"1.00","-3.80","0.03","8.262","4.16",2024-10-30 00:15:00,"PSY1N909",1
"30/10/2024","00:30:00","22.71","0.042","1.548",-0.16,"1.00","-3.80","0.00","8.279","4.15",2024-10-30 00:30:00,"PSY1N909",1
"30/10/2024","00:45:00","22.22","0.057","1.421",-0.13,"1.00","-3.80","0.00","8.297","4.16",2024-10-30 00:45:00,"PSY1N909",1
"30/10/2024","01:00:00","21.85","0.010","1.292",-0.1,"1.00","-3.80","0.00","8.312","4.15",2024-10-30 01:00:00,"PSY1N909",1
"30/10/2024","01:15:00","21.54","0.035","1.246",-0.09,"1.00","-3.80","0.00","8.323","4.16",2024-10-30 01:15:00,"PSY1N909",1
"30/10/2024","01:30:00","21.32","-0.131","1.161",-0.09,"1.00","-3.80","-0.01","8.330","4.15",2024-10-30 01:30:00,"PSY1N909",1
"30/10/2024","01:45:00","21.03","0.049","1.114",-0.05,"1.00","-3.80","0.00","8.341","4.15",2024-10-30 01:45:00,"PSY1N909",1
"30/10/2024","02:00:00","20.69","-0.044","1.096",-0.06,"1.00","-3.80","0.00","8.355","4.15",2024-10-30 02:00:00,"PSY1N909",1
"30/10/2024","02:15:00","20.35","-0.148","1.043",-0.07,"1.00","-3.80","-0.02","8.366","4.15",2024-10-30 02:15:00,"PSY1N909",1
"30/10/2024","02:30:00","20.33","-0.092","0.967",-0.04,"1.00","-3.80","-0.01","8.366","4.15",2024-10-30 02:30:00,"PSY1N909",1
"30/10/2024","02:45:00","20.28","-0.219","0.943",-0.05,"1.00","-3.80","-0.03","8.370","4.15",2024-10-30 02:45:00,"PSY1N909",1
"30/10/2024","03:00:00","20.14","-0.133","0.933",-0.03,"1.00","-3.80","-0.01","8.373","4.15",2024-10-30 03:00:00,"PSY1N909",1
"30/10/2024","03:15:00","20.04","-0.041","0.870",0,"1.00","-3.80","0.00","8.377","4.15",2024-10-30 03:15:00,"PSY1N909",1
"30/10/2024","03:30:00","19.96","-0.132","0.863",-0.01,"1.00","-3.80","-0.01","8.381","4.15",2024-10-30 03:30:00,"PSY1N909",1
"30/10/2024","03:45:00","19.84","-0.146","0.822",0,"1.00","-3.80","-0.02","8.384","4.15",2024-10-30 03:45:00,"PSY1N909",1
"30/10/2024","04:00:00","19.76","-0.120","0.000",0,"1.00","-3.80","-0.01","8.388","4.15",2024-10-30 04:00:00,"PSY1N909",1
"30/10/2024","04:15:00","19.60","-0.054","0.887",-0.01,"1.00","-3.80","0.00","8.392","4.15",2024-10-30 04:15:00,"PSY1N909",1
"30/10/2024","04:30:00","19.58","-0.204","0.000",0,"1.00","-3.80","-0.02","8.395","4.15",2024-10-30 04:30:00,"PSY1N909",1
"30/10/2024","04:45:00","19.55","-0.283","0.000",0,"1.00","-3.80","-0.03","8.395","4.15",2024-10-30 04:45:00,"PSY1N909",1
"30/10/2024","05:00:00","19.52","-0.120","0.000",0,"1.00","-3.80","-0.01","8.395","4.15",2024-10-30 05:00:00,"PSY1N909",1
"30/10/2024","05:15:00","19.52","-0.261","0.000",0,"1.00","-3.80","-0.03","8.395","4.15",2024-10-30 05:15:00,"PSY1N909",1
"30/10/2024","05:30:00","19.52","-0.276","0.000",0,"1.00","-3.80","-0.03","8.395","4.15",2024-10-30 05:30:00,"PSY1N909",1
"30/10/2024","05:45:00","19.53","-0.331","0.000",0,"1.00","-3.80","-0.04","8.395","4.15",2024-10-30 05:45:00,"PSY1N909",1
"30/10/2024","06:00:00","19.53","-0.285","0.000",0,"1.00","-3.80","-0.03","8.395","4.15",2024-10-30 06:00:00,"PSY1N909",1
"30/10/2024","06:15:00","19.48","-0.240","0.000",0,"1.00","-3.80","-0.03","8.399","4.15",2024-10-30 06:15:00,"PSY1N909",1
"30/10/2024","06:30:00","19.45","-0.283","0.000",0,"1.00","-3.80","-0.03","8.399","4.15",2024-10-30 06:30:00,"PSY1N909",1
"30/10/2024","06:45:00","19.44","-0.432","0.000",0,"1.00","-3.80","-0.05","8.399","4.15",2024-10-30 06:45:00,"PSY1N909",1
"30/10/2024","07:00:00","19.44","-0.365","0.000",0,"1.00","-3.80","-0.05","8.399","4.15",2024-10-30 07:00:00,"PSY1N909",1
"30/10/2024","07:15:00","19.45","-0.334","0.000",0,"1.00","-3.80","-0.04","8.399","4.15",2024-10-30 07:15:00,"PSY1N909",1
"30/10/2024","07:30:00","19.46","-0.243","0.000",0,"1.00","-3.80","-0.03","8.399","4.15",2024-10-30 07:30:00,"PSY1N909",1
"30/10/2024","07:45:00","19.36","-0.247","0.000",0,"1.00","-3.80","-0.03","8.403","4.15",2024-10-30 07:45:00,"PSY1N909",1
"30/10/2024","08:00:00","19.91","-1.404","0.418",-0.05,"1.00","-3.80","-0.19","8.381","4.15",2024-10-30 08:00:00,"PSY1N909",1
"30/10/2024","08:15:00","20.71","-1.182","0.541",-0.06,"1.00","-3.80","-0.16","8.352","4.15",2024-10-30 08:15:00,"PSY1N909",1
"30/10/2024","08:30:00","21.30","-1.017","1.151",-0.21,"1.00","-3.80","-0.13","8.330","4.15",2024-10-30 08:30:00,"PSY1N909",1
"30/10/2024","08:45:00","21.70","-1.093","1.519",-0.32,"1.00","-3.80","-0.14","8.315","4.15",2024-10-30 08:45:00,"PSY1N909",1
"30/10/2024","09:00:00","22.05","-0.934","1.954",-0.42,"1.00","-3.80","-0.12","8.305","4.15",2024-10-30 09:00:00,"PSY1N909",1
"30/10/2024","09:15:00","22.30","-0.495","2.080",-0.39,"1.00","-3.80","-0.06","8.294","4.15",2024-10-30 09:15:00,"PSY1N909",1
"30/10/2024","09:30:00","22.37","-1.287","1.713",-0.39,"1.00","-3.80","-0.17","8.294","4.15",2024-10-30 09:30:00,"PSY1N909",1
"30/10/2024","09:45:00","22.69","-0.972","1.888",-0.39,"1.00","-3.80","-0.13","8.283","4.15",2024-10-30 09:45:00,"PSY1N909",1
"30/10/2024","10:00:00","22.86","-0.356","1.780",-0.28,"1.00","-3.80","-0.04","8.276","4.15",2024-10-30 10:00:00,"PSY1N909",1
"30/10/2024","10:15:00","22.95","-1.284","1.714",-0.38,"1.00","-3.80","-0.17","8.272","4.15",2024-10-30 10:15:00,"PSY1N909",1
"30/10/2024","10:30:00","23.42","-1.064","1.808",-0.37,"1.00","-3.80","-0.14","8.254","4.16",2024-10-30 10:30:00,"PSY1N909",1
"30/10/2024","10:45:00","23.47","-1.186","1.943",-0.43,"1.00","-3.80","-0.16","8.254","4.15",2024-10-30 10:45:00,"PSY1N909",1
"30/10/2024","11:00:00","23.71","-1.167","2.090",-0.46,"1.00","-3.80","-0.15","8.244","4.16",2024-10-30 11:00:00,"PSY1N909",1
"30/10/2024","11:15:00","24.03","-1.354","2.013",-0.46,"1.00","-3.80","-0.18","8.233","4.16",2024-10-30 11:15:00,"PSY1N909",1
"30/10/2024","11:30:00","24.42","-1.029","1.935",-0.39,"1.00","-3.80","-0.13","8.219","4.15",2024-10-30 11:30:00,"PSY1N909",1
"30/10/2024","11:45:00","24.68","-1.088","2.056",-0.42,"1.00","-3.80","-0.14","8.212","4.16",2024-10-30 11:45:00,"PSY1N909",1
"30/10/2024","12:00:00","24.76","-0.848","2.353",-0.47,"1.00","-3.80","-0.11","8.208","4.15",2024-10-30 12:00:00,"PSY1N909",1
"30/10/2024","12:15:00","24.70","-1.089","2.028",-0.42,"1.00","-3.80","-0.14","8.208","4.15",2024-10-30 12:15:00,"PSY1N909",1
"30/10/2024","12:30:00","25.01","-1.028","2.114",-0.43,"1.00","-3.80","-0.13","8.198","4.15",2024-10-30 12:30:00,"PSY1N909",1
"30/10/2024","12:45:00","25.27","-1.005","2.349",-0.48,"1.00","-3.80","-0.13","8.191","4.16",2024-10-30 12:45:00,"PSY1N909",1
"30/10/2024","13:00:00","25.49","-1.501","2.061",-0.47,"1.00","-3.80","-0.20","8.184","4.16",2024-10-30 13:00:00,"PSY1N909",1
"30/10/2024","13:15:00","25.49","-0.536","2.354",-0.42,"1.00","-3.80","-0.07","8.184","4.15",2024-10-30 13:15:00,"PSY1N909",1
"30/10/2024","13:30:00","25.82","-1.306","2.332",-0.51,"1.00","-3.80","-0.17","8.168","4.16",2024-10-30 13:30:00,"PSY1N909",1
"30/10/2024","13:45:00","26.19","-0.239","3.106",-0.56,"1.00","-3.80","-0.03","8.159","4.16",2024-10-30 13:45:00,"PSY1N909",1
"30/10/2024","14:00:00","26.40","-0.540","2.467",-0.43,"1.00","-3.80","-0.07","8.148","4.16",2024-10-30 14:00:00,"PSY1N909",1
"30/10/2024","14:15:00","26.33","-1.405","2.474",-0.55,"1.00","-3.80","-0.18","8.152","4.16",2024-10-30 14:15:00,"PSY1N909",1
"30/10/2024","14:30:00","26.16","-0.922","2.483",-0.49,"1.00","-3.80","-0.12","8.159","4.16",2024-10-30 14:30:00,"PSY1N909",1
"30/10/2024","14:45:00","26.46","-0.783","2.821",-0.55,"1.00","-3.80","-0.10","8.148","4.16",2024-10-30 14:45:00,"PSY1N909",1
"30/10/2024","15:00:00","26.28","-0.884","2.740",-0.55,"1.00","-3.80","-0.11","8.154","4.16",2024-10-30 15:00:00,"PSY1N909",1
"30/10/2024","15:15:00","26.45","-1.085","2.727",-0.57,"1.00","-3.80","-0.14","8.148","4.16",2024-10-30 15:15:00,"PSY1N909",1
"30/10/2024","15:30:00","26.59","-1.303","2.673",-0.58,"1.00","-3.80","-0.17","8.145","4.16",2024-10-30 15:30:00,"PSY1N909",1
"30/10/2024","15:45:00","26.65","-0.489","2.969",-0.55,"1.00","-3.80","-0.06","8.141","4.16",2024-10-30 15:45:00,"PSY1N909",1
"30/10/2024","16:00:00","26.65","-0.673","2.974",-0.57,"1.00","-3.80","-0.08","8.141","4.16",2024-10-30 16:00:00,"PSY1N909",1
"30/10/2024","16:15:00","26.56","-0.674","3.064",-0.6,"1.00","-3.80","-0.09","8.145","4.16",2024-10-30 16:15:00,"PSY1N909",1
"30/10/2024","16:30:00","26.19","-1.079","2.849",-0.6,"1.00","-3.80","-0.14","8.159","4.16",2024-10-30 16:30:00,"PSY1N909",1
"30/10/2024","16:45:00","25.83","-1.116","2.754",-0.59,"1.00","-3.80","-0.14","8.168","4.16",2024-10-30 16:45:00,"PSY1N909",1
"30/10/2024","17:00:00","25.73","-0.918","2.628",-0.53,"1.00","-3.80","-0.12","8.173","4.16",2024-10-30 17:00:00,"PSY1N909",1
"30/10/2024","17:15:00","25.51","-0.961","2.875",-0.61,"1.00","-3.80","-0.12","8.180","4.16",2024-10-30 17:15:00,"PSY1N909",1
"30/10/2024","17:30:00","24.80","-1.186","2.536",-0.56,"1.00","-3.80","-0.15","8.205","4.16",2024-10-30 17:30:00,"PSY1N909",1
"30/10/2024","17:45:00","25.39","-1.051","2.710",-0.58,"1.00","-3.80","-0.14","8.187","4.16",2024-10-30 17:45:00,"PSY1N909",1
"30/10/2024","18:00:00","25.69","-0.963","2.893",-0.61,"1.00","-3.80","-0.12","8.175","4.15",2024-10-30 18:00:00,"PSY1N909",1
"30/10/2024","18:15:00","25.50","-0.942","2.875",-0.6,"1.00","-3.80","-0.12","8.180","4.16",2024-10-30 18:15:00,"PSY1N909",1
"30/10/2024","18:30:00","25.70","-0.992","2.976",-0.63,"1.00","-3.80","-0.13","8.173","4.16",2024-10-30 18:30:00,"PSY1N909",1
"30/10/2024","18:45:00","25.38","-0.928","3.055",-0.65,"1.00","-3.80","-0.12","8.187","4.16",2024-10-30 18:45:00,"PSY1N909",1
"30/10/2024","19:00:00","25.18","-0.884","3.189",-0.69,"1.00","-3.80","-0.11","8.194","4.16",2024-10-30 19:00:00,"PSY1N909",1
"30/10/2024","19:15:00","24.76","-0.592","3.426",-0.72,"1.00","-3.80","-0.07","8.208","4.16",2024-10-30 19:15:00,"PSY1N909",1
"30/10/2024","19:30:00","24.70","-0.097","3.328",-0.63,"1.00","-3.80","-0.01","8.208","4.16",2024-10-30 19:30:00,"PSY1N909",1
"30/10/2024","19:45:00","24.57","-0.459","3.760",-0.79,"1.00","-3.80","-0.06","8.215","4.16",2024-10-30 19:45:00,"PSY1N909",1
"30/10/2024","20:00:00","24.77","-1.060","3.182",-0.72,"1.00","-3.80","-0.14","8.208","4.16",2024-10-30 20:00:00,"PSY1N909",1
"30/10/2024","20:15:00","25.09","-1.040","3.488",-0.79,"1.00","-3.80","-0.13","8.198","4.16",2024-10-30 20:15:00,"PSY1N909",1
"30/10/2024","20:30:00","24.81","-0.707","3.575",-0.77,"1.00","-3.80","-0.09","8.205","4.16",2024-10-30 20:30:00,"PSY1N909",1
"30/10/2024","20:45:00","24.81","-0.699","3.748",-0.82,"1.00","-3.80","-0.09","8.205","4.16",2024-10-30 20:45:00,"PSY1N909",1
"30/10/2024","21:00:00","24.83","-0.883","3.645",-0.81,"1.00","-3.80","-0.11","8.205","4.16",2024-10-30 21:00:00,"PSY1N909",1
"30/10/2024","21:15:00","24.79","-0.647","3.648",-0.78,"1.00","-3.80","-0.08","8.208","4.16",2024-10-30 21:15:00,"PSY1N909",1
"30/10/2024","21:30:00","24.86","-0.263","4.024",-0.83,"1.00","-3.80","-0.03","8.205","4.16",2024-10-30 21:30:00,"PSY1N909",1
"30/10/2024","21:45:00","24.61","0.024","4.118",-0.82,"1.00","-3.80","0.00","8.212","4.16",2024-10-30 21:45:00,"PSY1N909",1
"30/10/2024","22:00:00","24.40","-0.529","3.621",-0.77,"1.00","-3.80","-0.07","8.219","4.15",2024-10-30 22:00:00,"PSY1N909",1
"30/10/2024","22:15:00","24.24","-0.714","3.512",-0.77,"1.00","-3.80","-0.09","8.226","4.16",2024-10-30 22:15:00,"PSY1N909",1
"30/10/2024","22:30:00","24.38","-1.000","3.514",-0.81,"1.00","-3.80","-0.13","8.222","4.16",2024-10-30 22:30:00,"PSY1N909",1
"30/10/2024","22:45:00","24.30","-0.409","3.608",-0.75,"1.00","-3.80","-0.05","8.222","4.16",2024-10-30 22:45:00,"PSY1N909",1
"30/10/2024","23:00:00","24.04","-0.922","3.511",-0.8,"1.00","-3.80","-0.12","8.233","4.15",2024-10-30 23:00:00,"PSY1N909",1
"30/10/2024","23:15:00","24.27","-0.925","3.513",-0.8,"1.00","-3.80","-0.12","8.226","4.16",2024-10-30 23:15:00,"PSY1N909",1
"30/10/2024","23:30:00","24.39","-0.877","3.452",-0.77,"1.00","-3.80","-0.11","8.222","4.16",2024-10-30 23:30:00,"PSY1N909",1
"30/10/2024","23:45:00","24.36","-0.955","3.431",-0.78,"1.00","-3.80","-0.12","8.222","4.15",2024-10-30 23:45:00,"PSY1N909",1
"31/10/2024","00:00:00","23.61","0.290","3.394",-0.62,"1.00","-3.80","0.03","8.247","4.16",2024-10-31,"PSY1N909",1
"31/10/2024","00:15:00","23.01","0.129","2.572",-0.43,"1.00","-3.80","0.01","8.269","4.16",2024-10-31 00:15:00,"PSY1N909",1
"31/10/2024","00:30:00","22.54","0.101","2.113",-0.31,"1.00","-3.80","0.01","8.287","4.16",2024-10-31 00:30:00,"PSY1N909",1
"31/10/2024","00:45:00","22.11","0.197","1.881",-0.24,"1.00","-3.80","0.02","8.301","4.16",2024-10-31 00:45:00,"PSY1N909",1
"31/10/2024","01:00:00","21.64","0.503","1.908",-0.22,"1.00","-3.80","0.06","8.319","4.15",2024-10-31 01:00:00,"PSY1N909",1
"31/10/2024","01:15:00","21.04","0.220","1.824",-0.24,"1.00","-3.80","0.03","8.341","4.15",2024-10-31 01:15:00,"PSY1N909",1
"31/10/2024","01:30:00","20.55","0.326","1.460",-0.12,"1.00","-3.80","0.04","8.359","4.16",2024-10-31 01:30:00,"PSY1N909",1
"31/10/2024","01:45:00","20.27","0.263","1.445",-0.13,"1.00","-3.80","0.03","8.370","4.16",2024-10-31 01:45:00,"PSY1N909",1
"31/10/2024","02:00:00","20.11","0.273","1.396",-0.12,"1.00","-3.80","0.03","8.373","4.16",2024-10-31 02:00:00,"PSY1N909",1
"31/10/2024","02:15:00","19.88","0.156","1.405",-0.14,"1.00","-3.80","0.02","8.384","4.16",2024-10-31 02:15:00,"PSY1N909",1
"31/10/2024","02:30:00","19.74","0.182","1.328",-0.11,"1.00","-3.80","0.02","8.388","4.15",2024-10-31 02:30:00,"PSY1N909",1
"31/10/2024","02:45:00","19.73","0.125","1.313",-0.12,"1.00","-3.80","0.01","8.388","4.15",2024-10-31 02:45:00,"PSY1N909",1
"31/10/2024","03:00:00","19.75","-0.139","1.265",-0.14,"1.00","-3.80","-0.01","8.388","4.14",2024-10-31 03:00:00,"PSY1N909",1
"31/10/2024","03:15:00","19.74","-0.079","1.250",-0.13,"1.00","-3.80","-0.01","8.388","4.14",2024-10-31 03:15:00,"PSY1N909",1
"31/10/2024","03:30:00","19.57","-0.088","1.304",-0.15,"1.00","-3.80","-0.01","8.395","4.14",2024-10-31 03:30:00,"PSY1N909",1
"31/10/2024","03:45:00","19.43","-0.178","1.372",-0.18,"1.00","-3.80","-0.02","8.399","4.14",2024-10-31 03:45:00,"PSY1N909",1
"31/10/2024","04:00:00","19.45","-0.350","1.214",-0.16,"1.00","-3.80","-0.04","8.399","4.14",2024-10-31 04:00:00,"PSY1N909",1
"31/10/2024","04:15:00","19.44","-0.274","1.197",-0.14,"1.00","-3.80","-0.03","8.399","4.14",2024-10-31 04:15:00,"PSY1N909",1
"31/10/2024","04:30:00","19.42","-0.125","1.173",-0.11,"1.00","-3.80","-0.01","8.399","4.14",2024-10-31 04:30:00,"PSY1N909",1
"31/10/2024","04:45:00","19.35","-0.095","1.244",-0.13,"1.00","-3.80","-0.01","8.403","4.14",2024-10-31 04:45:00,"PSY1N909",1
"31/10/2024","05:00:00","19.24","-0.275","1.167",-0.13,"1.00","-3.80","-0.03","8.406","4.14",2024-10-31 05:00:00,"PSY1N909",1
"31/10/2024","05:15:00","19.23","-0.158","1.155",-0.11,"1.00","-3.80","-0.02","8.406","4.13",2024-10-31 05:15:00,"PSY1N909",1
"31/10/2024","05:30:00","19.13","-0.276","1.128",-0.12,"1.00","-3.80","-0.03","8.410","4.13",2024-10-31 05:30:00,"PSY1N909",1
"31/10/2024","05:45:00","19.13","-0.325","1.087",-0.12,"1.00","-3.80","-0.04","8.410","4.13",2024-10-31 05:45:00,"PSY1N909",1
"31/10/2024","06:00:00","19.13","-0.381","1.048",-0.11,"1.00","-3.80","-0.05","8.410","4.13",2024-10-31 06:00:00,"PSY1N909",1
"31/10/2024","06:15:00","19.14","-0.244","1.057",-0.1,"1.00","-3.80","-0.03","8.410","4.13",2024-10-31 06:15:00,"PSY1N909",1
"31/10/2024","06:30:00","19.10","-0.370","1.033",-0.11,"1.00","-3.80","-0.05","8.410","4.13",2024-10-31 06:30:00,"PSY1N909",1
"31/10/2024","06:45:00","19.08","-0.341","1.005",-0.09,"1.00","-3.80","-0.04","8.414","4.13",2024-10-31 06:45:00,"PSY1N909",1
"31/10/2024","07:00:00","19.05","-0.367","1.002",-0.1,"1.00","-3.80","-0.05","8.414","4.13",2024-10-31 07:00:00,"PSY1N909",1
"31/10/2024","07:15:00","19.07","-0.262","1.003",-0.08,"1.00","-3.80","-0.03","8.414","4.12",2024-10-31 07:15:00,"PSY1N909",1
"31/10/2024","07:30:00","19.01","-0.227","1.016",-0.08,"1.00","-3.80","-0.03","8.414","4.12",2024-10-31 07:30:00,"PSY1N909",1
"31/10/2024","07:45:00","18.94","0.084","1.120",-0.07,"1.00","-3.80","0.01","8.417","4.12",2024-10-31 07:45:00,"PSY1N909",1
"31/10/2024","08:00:00","19.46","-1.353","0.918",-0.2,"1.00","-3.80","-0.18","8.399","4.12",2024-10-31 08:00:00,"PSY1N909",1
"31/10/2024","08:15:00","20.45","-1.367","1.521",-0.38,"1.00","-3.80","-0.18","8.362","4.12",2024-10-31 08:15:00,"PSY1N909",1
"31/10/2024","08:30:00","20.84","-1.036","2.085",-0.49,"1.00","-3.80","-0.14","8.348","4.12",2024-10-31 08:30:00,"PSY1N909",1
"31/10/2024","08:45:00","21.00","-1.309","2.489",-0.65,"1.00","-3.80","-0.17","8.341","4.12",2024-10-31 08:45:00,"PSY1N909",1
"31/10/2024","09:00:00","21.06","-1.278","2.375",-0.61,"1.00","-3.80","-0.17","8.341","4.12",2024-10-31 09:00:00,"PSY1N909",1
"31/10/2024","09:15:00","21.37","-1.463","2.855",-0.76,"1.00","-3.80","-0.19","8.330","4.12",2024-10-31 09:15:00,"PSY1N909",1
"31/10/2024","09:30:00","21.66","-0.935","2.719",-0.65,"1.00","-3.80","-0.12","8.319","4.11",2024-10-31 09:30:00,"PSY1N909",1
"31/10/2024","09:45:00","21.96","-1.293","2.635",-0.66,"1.00","-3.80","-0.17","8.308","4.11",2024-10-31 09:45:00,"PSY1N909",1
"31/10/2024","10:00:00","22.39","-1.780","2.489",-0.68,"1.00","-3.80","-0.24","8.294","4.11",2024-10-31 10:00:00,"PSY1N909",1
"31/10/2024","10:15:00","22.99","-1.436","2.521",-0.63,"1.00","-3.80","-0.19","8.272","4.11",2024-10-31 10:15:00,"PSY1N909",1
"31/10/2024","10:30:00","23.36","-1.590","2.958",-0.76,"1.00","-3.80","-0.21","8.258","4.11",2024-10-31 10:30:00,"PSY1N909",1
"31/10/2024","10:45:00","23.65","-1.658","2.955",-0.76,"1.00","-3.80","-0.22","8.247","4.11",2024-10-31 10:45:00,"PSY1N909",1
"31/10/2024","11:00:00","24.02","-1.910","2.682",-0.71,"1.00","-3.80","-0.25","8.233","4.11",2024-10-31 11:00:00,"PSY1N909",1
"31/10/2024","11:15:00","24.79","-1.758","3.032",-0.77,"1.00","-3.80","-0.23","8.208","4.11",2024-10-31 11:15:00,"PSY1N909",1
"31/10/2024","11:30:00","24.54","-1.737","3.305",-0.85,"1.00","-3.80","-0.23","8.215","4.11",2024-10-31 11:30:00,"PSY1N909",1
"31/10/2024","11:45:00","24.75","-1.405","3.471",-0.84,"1.00","-3.80","-0.18","8.208","4.10",2024-10-31 11:45:00,"PSY1N909",1
"31/10/2024","12:00:00","24.79","-0.848","4.001",-0.91,"1.00","-3.80","-0.11","8.208","4.10",2024-10-31 12:00:00,"PSY1N909",1
"31/10/2024","12:15:00","25.21","-2.282","3.257",-0.89,"1.00","-3.80","-0.30","8.191","4.10",2024-10-31 12:15:00,"PSY1N909",1
"31/10/2024","12:30:00","25.41","-0.699","3.357",-0.7,"1.00","-3.80","-0.09","8.184","4.10",2024-10-31 12:30:00,"PSY1N909",1
"31/10/2024","12:45:00","25.59","-1.332","3.376",-0.79,"1.00","-3.80","-0.17","8.180","4.10",2024-10-31 12:45:00,"PSY1N909",1
"31/10/2024","13:00:00","26.50","-1.763","3.146",-0.76,"1.00","-3.80","-0.23","8.145","4.10",2024-10-31 13:00:00,"PSY1N909",1
"31/10/2024","13:15:00","27.28","-1.788","3.547",-0.85,"1.00","-3.80","-0.23","8.121","4.10",2024-10-31 13:15:00,"PSY1N909",1
"31/10/2024","13:30:00","27.91","-1.781","3.684",-0.87,"1.00","-3.80","-0.23","8.095","4.10",2024-10-31 13:30:00,"PSY1N909",1
"31/10/2024","13:45:00","28.15","-1.454","4.128",-0.93,"1.00","-3.80","-0.19","8.088","4.10",2024-10-31 13:45:00,"PSY1N909",1
"31/10/2024","14:00:00","27.98","1.041","5.296",-0.88,"1.00","-3.80","0.13","8.095","4.09",2024-10-31 14:00:00,"PSY1N909",1
"31/10/2024","14:15:00","27.65","-1.467","4.157",-0.95,"1.00","-3.80","-0.19","8.107","4.09",2024-10-31 14:15:00,"PSY1N909",1
"31/10/2024","14:30:00","27.92","-1.245","4.147",-0.91,"1.00","-3.80","-0.16","8.095","4.09",2024-10-31 14:30:00,"PSY1N909",1
"31/10/2024","14:45:00","28.08","-1.280","4.334",-0.95,"1.00","-3.80","-0.16","8.093","4.09",2024-10-31 14:45:00,"PSY1N909",1
"31/10/2024","15:00:00","27.91","-0.905","4.460",-0.94,"1.00","-3.80","-0.12","8.095","4.09",2024-10-31 15:00:00,"PSY1N909",1
"31/10/2024","15:15:00","27.01","-0.857","4.268",-0.91,"1.00","-3.80","-0.11","8.128","4.10",2024-10-31 15:15:00,"PSY1N909",1
"31/10/2024","15:30:00","26.37","-0.561","3.444",-0.68,"1.00","-3.80","-0.07","8.152","4.12",2024-10-31 15:30:00,"PSY1N909",1
"31/10/2024","15:45:00","26.37","-0.450","3.830",-0.76,"1.00","-3.80","-0.06","8.152","4.12",2024-10-31 15:45:00,"PSY1N909",1
"31/10/2024","16:00:00","26.27","-0.029","3.834",-0.71,"1.00","-3.80","0.00","8.154","4.13",2024-10-31 16:00:00,"PSY1N909",1
"31/10/2024","16:15:00","26.09","-0.197","3.701",-0.7,"1.00","-3.80","-0.02","8.161","4.14",2024-10-31 16:15:00,"PSY1N909",1
"31/10/2024","16:30:00","26.09","-0.732","3.756",-0.79,"1.00","-3.80","-0.09","8.161","4.15",2024-10-31 16:30:00,"PSY1N909",1
"31/10/2024","16:45:00","26.28","-0.638","3.831",-0.79,"1.00","-3.80","-0.08","8.154","4.15",2024-10-31 16:45:00,"PSY1N909",1
"31/10/2024","17:00:00","26.34","-0.731","3.937",-0.83,"1.00","-3.80","-0.09","8.152","4.16",2024-10-31 17:00:00,"PSY1N909",1
"31/10/2024","17:15:00","26.25","-0.593","4.142",-0.87,"1.00","-3.80","-0.07","8.154","4.16",2024-10-31 17:15:00,"PSY1N909",1
"31/10/2024","17:30:00","26.11","-0.686","4.141",-0.88,"1.00","-3.80","-0.09","8.159","4.16",2024-10-31 17:30:00,"PSY1N909",1
"31/10/2024","17:45:00","25.91","-0.518","3.728",-0.76,"1.00","-3.80","-0.06","8.166","4.16",2024-10-31 17:45:00,"PSY1N909",1
"31/10/2024","18:00:00","25.68","-0.454","3.364",-0.66,"1.00","-3.80","-0.06","8.175","4.16",2024-10-31 18:00:00,"PSY1N909",1
"31/10/2024","18:15:00","25.35","-0.279","3.067",-0.57,"1.00","-3.80","-0.03","8.187","4.16",2024-10-31 18:15:00,"PSY1N909",1
"31/10/2024","18:30:00","24.99","-0.773","3.194",-0.68,"1.00","-3.80","-0.10","8.201","4.16",2024-10-31 18:30:00,"PSY1N909",1
"31/10/2024","18:45:00","24.42","0.076","2.952",-0.51,"1.00","-3.80","0.01","8.219","4.16",2024-10-31 18:45:00,"PSY1N909",1
"31/10/2024","19:00:00","24.39","-0.812","2.338",-0.47,"1.00","-3.80","-0.10","8.222","4.16",2024-10-31 19:00:00,"PSY1N909",1
"31/10/2024","19:15:00","24.40","-0.805","2.323",-0.46,"1.00","-3.80","-0.10","8.219","4.16",2024-10-31 19:15:00,"PSY1N909",1
"31/10/2024","19:30:00","24.02","0.108","3.002",-0.53,"1.00","-3.80","0.01","8.233","4.16",2024-10-31 19:30:00,"PSY1N909",1
"31/10/2024","19:45:00","23.64","-1.104","1.910",-0.4,"1.00","-3.80","-0.14","8.247","4.16",2024-10-31 19:45:00,"PSY1N909",1
"31/10/2024","20:00:00","23.92","-1.035","2.011",-0.42,"1.00","-3.80","-0.13","8.237","4.16",2024-10-31 20:00:00,"PSY1N909",1
"31/10/2024","20:15:00","23.95","-0.819","2.323",-0.47,"1.00","-3.80","-0.11","8.237","4.16",2024-10-31 20:15:00,"PSY1N909",1
"31/10/2024","20:30:00","23.71","-0.550","2.617",-0.52,"1.00","-3.80","-0.07","8.244","4.16",2024-10-31 20:30:00,"PSY1N909",1
"31/10/2024","20:45:00","23.45","-0.213","2.968",-0.58,"1.00","-3.80","-0.02","8.254","4.15",2024-10-31 20:45:00,"PSY1N909",1
"31/10/2024","21:00:00","23.46","-0.592","2.435",-0.48,"1.00","-3.80","-0.08","8.254","4.16",2024-10-31 21:00:00,"PSY1N909",1
"31/10/2024","21:15:00","23.27","-0.093","2.942",-0.56,"1.00","-3.80","-0.01","8.262","4.15",2024-10-31 21:15:00,"PSY1N909",1
"31/10/2024","21:30:00","23.02","-1.137","2.223",-0.5,"1.00","-3.80","-0.15","8.269","4.16",2024-10-31 21:30:00,"PSY1N909",1
"31/10/2024","21:45:00","23.05","-0.368","2.952",-0.6,"1.00","-3.80","-0.04","8.269","4.16",2024-10-31 21:45:00,"PSY1N909",1
"31/10/2024","22:00:00","22.98","-0.594","2.663",-0.55,"1.00","-3.80","-0.08","8.272","4.16",2024-10-31 22:00:00,"PSY1N909",1
"31/10/2024","22:15:00","22.78","-0.923","2.427",-0.54,"1.00","-3.80","-0.12","8.279","4.15",2024-10-31 22:15:00,"PSY1N909",1
"31/10/2024","22:30:00","22.65","-0.700","2.473",-0.52,"1.00","-3.80","-0.09","8.283","4.16",2024-10-31 22:30:00,"PSY1N909",1
"31/10/2024","22:45:00","22.81","-0.598","2.412",-0.49,"1.00","-3.80","-0.08","8.276","4.16",2024-10-31 22:45:00,"PSY1N909",1
"31/10/2024","23:00:00","22.89","-0.739","2.176",-0.44,"1.00","-3.80","-0.10","8.276","4.16",2024-10-31 23:00:00,"PSY1N909",1
"31/10/2024","23:15:00","23.12","-0.910","2.152",-0.45,"1.00","-3.80","-0.12","8.265","4.15",2024-10-31 23:15:00,"PSY1N909",1
"31/10/2024","23:30:00","23.29","-0.854","2.255",-0.47,"1.00","-3.80","-0.11","8.262","4.15",2024-10-31 23:30:00,"PSY1N909",1
"31/10/2024","23:45:00","23.43","-0.747","2.248",-0.45,"1.00","-3.80","-0.10","8.254","4.15",2024-10-31 23:45:00,"PSY1N909",1
"01/11/2024","00:00:00","22.69","0.195","2.100",-0.29,"1.00","-3.80","0.02","8.283","4.16",2024-11-01,"PSY1N909",1
"01/11/2024","00:15:00","22.07","0.089","1.504",-0.15,"1.00","-3.80","0.01","8.305","4.16",2024-11-01 00:15:00,"PSY1N909",1
"01/11/2024","00:30:00","21.57","0.177","1.202",-0.06,"1.00","-3.80","0.02","8.323","4.15",2024-11-01 00:30:00,"PSY1N909",1
"01/11/2024","00:45:00","21.18","0.056","1.099",-0.05,"1.00","-3.80","0.00","8.337","4.15",2024-11-01 00:45:00,"PSY1N909",1
"01/11/2024","01:00:00","20.89","-0.001","0.954",-0.01,"1.00","-3.80","0.00","8.348","4.16",2024-11-01 01:00:00,"PSY1N909",1
"01/11/2024","01:15:00","20.67","-0.070","0.948",-0.02,"1.00","-3.80","0.00","8.355","4.16",2024-11-01 01:15:00,"PSY1N909",1
"01/11/2024","01:30:00","20.50","-0.048","0.869",0,"1.00","-3.80","0.00","8.359","4.15",2024-11-01 01:30:00,"PSY1N909",1
"01/11/2024","01:45:00","20.37","0.014","0.000",0,"1.00","-3.80","0.00","8.366","4.16",2024-11-01 01:45:00,"PSY1N909",1
"01/11/2024","02:00:00","20.28","-0.161","0.000",0,"1.00","-3.80","-0.02","8.370","4.15",2024-11-01 02:00:00,"PSY1N909",1
"01/11/2024","02:15:00","20.20","-0.081","0.000",0,"1.00","-3.80","-0.01","8.370","4.15",2024-11-01 02:15:00,"PSY1N909",1
"01/11/2024","02:30:00","20.13","-0.144","0.000",0,"1.00","-3.80","-0.01","8.373","4.15",2024-11-01 02:30:00,"PSY1N909",1
"01/11/2024","02:45:00","20.09","-0.174","0.000",0,"1.00","-3.80","-0.02","8.377","4.15",2024-11-01 02:45:00,"PSY1N909",1
"01/11/2024","03:00:00","20.03","-0.180","0.000",0,"1.00","-3.80","-0.02","8.377","4.15",2024-11-01 03:00:00,"PSY1N909",1
"01/11/2024","03:15:00","19.94","-0.314","0.740",0,"1.00","-3.80","-0.04","8.381","4.14",2024-11-01 03:15:00,"PSY1N909",1
"01/11/2024","03:30:00","19.88","-0.359","0.000",0,"1.00","-3.80","-0.04","8.384","4.14",2024-11-01 03:30:00,"PSY1N909",1
"01/11/2024","03:45:00","19.83","-0.375","0.000",0,"1.00","-3.80","-0.05","8.384","4.14",2024-11-01 03:45:00,"PSY1N909",1
"01/11/2024","04:00:00","19.79","-0.505","0.641",0,"1.00","-3.80","-0.06","8.388","4.14",2024-11-01 04:00:00,"PSY1N909",1
"01/11/2024","04:15:00","19.76","-0.463","0.000",0,"1.00","-3.80","-0.06","8.388","4.14",2024-11-01 04:15:00,"PSY1N909",1
"01/11/2024","04:30:00","19.74","-0.949","0.578",-0.04,"1.00","-3.80","-0.13","8.388","4.14",2024-11-01 04:30:00,"PSY1N909",1
"01/11/2024","04:45:00","19.72","-0.755","0.523",0,"1.00","-3.80","-0.10","8.388","4.14",2024-11-01 04:45:00,"PSY1N909",1
"01/11/2024","05:00:00","19.71","-0.599","0.000",0,"1.00","-3.80","-0.08","8.388","4.14",2024-11-01 05:00:00,"PSY1N909",1
"01/11/2024","05:15:00","19.70","-0.630","0.000",0,"1.00","-3.80","-0.08","8.388","4.13",2024-11-01 05:15:00,"PSY1N909",1
"01/11/2024","05:30:00","19.71","-1.000","0.463",-0.01,"1.00","-3.80","-0.13","8.388","4.13",2024-11-01 05:30:00,"PSY1N909",1
"01/11/2024","05:45:00","19.69","-0.825","0.000",0,"1.00","-3.80","-0.11","8.392","4.13",2024-11-01 05:45:00,"PSY1N909",1
"01/11/2024","06:00:00","19.68","-0.752","0.000",0,"1.00","-3.80","-0.10","8.392","4.13",2024-11-01 06:00:00,"PSY1N909",1
"01/11/2024","06:15:00","19.67","-0.767","0.000",0,"1.00","-3.80","-0.10","8.392","4.13",2024-11-01 06:15:00,"PSY1N909",1
"01/11/2024","06:30:00","19.65","-0.644","0.000",0,"1.00","-3.80","-0.08","8.392","4.13",2024-11-01 06:30:00,"PSY1N909",1
"01/11/2024","06:45:00","19.63","-0.672","0.000",0,"1.00","-3.80","-0.09","8.392","4.13",2024-11-01 06:45:00,"PSY1N909",1
"01/11/2024","07:00:00","19.63","-0.577","0.000",0,"1.00","-3.80","-0.07","8.392","4.13",2024-11-01 07:00:00,"PSY1N909",1
"01/11/2024","07:15:00","19.64","-0.644","0.000",0,"1.00","-3.80","-0.08","8.392","4.12",2024-11-01 07:15:00,"PSY1N909",1
"01/11/2024","07:30:00","19.68","-0.761","0.000",0,"1.00","-3.80","-0.10","8.392","4.12",2024-11-01 07:30:00,"PSY1N909",1
"01/11/2024","07:45:00","19.52","-0.655","0.000",0,"1.00","-3.80","-0.09","8.395","4.12",2024-11-01 07:45:00,"PSY1N909",1
"01/11/2024","08:00:00","19.92","-1.757","0.305",-0.07,"1.00","-3.80","-0.24","8.381","4.12",2024-11-01 08:00:00,"PSY1N909",1
"01/11/2024","08:15:00","20.55","-1.586","0.480",-0.09,"1.00","-3.80","-0.21","8.359","4.12",2024-11-01 08:15:00,"PSY1N909",1
"01/11/2024","08:30:00","20.92","-1.073","1.192",-0.23,"1.00","-3.80","-0.14","8.344","4.12",2024-11-01 08:30:00,"PSY1N909",1
"01/11/2024","08:45:00","21.10","-1.112","1.795",-0.41,"1.00","-3.80","-0.15","8.337","4.12",2024-11-01 08:45:00,"PSY1N909",1
"01/11/2024","09:00:00","21.19","-0.654","1.997",-0.41,"1.00","-3.80","-0.08","8.337","4.12",2024-11-01 09:00:00,"PSY1N909",1
"01/11/2024","09:15:00","21.36","-0.850","1.893",-0.4,"1.00","-3.80","-0.11","8.330","4.12",2024-11-01 09:15:00,"PSY1N909",1
"01/11/2024","09:30:00","21.65","-1.591","1.700",-0.44,"1.00","-3.80","-0.21","8.319","4.12",2024-11-01 09:30:00,"PSY1N909",1
"01/11/2024","09:45:00","21.79","-1.155","1.640",-0.36,"1.00","-3.80","-0.15","8.315","4.11",2024-11-01 09:45:00,"PSY1N909",1
"01/11/2024","10:00:00","21.61","-1.099","1.857",-0.42,"1.00","-3.80","-0.15","8.319","4.11",2024-11-01 10:00:00,"PSY1N909",1
"01/11/2024","10:15:00","21.68","-1.432","1.659",-0.41,"1.00","-3.80","-0.19","8.319","4.11",2024-11-01 10:15:00,"PSY1N909",1
"01/11/2024","10:30:00","21.79","-1.094","1.717",-0.38,"1.00","-3.80","-0.14","8.315","4.11",2024-11-01 10:30:00,"PSY1N909",1
"01/11/2024","10:45:00","21.89","-1.223","1.712",-0.39,"1.00","-3.80","-0.16","8.312","4.11",2024-11-01 10:45:00,"PSY1N909",1
"01/11/2024","11:00:00","22.02","-1.077","1.655",-0.35,"1.00","-3.80","-0.14","8.305","4.11",2024-11-01 11:00:00,"PSY1N909",1
"01/11/2024","11:15:00","22.04","-0.934","1.992",-0.43,"1.00","-3.80","-0.12","8.305","4.11",2024-11-01 11:15:00,"PSY1N909",1
"01/11/2024","11:30:00","22.15","0.110","2.062",-0.3,"1.00","-3.80","0.01","8.301","4.10",2024-11-01 11:30:00,"PSY1N909",1
"01/11/2024","11:45:00","22.56","-1.307","1.697",-0.39,"1.00","-3.80","-0.17","8.287","4.10",2024-11-01 11:45:00,"PSY1N909",1
"01/11/2024","12:00:00","22.79","-1.268","1.800",-0.41,"1.00","-3.80","-0.17","8.279","4.10",2024-11-01 12:00:00,"PSY1N909",1
"01/11/2024","12:15:00","23.08","-1.071","2.101",-0.46,"1.00","-3.80","-0.14","8.269","4.10",2024-11-01 12:15:00,"PSY1N909",1
"01/11/2024","12:30:00","23.23","-0.958","2.447",-0.54,"1.00","-3.80","-0.12","8.262","4.10",2024-11-01 12:30:00,"PSY1N909",1
"01/11/2024","12:45:00","23.22","-1.212","2.127",-0.48,"1.00","-3.80","-0.16","8.262","4.10",2024-11-01 12:45:00,"PSY1N909",1
"01/11/2024","13:00:00","23.22","-1.019","2.279",-0.5,"1.00","-3.80","-0.13","8.262","4.10",2024-11-01 13:00:00,"PSY1N909",1
"01/11/2024","13:15:00","23.01","-0.530","2.134",-0.4,"1.00","-3.80","-0.07","8.269","4.10",2024-11-01 13:15:00,"PSY1N909",1
"01/11/2024","13:30:00","23.20","-1.272","2.134",-0.49,"1.00","-3.80","-0.17","8.262","4.10",2024-11-01 13:30:00,"PSY1N909",1
"01/11/2024","13:45:00","23.15","-0.609","2.478",-0.5,"1.00","-3.80","-0.08","8.265","4.10",2024-11-01 13:45:00,"PSY1N909",1
"01/11/2024","14:00:00","23.24","-0.827","4.157",-0.99,"1.00","-3.80","-0.11","8.262","4.09",2024-11-01 14:00:00,"PSY1N909",1
"01/11/2024","14:15:00","23.52","-1.037","2.438",-0.54,"1.00","-3.80","-0.14","8.251","4.09",2024-11-01 14:15:00,"PSY1N909",1
"01/11/2024","14:30:00","23.36","-0.894","2.385",-0.51,"1.00","-3.80","-0.12","8.258","4.09",2024-11-01 14:30:00,"PSY1N909",1
"01/11/2024","14:45:00","23.35","-0.940","2.257",-0.48,"1.00","-3.80","-0.12","8.258","4.09",2024-11-01 14:45:00,"PSY1N909",1
"01/11/2024","15:00:00","23.11","0.344","2.580",-0.4,"1.00","-3.80","0.04","8.265","4.09",2024-11-01 15:00:00,"PSY1N909",1
"01/11/2024","15:15:00","23.08","-0.758","2.579",-0.55,"1.00","-3.80","-0.10","8.269","4.11",2024-11-01 15:15:00,"PSY1N909",1
"01/11/2024","15:30:00","23.12","-0.954","2.283",-0.49,"1.00","-3.80","-0.12","8.265","4.12",2024-11-01 15:30:00,"PSY1N909",1
"01/11/2024","15:45:00","23.10","-0.645","2.498",-0.51,"1.00","-3.80","-0.08","8.265","4.13",2024-11-01 15:45:00,"PSY1N909",1
"01/11/2024","16:00:00","23.22","-0.954","2.607",-0.58,"1.00","-3.80","-0.12","8.262","4.14",2024-11-01 16:00:00,"PSY1N909",1
"01/11/2024","16:15:00","23.24","-0.454","2.549",-0.5,"1.00","-3.80","-0.06","8.262","4.14",2024-11-01 16:15:00,"PSY1N909",1
"01/11/2024","16:30:00","23.28","-0.578","2.463",-0.49,"1.00","-3.80","-0.07","8.262","4.15",2024-11-01 16:30:00,"PSY1N909",1
"01/11/2024","16:45:00","23.15","-0.694","2.683",-0.57,"1.00","-3.80","-0.09","8.265","4.15",2024-11-01 16:45:00,"PSY1N909",1
"01/11/2024","17:00:00","22.94","-0.621","2.523",-0.52,"1.00","-3.80","-0.08","8.272","4.15",2024-11-01 17:00:00,"PSY1N909",1
"01/11/2024","17:15:00","22.73","0.002","3.214",-0.63,"1.00","-3.80","0.00","8.279","4.16",2024-11-01 17:15:00,"PSY1N909",1
"01/11/2024","17:30:00","22.66","-0.422","2.531",-0.5,"1.00","-3.80","-0.05","8.283","4.15",2024-11-01 17:30:00,"PSY1N909",1
"01/11/2024","17:45:00","22.81","-0.168","2.812",-0.54,"1.00","-3.80","-0.02","8.276","4.16",2024-11-01 17:45:00,"PSY1N909",1
"01/11/2024","18:00:00","22.93","-0.901","2.672",-0.6,"1.00","-3.80","-0.12","8.272","4.15",2024-11-01 18:00:00,"PSY1N909",1
"01/11/2024","18:15:00","22.84","-0.822","2.711",-0.6,"1.00","-3.80","-0.11","8.276","4.16",2024-11-01 18:15:00,"PSY1N909",1
"01/11/2024","18:30:00","22.74","-0.669","3.253",-0.73,"1.00","-3.80","-0.09","8.279","4.15",2024-11-01 18:30:00,"PSY1N909",1
"01/11/2024","18:45:00","22.66","-0.619","3.013",-0.66,"1.00","-3.80","-0.08","8.283","4.15",2024-11-01 18:45:00,"PSY1N909",1
"01/11/2024","19:00:00","22.60","-0.776","2.937",-0.66,"1.00","-3.80","-0.10","8.283","4.15",2024-11-01 19:00:00,"PSY1N909",1
"01/11/2024","19:15:00","22.69","-0.713","2.757",-0.6,"1.00","-3.80","-0.09","8.283","4.15",2024-11-01 19:15:00,"PSY1N909",1
"01/11/2024","19:30:00","22.88","-0.224","2.937",-0.58,"1.00","-3.80","-0.03","8.276","4.15",2024-11-01 19:30:00,"PSY1N909",1
"01/11/2024","19:45:00","22.78","-0.953","2.988",-0.7,"1.00","-3.80","-0.12","8.279","4.16",2024-11-01 19:45:00,"PSY1N909",1
"01/11/2024","20:00:00","22.80","-0.810","3.146",-0.72,"1.00","-3.80","-0.10","8.276","4.15",2024-11-01 20:00:00,"PSY1N909",1
"01/11/2024","20:15:00","22.92","-0.864","3.096",-0.71,"1.00","-3.80","-0.11","8.272","4.16",2024-11-01 20:15:00,"PSY1N909",1
"01/11/2024","20:30:00","23.00","-0.814","3.438",-0.8,"1.00","-3.80","-0.11","8.269","4.15",2024-11-01 20:30:00,"PSY1N909",1
"01/11/2024","20:45:00","22.85","-0.054","3.220",-0.64,"1.00","-3.80","0.00","8.276","4.15",2024-11-01 20:45:00,"PSY1N909",1
"01/11/2024","21:00:00","22.85","-0.881","3.183",-0.74,"1.00","-3.80","-0.11","8.276","4.15",2024-11-01 21:00:00,"PSY1N909",1
"01/11/2024","21:15:00","22.87","-0.703","3.318",-0.75,"1.00","-3.80","-0.09","8.276","4.16",2024-11-01 21:15:00,"PSY1N909",1
"01/11/2024","21:30:00","22.78","-0.435","3.543",-0.78,"1.00","-3.80","-0.05","8.279","4.16",2024-11-01 21:30:00,"PSY1N909",1
"01/11/2024","21:45:00","22.74","-0.551","3.171",-0.7,"1.00","-3.80","-0.07","8.279","4.15",2024-11-01 21:45:00,"PSY1N909",1
"01/11/2024","22:00:00","22.49","-0.233","3.499",-0.75,"1.00","-3.80","-0.03","8.290","4.16",2024-11-01 22:00:00,"PSY1N909",1
"01/11/2024","22:15:00","22.44","-0.297","3.480",-0.76,"1.00","-3.80","-0.04","8.290","4.16",2024-11-01 22:15:00,"PSY1N909",1
"01/11/2024","22:30:00","22.47","-0.531","3.256",-0.72,"1.00","-3.80","-0.07","8.290","4.15",2024-11-01 22:30:00,"PSY1N909",1
"01/11/2024","22:45:00","22.50","-0.647","3.618",-0.84,"1.00","-3.80","-0.08","8.287","4.16",2024-11-01 22:45:00,"PSY1N909",1
"01/11/2024","23:00:00","22.46","-0.611","3.078",-0.68,"1.00","-3.80","-0.08","8.290","4.16",2024-11-01 23:00:00,"PSY1N909",1
"01/11/2024","23:15:00","22.95","-1.113","3.159",-0.76,"1.00","-3.80","-0.15","8.272","4.15",2024-11-01 23:15:00,"PSY1N909",1
"01/11/2024","23:30:00","23.37","-1.036","3.286",-0.78,"1.00","-3.80","-0.14","8.258","4.15",2024-11-01 23:30:00,"PSY1N909",1
"01/11/2024","23:45:00","23.63","-0.937","3.408",-0.79,"1.00","-3.80","-0.12","8.247","4.15",2024-11-01 23:45:00,"PSY1N909",1
"02/11/2024","00:00:00","22.87","0.510","3.368",-0.6,"1.00","-3.80","0.06","8.276","4.15",2024-11-02,"PSY1N909",1
"02/11/2024","00:15:00","22.27","0.412","2.425",-0.36,"1.00","-3.80","0.05","8.297","4.16",2024-11-02 00:15:00,"PSY1N909",1
"02/11/2024","00:30:00","21.81","0.217","1.995",-0.28,"1.00","-3.80","0.02","8.312","4.16",2024-11-02 00:30:00,"PSY1N909",1
"02/11/2024","00:45:00","21.43","0.190","1.788",-0.23,"1.00","-3.80","0.02","8.326","4.16",2024-11-02 00:45:00,"PSY1N909",1
"02/11/2024","01:00:00","21.11","0.291","1.643",-0.18,"1.00","-3.80","0.03","8.337","4.16",2024-11-02 01:00:00,"PSY1N909",1
"02/11/2024","01:15:00","20.74","0.255","1.520",-0.15,"1.00","-3.80","0.03","8.352","4.15",2024-11-02 01:15:00,"PSY1N909",1
"02/11/2024","01:30:00","20.44","0.095","1.440",-0.15,"1.00","-3.80","0.01","8.362","4.16",2024-11-02 01:30:00,"PSY1N909",1
"02/11/2024","01:45:00","20.17","0.034","1.420",-0.16,"1.00","-3.80","0.00","8.373","4.16",2024-11-02 01:45:00,"PSY1N909",1
"02/11/2024","02:00:00","20.00","0.042","1.335",-0.13,"1.00","-3.80","0.00","8.377","4.15",2024-11-02 02:00:00,"PSY1N909",1
"02/11/2024","02:15:00","19.87","-0.050","1.318",-0.14,"1.00","-3.80","0.00","8.384","4.15",2024-11-02 02:15:00,"PSY1N909",1
"02/11/2024","02:30:00","19.78","0.018","1.310",-0.13,"1.00","-3.80","0.00","8.388","4.15",2024-11-02 02:30:00,"PSY1N909",1
"02/11/2024","02:45:00","19.73","-0.079","1.310",-0.14,"1.00","-3.80","-0.01","8.388","4.15",2024-11-02 02:45:00,"PSY1N909",1
"02/11/2024","03:00:00","19.71","-0.067","1.246",-0.12,"1.00","-3.80","0.00","8.388","4.15",2024-11-02 03:00:00,"PSY1N909",1
"02/11/2024","03:15:00","19.63","-0.106","1.235",-0.13,"1.00","-3.80","-0.01","8.392","4.14",2024-11-02 03:15:00,"PSY1N909",1
"02/11/2024","03:30:00","19.57","-0.096","1.241",-0.13,"1.00","-3.80","-0.01","8.395","4.14",2024-11-02 03:30:00,"PSY1N909",1
"02/11/2024","03:45:00","19.50","-0.236","1.243",-0.15,"1.00","-3.80","-0.03","8.395","4.14",2024-11-02 03:45:00,"PSY1N909",1
"02/11/2024","04:00:00","19.45","-0.172","1.202",-0.13,"1.00","-3.80","-0.02","8.399","4.14",2024-11-02 04:00:00,"PSY1N909",1
"02/11/2024","04:15:00","19.37","-0.099","1.160",-0.11,"1.00","-3.80","-0.01","8.403","4.14",2024-11-02 04:15:00,"PSY1N909",1
"02/11/2024","04:30:00","19.32","-0.124","1.156",-0.11,"1.00","-3.80","-0.01","8.403","4.14",2024-11-02 04:30:00,"PSY1N909",1
"02/11/2024","04:45:00","19.30","-0.185","1.140",-0.11,"1.00","-3.80","-0.02","8.403","4.14",2024-11-02 04:45:00,"PSY1N909",1
"02/11/2024","05:00:00","19.26","-0.164","1.099",-0.1,"1.00","-3.80","-0.02","8.406","4.14",2024-11-02 05:00:00,"PSY1N909",1
"02/11/2024","05:15:00","19.23","-0.153","1.059",-0.08,"1.00","-3.80","-0.02","8.406","4.13",2024-11-02 05:15:00,"PSY1N909",1
"02/11/2024","05:30:00","19.23","-0.221","1.060",-0.09,"1.00","-3.80","-0.03","8.406","4.13",2024-11-02 05:30:00,"PSY1N909",1
"02/11/2024","05:45:00","19.21","-0.262","1.064",-0.1,"1.00","-3.80","-0.03","8.406","4.13",2024-11-02 05:45:00,"PSY1N909",1
"02/11/2024","06:00:00","19.21","-0.204","1.020",-0.08,"1.00","-3.80","-0.02","8.406","4.13",2024-11-02 06:00:00,"PSY1N909",1
"02/11/2024","06:15:00","19.20","-0.185","1.013",-0.07,"1.00","-3.80","-0.02","8.406","4.13",2024-11-02 06:15:00,"PSY1N909",1
"02/11/2024","06:30:00","19.14","-0.203","0.972",-0.06,"1.00","-3.80","-0.02","8.410","4.13",2024-11-02 06:30:00,"PSY1N909",1
"02/11/2024","06:45:00","19.09","-0.252","0.970",-0.07,"1.00","-3.80","-0.03","8.414","4.13",2024-11-02 06:45:00,"PSY1N909",1
"02/11/2024","07:00:00","19.07","-0.344","0.913",-0.07,"1.00","-3.80","-0.04","8.414","4.13",2024-11-02 07:00:00,"PSY1N909",1
"02/11/2024","07:15:00","19.04","-0.047","0.928",-0.03,"1.00","-3.80","0.00","8.414","4.12",2024-11-02 07:15:00,"PSY1N909",1
"02/11/2024","07:30:00","18.99","-0.298","0.925",-0.06,"1.00","-3.80","-0.04","8.417","4.12",2024-11-02 07:30:00,"PSY1N909",1
"02/11/2024","07:45:00","19.01","-0.031","1.032",-0.06,"1.00","-3.80","0.00","8.414","4.12",2024-11-02 07:45:00,"PSY1N909",1
"02/11/2024","08:00:00","19.63","-1.565","0.821",-0.2,"1.00","-3.80","-0.21","8.392","4.12",2024-11-02 08:00:00,"PSY1N909",1
"02/11/2024","08:15:00","20.57","-1.451","1.323",-0.33,"1.00","-3.80","-0.19","8.359","4.12",2024-11-02 08:15:00,"PSY1N909",1
"02/11/2024","08:30:00","21.01","-0.990","1.981",-0.45,"1.00","-3.80","-0.13","8.341","4.12",2024-11-02 08:30:00,"PSY1N909",1
"02/11/2024","08:45:00","21.42","-0.967","2.120",-0.48,"1.00","-3.80","-0.13","8.326","4.12",2024-11-02 08:45:00,"PSY1N909",1
"02/11/2024","09:00:00","21.57","-1.263","2.359",-0.59,"1.00","-3.80","-0.17","8.323","4.12",2024-11-02 09:00:00,"PSY1N909",1
"02/11/2024","09:15:00","21.71","-0.682","2.798",-0.63,"1.00","-3.80","-0.09","8.315","4.12",2024-11-02 09:15:00,"PSY1N909",1
"02/11/2024","09:30:00","21.81","-1.080","2.643",-0.64,"1.00","-3.80","-0.14","8.312","4.11",2024-11-02 09:30:00,"PSY1N909",1
"02/11/2024","09:45:00","21.77","-0.479","2.957",-0.65,"1.00","-3.80","-0.06","8.315","4.11",2024-11-02 09:45:00,"PSY1N909",1
"02/11/2024","10:00:00","21.79","-0.911","2.575",-0.6,"1.00","-3.80","-0.12","8.315","4.11",2024-11-02 10:00:00,"PSY1N909",1
"02/11/2024","10:15:00","21.91","-0.575","2.664",-0.58,"1.00","-3.80","-0.07","8.308","4.11",2024-11-02 10:15:00,"PSY1N909",1
"02/11/2024","10:30:00","21.70","-0.425","2.781",-0.59,"1.00","-3.80","-0.05","8.315","4.11",2024-11-02 10:30:00,"PSY1N909",1
"02/11/2024","10:45:00","21.77","-1.373","2.564",-0.66,"1.00","-3.80","-0.18","8.315","4.11",2024-11-02 10:45:00,"PSY1N909",1
"02/11/2024","11:00:00","21.89","-1.069","3.023",-0.75,"1.00","-3.80","-0.14","8.312","4.11",2024-11-02 11:00:00,"PSY1N909",1
"02/11/2024","11:15:00","22.13","-0.675","3.103",-0.71,"1.00","-3.80","-0.09","8.301","4.11",2024-11-02 11:15:00,"PSY1N909",1
"02/11/2024","11:30:00","21.88","-1.176","3.600",-0.93,"1.00","-3.80","-0.16","8.312","4.10",2024-11-02 11:30:00,"PSY1N909",1
"02/11/2024","11:45:00","21.71","-1.204","3.193",-0.82,"1.00","-3.80","-0.16","8.315","4.10",2024-11-02 11:45:00,"PSY1N909",1
"02/11/2024","12:00:00","21.95","-1.074","3.009",-0.74,"1.00","-3.80","-0.14","8.308","4.10",2024-11-02 12:00:00,"PSY1N909",1
"02/11/2024","12:15:00","22.28","-1.403","3.756",-0.99,"1.00","-3.80","-0.19","8.297","4.10",2024-11-02 12:15:00,"PSY1N909",1
"02/11/2024","12:30:00","22.48","-1.340","3.107",-0.79,"1.00","-3.80","-0.18","8.290","4.10",2024-11-02 12:30:00,"PSY1N909",1
"02/11/2024","12:45:00","23.08","-1.944","2.775",-0.77,"1.00","-3.80","-0.26","8.269","4.10",2024-11-02 12:45:00,"PSY1N909",1
"02/11/2024","13:00:00","24.21","-1.768","3.070",-0.8,"1.00","-3.80","-0.23","8.226","4.10",2024-11-02 13:00:00,"PSY1N909",1
"02/11/2024","13:15:00","24.83","-1.233","3.277",-0.76,"1.00","-3.80","-0.16","8.205","4.10",2024-11-02 13:15:00,"PSY1N909",1
"02/11/2024","13:30:00","25.02","-1.285","3.629",-0.86,"1.00","-3.80","-0.17","8.198","4.10",2024-11-02 13:30:00,"PSY1N909",1
"02/11/2024","13:45:00","24.70","-0.581","3.867",-0.84,"1.00","-3.80","-0.07","8.208","4.09",2024-11-02 13:45:00,"PSY1N909",1
"02/11/2024","14:00:00","24.41","-1.616","3.511",-0.89,"1.00","-3.80","-0.21","8.219","4.09",2024-11-02 14:00:00,"PSY1N909",1
"02/11/2024","14:15:00","24.28","-1.056","4.247",-1.01,"1.00","-3.80","-0.14","8.226","4.09",2024-11-02 14:15:00,"PSY1N909",1
"02/11/2024","14:30:00","24.14","-1.378","3.708",-0.92,"1.00","-3.80","-0.18","8.229","4.09",2024-11-02 14:30:00,"PSY1N909",1
"02/11/2024","14:45:00","24.47","-1.037","3.767",-0.88,"1.00","-3.80","-0.13","8.219","4.09",2024-11-02 14:45:00,"PSY1N909",1
"02/11/2024","15:00:00","24.53","-1.134","3.793",-0.9,"1.00","-3.80","-0.15","8.215","4.09",2024-11-02 15:00:00,"PSY1N909",1
"02/11/2024","15:15:00","24.80","-1.352","3.780",-0.91,"1.00","-3.80","-0.18","8.205","4.10",2024-11-02 15:15:00,"PSY1N909",1
"02/11/2024","15:30:00","24.42","-24.631","3.901",-4.09,"1.00","-3.80","-3.31","8.219","4.11",2024-11-02 15:30:00,"PSY1N909",1
"02/11/2024","15:45:00","24.27","-11.752","4.389",-2.49,"1.00","-3.80","-1.58","8.226","4.12",2024-11-02 15:45:00,"PSY1N909",1
"02/11/2024","16:00:00","24.22","-11.758","4.049",-2.41,"1.00","-3.80","-1.58","8.226","4.13",2024-11-02 16:00:00,"PSY1N909",1
"02/11/2024","16:15:00","24.57","-12.577","3.905",-2.47,"1.00","-3.80","-1.69","8.215","4.14",2024-11-02 16:15:00,"PSY1N909",1
"02/11/2024","16:30:00","24.41","-10.968","3.983",-2.27,"1.00","-3.80","-1.47","8.219","4.15",2024-11-02 16:30:00,"PSY1N909",1
"02/11/2024","16:45:00","24.27","-10.347","3.850",-2.16,"1.00","-3.80","-1.39","8.226","4.15",2024-11-02 16:45:00,"PSY1N909",1
"02/11/2024","17:00:00","24.49","-9.839","4.054",-2.14,"1.00","-3.80","-1.32","8.219","4.15",2024-11-02 17:00:00,"PSY1N909",1
"02/11/2024","17:15:00","24.39","-6.496","4.129",-1.71,"1.00","-3.80","-0.87","8.222","4.16",2024-11-02 17:15:00,"PSY1N909",1
"02/11/2024","17:30:00","24.48","-5.413","4.325",-1.62,"1.00","-3.80","-0.72","8.219","4.16",2024-11-02 17:30:00,"PSY1N909",1
"02/11/2024","17:45:00","24.40","-6.411","4.319",-1.75,"1.00","-3.80","-0.86","8.219","4.16",2024-11-02 17:45:00,"PSY1N909",1
"02/11/2024","18:00:00","24.45","-6.180","4.106",-1.66,"1.00","-3.80","-0.83","8.219","4.16",2024-11-02 18:00:00,"PSY1N909",1
"02/11/2024","18:15:00","24.34","-6.920","4.133",-1.77,"1.00","-3.80","-0.93","8.222","4.16",2024-11-02 18:15:00,"PSY1N909",1
"02/11/2024","18:30:00","24.30","-6.494","4.491",-1.81,"1.00","-3.80","-0.87","8.222","4.16",2024-11-02 18:30:00,"PSY1N909",1
"02/11/2024","18:45:00","24.37","-6.423","4.420",-1.78,"1.00","-3.80","-0.86","8.222","4.16",2024-11-02 18:45:00,"PSY1N909",1
"02/11/2024","19:00:00","24.39","-6.476","4.270",-1.75,"1.00","-3.80","-0.87","8.222","4.16",2024-11-02 19:00:00,"PSY1N909",1
"02/11/2024","19:15:00","24.50","-6.396","4.278",-1.73,"1.00","-3.80","-0.86","8.215","4.16",2024-11-02 19:15:00,"PSY1N909",1
"02/11/2024","19:30:00","24.26","-6.385","4.236",-1.73,"1.00","-3.80","-0.86","8.226","4.16",2024-11-02 19:30:00,"PSY1N909",1
"02/11/2024","19:45:00","24.25","-5.661","4.774",-1.78,"1.00","-3.80","-0.76","8.226","4.16",2024-11-02 19:45:00,"PSY1N909",1
"02/11/2024","20:00:00","24.08","-5.701","4.541",-1.73,"1.00","-3.80","-0.76","8.233","4.16",2024-11-02 20:00:00,"PSY1N909",1
"02/11/2024","20:15:00","23.63","-5.136","4.521",-1.66,"1.00","-3.80","-0.69","8.247","4.15",2024-11-02 20:15:00,"PSY1N909",1
"02/11/2024","20:30:00","23.45","-6.098","4.151",-1.7,"1.00","-3.80","-0.82","8.254","4.16",2024-11-02 20:30:00,"PSY1N909",1
"02/11/2024","20:45:00","23.57","-5.920","4.226",-1.69,"1.00","-3.80","-0.80","8.251","4.16",2024-11-02 20:45:00,"PSY1N909",1
"02/11/2024","21:00:00","23.63","-5.424","4.372",-1.66,"1.00","-3.80","-0.73","8.247","4.16",2024-11-02 21:00:00,"PSY1N909",1
"02/11/2024","21:15:00","23.63","-5.303","4.428",-1.66,"1.00","-3.80","-0.71","8.247","4.15",2024-11-02 21:15:00,"PSY1N909",1
"02/11/2024","21:30:00","23.43","-4.946","4.400",-1.61,"1.00","-3.80","-0.66","8.254","4.16",2024-11-02 21:30:00,"PSY1N909",1
"02/11/2024","21:45:00","23.29","-5.366","4.412",-1.68,"1.00","-3.80","-0.72","8.262","4.16",2024-11-02 21:45:00,"PSY1N909",1
"02/11/2024","22:00:00","23.03","-5.410","4.498",-1.72,"1.00","-3.80","-0.73","8.269","4.16",2024-11-02 22:00:00,"PSY1N909",1
"02/11/2024","22:15:00","23.02","-5.463","4.681",-1.77,"1.00","-3.80","-0.74","8.269","4.15",2024-11-02 22:15:00,"PSY1N909",1
"02/11/2024","22:30:00","22.83","-4.910","4.425",-1.63,"1.00","-3.80","-0.66","8.276","4.16",2024-11-02 22:30:00,"PSY1N909",1
"02/11/2024","22:45:00","22.58","-5.005","4.849",-1.78,"1.00","-3.80","-0.68","8.287","4.16",2024-11-02 22:45:00,"PSY1N909",1
"02/11/2024","23:00:00","22.65","-5.701","4.293",-1.71,"1.00","-3.80","-0.77","8.283","4.16",2024-11-02 23:00:00,"PSY1N909",1
"02/11/2024","23:15:00","23.21","-5.714","4.423",-1.73,"1.00","-3.80","-0.77","8.262","4.16",2024-11-02 23:15:00,"PSY1N909",1
"02/11/2024","23:30:00","23.60","-5.770","4.489",-1.74,"1.00","-3.80","-0.78","8.247","4.16",2024-11-02 23:30:00,"PSY1N909",1
"02/11/2024","23:45:00","23.87","-5.814","4.513",-1.74,"1.00","-3.80","-0.78","8.240","4.15",2024-11-02 23:45:00,"PSY1N909",1
"03/11/2024","00:00:00","23.14","-4.671","4.812",-1.7,"1.00","-3.80","-0.63","8.265","4.15",2024-11-03,"PSY1N909",1
"03/11/2024","00:15:00","22.49","-4.777","4.397",-1.62,"1.00","-3.80","-0.64","8.290","4.16",2024-11-03 00:15:00,"PSY1N909",1
"03/11/2024","00:30:00","21.98","-4.457","4.050",-1.5,"1.00","-3.80","-0.60","8.308","4.16",2024-11-03 00:30:00,"PSY1N909",1
"03/11/2024","00:45:00","21.60","-4.495","3.816",-1.45,"1.00","-3.80","-0.61","8.319","4.16",2024-11-03 00:45:00,"PSY1N909",1
"03/11/2024","01:00:00","21.05","-5.422","3.490",-1.5,"1.00","-3.80","-0.74","8.341","4.16",2024-11-03 01:00:00,"PSY1N909",1
"03/11/2024","01:15:00","20.69","-4.040","3.265",-1.26,"1.00","-3.80","-0.55","8.355","4.16",2024-11-03 01:15:00,"PSY1N909",1
"03/11/2024","01:30:00","20.46","-3.859","3.111",-1.19,"1.00","-3.80","-0.52","8.362","4.16",2024-11-03 01:30:00,"PSY1N909",1
"03/11/2024","01:45:00","20.16","-3.899","2.950",-1.16,"1.00","-3.80","-0.53","8.373","4.16",2024-11-03 01:45:00,"PSY1N909",1
"03/11/2024","02:00:00","20.06","-2.879","2.761",-0.97,"1.00","-3.80","-0.39","8.377","4.16",2024-11-03 02:00:00,"PSY1N909",1
"03/11/2024","02:15:00","19.94","0.220","2.598",-0.49,"1.00","-3.80","0.03","8.381","4.16",2024-11-03 02:15:00,"PSY1N909",1
"03/11/2024","02:30:00","19.70","0.238","2.594",-0.5,"1.00","-3.80","0.03","8.388","4.16",2024-11-03 02:30:00,"PSY1N909",1
"03/11/2024","02:45:00","19.54","0.004","2.424",-0.48,"1.00","-3.80","0.00","8.395","4.16",2024-11-03 02:45:00,"PSY1N909",1
"03/11/2024","03:00:00","19.38","0.017","2.432",-0.48,"1.00","-3.80","0.00","8.403","4.15",2024-11-03 03:00:00,"PSY1N909",1
"03/11/2024","03:15:00","19.27","-0.071","2.248",-0.44,"1.00","-3.80","0.00","8.406","4.14",2024-11-03 03:15:00,"PSY1N909",1
"03/11/2024","03:30:00","19.24","-0.056","2.240",-0.44,"1.00","-3.80","0.00","8.406","4.14",2024-11-03 03:30:00,"PSY1N909",1
"03/11/2024","03:45:00","19.18","-0.028","2.122",-0.4,"1.00","-3.80","0.00","8.410","4.14",2024-11-03 03:45:00,"PSY1N909",1
"03/11/2024","04:00:00","19.12","-0.143","2.116",-0.41,"1.00","-3.80","-0.01","8.410","4.14",2024-11-03 04:00:00,"PSY1N909",1
"03/11/2024","04:15:00","19.06","-0.133","2.116",-0.41,"1.00","-3.80","-0.01","8.414","4.14",2024-11-03 04:15:00,"PSY1N909",1
"03/11/2024","04:30:00","19.05","-0.076","2.003",-0.37,"1.00","-3.80","-0.01","8.414","4.14",2024-11-03 04:30:00,"PSY1N909",1
"03/11/2024","04:45:00","18.91","-0.109","2.018",-0.38,"1.00","-3.80","-0.01","8.417","4.14",2024-11-03 04:45:00,"PSY1N909",1
"03/11/2024","05:00:00","18.85","-0.072","1.904",-0.34,"1.00","-3.80","0.00","8.421","4.14",2024-11-03 05:00:00,"PSY1N909",1
"03/11/2024","05:15:00","18.70","0.035","1.915",-0.33,"1.00","-3.80","0.00","8.425","4.13",2024-11-03 05:15:00,"PSY1N909",1
"03/11/2024","05:30:00","18.72","-0.218","1.819",-0.34,"1.00","-3.80","-0.03","8.425","4.13",2024-11-03 05:30:00,"PSY1N909",1
"03/11/2024","05:45:00","18.81","-0.193","1.819",-0.33,"1.00","-3.80","-0.02","8.421","4.13",2024-11-03 05:45:00,"PSY1N909",1
"03/11/2024","06:00:00","18.85","-0.175","1.800",-0.32,"1.00","-3.80","-0.02","8.421","4.13",2024-11-03 06:00:00,"PSY1N909",1
"03/11/2024","06:15:00","18.80","-0.176","1.762",-0.31,"1.00","-3.80","-0.02","8.421","4.13",2024-11-03 06:15:00,"PSY1N909",1
"03/11/2024","06:30:00","18.87","-0.171","1.724",-0.3,"1.00","-3.80","-0.02","8.421","4.13",2024-11-03 06:30:00,"PSY1N909",1
"03/11/2024","06:45:00","18.85","-0.164","1.689",-0.29,"1.00","-3.80","-0.02","8.421","4.13",2024-11-03 06:45:00,"PSY1N909",1
"03/11/2024","07:00:00","18.88","-0.225","1.693",-0.3,"1.00","-3.80","-0.03","8.421","4.13",2024-11-03 07:00:00,"PSY1N909",1
"03/11/2024","07:15:00","18.89","-0.084","1.721",-0.29,"1.00","-3.80","-0.01","8.421","4.12",2024-11-03 07:15:00,"PSY1N909",1
"03/11/2024","07:30:00","18.65","-0.076","1.700",-0.28,"1.00","-3.80","-0.01","8.428","4.12",2024-11-03 07:30:00,"PSY1N909",1
"03/11/2024","07:45:00","18.38","-0.028","1.843",-0.33,"1.00","-3.80","0.00","8.439","4.12",2024-11-03 07:45:00,"PSY1N909",1
"03/11/2024","08:00:00","18.68","-1.339","1.671",-0.45,"1.00","-3.80","-0.18","8.428","4.12",2024-11-03 08:00:00,"PSY1N909",1
"03/11/2024","08:15:00","19.21","-1.389","2.312",-0.64,"1.00","-3.80","-0.19","8.406","4.12",2024-11-03 08:15:00,"PSY1N909",1
"03/11/2024","08:30:00","19.75","-1.123","2.427",-0.63,"1.00","-3.80","-0.15","8.388","4.12",2024-11-03 08:30:00,"PSY1N909",1
"03/11/2024","08:45:00","19.95","-0.166","3.085",-0.69,"1.00","-3.80","-0.02","8.381","4.12",2024-11-03 08:45:00,"PSY1N909",1
"03/11/2024","09:00:00","20.13","-0.534","2.902",-0.68,"1.00","-3.80","-0.07","8.373","4.12",2024-11-03 09:00:00,"PSY1N909",1
"03/11/2024","09:15:00","20.23","-0.336","3.143",-0.73,"1.00","-3.80","-0.04","8.370","4.12",2024-11-03 09:15:00,"PSY1N909",1
"03/11/2024","09:30:00","20.39","-0.723","3.177",-0.79,"1.00","-3.80","-0.09","8.366","4.11",2024-11-03 09:30:00,"PSY1N909",1
"03/11/2024","09:45:00","20.48","-0.665","3.293",-0.81,"1.00","-3.80","-0.09","8.362","4.11",2024-11-03 09:45:00,"PSY1N909",1
"03/11/2024","10:00:00","20.86","-1.184","3.607",-0.96,"1.00","-3.80","-0.16","8.348","4.11",2024-11-03 10:00:00,"PSY1N909",1
"03/11/2024","10:15:00","21.23","-2.834","3.491",-1.14,"1.00","-3.80","-0.38","8.333","4.11",2024-11-03 10:15:00,"PSY1N909",1
"03/11/2024","10:30:00","21.56","-9.207","3.753",-2.08,"1.00","-3.80","-1.25","8.323","4.11",2024-11-03 10:30:00,"PSY1N909",1
"03/11/2024","10:45:00","21.69","-11.515","3.744",-2.38,"1.00","-3.80","-1.57","8.319","4.11",2024-11-03 10:45:00,"PSY1N909",1
"03/11/2024","11:00:00","21.78","-59.078","3.840",-8.89,"1.00","-3.80","-8.05","8.315","4.11",2024-11-03 11:00:00,"PSY1N909",1
"03/11/2024","11:15:00","21.89","-69.579","3.787",-10.3,"1.00","-3.80","-9.48","8.312","4.11",2024-11-03 11:15:00,"PSY1N909",1
"03/11/2024","11:30:00","21.88","-67.405","3.183",-9.83,"1.00","-3.80","-9.18","8.312","4.10",2024-11-03 11:30:00,"PSY1N909",1
"03/11/2024","11:45:00","21.98","-33.452","2.978",-5.14,"1.00","-3.80","-4.55","8.308","4.10",2024-11-03 11:45:00,"PSY1N909",1
"03/11/2024","12:00:00","21.92","-26.744","2.759",-4.17,"1.00","-3.80","-3.64","8.308","4.10",2024-11-03 12:00:00,"PSY1N909",1
"03/11/2024","12:15:00","22.32","-74.518","2.590",-10.6,"1.00","-3.80","-10.13","8.294","4.10",2024-11-03 12:15:00,"PSY1N909",1
"03/11/2024","12:30:00","22.54","-68.774","2.459",-9.77,"1.00","-3.80","-9.34","8.287","4.10",2024-11-03 12:30:00,"PSY1N909",1
"03/11/2024","12:45:00","23.31","-63.404","2.142",-8.91,"1.00","-3.80","-8.58","8.258","4.10",2024-11-03 12:45:00,"PSY1N909",1
"03/11/2024","13:00:00","24.12","-58.184","2.265",-8.19,"1.00","-3.80","-7.84","8.229","4.10",2024-11-03 13:00:00,"PSY1N909",1
"03/11/2024","13:15:00","24.49","-55.718","2.501",-7.91,"1.00","-3.80","-7.50","8.219","4.10",2024-11-03 13:15:00,"PSY1N909",1
"03/11/2024","13:30:00","24.65","-55.719","2.558",-7.91,"1.00","-3.80","-7.50","8.212","4.10",2024-11-03 13:30:00,"PSY1N909",1
"03/11/2024","13:45:00","24.61","-59.215","2.260",-8.3,"1.00","-3.80","-7.97","8.212","4.10",2024-11-03 13:45:00,"PSY1N909",1
"03/11/2024","14:00:00","24.72","-58.182","2.208",-8.15,"1.00","-3.80","-7.82","8.208","4.09",2024-11-03 14:00:00,"PSY1N909",1
"03/11/2024","14:15:00","24.77","-58.923","2.302",-8.27,"1.00","-3.80","-7.92","8.208","4.09",2024-11-03 14:15:00,"PSY1N909",1
"03/11/2024","14:30:00","24.92","-57.591","2.585",-8.16,"1.00","-3.80","-7.74","8.201","4.09",2024-11-03 14:30:00,"PSY1N909",1
"03/11/2024","14:45:00","25.01","-56.137","2.623",-7.97,"1.00","-3.80","-7.54","8.198","4.09",2024-11-03 14:45:00,"PSY1N909",1
"03/11/2024","15:00:00","25.04","-55.271","2.466",-7.81,"1.00","-3.80","-7.42","8.198","4.09",2024-11-03 15:00:00,"PSY1N909",1
"03/11/2024","15:15:00","25.02","-21.867","2.480",-3.32,"1.00","-3.80","-2.93","8.198","4.11",2024-11-03 15:15:00,"PSY1N909",1
"03/11/2024","15:30:00","24.76","-18.977","2.475",-2.94,"1.00","-3.80","-2.55","8.208","4.12",2024-11-03 15:30:00,"PSY1N909",1
"03/11/2024","15:45:00","25.15","-19.127","2.487",-2.95,"1.00","-3.80","-2.56","8.194","4.13",2024-11-03 15:45:00,"PSY1N909",1
"03/11/2024","16:00:00","25.54","-18.670","2.766",-2.95,"1.00","-3.80","-2.50","8.180","4.13",2024-11-03 16:00:00,"PSY1N909",1
"03/11/2024","16:15:00","25.73","-18.329","2.661",-2.87,"1.00","-3.80","-2.45","8.173","4.14",2024-11-03 16:15:00,"PSY1N909",1
"03/11/2024","16:30:00","25.35","-17.651","2.696",-2.8,"1.00","-3.80","-2.36","8.187","4.15",2024-11-03 16:30:00,"PSY1N909",1
"03/11/2024","16:45:00","25.48","-17.730","2.624",-2.79,"1.00","-3.80","-2.37","8.184","4.15",2024-11-03 16:45:00,"PSY1N909",1
"03/11/2024","17:00:00","25.46","-17.720","2.497",-2.76,"1.00","-3.80","-2.37","8.184","4.16",2024-11-03 17:00:00,"PSY1N909",1
"03/11/2024","17:15:00","25.10","-16.255","2.653",-2.61,"1.00","-3.80","-2.18","8.194","4.16",2024-11-03 17:15:00,"PSY1N909",1
"03/11/2024","17:30:00","24.55","-15.613","2.471",-2.49,"1.00","-3.80","-2.10","8.215","4.16",2024-11-03 17:30:00,"PSY1N909",1
"03/11/2024","17:45:00","24.49","-15.433","2.691",-2.53,"1.00","-3.80","-2.07","8.219","4.16",2024-11-03 17:45:00,"PSY1N909",1
"03/11/2024","18:00:00","24.27","-15.221","2.521",-2.46,"1.00","-3.80","-2.05","8.226","4.16",2024-11-03 18:00:00,"PSY1N909",1
"03/11/2024","18:15:00","23.89","-14.720","2.761",-2.47,"1.00","-3.80","-1.98","8.240","4.16",2024-11-03 18:15:00,"PSY1N909",1
"03/11/2024","18:30:00","23.60","-14.531","2.460",-2.37,"1.00","-3.80","-1.96","8.247","4.16",2024-11-03 18:30:00,"PSY1N909",1
"03/11/2024","18:45:00","23.46","-14.210","2.269",-2.28,"1.00","-3.80","-1.92","8.254","4.16",2024-11-03 18:45:00,"PSY1N909",1
"03/11/2024","19:00:00","23.50","-13.963","2.259",-2.24,"1.00","-3.80","-1.88","8.251","4.16",2024-11-03 19:00:00,"PSY1N909",1
"03/11/2024","19:15:00","23.32","-13.350","2.526",-2.24,"1.00","-3.80","-1.80","8.258","4.16",2024-11-03 19:15:00,"PSY1N909",1
"03/11/2024","19:30:00","23.26","-13.153","2.450",-2.19,"1.00","-3.80","-1.78","8.262","4.15",2024-11-03 19:30:00,"PSY1N909",1
"03/11/2024","19:45:00","23.16","-13.044","2.459",-2.18,"1.00","-3.80","-1.76","8.265","4.16",2024-11-03 19:45:00,"PSY1N909",1
"03/11/2024","20:00:00","22.95","-13.374","2.491",-2.24,"1.00","-3.80","-1.81","8.272","4.16",2024-11-03 20:00:00,"PSY1N909",1
"03/11/2024","20:15:00","22.67","-12.472","2.626",-2.16,"1.00","-3.80","-1.69","8.283","4.16",2024-11-03 20:15:00,"PSY1N909",1
"03/11/2024","20:30:00","22.94","-12.673","2.501",-2.15,"1.00","-3.80","-1.71","8.272","4.16",2024-11-03 20:30:00,"PSY1N909",1
"03/11/2024","20:45:00","23.36","-13.347","2.685",-2.28,"1.00","-3.80","-1.80","8.258","4.16",2024-11-03 20:45:00,"PSY1N909",1
"03/11/2024","21:00:00","23.44","-13.036","2.966",-2.31,"1.00","-3.80","-1.76","8.254","4.15",2024-11-03 21:00:00,"PSY1N909",1
"03/11/2024","21:15:00","23.26","-12.979","2.835",-2.27,"1.00","-3.80","-1.75","8.262","4.16",2024-11-03 21:15:00,"PSY1N909",1
"03/11/2024","21:30:00","23.16","-13.091","2.920",-2.31,"1.00","-3.80","-1.77","8.265","4.16",2024-11-03 21:30:00,"PSY1N909",1
"03/11/2024","21:45:00","22.91","-12.404","2.768",-2.19,"1.00","-3.80","-1.68","8.272","4.16",2024-11-03 21:45:00,"PSY1N909",1
"03/11/2024","22:00:00","22.66","-11.937","2.887",-2.16,"1.00","-3.80","-1.62","8.283","4.16",2024-11-03 22:00:00,"PSY1N909",1
"03/11/2024","22:15:00","22.45","-11.071","2.931",-2.06,"1.00","-3.80","-1.50","8.290","4.16",2024-11-03 22:15:00,"PSY1N909",1
"03/11/2024","22:30:00","22.18","-11.125","3.110",-2.13,"1.00","-3.80","-1.51","8.301","4.15",2024-11-03 22:30:00,"PSY1N909",1
"03/11/2024","22:45:00","22.23","-11.652","2.828",-2.12,"1.00","-3.80","-1.58","8.297","4.16",2024-11-03 22:45:00,"PSY1N909",1
"03/11/2024","23:00:00","22.23","-12.384","2.967",-2.26,"1.00","-3.80","-1.68","8.297","4.15",2024-11-03 23:00:00,"PSY1N909",1
"03/11/2024","23:15:00","22.56","-11.739","2.920",-2.15,"1.00","-3.80","-1.59","8.287","4.16",2024-11-03 23:15:00,"PSY1N909",1
"03/11/2024","23:30:00","22.85","-11.433","2.943",-2.11,"1.00","-3.80","-1.55","8.276","4.16",2024-11-03 23:30:00,"PSY1N909",1
"03/11/2024","23:45:00","23.03","-11.795","3.005",-2.17,"1.00","-3.80","-1.59","8.269","4.16",2024-11-03 23:45:00,"PSY1N909",1
"04/11/2024","00:00:00","22.27","-9.980","2.309",-1.75,"1.00","-3.80","-1.35","8.297","4.15",2024-11-04,"PSY1N909",1
"04/11/2024","00:15:00","21.59","-9.221","1.689",-1.48,"1.00","-3.80","-1.25","8.323","4.16",2024-11-04 00:15:00,"PSY1N909",1
"04/11/2024","00:30:00","21.04","0.644","1.441",-0.07,"1.00","-3.80","0.08","8.341","4.16",2024-11-04 00:30:00,"PSY1N909",1
"04/11/2024","00:45:00","20.60","0.383","1.329",-0.08,"1.00","-3.80","0.05","8.355","4.16",2024-11-04 00:45:00,"PSY1N909",1
"04/11/2024","01:00:00","20.24","0.393","1.253",-0.06,"1.00","-3.80","0.05","8.370","4.16",2024-11-04 01:00:00,"PSY1N909",1
"04/11/2024","01:15:00","19.97","0.346","1.183",-0.04,"1.00","-3.80","0.04","8.381","4.15",2024-11-04 01:15:00,"PSY1N909",1
"04/11/2024","01:30:00","19.76","0.234","1.165",-0.06,"1.00","-3.80","0.03","8.388","4.15",2024-11-04 01:30:00,"PSY1N909",1
"04/11/2024","01:45:00","19.59","0.260","1.177",-0.06,"1.00","-3.80","0.03","8.395","4.16",2024-11-04 01:45:00,"PSY1N909",1
"04/11/2024","02:00:00","19.47","0.145","1.147",-0.07,"1.00","-3.80","0.02","8.399","4.15",2024-11-04 02:00:00,"PSY1N909",1
"04/11/2024","02:15:00","19.39","0.176","1.150",-0.06,"1.00","-3.80","0.02","8.403","4.16",2024-11-04 02:15:00,"PSY1N909",1
"04/11/2024","02:30:00","19.30","0.149","1.132",-0.06,"1.00","-3.80","0.02","8.403","4.15",2024-11-04 02:30:00,"PSY1N909",1
"04/11/2024","02:45:00","19.22","0.055","1.094",-0.07,"1.00","-3.80","0.00","8.406","4.15",2024-11-04 02:45:00,"PSY1N909",1
"04/11/2024","03:00:00","19.15","0.175","1.095",-0.05,"1.00","-3.80","0.02","8.410","4.15",2024-11-04 03:00:00,"PSY1N909",1
"04/11/2024","03:15:00","19.00","0.081","1.088",-0.06,"1.00","-3.80","0.01","8.414","4.14",2024-11-04 03:15:00,"PSY1N909",1
"04/11/2024","03:30:00","18.90","0.080","1.052",-0.05,"1.00","-3.80","0.01","8.417","4.14",2024-11-04 03:30:00,"PSY1N909",1
"04/11/2024","03:45:00","18.85","-0.060","1.007",-0.06,"1.00","-3.80","0.00","8.421","4.14",2024-11-04 03:45:00,"PSY1N909",1
"04/11/2024","04:00:00","18.79","-0.032","0.935",-0.03,"1.00","-3.80","0.00","8.425","4.14",2024-11-04 04:00:00,"PSY1N909",1
"04/11/2024","04:15:00","18.74","-0.006","0.927",-0.03,"1.00","-3.80","0.00","8.425","4.14",2024-11-04 04:15:00,"PSY1N909",1
"04/11/2024","04:30:00","18.70","-0.096","0.882",-0.02,"1.00","-3.80","-0.01","8.425","4.14",2024-11-04 04:30:00,"PSY1N909",1
"04/11/2024","04:45:00","18.67","-0.103","0.879",-0.03,"1.00","-3.80","-0.01","8.428","4.14",2024-11-04 04:45:00,"PSY1N909",1
"04/11/2024","05:00:00","18.63","0.022","0.874",-0.01,"1.00","-3.80","0.00","8.428","4.14",2024-11-04 05:00:00,"PSY1N909",1
"04/11/2024","05:15:00","18.60","-0.053","0.847",-0.01,"1.00","-3.80","0.00","8.428","4.14",2024-11-04 05:15:00,"PSY1N909",1
"04/11/2024","05:30:00","18.56","-0.223","0.844",-0.03,"1.00","-3.80","-0.03","8.432","4.13",2024-11-04 05:30:00,"PSY1N909",1
"04/11/2024","05:45:00","18.52","-0.134","0.825",-0.01,"1.00","-3.80","-0.01","8.432","4.13",2024-11-04 05:45:00,"PSY1N909",1
"04/11/2024","06:00:00","18.48","-0.088","0.000",0,"1.00","-3.80","-0.01","8.436","4.13",2024-11-04 06:00:00,"PSY1N909",1
"04/11/2024","06:15:00","18.41","-0.017","0.000",0,"1.00","-3.80","0.00","8.436","4.13",2024-11-04 06:15:00,"PSY1N909",1
"04/11/2024","06:30:00","18.33","-0.075","0.000",0,"1.00","-3.80","-0.01","8.439","4.13",2024-11-04 06:30:00,"PSY1N909",1
"04/11/2024","06:45:00","18.23","0.004","0.000",0,"1.00","-3.80","0.00","8.443","4.13",2024-11-04 06:45:00,"PSY1N909",1
"04/11/2024","07:00:00","18.15","-0.155","0.000",0,"1.00","-3.80","-0.02","8.447","4.13",2024-11-04 07:00:00,"PSY1N909",1
"04/11/2024","07:15:00","18.10","-0.181","0.000",0,"1.00","-3.80","-0.02","8.447","4.13",2024-11-04 07:15:00,"PSY1N909",1
"04/11/2024","07:30:00","18.12","-0.348","0.675",0,"1.00","-3.80","-0.04","8.447","4.12",2024-11-04 07:30:00,"PSY1N909",1
"04/11/2024","07:45:00","18.18","-0.378","0.774",-0.03,"1.00","-3.80","-0.05","8.447","4.12",2024-11-04 07:45:00,"PSY1N909",1
"04/11/2024","08:00:00","18.80","-1.568","0.506",-0.11,"1.00","-3.80","-0.21","8.421","4.12",2024-11-04 08:00:00,"PSY1N909",1
"04/11/2024","08:15:00","19.80","-1.615","0.765",-0.19,"1.00","-3.80","-0.22","8.384","4.12",2024-11-04 08:15:00,"PSY1N909",1
"04/11/2024","08:30:00","20.44","-1.224","1.300",-0.29,"1.00","-3.80","-0.16","8.362","4.12",2024-11-04 08:30:00,"PSY1N909",1
"04/11/2024","08:45:00","20.67","-0.803","1.802",-0.38,"1.00","-3.80","-0.11","8.355","4.12",2024-11-04 08:45:00,"PSY1N909",1
"04/11/2024","09:00:00","20.39","-0.887","1.794",-0.39,"1.00","-3.80","-0.12","8.366","4.12",2024-11-04 09:00:00,"PSY1N909",1
"04/11/2024","09:15:00","20.35","-1.203","1.674",-0.4,"1.00","-3.80","-0.16","8.366","4.12",2024-11-04 09:15:00,"PSY1N909",1
"04/11/2024","09:30:00","20.50","-0.941","1.891",-0.43,"1.00","-3.80","-0.12","8.359","4.12",2024-11-04 09:30:00,"PSY1N909",1
"04/11/2024","09:45:00","20.59","-0.930","1.863",-0.42,"1.00","-3.80","-0.12","8.359","4.11",2024-11-04 09:45:00,"PSY1N909",1
"04/11/2024","10:00:00","20.81","-0.838","2.004",-0.44,"1.00","-3.80","-0.11","8.348","4.11",2024-11-04 10:00:00,"PSY1N909",1
"04/11/2024","10:15:00","20.75","-1.128","2.151",-0.53,"1.00","-3.80","-0.15","8.352","4.11",2024-11-04 10:15:00,"PSY1N909",1
"04/11/2024","10:30:00","21.64","0.029","1.717",-0.22,"1.00","-3.80","0.00","8.319","4.11",2024-11-04 10:30:00,"PSY1N909",1
"04/11/2024","10:45:00","22.56","-1.444","2.207",-0.55,"1.00","-3.80","-0.19","8.287","4.11",2024-11-04 10:45:00,"PSY1N909",1
"04/11/2024","11:00:00","23.03","-1.267","2.050",-0.47,"1.00","-3.80","-0.17","8.269","4.11",2024-11-04 11:00:00,"PSY1N909",1
"04/11/2024","11:15:00","22.87","-1.334","3.065",-0.77,"1.00","-3.80","-0.18","8.276","4.11",2024-11-04 11:15:00,"PSY1N909",1
"04/11/2024","11:30:00","23.28","-1.000","2.821",-0.65,"1.00","-3.80","-0.13","8.262","4.11",2024-11-04 11:30:00,"PSY1N909",1
"04/11/2024","11:45:00","22.83","-0.592","1.917",-0.35,"1.00","-3.80","-0.08","8.276","4.10",2024-11-04 11:45:00,"PSY1N909",1
"04/11/2024","12:00:00","23.06","-0.785","2.518",-0.54,"1.00","-3.80","-0.10","8.269","4.10",2024-11-04 12:00:00,"PSY1N909",1
"04/11/2024","12:15:00","23.52","-1.222","2.162",-0.49,"1.00","-3.80","-0.16","8.251","4.10",2024-11-04 12:15:00,"PSY1N909",1
"04/11/2024","12:30:00","23.87","-1.656","2.097",-0.52,"1.00","-3.80","-0.22","8.240","4.10",2024-11-04 12:30:00,"PSY1N909",1
"04/11/2024","12:45:00","24.68","-0.744","2.097",-0.39,"1.00","-3.80","-0.10","8.212","4.10",2024-11-04 12:45:00,"PSY1N909",1
