"DateTime","SWP","Plant_ID"
2024-10-24 10:25:00,-3264,1
2024-10-24 10:30:00,-2530,1
2024-10-24 10:35:00,-2217,1
2024-10-24 10:40:00,-2035,1
2024-10-24 10:45:00,-1867,1
2024-10-24 10:50:00,-1710,1
2024-10-24 10:55:00,-1609,1
2024-10-24 11:00:00,-1478,1
2024-10-24 11:05:00,-1429,1
2024-10-24 11:10:00,-1348,1
2024-10-24 11:15:00,-1280,1
2024-10-24 11:20:00,-1234,1
2024-10-24 11:25:00,-1169,1
2024-10-24 11:30:00,-1133,1
2024-10-24 11:35:00,-1033,1
2024-10-24 11:40:00,-980,1
2024-10-24 11:45:00,-952,1
2024-10-24 11:50:00,-880,1
2024-10-24 11:55:00,-822,1
2024-10-24 12:00:00,-793.6,1
2024-10-24 12:05:00,-730.3,1
2024-10-24 12:10:00,-686.9,1
2024-10-24 12:15:00,-647.2,1
2024-10-24 12:20:00,-610.6,1
2024-10-24 12:25:00,-571,1
2024-10-24 12:30:00,-532.4,1
2024-10-24 12:35:00,-495.8,1
2024-10-24 12:40:00,-470.7,1
2024-10-24 12:45:00,-437.2,1
2024-10-24 12:50:00,-411.8,1
2024-10-24 12:55:00,-387.5,1
2024-10-24 13:00:00,-366,1
2024-10-24 13:05:00,-344.7,1
2024-10-24 13:10:00,-327.2,1
2024-10-24 13:15:00,-307.3,1
2024-10-24 13:20:00,-293,1
2024-10-24 13:25:00,-279.1,1
2024-10-24 13:30:00,-264,1
2024-10-24 13:35:00,-252.4,1
2024-10-24 13:40:00,-241.6,1
2024-10-24 13:45:00,-226.9,1
2024-10-24 13:50:00,-218.8,1
2024-10-24 13:55:00,-207,1
2024-10-24 14:00:00,-198.7,1
2024-10-24 14:05:00,-189.5,1
2024-10-24 14:10:00,-181.9,1
2024-10-24 14:15:00,-175.1,1
2024-10-24 14:20:00,-167.7,1
2024-10-24 14:25:00,-162.8,1
2024-10-24 14:30:00,-157,1
2024-10-24 14:35:00,-147.7,1
2024-10-24 14:40:00,-143.5,1
2024-10-24 14:45:00,-138.6,1
2024-10-24 14:50:00,-135.3,1
2024-10-24 14:55:00,-130.7,1
2024-10-24 15:00:00,-127.5,1
2024-10-24 15:05:00,-124.1,1
2024-10-24 15:10:00,-121.3,1
2024-10-24 15:15:00,-118.4,1
2024-10-24 15:20:00,-115.8,1
2024-10-24 15:25:00,-113.4,1
2024-10-24 15:30:00,-111.8,1
2024-10-24 15:35:00,-109.3,1
2024-10-24 15:40:00,-106.7,1
2024-10-24 15:45:00,-104.3,1
2024-10-24 15:50:00,-103.1,1
2024-10-24 15:55:00,-101.5,1
2024-10-24 16:00:00,-99.5,1
2024-10-24 16:05:00,-97.9,1
2024-10-24 16:10:00,-96.7,1
2024-10-24 16:15:00,-95.4,1
2024-10-24 16:20:00,-94.1,1
2024-10-24 16:25:00,-92.8,1
2024-10-24 16:30:00,-91.5,1
2024-10-24 16:35:00,-90.2,1
2024-10-24 16:40:00,-89.3,1
2024-10-24 16:45:00,-88.5,1
2024-10-24 16:50:00,-87.3,1
2024-10-24 16:55:00,-86.7,1
2024-10-24 17:00:00,-85.4,1
2024-10-24 17:05:00,-85,1
2024-10-24 17:10:00,-84,1
2024-10-24 17:15:00,-83.4,1
2024-10-24 17:20:00,-82.5,1
2024-10-24 17:25:00,-81.7,1
2024-10-24 17:30:00,-80.9,1
2024-10-24 17:35:00,-80.2,1
2024-10-24 17:40:00,-79.9,1
2024-10-24 17:45:00,-78.9,1
2024-10-24 17:50:00,-78.4,1
2024-10-24 17:55:00,-77.7,1
2024-10-24 18:00:00,-77.4,1
2024-10-24 18:05:00,-76.8,1
2024-10-24 18:10:00,-76.1,1
2024-10-24 18:15:00,-75.6,1
2024-10-24 18:20:00,-75.1,1
2024-10-24 18:25:00,-74.7,1
2024-10-24 18:30:00,-74.5,1
2024-10-24 18:35:00,-73.8,1
2024-10-24 18:40:00,-73.4,1
2024-10-24 18:45:00,-73,1
2024-10-24 18:50:00,-72.6,1
2024-10-24 18:55:00,-72.4,1
2024-10-24 19:00:00,-71.7,1
2024-10-24 19:05:00,-71.4,1
2024-10-24 19:10:00,-71.1,1
2024-10-24 19:15:00,-70.5,1
2024-10-24 19:20:00,-70.4,1
2024-10-24 19:25:00,-69.9,1
2024-10-24 19:30:00,-69.7,1
2024-10-24 19:35:00,-69.3,1
2024-10-24 19:40:00,-69.2,1
2024-10-24 19:45:00,-68.6,1
2024-10-24 19:50:00,-68.4,1
2024-10-24 19:55:00,-68,1
2024-10-24 20:00:00,-67.7,1
2024-10-24 20:05:00,-67.5,1
2024-10-24 20:10:00,-67.2,1
2024-10-24 20:15:00,-66.8,1
2024-10-24 20:20:00,-66.9,1
2024-10-24 20:25:00,-66.4,1
2024-10-24 20:30:00,-66.3,1
2024-10-24 20:35:00,-66.1,1
2024-10-24 20:40:00,-65.8,1
2024-10-24 20:45:00,-65.8,1
2024-10-24 20:50:00,-65.7,1
2024-10-24 20:55:00,-65.4,1
2024-10-24 21:00:00,-65.2,1
2024-10-24 21:05:00,-65.2,1
2024-10-24 21:10:00,-65,1
2024-10-24 21:15:00,-64.7,1
2024-10-24 21:20:00,-64.9,1
2024-10-24 21:25:00,-64.4,1
2024-10-24 21:30:00,-64.2,1
2024-10-24 21:35:00,-64,1
2024-10-24 21:40:00,-63.7,1
2024-10-24 21:45:00,-63.8,1
2024-10-24 21:50:00,-63.4,1
2024-10-24 21:55:00,-63.2,1
2024-10-24 22:00:00,-63.1,1
2024-10-24 22:05:00,-62.9,1
2024-10-24 22:10:00,-62.6,1
2024-10-24 22:15:00,-62.5,1
2024-10-24 22:20:00,-62.3,1
2024-10-24 22:25:00,-62.1,1
2024-10-24 22:30:00,-61.9,1
2024-10-24 22:35:00,-61.5,1
2024-10-24 22:40:00,-61.4,1
2024-10-24 22:45:00,-61.3,1
2024-10-24 22:50:00,-61.1,1
2024-10-24 22:55:00,-61,1
2024-10-24 23:00:00,-60.8,1
2024-10-24 23:05:00,-60.6,1
2024-10-24 23:10:00,-60.6,1
2024-10-24 23:15:00,-60.5,1
2024-10-24 23:20:00,-60.6,1
2024-10-24 23:25:00,-60.6,1
2024-10-24 23:30:00,-60.4,1
2024-10-24 23:35:00,-60.2,1
2024-10-24 23:40:00,-60.1,1
2024-10-24 23:45:00,-60.1,1
2024-10-24 23:50:00,-60.1,1
2024-10-24 23:55:00,-60,1
2024-10-25,-60.2,1
2024-10-25 00:05:00,-60,1
2024-10-25 00:10:00,-59.8,1
2024-10-25 00:15:00,-59.6,1
2024-10-25 00:20:00,-59.6,1
2024-10-25 00:25:00,-59.6,1
2024-10-25 00:30:00,-59.6,1
2024-10-25 00:35:00,-59.7,1
2024-10-25 00:40:00,-59.8,1
2024-10-25 00:45:00,-59.6,1
2024-10-25 00:50:00,-59.7,1
2024-10-25 00:55:00,-59.6,1
2024-10-25 01:00:00,-59.3,1
2024-10-25 01:05:00,-59.4,1
2024-10-25 01:10:00,-59.3,1
2024-10-25 01:15:00,-59.5,1
2024-10-25 01:20:00,-59.2,1
2024-10-25 01:25:00,-59,1
2024-10-25 01:30:00,-59,1
2024-10-25 01:35:00,-59.2,1
2024-10-25 01:40:00,-59,1
2024-10-25 01:45:00,-59.1,1
2024-10-25 01:50:00,-59.1,1
2024-10-25 01:55:00,-59,1
2024-10-25 02:00:00,-58.8,1
2024-10-25 02:05:00,-59,1
2024-10-25 02:10:00,-58.9,1
2024-10-25 02:15:00,-58.8,1
2024-10-25 02:20:00,-58.7,1
2024-10-25 02:25:00,-58.7,1
2024-10-25 02:30:00,-58.8,1
2024-10-25 02:35:00,-58.7,1
2024-10-25 02:40:00,-58.5,1
2024-10-25 02:45:00,-58.7,1
2024-10-25 02:50:00,-58.5,1
2024-10-25 02:55:00,-58.7,1
2024-10-25 03:00:00,-58.4,1
2024-10-25 03:05:00,-58.6,1
2024-10-25 03:10:00,-58.6,1
2024-10-25 03:15:00,-58.8,1
2024-10-25 03:20:00,-58.5,1
2024-10-25 03:25:00,-58.2,1
2024-10-25 03:30:00,-58.1,1
2024-10-25 03:35:00,-58.2,1
2024-10-25 03:40:00,-58,1
2024-10-25 03:45:00,-58.1,1
2024-10-25 03:50:00,-58.1,1
2024-10-25 03:55:00,-58,1
2024-10-25 04:00:00,-58.2,1
2024-10-25 04:05:00,-58,1
2024-10-25 04:10:00,-58.1,1
2024-10-25 04:15:00,-58,1
2024-10-25 04:20:00,-58.1,1
2024-10-25 04:25:00,-57.7,1
2024-10-25 04:30:00,-58,1
2024-10-25 04:35:00,-57.5,1
2024-10-25 04:40:00,-57.7,1
2024-10-25 04:45:00,-57.5,1
2024-10-25 04:50:00,-57.4,1
2024-10-25 04:55:00,-57.3,1
2024-10-25 05:00:00,-57.5,1
2024-10-25 05:05:00,-57.3,1
2024-10-25 05:10:00,-57.5,1
2024-10-25 05:15:00,-57.3,1
2024-10-25 05:20:00,-57.4,1
2024-10-25 05:25:00,-57.3,1
2024-10-25 05:30:00,-57.3,1
2024-10-25 05:35:00,-57.3,1
2024-10-25 05:40:00,-56.9,1
2024-10-25 05:45:00,-56.9,1
2024-10-25 05:50:00,-57,1
2024-10-25 05:55:00,-56.9,1
2024-10-25 06:00:00,-56.9,1
2024-10-25 06:05:00,-57,1
2024-10-25 06:10:00,-56.7,1
2024-10-25 06:15:00,-56.7,1
2024-10-25 06:20:00,-56.8,1
2024-10-25 06:25:00,-56.7,1
2024-10-25 06:30:00,-56.5,1
2024-10-25 06:35:00,-56.8,1
2024-10-25 06:40:00,-56.6,1
2024-10-25 06:45:00,-56.5,1
2024-10-25 06:50:00,-56.7,1
2024-10-25 06:55:00,-56.5,1
2024-10-25 07:00:00,-56.6,1
2024-10-25 07:05:00,-56.4,1
2024-10-25 07:10:00,-56.4,1
2024-10-25 07:15:00,-56.1,1
2024-10-25 07:20:00,-56,1
2024-10-25 07:25:00,-55.9,1
2024-10-25 07:30:00,-56,1
2024-10-25 07:35:00,-55.9,1
2024-10-25 07:40:00,-55.5,1
2024-10-25 07:45:00,-55.4,1
2024-10-25 07:50:00,-55,1
2024-10-25 07:55:00,-55.2,1
2024-10-25 08:00:00,-54.9,1
2024-10-25 08:05:00,-54.7,1
2024-10-25 08:10:00,-54.5,1
2024-10-25 08:15:00,-54.5,1
2024-10-25 08:20:00,-54.3,1
2024-10-25 08:25:00,-54.3,1
2024-10-25 08:30:00,-54.1,1
2024-10-25 08:35:00,-54,1
2024-10-25 08:40:00,-53.8,1
2024-10-25 08:45:00,-53.7,1
2024-10-25 08:50:00,-53.5,1
2024-10-25 08:55:00,-53.5,1
2024-10-25 09:00:00,-53.5,1
2024-10-25 09:05:00,-53.3,1
2024-10-25 09:10:00,-53.1,1
2024-10-25 09:15:00,-53.1,1
2024-10-25 09:20:00,-53.1,1
2024-10-25 09:25:00,-52.8,1
2024-10-25 09:30:00,-52.7,1
2024-10-25 09:35:00,-52.6,1
2024-10-25 09:40:00,-52.2,1
2024-10-25 09:45:00,-52.1,1
2024-10-25 09:50:00,-52.2,1
2024-10-25 09:55:00,-52,1
2024-10-25 10:00:00,-51.9,1
2024-10-25 10:05:00,-51.7,1
2024-10-25 10:10:00,-51.7,1
2024-10-25 10:15:00,-51.4,1
2024-10-25 10:20:00,-51.5,1
2024-10-25 10:25:00,-51.3,1
2024-10-25 10:30:00,-51,1
2024-10-25 10:35:00,-50.7,1
2024-10-25 10:40:00,-50.8,1
2024-10-25 10:45:00,-50.6,1
2024-10-25 10:50:00,-50.4,1
2024-10-25 10:55:00,-50.3,1
2024-10-25 11:00:00,-50.1,1
2024-10-25 11:05:00,-50.1,1
2024-10-25 11:10:00,-49.9,1
2024-10-25 11:15:00,-49.5,1
2024-10-25 11:20:00,-49.4,1
2024-10-25 11:25:00,-49.2,1
2024-10-25 11:30:00,-48.9,1
2024-10-25 11:35:00,-48.7,1
2024-10-25 11:40:00,-48.8,1
2024-10-25 11:45:00,-48.2,1
2024-10-25 11:50:00,-47.9,1
2024-10-25 11:55:00,-48.1,1
2024-10-25 12:00:00,-47.7,1
2024-10-25 12:05:00,-47.4,1
2024-10-25 12:10:00,-47.3,1
2024-10-25 12:15:00,-47.2,1
2024-10-25 12:20:00,-47.1,1
2024-10-25 12:25:00,-46.8,1
2024-10-25 12:30:00,-46.6,1
2024-10-25 12:35:00,-46.5,1
2024-10-25 12:40:00,-46.2,1
2024-10-25 12:45:00,-46.1,1
2024-10-25 12:50:00,-46.1,1
2024-10-25 12:55:00,-46,1
2024-10-25 13:00:00,-45.9,1
2024-10-25 13:05:00,-45.7,1
2024-10-25 13:10:00,-45.7,1
2024-10-25 13:15:00,-45.5,1
2024-10-25 13:20:00,-45.4,1
2024-10-25 13:25:00,-45.5,1
2024-10-25 13:30:00,-45.4,1
2024-10-25 13:35:00,-45.5,1
2024-10-25 13:40:00,-45.6,1
2024-10-25 13:45:00,-45.4,1
2024-10-25 13:50:00,-45.4,1
2024-10-25 13:55:00,-45.4,1
2024-10-25 14:00:00,-45.2,1
2024-10-25 14:05:00,-45.2,1
2024-10-25 14:10:00,-45,1
2024-10-25 14:15:00,-45,1
2024-10-25 14:20:00,-45,1
2024-10-25 14:25:00,-44.9,1
2024-10-25 14:30:00,-44.9,1
2024-10-25 14:35:00,-44.6,1
2024-10-25 14:40:00,-44.6,1
2024-10-25 14:45:00,-44.4,1
2024-10-25 14:50:00,-44.4,1
2024-10-25 14:55:00,-44.5,1
2024-10-25 15:00:00,-44.3,1
2024-10-25 15:05:00,-44,1
2024-10-25 15:10:00,-44,1
2024-10-25 15:15:00,-44,1
2024-10-25 15:20:00,-43.8,1
2024-10-25 15:25:00,-43.9,1
2024-10-25 15:30:00,-43.8,1
2024-10-25 15:35:00,-43.5,1
2024-10-25 15:40:00,-43.6,1
2024-10-25 15:45:00,-43.5,1
2024-10-25 15:50:00,-43.3,1
2024-10-25 15:55:00,-43.4,1
2024-10-25 16:00:00,-43.2,1
2024-10-25 16:05:00,-43.2,1
2024-10-25 16:10:00,-43.1,1
2024-10-25 16:15:00,-43,1
2024-10-25 16:20:00,-43,1
2024-10-25 16:25:00,-42.9,1
2024-10-25 16:30:00,-43,1
2024-10-25 16:35:00,-42.9,1
2024-10-25 16:40:00,-42.8,1
2024-10-25 16:45:00,-42.9,1
2024-10-25 16:50:00,-42.9,1
2024-10-25 16:55:00,-42.8,1
2024-10-25 17:00:00,-42.8,1
2024-10-25 17:05:00,-42.8,1
2024-10-25 17:10:00,-42.9,1
2024-10-25 17:15:00,-42.8,1
2024-10-25 17:20:00,-42.7,1
2024-10-25 17:25:00,-42.7,1
2024-10-25 17:30:00,-42.8,1
2024-10-25 17:35:00,-42.8,1
2024-10-25 17:40:00,-42.8,1
2024-10-25 17:45:00,-42.7,1
2024-10-25 17:50:00,-42.7,1
2024-10-25 17:55:00,-42.7,1
2024-10-25 18:00:00,-42.8,1
2024-10-25 18:05:00,-42.7,1
2024-10-25 18:10:00,-42.7,1
2024-10-25 18:15:00,-42.7,1
2024-10-25 18:20:00,-42.7,1
2024-10-25 18:25:00,-42.7,1
2024-10-25 18:30:00,-42.8,1
2024-10-25 18:35:00,-42.7,1
2024-10-25 18:40:00,-42.8,1
2024-10-25 18:45:00,-42.7,1
2024-10-25 18:50:00,-42.8,1
2024-10-25 18:55:00,-42.8,1
2024-10-25 19:00:00,-42.8,1
2024-10-25 19:05:00,-42.8,1
2024-10-25 19:10:00,-42.8,1
2024-10-25 19:15:00,-42.8,1
2024-10-25 19:20:00,-42.8,1
2024-10-25 19:25:00,-42.7,1
2024-10-25 19:30:00,-42.8,1
2024-10-25 19:35:00,-42.9,1
2024-10-25 19:40:00,-42.8,1
2024-10-25 19:45:00,-42.9,1
2024-10-25 19:50:00,-43.1,1
2024-10-25 19:55:00,-43.1,1
2024-10-25 20:00:00,-43.2,1
2024-10-25 20:05:00,-43.1,1
2024-10-25 20:10:00,-43.1,1
2024-10-25 20:15:00,-43.3,1
2024-10-25 20:20:00,-43.4,1
2024-10-25 20:25:00,-43.4,1
2024-10-25 20:30:00,-43.6,1
2024-10-25 20:35:00,-43.6,1
2024-10-25 20:40:00,-43.7,1
2024-10-25 20:45:00,-43.7,1
2024-10-25 20:50:00,-43.8,1
2024-10-25 20:55:00,-43.8,1
2024-10-25 21:00:00,-44,1
2024-10-25 21:05:00,-44.1,1
2024-10-25 21:10:00,-44.1,1
2024-10-25 21:15:00,-44.2,1
2024-10-25 21:20:00,-44.2,1
2024-10-25 21:25:00,-44.4,1
2024-10-25 21:30:00,-44.5,1
2024-10-25 21:35:00,-44.7,1
2024-10-25 21:40:00,-44.6,1
2024-10-25 21:45:00,-44.6,1
2024-10-25 21:50:00,-44.7,1
2024-10-25 21:55:00,-44.6,1
2024-10-25 22:00:00,-44.8,1
2024-10-25 22:05:00,-44.9,1
2024-10-25 22:10:00,-45.1,1
2024-10-25 22:15:00,-45.1,1
2024-10-25 22:20:00,-45.1,1
2024-10-25 22:25:00,-45.1,1
2024-10-25 22:30:00,-45.4,1
2024-10-25 22:35:00,-45.5,1
2024-10-25 22:40:00,-45.5,1
2024-10-25 22:45:00,-45.6,1
2024-10-25 22:50:00,-45.5,1
2024-10-25 22:55:00,-45.7,1
2024-10-25 23:00:00,-45.6,1
2024-10-25 23:05:00,-45.7,1
2024-10-25 23:10:00,-45.8,1
2024-10-25 23:15:00,-46,1
2024-10-25 23:20:00,-46.1,1
2024-10-25 23:25:00,-46.2,1
2024-10-25 23:30:00,-46.3,1
2024-10-25 23:35:00,-46.4,1
2024-10-25 23:40:00,-46.6,1
2024-10-25 23:45:00,-46.8,1
2024-10-25 23:50:00,-46.7,1
2024-10-25 23:55:00,-46.9,1
2024-10-26,-47.3,1
2024-10-26 00:05:00,-47.5,1
2024-10-26 00:10:00,-47.3,1
2024-10-26 00:15:00,-47.7,1
2024-10-26 00:20:00,-47.9,1
2024-10-26 00:25:00,-48,1
2024-10-26 00:30:00,-48.2,1
2024-10-26 00:35:00,-48.5,1
2024-10-26 00:40:00,-48.6,1
2024-10-26 00:45:00,-48.6,1
2024-10-26 00:50:00,-49,1
2024-10-26 00:55:00,-49.1,1
2024-10-26 01:00:00,-49.3,1
2024-10-26 01:05:00,-49.5,1
2024-10-26 01:10:00,-49.8,1
2024-10-26 01:15:00,-50,1
2024-10-26 01:20:00,-50.1,1
2024-10-26 01:25:00,-50.5,1
2024-10-26 01:30:00,-50.5,1
2024-10-26 01:35:00,-50.6,1
2024-10-26 01:40:00,-50.6,1
2024-10-26 01:45:00,-51,1
2024-10-26 01:50:00,-51.2,1
2024-10-26 01:55:00,-51.2,1
2024-10-26 02:00:00,-51.4,1
2024-10-26 02:05:00,-51.7,1
2024-10-26 02:10:00,-52,1
2024-10-26 02:15:00,-51.8,1
2024-10-26 02:20:00,-52,1
2024-10-26 02:25:00,-52.2,1
2024-10-26 02:30:00,-52.4,1
2024-10-26 02:35:00,-52.5,1
2024-10-26 02:40:00,-52.5,1
2024-10-26 02:45:00,-52.8,1
2024-10-26 02:50:00,-53,1
2024-10-26 02:55:00,-53.3,1
2024-10-26 03:00:00,-53.4,1
2024-10-26 03:05:00,-53.2,1
2024-10-26 03:10:00,-53.4,1
2024-10-26 03:15:00,-53.6,1
2024-10-26 03:20:00,-53.8,1
2024-10-26 03:25:00,-53.8,1
2024-10-26 03:30:00,-54,1
2024-10-26 03:35:00,-54,1
2024-10-26 03:40:00,-54.3,1
2024-10-26 03:45:00,-54.5,1
2024-10-26 03:50:00,-54.7,1
2024-10-26 03:55:00,-54.6,1
2024-10-26 04:00:00,-54.7,1
2024-10-26 04:05:00,-54.6,1
2024-10-26 04:10:00,-54.9,1
2024-10-26 04:15:00,-55,1
2024-10-26 04:20:00,-54.9,1
2024-10-26 04:25:00,-55.1,1
2024-10-26 04:30:00,-55.2,1
2024-10-26 04:35:00,-55.2,1
2024-10-26 04:40:00,-55.3,1
2024-10-26 04:45:00,-55.4,1
2024-10-26 04:50:00,-55.3,1
2024-10-26 04:55:00,-55.5,1
2024-10-26 05:00:00,-55.3,1
2024-10-26 05:05:00,-55.4,1
2024-10-26 05:10:00,-55.6,1
2024-10-26 05:15:00,-55.8,1
2024-10-26 05:20:00,-55.7,1
2024-10-26 05:25:00,-55.9,1
2024-10-26 05:30:00,-55.9,1
2024-10-26 05:35:00,-55.9,1
2024-10-26 05:40:00,-56,1
2024-10-26 05:45:00,-56,1
2024-10-26 05:50:00,-56,1
2024-10-26 05:55:00,-56.2,1
2024-10-26 06:00:00,-56.2,1
2024-10-26 06:05:00,-56.4,1
2024-10-26 06:10:00,-56.3,1
2024-10-26 06:15:00,-56.6,1
2024-10-26 06:20:00,-56.6,1
2024-10-26 06:25:00,-56.6,1
2024-10-26 06:30:00,-56.6,1
2024-10-26 06:35:00,-56.8,1
2024-10-26 06:40:00,-56.7,1
2024-10-26 06:45:00,-56.6,1
2024-10-26 06:50:00,-56.8,1
2024-10-26 06:55:00,-56.7,1
2024-10-26 07:00:00,-56.8,1
2024-10-26 07:05:00,-56.8,1
2024-10-26 07:10:00,-56.8,1
2024-10-26 07:15:00,-56.7,1
2024-10-26 07:20:00,-56.6,1
2024-10-26 07:25:00,-56.7,1
2024-10-26 07:30:00,-56.7,1
2024-10-26 07:35:00,-56.3,1
2024-10-26 07:40:00,-56.5,1
2024-10-26 07:45:00,-56.5,1
2024-10-26 07:50:00,-56.4,1
2024-10-26 07:55:00,-56.2,1
2024-10-26 08:00:00,-56.2,1
2024-10-26 08:05:00,-56.1,1
2024-10-26 08:10:00,-56,1
2024-10-26 08:15:00,-55.8,1
2024-10-26 08:20:00,-55.8,1
2024-10-26 08:25:00,-55.7,1
2024-10-26 08:30:00,-55.6,1
2024-10-26 08:35:00,-55.5,1
2024-10-26 08:40:00,-55.5,1
2024-10-26 08:45:00,-55.3,1
2024-10-26 08:50:00,-55.5,1
2024-10-26 08:55:00,-55.5,1
2024-10-26 09:00:00,-55.4,1
2024-10-26 09:05:00,-55.5,1
2024-10-26 09:10:00,-55.3,1
2024-10-26 09:15:00,-55.4,1
2024-10-26 09:20:00,-55.3,1
2024-10-26 09:25:00,-55.2,1
2024-10-26 09:30:00,-55.2,1
2024-10-26 09:35:00,-54.9,1
2024-10-26 09:40:00,-55,1
2024-10-26 09:45:00,-54.8,1
2024-10-26 09:50:00,-54.7,1
2024-10-26 09:55:00,-54.4,1
2024-10-26 10:00:00,-54.5,1
2024-10-26 10:05:00,-54.5,1
2024-10-26 10:10:00,-54.4,1
2024-10-26 10:15:00,-54.4,1
2024-10-26 10:20:00,-54.3,1
2024-10-26 10:25:00,-54.1,1
2024-10-26 10:30:00,-53.9,1
2024-10-26 10:35:00,-53.6,1
2024-10-26 10:40:00,-53.7,1
2024-10-26 10:45:00,-53.6,1
2024-10-26 10:50:00,-53.4,1
2024-10-26 10:55:00,-53.2,1
2024-10-26 11:00:00,-53,1
2024-10-26 11:05:00,-52.7,1
2024-10-26 11:10:00,-52.6,1
2024-10-26 11:15:00,-52.4,1
2024-10-26 11:20:00,-52.2,1
2024-10-26 11:25:00,-52.2,1
2024-10-26 11:30:00,-52,1
2024-10-26 11:35:00,-51.9,1
2024-10-26 11:40:00,-51.7,1
2024-10-26 11:45:00,-51.3,1
2024-10-26 11:50:00,-51.2,1
2024-10-26 11:55:00,-51.2,1
2024-10-26 12:00:00,-50.9,1
2024-10-26 12:05:00,-50.7,1
2024-10-26 12:10:00,-50.5,1
2024-10-26 12:15:00,-50.4,1
2024-10-26 12:20:00,-50.2,1
2024-10-26 12:25:00,-49.8,1
2024-10-26 12:30:00,-49.8,1
2024-10-26 12:35:00,-49.6,1
2024-10-26 12:40:00,-49.4,1
2024-10-26 12:45:00,-49.3,1
2024-10-26 12:50:00,-49.2,1
2024-10-26 12:55:00,-49.2,1
2024-10-26 13:00:00,-49.1,1
2024-10-26 13:05:00,-49.2,1
2024-10-26 13:10:00,-48.8,1
2024-10-26 13:15:00,-48.7,1
2024-10-26 13:20:00,-48.7,1
2024-10-26 13:25:00,-48.7,1
2024-10-26 13:30:00,-48.5,1
2024-10-26 13:35:00,-48.6,1
2024-10-26 13:40:00,-48.6,1
2024-10-26 13:45:00,-48.5,1
2024-10-26 13:50:00,-48.5,1
2024-10-26 13:55:00,-48.5,1
2024-10-26 14:00:00,-48.4,1
2024-10-26 14:05:00,-48.3,1
2024-10-26 14:10:00,-48.3,1
2024-10-26 14:15:00,-48.1,1
2024-10-26 14:20:00,-48.3,1
2024-10-26 14:25:00,-48,1
2024-10-26 14:30:00,-48.2,1
2024-10-26 14:35:00,-48,1
2024-10-26 14:40:00,-48.1,1
2024-10-26 14:45:00,-48.1,1
2024-10-26 14:50:00,-47.9,1
2024-10-26 14:55:00,-48,1
2024-10-26 15:00:00,-48,1
2024-10-26 15:05:00,-48,1
2024-10-26 15:10:00,-47.9,1
2024-10-26 15:15:00,-47.9,1
2024-10-26 15:20:00,-47.9,1
2024-10-26 15:25:00,-47.9,1
2024-10-26 15:30:00,-47.8,1
2024-10-26 15:35:00,-47.9,1
2024-10-26 15:40:00,-47.9,1
2024-10-26 15:45:00,-47.9,1
2024-10-26 15:50:00,-48,1
2024-10-26 15:55:00,-47.8,1
2024-10-26 16:00:00,-47.9,1
2024-10-26 16:05:00,-47.8,1
2024-10-26 16:10:00,-47.9,1
2024-10-26 16:15:00,-47.8,1
2024-10-26 16:20:00,-47.8,1
2024-10-26 16:25:00,-47.8,1
2024-10-26 16:30:00,-47.8,1
2024-10-26 16:35:00,-47.9,1
2024-10-26 16:40:00,-47.8,1
2024-10-26 16:45:00,-47.7,1
2024-10-26 16:50:00,-48,1
2024-10-26 16:55:00,-47.9,1
2024-10-26 17:00:00,-47.9,1
2024-10-26 17:05:00,-47.9,1
2024-10-26 17:10:00,-47.8,1
2024-10-26 17:15:00,-47.7,1
2024-10-26 17:20:00,-48,1
2024-10-26 17:25:00,-48,1
2024-10-26 17:30:00,-48.1,1
2024-10-26 17:35:00,-48,1
2024-10-26 17:40:00,-48.2,1
2024-10-26 17:45:00,-48,1
2024-10-26 17:50:00,-48.3,1
2024-10-26 17:55:00,-48.2,1
2024-10-26 18:00:00,-48.3,1
2024-10-26 18:05:00,-48.2,1
2024-10-26 18:10:00,-48.3,1
2024-10-26 18:15:00,-48.2,1
2024-10-26 18:20:00,-48.2,1
2024-10-26 18:25:00,-48.2,1
2024-10-26 18:30:00,-48.4,1
2024-10-26 18:35:00,-48.5,1
2024-10-26 18:40:00,-48.5,1
2024-10-26 18:45:00,-48.7,1
2024-10-26 18:50:00,-48.8,1
2024-10-26 18:55:00,-48.8,1
2024-10-26 19:00:00,-48.9,1
2024-10-26 19:05:00,-48.9,1
2024-10-26 19:10:00,-48.9,1
2024-10-26 19:15:00,-48.8,1
2024-10-26 19:20:00,-49,1
2024-10-26 19:25:00,-49.1,1
2024-10-26 19:30:00,-49,1
2024-10-26 19:35:00,-49,1
2024-10-26 19:40:00,-49.3,1
2024-10-26 19:45:00,-49.4,1
2024-10-26 19:50:00,-49.4,1
2024-10-26 19:55:00,-49.4,1
2024-10-26 20:00:00,-49.7,1
2024-10-26 20:05:00,-50,1
2024-10-26 20:10:00,-49.9,1
2024-10-26 20:15:00,-50,1
2024-10-26 20:20:00,-50.1,1
2024-10-26 20:25:00,-50.1,1
2024-10-26 20:30:00,-50.4,1
2024-10-26 20:35:00,-50.4,1
2024-10-26 20:40:00,-50.5,1
2024-10-26 20:45:00,-50.4,1
2024-10-26 20:50:00,-50.7,1
2024-10-26 20:55:00,-50.7,1
2024-10-26 21:00:00,-50.9,1
2024-10-26 21:05:00,-51,1
2024-10-26 21:10:00,-51,1
2024-10-26 21:15:00,-51.1,1
2024-10-26 21:20:00,-51,1
2024-10-26 21:25:00,-51.2,1
2024-10-26 21:30:00,-51.5,1
2024-10-26 21:35:00,-51.7,1
2024-10-26 21:40:00,-51.7,1
2024-10-26 21:45:00,-51.8,1
2024-10-26 21:50:00,-52.1,1
2024-10-26 21:55:00,-52.2,1
2024-10-26 22:00:00,-52.4,1
2024-10-26 22:05:00,-52.3,1
2024-10-26 22:10:00,-52.4,1
2024-10-26 22:15:00,-52.5,1
2024-10-26 22:20:00,-52.7,1
2024-10-26 22:25:00,-52.7,1
2024-10-26 22:30:00,-52.8,1
2024-10-26 22:35:00,-53.1,1
2024-10-26 22:40:00,-52.9,1
2024-10-26 22:45:00,-52.9,1
2024-10-26 22:50:00,-53.1,1
2024-10-26 22:55:00,-53.2,1
2024-10-26 23:00:00,-53.6,1
2024-10-26 23:05:00,-53.6,1
2024-10-26 23:10:00,-54,1
2024-10-26 23:15:00,-54.3,1
2024-10-26 23:20:00,-54.5,1
2024-10-26 23:25:00,-54.7,1
2024-10-26 23:30:00,-54.9,1
2024-10-26 23:35:00,-55,1
2024-10-26 23:40:00,-55.4,1
2024-10-26 23:45:00,-55.5,1
2024-10-26 23:50:00,-55.9,1
2024-10-26 23:55:00,-56.2,1
2024-10-27,-56.2,1
2024-10-27 00:05:00,-56.7,1
2024-10-27 00:10:00,-56.9,1
2024-10-27 00:15:00,-57.2,1
2024-10-27 00:20:00,-57.7,1
2024-10-27 00:25:00,-57.8,1
2024-10-27 00:30:00,-58,1
2024-10-27 00:35:00,-58.1,1
2024-10-27 00:40:00,-58.6,1
2024-10-27 00:45:00,-58.6,1
2024-10-27 00:50:00,-58.9,1
2024-10-27 00:55:00,-59.3,1
2024-10-27 01:00:00,-59.5,1
2024-10-27 01:05:00,-59.5,1
2024-10-27 01:10:00,-59.7,1
2024-10-27 01:15:00,-60.1,1
2024-10-27 01:20:00,-60.2,1
2024-10-27 01:25:00,-60.4,1
2024-10-27 01:30:00,-60.6,1
2024-10-27 01:35:00,-60.8,1
2024-10-27 01:40:00,-60.8,1
2024-10-27 01:45:00,-61,1
2024-10-27 01:50:00,-61.1,1
2024-10-27 01:55:00,-61.4,1
2024-10-27 02:00:00,-61.4,1
2024-10-27 02:05:00,-61.5,1
2024-10-27 02:10:00,-61.9,1
2024-10-27 02:15:00,-61.8,1
2024-10-27 02:20:00,-61.9,1
2024-10-27 02:25:00,-62.1,1
2024-10-27 02:30:00,-62.3,1
2024-10-27 02:35:00,-62.4,1
2024-10-27 02:40:00,-62.5,1
2024-10-27 02:45:00,-62.8,1
2024-10-27 02:50:00,-63,1
2024-10-27 02:55:00,-62.9,1
2024-10-27 03:00:00,-63.1,1
2024-10-27 03:05:00,-63.2,1
2024-10-27 03:10:00,-63.3,1
2024-10-27 03:15:00,-63.5,1
2024-10-27 03:20:00,-63.6,1
2024-10-27 03:25:00,-63.8,1
2024-10-27 03:30:00,-63.8,1
2024-10-27 03:35:00,-64,1
2024-10-27 03:40:00,-64.1,1
2024-10-27 03:45:00,-64.4,1
2024-10-27 03:50:00,-64.5,1
2024-10-27 03:55:00,-64.3,1
2024-10-27 04:00:00,-64.4,1
2024-10-27 04:05:00,-64.5,1
2024-10-27 04:10:00,-64.6,1
2024-10-27 04:15:00,-64.8,1
2024-10-27 04:20:00,-64.8,1
2024-10-27 04:25:00,-65,1
2024-10-27 04:30:00,-65,1
2024-10-27 04:35:00,-65,1
2024-10-27 04:40:00,-65.4,1
2024-10-27 04:45:00,-65.4,1
2024-10-27 04:50:00,-65.6,1
2024-10-27 04:55:00,-65.5,1
2024-10-27 05:00:00,-65.5,1
2024-10-27 05:05:00,-65.5,1
2024-10-27 05:10:00,-65.6,1
2024-10-27 05:15:00,-65.8,1
2024-10-27 05:20:00,-65.8,1
2024-10-27 05:25:00,-66.1,1
2024-10-27 05:30:00,-66.1,1
2024-10-27 05:35:00,-66.1,1
2024-10-27 05:40:00,-66.2,1
2024-10-27 05:45:00,-66.1,1
2024-10-27 05:50:00,-66.3,1
2024-10-27 05:55:00,-66.4,1
2024-10-27 06:00:00,-66.6,1
2024-10-27 06:05:00,-66.7,1
2024-10-27 06:10:00,-66.8,1
2024-10-27 06:15:00,-66.7,1
2024-10-27 06:20:00,-66.9,1
2024-10-27 06:25:00,-66.8,1
2024-10-27 06:30:00,-66.9,1
2024-10-27 06:35:00,-66.9,1
2024-10-27 06:40:00,-67,1
2024-10-27 06:45:00,-67.1,1
2024-10-27 06:50:00,-67.1,1
2024-10-27 06:55:00,-67.2,1
2024-10-27 07:00:00,-67.4,1
2024-10-27 07:05:00,-67.3,1
2024-10-27 07:10:00,-67.4,1
2024-10-27 07:15:00,-67.4,1
2024-10-27 07:20:00,-67.5,1
2024-10-27 07:25:00,-67.6,1
2024-10-27 07:30:00,-67.8,1
2024-10-27 07:35:00,-67.8,1
2024-10-27 07:40:00,-67.8,1
2024-10-27 07:45:00,-67.9,1
2024-10-27 07:50:00,-67.9,1
2024-10-27 07:55:00,-67.9,1
2024-10-27 08:00:00,-67.9,1
2024-10-27 08:05:00,-68.1,1
2024-10-27 08:10:00,-67.9,1
2024-10-27 08:15:00,-67.8,1
2024-10-27 08:20:00,-67.8,1
2024-10-27 08:25:00,-67.6,1
2024-10-27 08:30:00,-67.6,1
2024-10-27 08:35:00,-67.4,1
2024-10-27 08:40:00,-67.1,1
2024-10-27 08:45:00,-67.2,1
2024-10-27 08:50:00,-67.2,1
2024-10-27 08:55:00,-67,1
2024-10-27 09:00:00,-67.1,1
2024-10-27 09:05:00,-66.8,1
2024-10-27 09:10:00,-66.8,1
2024-10-27 09:15:00,-66.8,1
2024-10-27 09:20:00,-66.6,1
2024-10-27 09:25:00,-66.4,1
2024-10-27 09:30:00,-66.3,1
2024-10-27 09:35:00,-66.3,1
2024-10-27 09:40:00,-66.2,1
2024-10-27 09:45:00,-66.2,1
2024-10-27 09:50:00,-66.2,1
2024-10-27 09:55:00,-66.1,1
2024-10-27 10:00:00,-66,1
2024-10-27 10:05:00,-65.9,1
2024-10-27 10:10:00,-65.6,1
2024-10-27 10:15:00,-65.6,1
2024-10-27 10:20:00,-65.4,1
2024-10-27 10:25:00,-65.5,1
2024-10-27 10:30:00,-65.4,1
2024-10-27 10:35:00,-65.3,1
2024-10-27 10:40:00,-65.2,1
2024-10-27 10:45:00,-65.2,1
2024-10-27 10:50:00,-65,1
2024-10-27 10:55:00,-64.6,1
2024-10-27 11:00:00,-64.7,1
2024-10-27 11:05:00,-64.5,1
2024-10-27 11:10:00,-64.5,1
2024-10-27 11:15:00,-64.4,1
2024-10-27 11:20:00,-64.4,1
2024-10-27 11:25:00,-64.3,1
2024-10-27 11:30:00,-64.1,1
2024-10-27 11:35:00,-64.1,1
2024-10-27 11:40:00,-63.8,1
2024-10-27 11:45:00,-63.7,1
2024-10-27 11:50:00,-63.6,1
2024-10-27 11:55:00,-63.5,1
2024-10-27 12:00:00,-63.4,1
2024-10-27 12:05:00,-63.2,1
2024-10-27 12:10:00,-63,1
2024-10-27 12:15:00,-62.9,1
2024-10-27 12:20:00,-62.9,1
2024-10-27 12:25:00,-63,1
2024-10-27 12:30:00,-63,1
2024-10-27 12:35:00,-62.9,1
2024-10-27 12:40:00,-62.7,1
2024-10-27 12:45:00,-62.7,1
2024-10-27 12:50:00,-62.5,1
2024-10-27 12:55:00,-62.3,1
2024-10-27 13:00:00,-62.4,1
2024-10-27 13:05:00,-62.3,1
2024-10-27 13:10:00,-62.4,1
2024-10-27 13:15:00,-62.3,1
2024-10-27 13:20:00,-62.4,1
2024-10-27 13:25:00,-62.3,1
2024-10-27 13:30:00,-62.4,1
2024-10-27 13:35:00,-62.3,1
2024-10-27 13:40:00,-62.2,1
2024-10-27 13:45:00,-62.2,1
2024-10-27 13:50:00,-62.2,1
2024-10-27 13:55:00,-62.3,1
2024-10-27 14:00:00,-62.2,1
2024-10-27 14:05:00,-62.2,1
2024-10-27 14:10:00,-62.3,1
2024-10-27 14:15:00,-62.1,1
2024-10-27 14:20:00,-62.2,1
2024-10-27 14:25:00,-62.2,1
2024-10-27 14:30:00,-62.1,1
2024-10-27 14:35:00,-61.9,1
2024-10-27 14:40:00,-62,1
2024-10-27 14:45:00,-62,1
2024-10-27 14:50:00,-61.9,1
2024-10-27 14:55:00,-62,1
2024-10-27 15:00:00,-61.8,1
2024-10-27 15:05:00,-61.9,1
2024-10-27 15:10:00,-61.9,1
2024-10-27 15:15:00,-61.9,1
2024-10-27 15:20:00,-61.8,1
2024-10-27 15:25:00,-62,1
2024-10-27 15:30:00,-61.9,1
2024-10-27 15:35:00,-8.5,1
2024-10-27 15:40:00,-0.1,1
2024-10-27 15:45:00,-0.1,1
2024-10-27 15:50:00,-0.1,1
2024-10-27 15:55:00,-0.1,1
2024-10-27 16:00:00,-0.1,1
2024-10-27 16:05:00,-0.1,1
2024-10-27 16:10:00,-0.1,1
2024-10-27 16:15:00,-0.1,1
2024-10-27 16:20:00,-0.1,1
2024-10-27 16:25:00,-0.1,1
2024-10-27 16:30:00,-0.1,1
2024-10-27 16:35:00,-0.1,1
2024-10-27 16:40:00,-0.1,1
2024-10-27 16:45:00,-0.1,1
2024-10-27 16:50:00,-0.1,1
2024-10-27 16:55:00,-0.1,1
2024-10-27 17:00:00,-0.1,1
2024-10-27 17:05:00,-0.1,1
2024-10-27 17:10:00,-0.1,1
2024-10-27 17:15:00,-0.1,1
2024-10-27 17:20:00,-0.1,1
2024-10-27 17:25:00,-0.1,1
2024-10-27 17:30:00,-0.1,1
2024-10-27 17:35:00,-0.2,1
2024-10-27 17:40:00,-0.2,1
2024-10-27 17:45:00,-0.2,1
2024-10-27 17:50:00,-0.2,1
2024-10-27 17:55:00,-0.2,1
2024-10-27 18:00:00,-0.2,1
2024-10-27 18:05:00,-0.2,1
2024-10-27 18:10:00,-0.2,1
2024-10-27 18:15:00,-0.2,1
2024-10-27 18:20:00,-0.3,1
2024-10-27 18:25:00,-0.3,1
2024-10-27 18:30:00,-0.3,1
2024-10-27 18:35:00,-0.4,1
2024-10-27 18:40:00,-0.4,1
2024-10-27 18:45:00,-0.4,1
2024-10-27 18:50:00,-0.4,1
2024-10-27 18:55:00,-0.4,1
2024-10-27 19:00:00,-0.5,1
2024-10-27 19:05:00,-0.5,1
2024-10-27 19:10:00,-0.6,1
2024-10-27 19:15:00,-0.6,1
2024-10-27 19:20:00,-0.7,1
2024-10-27 19:25:00,-0.8,1
2024-10-27 19:30:00,-0.9,1
2024-10-27 19:35:00,-0.9,1
2024-10-27 19:40:00,-1,1
2024-10-27 19:45:00,-1,1
2024-10-27 19:50:00,-1,1
2024-10-27 19:55:00,-1.1,1
2024-10-27 20:00:00,-1.5,1
2024-10-27 20:05:00,-1.7,1
2024-10-27 20:10:00,-1.8,1
2024-10-27 20:15:00,-1.9,1
2024-10-27 20:20:00,-2.2,1
2024-10-27 20:25:00,-2.4,1
2024-10-27 20:30:00,-2.5,1
2024-10-27 20:35:00,-2.7,1
2024-10-27 20:40:00,-2.9,1
2024-10-27 20:45:00,-3,1
2024-10-27 20:50:00,-3.2,1
2024-10-27 20:55:00,-3.3,1
2024-10-27 21:00:00,-3.5,1
2024-10-27 21:05:00,-3.6,1
2024-10-27 21:10:00,-3.8,1
2024-10-27 21:15:00,-3.9,1
2024-10-27 21:20:00,-4.1,1
2024-10-27 21:25:00,-4.2,1
2024-10-27 21:30:00,-4.4,1
2024-10-27 21:35:00,-4.6,1
2024-10-27 21:40:00,-4.7,1
2024-10-27 21:45:00,-4.9,1
2024-10-27 21:50:00,-5,1
2024-10-27 21:55:00,-5.1,1
2024-10-27 22:00:00,-5.1,1
2024-10-27 22:05:00,-5.1,1
2024-10-27 22:10:00,-5.2,1
2024-10-27 22:15:00,-5.2,1
2024-10-27 22:20:00,-5.3,1
2024-10-27 22:25:00,-5.3,1
2024-10-27 22:30:00,-5.4,1
2024-10-27 22:35:00,-5.4,1
2024-10-27 22:40:00,-5.4,1
2024-10-27 22:45:00,-5.5,1
2024-10-27 22:50:00,-5.5,1
2024-10-27 22:55:00,-5.5,1
2024-10-27 23:00:00,-5.6,1
2024-10-27 23:05:00,-5.6,1
2024-10-27 23:10:00,-5.7,1
2024-10-27 23:15:00,-5.7,1
2024-10-27 23:20:00,-5.7,1
2024-10-27 23:25:00,-5.7,1
2024-10-27 23:30:00,-5.8,1
2024-10-27 23:35:00,-5.8,1
2024-10-27 23:40:00,-5.8,1
2024-10-27 23:45:00,-5.8,1
2024-10-27 23:50:00,-5.8,1
2024-10-27 23:55:00,-5.9,1
2024-10-28,-5.9,1
2024-10-28 00:05:00,-5.9,1
2024-10-28 00:10:00,-6,1
2024-10-28 00:15:00,-6,1
2024-10-28 00:20:00,-6,1
2024-10-28 00:25:00,-6,1
2024-10-28 00:30:00,-6,1
2024-10-28 00:35:00,-6.1,1
2024-10-28 00:40:00,-6.1,1
2024-10-28 00:45:00,-6.1,1
2024-10-28 00:50:00,-6.2,1
2024-10-28 00:55:00,-6.2,1
2024-10-28 01:00:00,-6.2,1
2024-10-28 01:05:00,-6.2,1
2024-10-28 01:10:00,-6.2,1
2024-10-28 01:15:00,-6.3,1
2024-10-28 01:20:00,-6.3,1
2024-10-28 01:25:00,-6.3,1
2024-10-28 01:30:00,-6.4,1
2024-10-28 01:35:00,-6.4,1
2024-10-28 01:40:00,-6.4,1
2024-10-28 01:45:00,-6.4,1
2024-10-28 01:50:00,-6.4,1
2024-10-28 01:55:00,-6.5,1
2024-10-28 02:00:00,-6.5,1
2024-10-28 02:05:00,-6.5,1
2024-10-28 02:10:00,-6.5,1
2024-10-28 02:15:00,-6.6,1
2024-10-28 02:20:00,-6.6,1
2024-10-28 02:25:00,-6.6,1
2024-10-28 02:30:00,-6.6,1
2024-10-28 02:35:00,-6.7,1
2024-10-28 02:40:00,-6.7,1
2024-10-28 02:45:00,-6.7,1
2024-10-28 02:50:00,-6.7,1
2024-10-28 02:55:00,-6.7,1
2024-10-28 03:00:00,-6.7,1
2024-10-28 03:05:00,-6.8,1
2024-10-28 03:10:00,-6.8,1
2024-10-28 03:15:00,-6.9,1
2024-10-28 03:20:00,-6.9,1
2024-10-28 03:25:00,-6.9,1
2024-10-28 03:30:00,-6.9,1
2024-10-28 03:35:00,-7,1
2024-10-28 03:40:00,-7,1
2024-10-28 03:45:00,-7,1
2024-10-28 03:50:00,-7,1
2024-10-28 03:55:00,-7,1
2024-10-28 04:00:00,-7,1
2024-10-28 04:05:00,-7,1
2024-10-28 04:10:00,-7.1,1
2024-10-28 04:15:00,-7.1,1
2024-10-28 04:20:00,-7.1,1
2024-10-28 04:25:00,-7.1,1
2024-10-28 04:30:00,-7.1,1
2024-10-28 04:35:00,-7.2,1
2024-10-28 04:40:00,-7.2,1
2024-10-28 04:45:00,-7.2,1
2024-10-28 04:50:00,-7.2,1
2024-10-28 04:55:00,-7.2,1
2024-10-28 05:00:00,-7.3,1
2024-10-28 05:05:00,-7.3,1
2024-10-28 05:10:00,-7.3,1
2024-10-28 05:15:00,-7.3,1
2024-10-28 05:20:00,-7.3,1
2024-10-28 05:25:00,-7.3,1
2024-10-28 05:30:00,-7.4,1
2024-10-28 05:35:00,-7.4,1
2024-10-28 05:40:00,-7.4,1
2024-10-28 05:45:00,-7.4,1
2024-10-28 05:50:00,-7.4,1
2024-10-28 05:55:00,-7.5,1
2024-10-28 06:00:00,-7.5,1
2024-10-28 06:05:00,-7.5,1
2024-10-28 06:10:00,-7.5,1
2024-10-28 06:15:00,-7.5,1
2024-10-28 06:20:00,-7.5,1
2024-10-28 06:25:00,-7.5,1
2024-10-28 06:30:00,-7.6,1
2024-10-28 06:35:00,-7.6,1
2024-10-28 06:40:00,-7.6,1
2024-10-28 06:45:00,-7.6,1
2024-10-28 06:50:00,-7.6,1
2024-10-28 06:55:00,-7.7,1
2024-10-28 07:00:00,-7.7,1
2024-10-28 07:05:00,-7.7,1
2024-10-28 07:10:00,-7.7,1
2024-10-28 07:15:00,-7.7,1
2024-10-28 07:20:00,-7.8,1
2024-10-28 07:25:00,-7.8,1
2024-10-28 07:30:00,-7.8,1
2024-10-28 07:35:00,-7.8,1
2024-10-28 07:40:00,-7.8,1
2024-10-28 07:45:00,-7.9,1
2024-10-28 07:50:00,-7.9,1
2024-10-28 07:55:00,-7.9,1
2024-10-28 08:00:00,-7.9,1
2024-10-28 08:05:00,-7.9,1
2024-10-28 08:10:00,-7.9,1
2024-10-28 08:15:00,-8,1
2024-10-28 08:20:00,-8,1
2024-10-28 08:25:00,-8,1
2024-10-28 08:30:00,-8,1
2024-10-28 08:35:00,-8,1
2024-10-28 08:40:00,-8,1
2024-10-28 08:45:00,-8,1
2024-10-28 08:50:00,-8,1
2024-10-28 08:55:00,-8,1
2024-10-28 09:00:00,-8,1
2024-10-28 09:05:00,-8,1
2024-10-28 09:10:00,-8.1,1
2024-10-28 09:15:00,-8.1,1
2024-10-28 09:20:00,-8.1,1
2024-10-28 09:25:00,-8.1,1
2024-10-28 09:30:00,-8.1,1
2024-10-28 09:35:00,-8.1,1
2024-10-28 09:40:00,-8.1,1
2024-10-28 09:45:00,-8.2,1
2024-10-28 09:50:00,-8.2,1
2024-10-28 09:55:00,-8.2,1
2024-10-28 10:00:00,-8.2,1
2024-10-28 10:05:00,-8.2,1
2024-10-28 10:10:00,-8.2,1
2024-10-28 10:15:00,-8.2,1
2024-10-28 10:20:00,-8.2,1
2024-10-28 10:25:00,-8.3,1
2024-10-28 10:30:00,-8.3,1
2024-10-28 10:35:00,-8.3,1
2024-10-28 10:40:00,-8.3,1
2024-10-28 10:45:00,-8.3,1
2024-10-28 10:50:00,-8.3,1
2024-10-28 10:55:00,-8.3,1
2024-10-28 11:00:00,-8.3,1
2024-10-28 11:05:00,-8.4,1
2024-10-28 11:10:00,-8.4,1
2024-10-28 11:15:00,-8.4,1
2024-10-28 11:20:00,-8.4,1
2024-10-28 11:25:00,-8.4,1
2024-10-28 11:30:00,-8.4,1
2024-10-28 11:35:00,-8.4,1
2024-10-28 11:40:00,-8.4,1
2024-10-28 11:45:00,-8.4,1
2024-10-28 11:50:00,-8.4,1
2024-10-28 11:55:00,-8.4,1
2024-10-28 12:00:00,-8.4,1
2024-10-28 12:05:00,-8.5,1
2024-10-28 12:10:00,-8.5,1
2024-10-28 12:15:00,-8.5,1
2024-10-28 12:20:00,-8.5,1
2024-10-28 12:25:00,-8.5,1
2024-10-28 12:30:00,-8.5,1
2024-10-28 12:35:00,-8.5,1
2024-10-28 12:40:00,-8.5,1
2024-10-28 12:45:00,-8.6,1
2024-10-28 12:50:00,-8.6,1
2024-10-28 12:55:00,-8.6,1
2024-10-28 13:00:00,-8.7,1
2024-10-28 13:05:00,-8.7,1
2024-10-28 13:10:00,-8.7,1
2024-10-28 13:15:00,-8.7,1
2024-10-28 13:20:00,-8.8,1
2024-10-28 13:25:00,-8.8,1
2024-10-28 13:30:00,-8.8,1
2024-10-28 13:35:00,-8.8,1
2024-10-28 13:40:00,-8.9,1
2024-10-28 13:45:00,-8.9,1
2024-10-28 13:50:00,-8.9,1
2024-10-28 13:55:00,-9,1
2024-10-28 14:00:00,-9,1
2024-10-28 14:05:00,-9,1
2024-10-28 14:10:00,-9.1,1
2024-10-28 14:15:00,-9.1,1
2024-10-28 14:20:00,-9.2,1
2024-10-28 14:25:00,-9.2,1
2024-10-28 14:30:00,-9.2,1
2024-10-28 14:35:00,-9.3,1
2024-10-28 14:40:00,-9.3,1
2024-10-28 14:45:00,-9.4,1
2024-10-28 14:50:00,-9.5,1
2024-10-28 14:55:00,-9.5,1
2024-10-28 15:00:00,-9.6,1
2024-10-28 15:05:00,-9.6,1
2024-10-28 15:10:00,-9.7,1
2024-10-28 15:15:00,-9.7,1
2024-10-28 15:20:00,-9.8,1
2024-10-28 15:25:00,-9.8,1
2024-10-28 15:30:00,-9.9,1
2024-10-28 15:35:00,-10,1
2024-10-28 15:40:00,-10,1
2024-10-28 15:45:00,-10.1,1
2024-10-28 15:50:00,-10.2,1
2024-10-28 15:55:00,-10.2,1
2024-10-28 16:00:00,-10.3,1
2024-10-28 16:05:00,-10.3,1
2024-10-28 16:10:00,-10.4,1
2024-10-28 16:15:00,-10.5,1
2024-10-28 16:20:00,-10.5,1
2024-10-28 16:25:00,-10.6,1
2024-10-28 16:30:00,-10.6,1
2024-10-28 16:35:00,-10.7,1
2024-10-28 16:40:00,-10.8,1
2024-10-28 16:45:00,-10.8,1
2024-10-28 16:50:00,-10.9,1
2024-10-28 16:55:00,-10.9,1
2024-10-28 17:00:00,-11,1
2024-10-28 17:05:00,-11.1,1
2024-10-28 17:10:00,-11.2,1
2024-10-28 17:15:00,-11.2,1
2024-10-28 17:20:00,-11.4,1
2024-10-28 17:25:00,-11.4,1
2024-10-28 17:30:00,-11.5,1
2024-10-28 17:35:00,-11.6,1
2024-10-28 17:40:00,-11.6,1
2024-10-28 17:45:00,-11.7,1
2024-10-28 17:50:00,-11.7,1
2024-10-28 17:55:00,-11.8,1
2024-10-28 18:00:00,-11.9,1
2024-10-28 18:05:00,-11.9,1
2024-10-28 18:10:00,-12,1
2024-10-28 18:15:00,-12.1,1
2024-10-28 18:20:00,-12.2,1
2024-10-28 18:25:00,-12.3,1
2024-10-28 18:30:00,-12.3,1
2024-10-28 18:35:00,-12.4,1
2024-10-28 18:40:00,-12.5,1
2024-10-28 18:45:00,-12.5,1
2024-10-28 18:50:00,-12.6,1
2024-10-28 18:55:00,-12.7,1
2024-10-28 19:00:00,-12.8,1
2024-10-28 19:05:00,-12.8,1
2024-10-28 19:10:00,-12.9,1
2024-10-28 19:15:00,-13,1
2024-10-28 19:20:00,-13,1
2024-10-28 19:25:00,-13.1,1
2024-10-28 19:30:00,-13.2,1
2024-10-28 19:35:00,-13.3,1
2024-10-28 19:40:00,-13.3,1
2024-10-28 19:45:00,-13.4,1
2024-10-28 19:50:00,-13.6,1
2024-10-28 19:55:00,-13.6,1
2024-10-28 20:00:00,-13.6,1
2024-10-28 20:05:00,-13.7,1
2024-10-28 20:10:00,-13.8,1
2024-10-28 20:15:00,-13.9,1
2024-10-28 20:20:00,-13.9,1
2024-10-28 20:25:00,-14,1
2024-10-28 20:30:00,-14.1,1
2024-10-28 20:35:00,-14.2,1
2024-10-28 20:40:00,-14.3,1
2024-10-28 20:45:00,-14.3,1
2024-10-28 20:50:00,-14.4,1
2024-10-28 20:55:00,-14.5,1
2024-10-28 21:00:00,-14.6,1
2024-10-28 21:05:00,-14.6,1
2024-10-28 21:10:00,-14.7,1
2024-10-28 21:15:00,-14.8,1
2024-10-28 21:20:00,-14.9,1
2024-10-28 21:25:00,-14.9,1
2024-10-28 21:30:00,-15,1
2024-10-28 21:35:00,-15.1,1
2024-10-28 21:40:00,-15.2,1
2024-10-28 21:45:00,-15.2,1
2024-10-28 21:50:00,-15.3,1
2024-10-28 21:55:00,-15.4,1
2024-10-28 22:00:00,-15.5,1
2024-10-28 22:05:00,-15.6,1
2024-10-28 22:10:00,-15.6,1
2024-10-28 22:15:00,-15.7,1
2024-10-28 22:20:00,-15.7,1
2024-10-28 22:25:00,-15.8,1
2024-10-28 22:30:00,-15.9,1
2024-10-28 22:35:00,-16,1
2024-10-28 22:40:00,-16.1,1
2024-10-28 22:45:00,-16.1,1
2024-10-28 22:50:00,-16.2,1
2024-10-28 22:55:00,-16.2,1
2024-10-28 23:00:00,-16.4,1
2024-10-28 23:05:00,-16.4,1
2024-10-28 23:10:00,-16.5,1
2024-10-28 23:15:00,-16.6,1
2024-10-28 23:20:00,-16.6,1
2024-10-28 23:25:00,-16.7,1
2024-10-28 23:30:00,-16.8,1
2024-10-28 23:35:00,-16.8,1
2024-10-28 23:40:00,-16.9,1
2024-10-28 23:45:00,-17,1
2024-10-28 23:50:00,-17.1,1
2024-10-28 23:55:00,-17.1,1
2024-10-29,-17.2,1
2024-10-29 00:05:00,-17.4,1
2024-10-29 00:10:00,-17.4,1
2024-10-29 00:15:00,-17.5,1
2024-10-29 00:20:00,-17.6,1
2024-10-29 00:25:00,-17.6,1
2024-10-29 00:30:00,-17.7,1
2024-10-29 00:35:00,-17.8,1
2024-10-29 00:40:00,-18,1
2024-10-29 00:45:00,-18,1
2024-10-29 00:50:00,-18.2,1
2024-10-29 00:55:00,-18.2,1
2024-10-29 01:00:00,-18.3,1
2024-10-29 01:05:00,-18.4,1
2024-10-29 01:10:00,-18.5,1
2024-10-29 01:15:00,-18.6,1
2024-10-29 01:20:00,-18.6,1
2024-10-29 01:25:00,-18.8,1
2024-10-29 01:30:00,-18.8,1
2024-10-29 01:35:00,-18.9,1
2024-10-29 01:40:00,-19,1
2024-10-29 01:45:00,-19.1,1
2024-10-29 01:50:00,-19.3,1
2024-10-29 01:55:00,-19.3,1
2024-10-29 02:00:00,-19.4,1
2024-10-29 02:05:00,-19.5,1
2024-10-29 02:10:00,-19.6,1
2024-10-29 02:15:00,-19.7,1
2024-10-29 02:20:00,-19.7,1
2024-10-29 02:25:00,-19.8,1
2024-10-29 02:30:00,-20,1
2024-10-29 02:35:00,-20,1
2024-10-29 02:40:00,-20.1,1
2024-10-29 02:45:00,-20.2,1
2024-10-29 02:50:00,-20.2,1
2024-10-29 02:55:00,-20.3,1
2024-10-29 03:00:00,-20.4,1
2024-10-29 03:05:00,-20.5,1
2024-10-29 03:10:00,-20.6,1
2024-10-29 03:15:00,-20.6,1
2024-10-29 03:20:00,-20.6,1
2024-10-29 03:25:00,-20.7,1
2024-10-29 03:30:00,-20.8,1
2024-10-29 03:35:00,-20.8,1
2024-10-29 03:40:00,-20.9,1
2024-10-29 03:45:00,-21,1
2024-10-29 03:50:00,-21.1,1
2024-10-29 03:55:00,-21.1,1
2024-10-29 04:00:00,-21.2,1
2024-10-29 04:05:00,-21.3,1
2024-10-29 04:10:00,-21.3,1
2024-10-29 04:15:00,-21.4,1
2024-10-29 04:20:00,-21.5,1
2024-10-29 04:25:00,-21.5,1
2024-10-29 04:30:00,-21.6,1
2024-10-29 04:35:00,-21.7,1
2024-10-29 04:40:00,-21.7,1
2024-10-29 04:45:00,-21.8,1
2024-10-29 04:50:00,-21.9,1
2024-10-29 04:55:00,-21.9,1
2024-10-29 05:00:00,-22,1
2024-10-29 05:05:00,-22,1
2024-10-29 05:10:00,-22.1,1
2024-10-29 05:15:00,-22.2,1
2024-10-29 05:20:00,-22.2,1
2024-10-29 05:25:00,-22.3,1
2024-10-29 05:30:00,-22.4,1
2024-10-29 05:35:00,-22.4,1
2024-10-29 05:40:00,-22.4,1
2024-10-29 05:45:00,-22.5,1
2024-10-29 05:50:00,-22.6,1
2024-10-29 05:55:00,-22.6,1
2024-10-29 06:00:00,-22.7,1
2024-10-29 06:05:00,-22.8,1
2024-10-29 06:10:00,-22.8,1
2024-10-29 06:15:00,-22.9,1
2024-10-29 06:20:00,-22.9,1
2024-10-29 06:25:00,-23,1
2024-10-29 06:30:00,-23.1,1
2024-10-29 06:35:00,-23.1,1
2024-10-29 06:40:00,-23.2,1
2024-10-29 06:45:00,-23.2,1
2024-10-29 06:50:00,-23.3,1
2024-10-29 06:55:00,-23.3,1
2024-10-29 07:00:00,-23.4,1
2024-10-29 07:05:00,-23.5,1
2024-10-29 07:10:00,-23.4,1
2024-10-29 07:15:00,-23.5,1
2024-10-29 07:20:00,-23.5,1
2024-10-29 07:25:00,-23.6,1
2024-10-29 07:30:00,-23.7,1
2024-10-29 07:35:00,-23.7,1
2024-10-29 07:40:00,-23.7,1
2024-10-29 07:45:00,-23.9,1
2024-10-29 07:50:00,-23.9,1
2024-10-29 07:55:00,-24,1
2024-10-29 08:00:00,-24,1
2024-10-29 08:05:00,-24,1
2024-10-29 08:10:00,-24.1,1
2024-10-29 08:15:00,-24.2,1
2024-10-29 08:20:00,-24.2,1
2024-10-29 08:25:00,-24.2,1
2024-10-29 08:30:00,-24.2,1
2024-10-29 08:35:00,-24.3,1
2024-10-29 08:40:00,-24.3,1
2024-10-29 08:45:00,-24.5,1
2024-10-29 08:50:00,-24.4,1
2024-10-29 08:55:00,-24.5,1
2024-10-29 09:00:00,-24.5,1
2024-10-29 09:05:00,-24.5,1
2024-10-29 09:10:00,-24.5,1
2024-10-29 09:15:00,-24.6,1
2024-10-29 09:20:00,-24.6,1
2024-10-29 09:25:00,-24.7,1
2024-10-29 09:30:00,-24.7,1
2024-10-29 09:35:00,-24.7,1
2024-10-29 09:40:00,-24.8,1
2024-10-29 09:45:00,-24.8,1
2024-10-29 09:50:00,-24.9,1
2024-10-29 09:55:00,-24.9,1
2024-10-29 10:00:00,-25,1
2024-10-29 10:05:00,-24.9,1
2024-10-29 10:10:00,-24.9,1
2024-10-29 10:15:00,-25,1
2024-10-29 10:20:00,-25,1
2024-10-29 10:25:00,-25,1
2024-10-29 10:30:00,-25,1
2024-10-29 10:35:00,-25,1
2024-10-29 10:40:00,-25,1
2024-10-29 10:45:00,-25,1
2024-10-29 10:50:00,-25.1,1
2024-10-29 10:55:00,-25.1,1
2024-10-29 11:00:00,-25.2,1
2024-10-29 11:05:00,-25.2,1
2024-10-29 11:10:00,-25.3,1
2024-10-29 11:15:00,-25.3,1
2024-10-29 11:20:00,-25.3,1
2024-10-29 11:25:00,-25.4,1
2024-10-29 11:30:00,-25.4,1
2024-10-29 11:35:00,-25.5,1
2024-10-29 11:40:00,-25.5,1
2024-10-29 11:45:00,-25.6,1
2024-10-29 11:50:00,-25.5,1
2024-10-29 11:55:00,-25.6,1
2024-10-29 12:00:00,-25.6,1
2024-10-29 12:05:00,-25.7,1
2024-10-29 12:10:00,-25.8,1
2024-10-29 12:15:00,-25.8,1
2024-10-29 12:20:00,-25.8,1
2024-10-29 12:25:00,-25.8,1
2024-10-29 12:30:00,-26,1
2024-10-29 12:35:00,-26,1
2024-10-29 12:40:00,-26.1,1
2024-10-29 12:45:00,-26.1,1
2024-10-29 12:50:00,-26.1,1
2024-10-29 12:55:00,-26.2,1
2024-10-29 13:00:00,-26.3,1
2024-10-29 13:05:00,-26.4,1
2024-10-29 13:10:00,-26.3,1
2024-10-29 13:15:00,-26.4,1
2024-10-29 13:20:00,-26.5,1
2024-10-29 13:25:00,-26.5,1
2024-10-29 13:30:00,-26.6,1
2024-10-29 13:35:00,-26.7,1
2024-10-29 13:40:00,-26.7,1
2024-10-29 13:45:00,-26.7,1
2024-10-29 13:50:00,-26.7,1
2024-10-29 13:55:00,-26.7,1
2024-10-29 14:00:00,-26.8,1
2024-10-29 14:05:00,-26.9,1
2024-10-29 14:10:00,-27.1,1
2024-10-29 14:15:00,-27,1
2024-10-29 14:20:00,-27,1
2024-10-29 14:25:00,-27.7,1
2024-10-29 14:30:00,-27.8,1
2024-10-29 14:35:00,-27.9,1
2024-10-29 14:40:00,-28,1
2024-10-29 14:45:00,-28,1
2024-10-29 14:50:00,-28.1,1
2024-10-29 14:55:00,-28.2,1
2024-10-29 15:00:00,-28.4,1
2024-10-29 15:05:00,-28.3,1
2024-10-29 15:10:00,-28.5,1
2024-10-29 15:15:00,-28.6,1
2024-10-29 15:20:00,-28.8,1
2024-10-29 15:25:00,-28.8,1
2024-10-29 15:30:00,-29,1
2024-10-29 15:35:00,-29.1,1
2024-10-29 15:40:00,-29.2,1
2024-10-29 15:45:00,-29.4,1
2024-10-29 15:50:00,-29.5,1
2024-10-29 15:55:00,-29.5,1
2024-10-29 16:00:00,-29.8,1
2024-10-29 16:05:00,-29.8,1
2024-10-29 16:10:00,-30,1
2024-10-29 16:15:00,-30.1,1
2024-10-29 16:20:00,-30.2,1
2024-10-29 16:25:00,-30.4,1
2024-10-29 16:30:00,-30.5,1
2024-10-29 16:35:00,-30.7,1
2024-10-29 16:40:00,-30.9,1
2024-10-29 16:45:00,-31,1
2024-10-29 16:50:00,-31.1,1
2024-10-29 16:55:00,-31.3,1
2024-10-29 17:00:00,-31.3,1
2024-10-29 17:05:00,-31.6,1
2024-10-29 17:10:00,-31.7,1
2024-10-29 17:15:00,-31.9,1
2024-10-29 17:20:00,-32,1
2024-10-29 17:25:00,-32.3,1
2024-10-29 17:30:00,-32.4,1
2024-10-29 17:35:00,-32.5,1
2024-10-29 17:40:00,-32.7,1
2024-10-29 17:45:00,-32.9,1
2024-10-29 17:50:00,-33.1,1
2024-10-29 17:55:00,-33.2,1
2024-10-29 18:00:00,-33.5,1
2024-10-29 18:05:00,-33.7,1
2024-10-29 18:10:00,-34,1
2024-10-29 18:15:00,-34,1
2024-10-29 18:20:00,-34.3,1
2024-10-29 18:25:00,-34.4,1
2024-10-29 18:30:00,-34.7,1
2024-10-29 18:35:00,-34.9,1
2024-10-29 18:40:00,-34.9,1
2024-10-29 18:45:00,-35.2,1
2024-10-29 18:50:00,-35.5,1
2024-10-29 18:55:00,-35.7,1
2024-10-29 19:00:00,-0.2,1
2024-10-29 19:05:00,-0.2,1
2024-10-29 19:10:00,-0.2,1
2024-10-29 19:15:00,-0.2,1
2024-10-29 19:20:00,-0.2,1
2024-10-29 19:25:00,-0.2,1
2024-10-29 19:30:00,-0.2,1
2024-10-29 19:35:00,-0.2,1
2024-10-29 19:40:00,-0.2,1
2024-10-29 19:45:00,-0.2,1
2024-10-29 19:50:00,-0.2,1
2024-10-29 19:55:00,-0.2,1
2024-10-29 20:00:00,-0.2,1
2024-10-29 20:05:00,-0.2,1
2024-10-29 20:10:00,-0.2,1
2024-10-29 20:15:00,-0.2,1
2024-10-29 20:20:00,-0.3,1
2024-10-29 20:25:00,-0.3,1
2024-10-29 20:30:00,-0.3,1
2024-10-29 20:35:00,-0.3,1
2024-10-29 20:40:00,-0.3,1
2024-10-29 20:45:00,-0.3,1
2024-10-29 20:50:00,-0.3,1
2024-10-29 20:55:00,-0.3,1
2024-10-29 21:00:00,-0.3,1
2024-10-29 21:05:00,-0.3,1
2024-10-29 21:10:00,-0.3,1
2024-10-29 21:15:00,-0.3,1
2024-10-29 21:20:00,-0.3,1
2024-10-29 21:25:00,-0.3,1
2024-10-29 21:30:00,-0.3,1
2024-10-29 21:35:00,-0.3,1
2024-10-29 21:40:00,-0.3,1
2024-10-29 21:45:00,-0.3,1
2024-10-29 21:50:00,-0.3,1
2024-10-29 21:55:00,-0.3,1
2024-10-29 22:00:00,-0.3,1
2024-10-29 22:05:00,-0.3,1
2024-10-29 22:10:00,-0.3,1
2024-10-29 22:15:00,-0.3,1
2024-10-29 22:20:00,-0.3,1
2024-10-29 22:25:00,-0.3,1
2024-10-29 22:30:00,-0.3,1
2024-10-29 22:35:00,-0.3,1
2024-10-29 22:40:00,-0.3,1
2024-10-29 22:45:00,-0.3,1
2024-10-29 22:50:00,-0.3,1
2024-10-29 22:55:00,-0.3,1
2024-10-29 23:00:00,-0.3,1
2024-10-29 23:05:00,-0.3,1
2024-10-29 23:10:00,-0.3,1
2024-10-29 23:15:00,-0.3,1
2024-10-29 23:20:00,-0.3,1
2024-10-29 23:25:00,-0.3,1
2024-10-29 23:30:00,-0.3,1
2024-10-29 23:35:00,-0.3,1
2024-10-29 23:40:00,-0.3,1
2024-10-29 23:45:00,-0.3,1
2024-10-29 23:50:00,-0.3,1
2024-10-29 23:55:00,-0.3,1
2024-10-30,-0.3,1
2024-10-30 00:05:00,-0.3,1
2024-10-30 00:10:00,-0.3,1
2024-10-30 00:15:00,-0.3,1
2024-10-30 00:20:00,-0.3,1
2024-10-30 00:25:00,-0.3,1
2024-10-30 00:30:00,-0.3,1
2024-10-30 00:35:00,-0.3,1
2024-10-30 00:40:00,-0.3,1
2024-10-30 00:45:00,-0.3,1
2024-10-30 00:50:00,-0.3,1
2024-10-30 00:55:00,-0.3,1
2024-10-30 01:00:00,-0.3,1
2024-10-30 01:05:00,-0.3,1
2024-10-30 01:10:00,-0.3,1
2024-10-30 01:15:00,-0.3,1
2024-10-30 01:20:00,-0.3,1
2024-10-30 01:25:00,-0.3,1
2024-10-30 01:30:00,-0.3,1
2024-10-30 01:35:00,-0.3,1
2024-10-30 01:40:00,-0.3,1
2024-10-30 01:45:00,-0.3,1
2024-10-30 01:50:00,-0.3,1
2024-10-30 01:55:00,-0.3,1
2024-10-30 02:00:00,-0.3,1
2024-10-30 02:05:00,-0.3,1
2024-10-30 02:10:00,-0.3,1
2024-10-30 02:15:00,-0.3,1
2024-10-30 02:20:00,-0.3,1
2024-10-30 02:25:00,-0.3,1
2024-10-30 02:30:00,-0.3,1
2024-10-30 02:35:00,-0.3,1
2024-10-30 02:40:00,-0.3,1
2024-10-30 02:45:00,-0.3,1
2024-10-30 02:50:00,-0.3,1
2024-10-30 02:55:00,-0.3,1
2024-10-30 03:00:00,-0.4,1
2024-10-30 03:05:00,-0.4,1
2024-10-30 03:10:00,-0.4,1
2024-10-30 03:15:00,-0.4,1
2024-10-30 03:20:00,-0.4,1
2024-10-30 03:25:00,-0.4,1
2024-10-30 03:30:00,-0.4,1
2024-10-30 03:35:00,-0.4,1
2024-10-30 03:40:00,-0.4,1
2024-10-30 03:45:00,-0.4,1
2024-10-30 03:50:00,-0.4,1
2024-10-30 03:55:00,-0.4,1
2024-10-30 04:00:00,-0.4,1
2024-10-30 04:05:00,-0.4,1
2024-10-30 04:10:00,-0.4,1
2024-10-30 04:15:00,-0.4,1
2024-10-30 04:20:00,-0.4,1
2024-10-30 04:25:00,-0.4,1
2024-10-30 04:30:00,-0.4,1
2024-10-30 04:35:00,-0.4,1
2024-10-30 04:40:00,-0.4,1
2024-10-30 04:45:00,-0.5,1
2024-10-30 04:50:00,-0.5,1
2024-10-30 04:55:00,-0.5,1
2024-10-30 05:00:00,-0.5,1
2024-10-30 05:05:00,-0.5,1
2024-10-30 05:10:00,-0.5,1
2024-10-30 05:15:00,-0.5,1
2024-10-30 05:20:00,-0.5,1
2024-10-30 05:25:00,-0.5,1
2024-10-30 05:30:00,-0.5,1
2024-10-30 05:35:00,-0.5,1
2024-10-30 05:40:00,-0.6,1
2024-10-30 05:45:00,-0.6,1
2024-10-30 05:50:00,-0.6,1
2024-10-30 05:55:00,-0.6,1
2024-10-30 06:00:00,-0.6,1
2024-10-30 06:05:00,-0.6,1
2024-10-30 06:10:00,-0.6,1
2024-10-30 06:15:00,-0.6,1
2024-10-30 06:20:00,-0.7,1
2024-10-30 06:25:00,-0.7,1
2024-10-30 06:30:00,-0.7,1
2024-10-30 06:35:00,-0.7,1
2024-10-30 06:40:00,-0.7,1
2024-10-30 06:45:00,-0.8,1
2024-10-30 06:50:00,-0.8,1
2024-10-30 06:55:00,-0.8,1
2024-10-30 07:00:00,-0.8,1
2024-10-30 07:05:00,-0.8,1
2024-10-30 07:10:00,-0.8,1
2024-10-30 07:15:00,-0.9,1
2024-10-30 07:20:00,-0.9,1
2024-10-30 07:25:00,-0.9,1
2024-10-30 07:30:00,-0.9,1
2024-10-30 07:35:00,-1,1
2024-10-30 07:40:00,-1,1
2024-10-30 07:45:00,-1,1
2024-10-30 07:50:00,-1,1
2024-10-30 07:55:00,-1.1,1
2024-10-30 08:00:00,-1.1,1
2024-10-30 08:05:00,-1.1,1
2024-10-30 08:10:00,-1.1,1
2024-10-30 08:15:00,-1.2,1
2024-10-30 08:20:00,-1.2,1
2024-10-30 08:25:00,-1.3,1
2024-10-30 08:30:00,-1.3,1
2024-10-30 08:35:00,-1.3,1
2024-10-30 08:40:00,-1.4,1
2024-10-30 08:45:00,-1.4,1
2024-10-30 08:50:00,-1.5,1
2024-10-30 08:55:00,-1.5,1
2024-10-30 09:00:00,-1.6,1
2024-10-30 09:05:00,-1.6,1
2024-10-30 09:10:00,-1.7,1
2024-10-30 09:15:00,-1.7,1
2024-10-30 09:20:00,-1.8,1
2024-10-30 09:25:00,-1.8,1
2024-10-30 09:30:00,-1.9,1
2024-10-30 09:35:00,-1.9,1
2024-10-30 09:40:00,-2,1
2024-10-30 09:45:00,-2.1,1
2024-10-30 09:50:00,-2.1,1
2024-10-30 09:55:00,-2.2,1
2024-10-30 10:00:00,-2.3,1
2024-10-30 10:05:00,-2.4,1
2024-10-30 10:10:00,-2.5,1
2024-10-30 10:15:00,-2.5,1
2024-10-30 10:20:00,-2.7,1
2024-10-30 10:25:00,-2.7,1
2024-10-30 10:30:00,-2.8,1
2024-10-30 10:35:00,-2.9,1
2024-10-30 10:40:00,-3,1
2024-10-30 10:45:00,-3.1,1
2024-10-30 10:50:00,-3.3,1
2024-10-30 10:55:00,-3.4,1
2024-10-30 11:00:00,-3.5,1
2024-10-30 11:05:00,-3.6,1
2024-10-30 11:10:00,-3.8,1
2024-10-30 11:15:00,-3.9,1
2024-10-30 11:20:00,-4.1,1
2024-10-30 11:25:00,-4.2,1
2024-10-30 11:30:00,-4.4,1
2024-10-30 11:35:00,-4.6,1
2024-10-30 11:40:00,-4.8,1
2024-10-30 11:45:00,-5,1
2024-10-30 11:50:00,-5.1,1
2024-10-30 11:55:00,-5.1,1
2024-10-30 12:00:00,-5.2,1
2024-10-30 12:05:00,-5.2,1
2024-10-30 12:10:00,-5.3,1
2024-10-30 12:15:00,-5.4,1
2024-10-30 12:20:00,-5.5,1
2024-10-30 12:25:00,-5.5,1
2024-10-30 12:30:00,-5.6,1
2024-10-30 12:35:00,-5.6,1
2024-10-30 12:40:00,-5.7,1
2024-10-30 12:45:00,-5.8,1
2024-10-30 12:50:00,-5.9,1
2024-10-30 12:55:00,-6,1
2024-10-30 13:00:00,-6.1,1
2024-10-30 13:05:00,-6.2,1
2024-10-30 13:10:00,-6.3,1
2024-10-30 13:15:00,-6.3,1
2024-10-30 13:20:00,-6.4,1
2024-10-30 13:25:00,-6.5,1
2024-10-30 13:30:00,-6.6,1
2024-10-30 13:35:00,-6.7,1
2024-10-30 13:40:00,-6.8,1
2024-10-30 13:45:00,-6.9,1
2024-10-30 13:50:00,-7,1
2024-10-30 13:55:00,-7,1
2024-10-30 14:00:00,-7.1,1
2024-10-30 14:05:00,-7.2,1
2024-10-30 14:10:00,-7.3,1
2024-10-30 14:15:00,-7.4,1
2024-10-30 14:20:00,-7.5,1
2024-10-30 14:25:00,-7.6,1
2024-10-30 14:30:00,-7.8,1
2024-10-30 14:35:00,-7.8,1
2024-10-30 14:40:00,-8,1
2024-10-30 14:45:00,-8.1,1
2024-10-30 14:50:00,-8.2,1
2024-10-30 14:55:00,-8.3,1
2024-10-30 15:00:00,-8.4,1
2024-10-30 15:05:00,-8.6,1
2024-10-30 15:10:00,-8.7,1
2024-10-30 15:15:00,-8.8,1
2024-10-30 15:20:00,-8.9,1
2024-10-30 15:25:00,-9.1,1
2024-10-30 15:30:00,-9.2,1
2024-10-30 15:35:00,-9.3,1
2024-10-30 15:40:00,-9.4,1
2024-10-30 15:45:00,-9.6,1
2024-10-30 15:50:00,-9.8,1
2024-10-30 15:55:00,-9.9,1
2024-10-30 16:00:00,-10,1
2024-10-30 16:05:00,-10.2,1
2024-10-30 16:10:00,-10.3,1
2024-10-30 16:15:00,-10.4,1
2024-10-30 16:20:00,-10.5,1
2024-10-30 16:25:00,-10.6,1
2024-10-30 16:30:00,-10.7,1
2024-10-30 16:35:00,-10.9,1
2024-10-30 16:40:00,-11.1,1
2024-10-30 16:45:00,-11.2,1
2024-10-30 16:50:00,-11.3,1
2024-10-30 16:55:00,-11.4,1
2024-10-30 17:00:00,-11.5,1
2024-10-30 17:05:00,-11.7,1
2024-10-30 17:10:00,-11.8,1
2024-10-30 17:15:00,-12,1
2024-10-30 17:20:00,-12.1,1
2024-10-30 17:25:00,-12.2,1
2024-10-30 17:30:00,-12.4,1
2024-10-30 17:35:00,-12.5,1
2024-10-30 17:40:00,-12.7,1
2024-10-30 17:45:00,-12.8,1
2024-10-30 17:50:00,-13,1
2024-10-30 17:55:00,-13.1,1
2024-10-30 18:00:00,-13.3,1
2024-10-30 18:05:00,-13.4,1
2024-10-30 18:10:00,-13.6,1
2024-10-30 18:15:00,-13.7,1
2024-10-30 18:20:00,-13.8,1
2024-10-30 18:25:00,-14,1
2024-10-30 18:30:00,-14.2,1
2024-10-30 18:35:00,-14.3,1
2024-10-30 18:40:00,-14.5,1
2024-10-30 18:45:00,-14.6,1
2024-10-30 18:50:00,-14.8,1
2024-10-30 18:55:00,-14.9,1
2024-10-30 19:00:00,-15.1,1
2024-10-30 19:05:00,-15.2,1
2024-10-30 19:10:00,-15.4,1
2024-10-30 19:15:00,-15.6,1
2024-10-30 19:20:00,-15.7,1
2024-10-30 19:25:00,-15.9,1
2024-10-30 19:30:00,-16.1,1
2024-10-30 19:35:00,-16.2,1
2024-10-30 19:40:00,-16.4,1
2024-10-30 19:45:00,-16.6,1
2024-10-30 19:50:00,-16.8,1
2024-10-30 19:55:00,-17,1
2024-10-30 20:00:00,-17.2,1
2024-10-30 20:05:00,-17.4,1
2024-10-30 20:10:00,-17.5,1
2024-10-30 20:15:00,-17.7,1
2024-10-30 20:20:00,-17.9,1
2024-10-30 20:25:00,-18,1
2024-10-30 20:30:00,-18.2,1
2024-10-30 20:35:00,-18.4,1
2024-10-30 20:40:00,-18.6,1
2024-10-30 20:45:00,-18.8,1
2024-10-30 20:50:00,-19,1
2024-10-30 20:55:00,-19.1,1
2024-10-30 21:00:00,-19.3,1
2024-10-30 21:05:00,-19.5,1
2024-10-30 21:10:00,-19.7,1
2024-10-30 21:15:00,-19.9,1
2024-10-30 21:20:00,-20.1,1
2024-10-30 21:25:00,-20.3,1
2024-10-30 21:30:00,-20.4,1
2024-10-30 21:35:00,-20.5,1
2024-10-30 21:40:00,-20.8,1
2024-10-30 21:45:00,-21,1
2024-10-30 21:50:00,-21.1,1
2024-10-30 21:55:00,-21.3,1
2024-10-30 22:00:00,-21.5,1
2024-10-30 22:05:00,-21.7,1
2024-10-30 22:10:00,-21.9,1
2024-10-30 22:15:00,-22,1
2024-10-30 22:20:00,-22.2,1
2024-10-30 22:25:00,-22.4,1
2024-10-30 22:30:00,-22.6,1
2024-10-30 22:35:00,-22.8,1
2024-10-30 22:40:00,-22.9,1
2024-10-30 22:45:00,-23.1,1
2024-10-30 22:50:00,-23.4,1
2024-10-30 22:55:00,-23.5,1
2024-10-30 23:00:00,-23.7,1
2024-10-30 23:05:00,-23.9,1
2024-10-30 23:10:00,-24.4,1
2024-10-30 23:15:00,-24.7,1
2024-10-30 23:20:00,-24.8,1
2024-10-30 23:25:00,-25,1
2024-10-30 23:30:00,-25.3,1
2024-10-30 23:35:00,-25.4,1
2024-10-30 23:40:00,-25.6,1
2024-10-30 23:45:00,-25.8,1
2024-10-30 23:50:00,-25.9,1
2024-10-30 23:55:00,-26.2,1
2024-10-31,-26.3,1
2024-10-31 00:05:00,-26.5,1
2024-10-31 00:10:00,-26.8,1
2024-10-31 00:15:00,-26.9,1
2024-10-31 00:20:00,-27.1,1
2024-10-31 00:25:00,-27.2,1
2024-10-31 00:30:00,-27.4,1
2024-10-31 00:35:00,-27.6,1
2024-10-31 00:40:00,-27.7,1
2024-10-31 00:45:00,-27.9,1
2024-10-31 00:50:00,-28.1,1
2024-10-31 00:55:00,-28.2,1
2024-10-31 01:00:00,-28.5,1
2024-10-31 01:05:00,-28.5,1
2024-10-31 01:10:00,-28.8,1
2024-10-31 01:15:00,-28.8,1
2024-10-31 01:20:00,-29,1
2024-10-31 01:25:00,-29.1,1
2024-10-31 01:30:00,-29.3,1
2024-10-31 01:35:00,-29.5,1
2024-10-31 01:40:00,-29.6,1
2024-10-31 01:45:00,-29.8,1
2024-10-31 01:50:00,-30,1
2024-10-31 01:55:00,-30.1,1
2024-10-31 02:00:00,-30.2,1
2024-10-31 02:05:00,-30.4,1
2024-10-31 02:10:00,-30.7,1
2024-10-31 02:15:00,-30.7,1
2024-10-31 02:20:00,-30.9,1
2024-10-31 02:25:00,-31.1,1
2024-10-31 02:30:00,-31.2,1
2024-10-31 02:35:00,-31.4,1
2024-10-31 02:40:00,-31.5,1
2024-10-31 02:45:00,-31.7,1
2024-10-31 02:50:00,-31.8,1
2024-10-31 02:55:00,-31.9,1
2024-10-31 03:00:00,-32.2,1
2024-10-31 03:05:00,-32.2,1
2024-10-31 03:10:00,-32.3,1
2024-10-31 03:15:00,-32.5,1
2024-10-31 03:20:00,-32.7,1
2024-10-31 03:25:00,-32.7,1
2024-10-31 03:30:00,-32.9,1
2024-10-31 03:35:00,-33.1,1
2024-10-31 03:40:00,-33.1,1
2024-10-31 03:45:00,-33.3,1
2024-10-31 03:50:00,-33.5,1
2024-10-31 03:55:00,-33.6,1
2024-10-31 04:00:00,-33.8,1
2024-10-31 04:05:00,-33.8,1
2024-10-31 04:10:00,-33.9,1
2024-10-31 04:15:00,-34,1
2024-10-31 04:20:00,-34.3,1
2024-10-31 04:25:00,-34.3,1
2024-10-31 04:30:00,-34.5,1
2024-10-31 04:35:00,-34.7,1
2024-10-31 04:40:00,-34.8,1
2024-10-31 04:45:00,-34.8,1
2024-10-31 04:50:00,-34.9,1
2024-10-31 04:55:00,-35.2,1
2024-10-31 05:00:00,-35.3,1
2024-10-31 05:05:00,-35.2,1
2024-10-31 05:10:00,-35.4,1
2024-10-31 05:15:00,-35.6,1
2024-10-31 05:20:00,-35.7,1
2024-10-31 05:25:00,-35.7,1
2024-10-31 05:30:00,-36,1
2024-10-31 05:35:00,-36.1,1
2024-10-31 05:40:00,-36.2,1
2024-10-31 05:45:00,-36.3,1
2024-10-31 05:50:00,-36.6,1
2024-10-31 05:55:00,-36.7,1
2024-10-31 06:00:00,-36.7,1
2024-10-31 06:05:00,-36.7,1
2024-10-31 06:10:00,-36.8,1
2024-10-31 06:15:00,-37,1
2024-10-31 06:20:00,-37.2,1
2024-10-31 06:25:00,-37.3,1
2024-10-31 06:30:00,-37.4,1
2024-10-31 06:35:00,-37.5,1
2024-10-31 06:40:00,-37.7,1
2024-10-31 06:45:00,-37.6,1
2024-10-31 06:50:00,-37.7,1
2024-10-31 06:55:00,-37.9,1
2024-10-31 07:00:00,-38.1,1
2024-10-31 07:05:00,-38.3,1
2024-10-31 07:10:00,-38.4,1
2024-10-31 07:15:00,-38.5,1
2024-10-31 07:20:00,-38.6,1
2024-10-31 07:25:00,-38.8,1
2024-10-31 07:30:00,-38.7,1
2024-10-31 07:35:00,-38.6,1
2024-10-31 07:40:00,-38.9,1
2024-10-31 07:45:00,-39.1,1
2024-10-31 07:50:00,-39.2,1
2024-10-31 07:55:00,-39.2,1
2024-10-31 08:00:00,-39.3,1
2024-10-31 08:05:00,-39.6,1
2024-10-31 08:10:00,-39.7,1
2024-10-31 08:15:00,-39.8,1
2024-10-31 08:20:00,-39.9,1
2024-10-31 08:25:00,-40.2,1
2024-10-31 08:30:00,-40.2,1
2024-10-31 08:35:00,-40.4,1
2024-10-31 08:40:00,-40.7,1
2024-10-31 08:45:00,-40.6,1
2024-10-31 08:50:00,-40.6,1
2024-10-31 08:55:00,-40.8,1
2024-10-31 09:00:00,-41,1
2024-10-31 09:05:00,-41.1,1
2024-10-31 09:10:00,-41.4,1
2024-10-31 09:15:00,-41.6,1
2024-10-31 09:20:00,-41.6,1
2024-10-31 09:25:00,-41.8,1
2024-10-31 09:30:00,-42.1,1
2024-10-31 09:35:00,-42.2,1
2024-10-31 09:40:00,-42.4,1
2024-10-31 09:45:00,-42.5,1
2024-10-31 09:50:00,-42.6,1
2024-10-31 09:55:00,-42.7,1
2024-10-31 10:00:00,-43.1,1
2024-10-31 10:05:00,-43.1,1
2024-10-31 10:10:00,-43.5,1
2024-10-31 10:15:00,-43.6,1
2024-10-31 10:20:00,-43.6,1
2024-10-31 10:25:00,-44,1
2024-10-31 10:30:00,-44.2,1
2024-10-31 10:35:00,-44.4,1
2024-10-31 10:40:00,-44.6,1
2024-10-31 10:45:00,-44.8,1
2024-10-31 10:50:00,-44.9,1
2024-10-31 10:55:00,-45.1,1
2024-10-31 11:00:00,-45.3,1
2024-10-31 11:05:00,-45.7,1
2024-10-31 11:10:00,-45.7,1
2024-10-31 11:15:00,-45.9,1
2024-10-31 11:20:00,-46.1,1
2024-10-31 11:25:00,-46.5,1
2024-10-31 11:30:00,-46.6,1
2024-10-31 11:35:00,-46.9,1
2024-10-31 11:40:00,-47,1
2024-10-31 11:45:00,-47.3,1
2024-10-31 11:50:00,-47.5,1
2024-10-31 11:55:00,-47.9,1
2024-10-31 12:00:00,-48.1,1
2024-10-31 12:05:00,-48.1,1
2024-10-31 12:10:00,-48.6,1
2024-10-31 12:15:00,-48.7,1
2024-10-31 12:20:00,-49.1,1
2024-10-31 12:25:00,-49.3,1
2024-10-31 12:30:00,-49.4,1
2024-10-31 12:35:00,-49.8,1
2024-10-31 12:40:00,-49.9,1
2024-10-31 12:45:00,-50.4,1
2024-10-31 12:50:00,-50.4,1
2024-10-31 12:55:00,-50.9,1
2024-10-31 13:00:00,-51.2,1
2024-10-31 13:05:00,-51.5,1
2024-10-31 13:10:00,-51.9,1
2024-10-31 13:15:00,-52.1,1
2024-10-31 13:20:00,-52.4,1
2024-10-31 13:25:00,-52.7,1
2024-10-31 13:30:00,-52.8,1
2024-10-31 13:35:00,-53.2,1
2024-10-31 13:40:00,-53.5,1
2024-10-31 13:45:00,-53.7,1
2024-10-31 13:50:00,-54.3,1
2024-10-31 13:55:00,-54.5,1
2024-10-31 14:00:00,-54.9,1
2024-10-31 14:05:00,-55.2,1
2024-10-31 14:10:00,-55.6,1
2024-10-31 14:15:00,-55.9,1
2024-10-31 14:20:00,-56.6,1
2024-10-31 14:25:00,-56.7,1
2024-10-31 14:30:00,-57.3,1
2024-10-31 14:35:00,-57.6,1
2024-10-31 14:40:00,-58.1,1
2024-10-31 14:45:00,-58.3,1
2024-10-31 14:50:00,-58.8,1
2024-10-31 14:55:00,-59.3,1
2024-10-31 15:00:00,-59.4,1
2024-10-31 15:05:00,-60,1
2024-10-31 15:10:00,-60.3,1
2024-10-31 15:15:00,-60.6,1
2024-10-31 15:20:00,-61.1,1
2024-10-31 15:25:00,-61.3,1
2024-10-31 15:30:00,-61.8,1
2024-10-31 15:35:00,-62.1,1
2024-10-31 15:40:00,-62.6,1
2024-10-31 15:45:00,-62.7,1
2024-10-31 15:50:00,-63.3,1
2024-10-31 15:55:00,-63.7,1
2024-10-31 16:00:00,-63.8,1
2024-10-31 16:05:00,-64.3,1
2024-10-31 16:10:00,-64.6,1
2024-10-31 16:15:00,-65.1,1
2024-10-31 16:20:00,-65.3,1
2024-10-31 16:25:00,-65.9,1
2024-10-31 16:30:00,-66.3,1
2024-10-31 16:35:00,-66.7,1
2024-10-31 16:40:00,-67.1,1
2024-10-31 16:45:00,-67.2,1
2024-10-31 16:50:00,-67.8,1
2024-10-31 16:55:00,-68.2,1
2024-10-31 17:00:00,-68.5,1
2024-10-31 17:05:00,-69.2,1
2024-10-31 17:10:00,-69.3,1
2024-10-31 17:15:00,-69.8,1
2024-10-31 17:20:00,-70.5,1
2024-10-31 17:25:00,-18.1,1
2024-10-31 17:30:00,-8.8,1
2024-10-31 17:35:00,-7.6,1
2024-10-31 17:40:00,-6.1,1
2024-10-31 17:45:00,-4.6,1
2024-10-31 17:50:00,-2.5,1
2024-10-31 17:55:00,-1.5,1
2024-10-31 18:00:00,-1,1
2024-10-31 18:05:00,-0.7,1
2024-10-31 18:10:00,-0.6,1
2024-10-31 18:15:00,-0.5,1
2024-10-31 18:20:00,-0.4,1
2024-10-31 18:25:00,-0.4,1
2024-10-31 18:30:00,-0.4,1
2024-10-31 18:35:00,-0.4,1
2024-10-31 18:40:00,-0.4,1
2024-10-31 18:45:00,-0.4,1
2024-10-31 18:50:00,-0.4,1
2024-10-31 18:55:00,-0.4,1
2024-10-31 19:00:00,-0.4,1
2024-10-31 19:05:00,-0.4,1
2024-10-31 19:10:00,-0.4,1
2024-10-31 19:15:00,-0.4,1
2024-10-31 19:20:00,-0.4,1
2024-10-31 19:25:00,-0.4,1
2024-10-31 19:30:00,-0.4,1
2024-10-31 19:35:00,-0.4,1
2024-10-31 19:40:00,-0.4,1
2024-10-31 19:45:00,-0.4,1
2024-10-31 19:50:00,-0.4,1
2024-10-31 19:55:00,-0.4,1
2024-10-31 20:00:00,-0.4,1
2024-10-31 20:05:00,-0.4,1
2024-10-31 20:10:00,-0.4,1
2024-10-31 20:15:00,-0.5,1
2024-10-31 20:20:00,-0.5,1
2024-10-31 20:25:00,-0.5,1
2024-10-31 20:30:00,-0.5,1
2024-10-31 20:35:00,-0.5,1
2024-10-31 20:40:00,-0.5,1
2024-10-31 20:45:00,-0.5,1
2024-10-31 20:50:00,-0.5,1
2024-10-31 20:55:00,-0.5,1
2024-10-31 21:00:00,-0.5,1
2024-10-31 21:05:00,-0.5,1
2024-10-31 21:10:00,-0.5,1
2024-10-31 21:15:00,-0.6,1
2024-10-31 21:20:00,-0.6,1
2024-10-31 21:25:00,-0.6,1
2024-10-31 21:30:00,-0.6,1
2024-10-31 21:35:00,-0.6,1
2024-10-31 21:40:00,-0.6,1
2024-10-31 21:45:00,-0.6,1
2024-10-31 21:50:00,-0.7,1
2024-10-31 21:55:00,-0.7,1
2024-10-31 22:00:00,-0.7,1
2024-10-31 22:05:00,-0.7,1
2024-10-31 22:10:00,-0.8,1
2024-10-31 22:15:00,-0.8,1
2024-10-31 22:20:00,-0.8,1
2024-10-31 22:25:00,-0.9,1
2024-10-31 22:30:00,-0.9,1
2024-10-31 22:35:00,-0.9,1
2024-10-31 22:40:00,-1,1
2024-10-31 22:45:00,-1.1,1
2024-10-31 22:50:00,-1.1,1
2024-10-31 22:55:00,-1.2,1
2024-10-31 23:00:00,-1.3,1
2024-10-31 23:05:00,-1.4,1
2024-10-31 23:10:00,-1.4,1
2024-10-31 23:15:00,-1.6,1
2024-10-31 23:20:00,-1.7,1
2024-10-31 23:25:00,-1.8,1
2024-10-31 23:30:00,-1.9,1
2024-10-31 23:35:00,-2.1,1
2024-10-31 23:40:00,-2.2,1
2024-10-31 23:45:00,-2.3,1
2024-10-31 23:50:00,-2.5,1
2024-10-31 23:55:00,-2.7,1
2024-11-01,-2.9,1
2024-11-01 00:05:00,-3.1,1
2024-11-01 00:10:00,-3.2,1
2024-11-01 00:15:00,-3.4,1
2024-11-01 00:20:00,-3.6,1
2024-11-01 00:25:00,-3.8,1
2024-11-01 00:30:00,-3.9,1
2024-11-01 00:35:00,-4.1,1
2024-11-01 00:40:00,-4.3,1
2024-11-01 00:45:00,-4.5,1
2024-11-01 00:50:00,-4.7,1
2024-11-01 00:55:00,-4.9,1
2024-11-01 01:00:00,-5,1
2024-11-01 01:05:00,-5.1,1
2024-11-01 01:10:00,-5.1,1
2024-11-01 01:15:00,-5.2,1
2024-11-01 01:20:00,-5.3,1
2024-11-01 01:25:00,-5.3,1
2024-11-01 01:30:00,-5.4,1
2024-11-01 01:35:00,-5.5,1
2024-11-01 01:40:00,-5.6,1
2024-11-01 01:45:00,-5.7,1
2024-11-01 01:50:00,-5.7,1
2024-11-01 01:55:00,-5.8,1
2024-11-01 02:00:00,-5.9,1
2024-11-01 02:05:00,-5.9,1
2024-11-01 02:10:00,-6,1
2024-11-01 02:15:00,-6,1
2024-11-01 02:20:00,-6.1,1
2024-11-01 02:25:00,-6.2,1
2024-11-01 02:30:00,-6.2,1
2024-11-01 02:35:00,-6.3,1
2024-11-01 02:40:00,-6.4,1
2024-11-01 02:45:00,-6.5,1
2024-11-01 02:50:00,-6.5,1
2024-11-01 02:55:00,-6.6,1
2024-11-01 03:00:00,-6.7,1
2024-11-01 03:05:00,-6.7,1
2024-11-01 03:10:00,-6.8,1
2024-11-01 03:15:00,-6.9,1
2024-11-01 03:20:00,-7,1
2024-11-01 03:25:00,-7,1
2024-11-01 03:30:00,-7.1,1
2024-11-01 03:35:00,-7.2,1
2024-11-01 03:40:00,-7.2,1
2024-11-01 03:45:00,-7.3,1
2024-11-01 03:50:00,-7.4,1
2024-11-01 03:55:00,-7.5,1
2024-11-01 04:00:00,-7.5,1
2024-11-01 04:05:00,-7.6,1
2024-11-01 04:10:00,-7.7,1
2024-11-01 04:15:00,-7.7,1
2024-11-01 04:20:00,-7.8,1
2024-11-01 04:25:00,-7.9,1
2024-11-01 04:30:00,-8,1
2024-11-01 04:35:00,-8.1,1
2024-11-01 04:40:00,-8.2,1
2024-11-01 04:45:00,-8.2,1
2024-11-01 04:50:00,-8.3,1
2024-11-01 04:55:00,-8.4,1
2024-11-01 05:00:00,-8.5,1
2024-11-01 05:05:00,-8.5,1
2024-11-01 05:10:00,-8.6,1
2024-11-01 05:15:00,-8.7,1
2024-11-01 05:20:00,-8.8,1
2024-11-01 05:25:00,-8.9,1
2024-11-01 05:30:00,-8.9,1
2024-11-01 05:35:00,-9,1
2024-11-01 05:40:00,-9.1,1
2024-11-01 05:45:00,-9.2,1
2024-11-01 05:50:00,-9.2,1
2024-11-01 05:55:00,-9.3,1
2024-11-01 06:00:00,-9.4,1
2024-11-01 06:05:00,-9.5,1
2024-11-01 06:10:00,-9.6,1
2024-11-01 06:15:00,-9.6,1
2024-11-01 06:20:00,-9.7,1
2024-11-01 06:25:00,-9.8,1
2024-11-01 06:30:00,-9.9,1
2024-11-01 06:35:00,-10,1
2024-11-01 06:40:00,-10,1
2024-11-01 06:45:00,-10.1,1
2024-11-01 06:50:00,-10.2,1
2024-11-01 06:55:00,-10.2,1
2024-11-01 07:00:00,-10.3,1
2024-11-01 07:05:00,-10.4,1
2024-11-01 07:10:00,-10.4,1
2024-11-01 07:15:00,-10.5,1
2024-11-01 07:20:00,-10.5,1
2024-11-01 07:25:00,-10.6,1
2024-11-01 07:30:00,-10.7,1
2024-11-01 07:35:00,-10.7,1
2024-11-01 07:40:00,-10.8,1
2024-11-01 07:45:00,-10.9,1
2024-11-01 07:50:00,-11,1
2024-11-01 07:55:00,-11,1
2024-11-01 08:00:00,-11.1,1
2024-11-01 08:05:00,-11.2,1
2024-11-01 08:10:00,-11.3,1
2024-11-01 08:15:00,-11.4,1
2024-11-01 08:20:00,-11.4,1
2024-11-01 08:25:00,-11.6,1
2024-11-01 08:30:00,-11.6,1
2024-11-01 08:35:00,-11.8,1
2024-11-01 08:40:00,-11.8,1
2024-11-01 08:45:00,-11.9,1
2024-11-01 08:50:00,-12.1,1
2024-11-01 08:55:00,-12.2,1
2024-11-01 09:00:00,-12.3,1
2024-11-01 09:05:00,-12.4,1
2024-11-01 09:10:00,-12.6,1
2024-11-01 09:15:00,-12.7,1
2024-11-01 09:20:00,-12.8,1
2024-11-01 09:25:00,-13,1
2024-11-01 09:30:00,-13.1,1
2024-11-01 09:35:00,-13.2,1
2024-11-01 09:40:00,-13.4,1
2024-11-01 09:45:00,-13.5,1
2024-11-01 09:50:00,-13.7,1
2024-11-01 09:55:00,-13.8,1
2024-11-01 10:00:00,-14,1
2024-11-01 10:05:00,-14.2,1
2024-11-01 10:10:00,-14.3,1
2024-11-01 10:15:00,-14.5,1
2024-11-01 10:20:00,-14.6,1
2024-11-01 10:25:00,-14.8,1
2024-11-01 10:30:00,-15,1
2024-11-01 10:35:00,-15.2,1
2024-11-01 10:40:00,-15.3,1
2024-11-01 10:45:00,-15.5,1
2024-11-01 10:50:00,-15.7,1
2024-11-01 10:55:00,-15.9,1
2024-11-01 11:00:00,-16,1
2024-11-01 11:05:00,-16.2,1
2024-11-01 11:10:00,-16.4,1
2024-11-01 11:15:00,-16.6,1
2024-11-01 11:20:00,-16.8,1
2024-11-01 11:25:00,-17,1
2024-11-01 11:30:00,-17.3,1
2024-11-01 11:35:00,-17.4,1
2024-11-01 11:40:00,-17.7,1
2024-11-01 11:45:00,-17.9,1
2024-11-01 11:50:00,-18.1,1
2024-11-01 11:55:00,-18.4,1
2024-11-01 12:00:00,-18.6,1
2024-11-01 12:05:00,-18.8,1
2024-11-01 12:10:00,-19,1
2024-11-01 12:15:00,-19.2,1
2024-11-01 12:20:00,-19.5,1
2024-11-01 12:25:00,-19.8,1
2024-11-01 12:30:00,-20,1
2024-11-01 12:35:00,-20.3,1
2024-11-01 12:40:00,-20.4,1
2024-11-01 12:45:00,-20.8,1
2024-11-01 12:50:00,-21,1
2024-11-01 12:55:00,-21.2,1
2024-11-01 13:00:00,-21.4,1
2024-11-01 13:05:00,-21.6,1
2024-11-01 13:10:00,-21.9,1
2024-11-01 13:15:00,-22.5,1
2024-11-01 13:20:00,-22.7,1
2024-11-01 13:25:00,-23,1
2024-11-01 13:30:00,-23.2,1
2024-11-01 13:35:00,-23.6,1
2024-11-01 13:40:00,-23.8,1
2024-11-01 13:45:00,-24.1,1
2024-11-01 13:50:00,-24.4,1
2024-11-01 13:55:00,-24.7,1
2024-11-01 14:00:00,-25,1
2024-11-01 14:05:00,-25.2,1
2024-11-01 14:10:00,-25.6,1
2024-11-01 14:15:00,-25.8,1
2024-11-01 14:20:00,-26.1,1
2024-11-01 14:25:00,-26.5,1
2024-11-01 14:30:00,-26.7,1
2024-11-01 14:35:00,-27,1
2024-11-01 14:40:00,-27.3,1
2024-11-01 14:45:00,-27.7,1
2024-11-01 14:50:00,-28,1
2024-11-01 14:55:00,-28.3,1
2024-11-01 15:00:00,-28.6,1
2024-11-01 15:05:00,-29.1,1
2024-11-01 15:10:00,-29.3,1
2024-11-01 15:15:00,-29.7,1
2024-11-01 15:20:00,-30.1,1
2024-11-01 15:25:00,-30.5,1
2024-11-01 15:30:00,-30.8,1
2024-11-01 15:35:00,-31.2,1
2024-11-01 15:40:00,-31.5,1
2024-11-01 15:45:00,-31.7,1
2024-11-01 15:50:00,-32.2,1
2024-11-01 15:55:00,-32.6,1
2024-11-01 16:00:00,-32.9,1
2024-11-01 16:05:00,-33.3,1
2024-11-01 16:10:00,-33.7,1
2024-11-01 16:15:00,-34.2,1
2024-11-01 16:20:00,-34.6,1
2024-11-01 16:25:00,-35,1
2024-11-01 16:30:00,-35.4,1
2024-11-01 16:35:00,-35.7,1
2024-11-01 16:40:00,-36.2,1
2024-11-01 16:45:00,-36.5,1
2024-11-01 16:50:00,-36.9,1
2024-11-01 16:55:00,-37.4,1
2024-11-01 17:00:00,-37.8,1
2024-11-01 17:05:00,-38.3,1
2024-11-01 17:10:00,-38.8,1
2024-11-01 17:15:00,-39.4,1
2024-11-01 17:20:00,-39.6,1
2024-11-01 17:25:00,-40,1
2024-11-01 17:30:00,-40.5,1
2024-11-01 17:35:00,-41,1
2024-11-01 17:40:00,-41.5,1
2024-11-01 17:45:00,-41.7,1
2024-11-01 17:50:00,-42.3,1
2024-11-01 17:55:00,-42.5,1
2024-11-01 18:00:00,-43,1
2024-11-01 18:05:00,-43.7,1
2024-11-01 18:10:00,-43.9,1
2024-11-01 18:15:00,-44.4,1
2024-11-01 18:20:00,-44.7,1
2024-11-01 18:25:00,-45.3,1
2024-11-01 18:30:00,-45.8,1
2024-11-01 18:35:00,-46.2,1
2024-11-01 18:40:00,-46.7,1
2024-11-01 18:45:00,-47.2,1
2024-11-01 18:50:00,-47.7,1
2024-11-01 18:55:00,-48,1
2024-11-01 19:00:00,-48.6,1
2024-11-01 19:05:00,-49.1,1
2024-11-01 19:10:00,-49.5,1
2024-11-01 19:15:00,-50.2,1
2024-11-01 19:20:00,-50.6,1
2024-11-01 19:25:00,-51.1,1
2024-11-01 19:30:00,-51.4,1
2024-11-01 19:35:00,-52.3,1
2024-11-01 19:40:00,-52.8,1
2024-11-01 19:45:00,-53.1,1
2024-11-01 19:50:00,-53.7,1
2024-11-01 19:55:00,-54.3,1
2024-11-01 20:00:00,-55,1
2024-11-01 20:05:00,-55.3,1
2024-11-01 20:10:00,-56,1
2024-11-01 20:15:00,-56.6,1
2024-11-01 20:20:00,-57.1,1
2024-11-01 20:25:00,-57.7,1
2024-11-01 20:30:00,-58.5,1
2024-11-01 20:35:00,-59,1
2024-11-01 20:40:00,-59.4,1
2024-11-01 20:45:00,-60,1
2024-11-01 20:50:00,-60.6,1
2024-11-01 20:55:00,-61,1
2024-11-01 21:00:00,-61.5,1
2024-11-01 21:05:00,-62,1
2024-11-01 21:10:00,-62.4,1
2024-11-01 21:15:00,-62.7,1
2024-11-01 21:20:00,-63.3,1
2024-11-01 21:25:00,-63.9,1
2024-11-01 21:30:00,-64.2,1
2024-11-01 21:35:00,-64.7,1
2024-11-01 21:40:00,-65.3,1
2024-11-01 21:45:00,-65.6,1
2024-11-01 21:50:00,-66.3,1
2024-11-01 21:55:00,-66.7,1
2024-11-01 22:00:00,-67.2,1
2024-11-01 22:05:00,-67.6,1
2024-11-01 22:10:00,-68.2,1
2024-11-01 22:15:00,-69,1
2024-11-01 22:20:00,-69.5,1
2024-11-01 22:25:00,-69.9,1
2024-11-01 22:30:00,-70.5,1
2024-11-01 22:35:00,-71.1,1
2024-11-01 22:40:00,-71.5,1
2024-11-01 22:45:00,-72.1,1
2024-11-01 22:50:00,-72.8,1
2024-11-01 22:55:00,-73.1,1
2024-11-01 23:00:00,-73.9,1
2024-11-01 23:05:00,-74.3,1
2024-11-01 23:10:00,-74.8,1
2024-11-01 23:15:00,-75.4,1
2024-11-01 23:20:00,-76.3,1
2024-11-01 23:25:00,-76.5,1
2024-11-01 23:30:00,-77,1
2024-11-01 23:35:00,-77.6,1
2024-11-01 23:40:00,-78.3,1
2024-11-01 23:45:00,-79.3,1
2024-11-01 23:50:00,-79.6,1
2024-11-01 23:55:00,-80.1,1
2024-11-02,-80.9,1
2024-11-02 00:05:00,-81.2,1
2024-11-02 00:10:00,-81.8,1
2024-11-02 00:15:00,-82.5,1
2024-11-02 00:20:00,-83.1,1
2024-11-02 00:25:00,-83.3,1
2024-11-02 00:30:00,-84.3,1
2024-11-02 00:35:00,-84.4,1
2024-11-02 00:40:00,-84.9,1
2024-11-02 00:45:00,-85.3,1
2024-11-02 00:50:00,-85.7,1
2024-11-02 00:55:00,-86.3,1
2024-11-02 01:00:00,-86.5,1
2024-11-02 01:05:00,-86.8,1
2024-11-02 01:10:00,-87.5,1
2024-11-02 01:15:00,-87.5,1
2024-11-02 01:20:00,-88.1,1
2024-11-02 01:25:00,-88.6,1
2024-11-02 01:30:00,-88.8,1
2024-11-02 01:35:00,-89.2,1
2024-11-02 01:40:00,-89.7,1
2024-11-02 01:45:00,-90.3,1
2024-11-02 01:50:00,-90.5,1
2024-11-02 01:55:00,-91.2,1
2024-11-02 02:00:00,-91.7,1
2024-11-02 02:05:00,-91.6,1
2024-11-02 02:10:00,-91.8,1
2024-11-02 02:15:00,-92.7,1
2024-11-02 02:20:00,-92.9,1
2024-11-02 02:25:00,-93.3,1
2024-11-02 02:30:00,-94.3,1
2024-11-02 02:35:00,-94,1
2024-11-02 02:40:00,-94.4,1
2024-11-02 02:45:00,-94.7,1
2024-11-02 02:50:00,-95.4,1
2024-11-02 02:55:00,-95.4,1
2024-11-02 03:00:00,-96.1,1
2024-11-02 03:05:00,-96.7,1
2024-11-02 03:10:00,-96.7,1
2024-11-02 03:15:00,-96.9,1
2024-11-02 03:20:00,-97.7,1
2024-11-02 03:25:00,-98,1
2024-11-02 03:30:00,-98.2,1
2024-11-02 03:35:00,-98.8,1
2024-11-02 03:40:00,-99,1
2024-11-02 03:45:00,-99.7,1
2024-11-02 03:50:00,-99.9,1
2024-11-02 03:55:00,-100.1,1
2024-11-02 04:00:00,-100.8,1
2024-11-02 04:05:00,-100.9,1
2024-11-02 04:10:00,-101.4,1
2024-11-02 04:15:00,-101.8,1
2024-11-02 04:20:00,-102.1,1
2024-11-02 04:25:00,-102.5,1
2024-11-02 04:30:00,-103,1
2024-11-02 04:35:00,-103.1,1
2024-11-02 04:40:00,-103.9,1
2024-11-02 04:45:00,-104.1,1
2024-11-02 04:50:00,-104.4,1
2024-11-02 04:55:00,-104.9,1
2024-11-02 05:00:00,-105.5,1
2024-11-02 05:05:00,-105.6,1
2024-11-02 05:10:00,-105.7,1
2024-11-02 05:15:00,-106.1,1
2024-11-02 05:20:00,-106.6,1
2024-11-02 05:25:00,-107.2,1
2024-11-02 05:30:00,-109.8,1
2024-11-02 05:35:00,-109.8,1
2024-11-02 05:40:00,-110.4,1
2024-11-02 05:45:00,-110.6,1
2024-11-02 05:50:00,-111.8,1
2024-11-02 05:55:00,-112.2,1
2024-11-02 06:00:00,-111.8,1
2024-11-02 06:05:00,-112.4,1
2024-11-02 06:10:00,-112.9,1
2024-11-02 06:15:00,-113.3,1
2024-11-02 06:20:00,-113.6,1
2024-11-02 06:25:00,-113.9,1
2024-11-02 06:30:00,-113.8,1
2024-11-02 06:35:00,-114.7,1
2024-11-02 06:40:00,-115.3,1
2024-11-02 06:45:00,-115.6,1
2024-11-02 06:50:00,-115.3,1
2024-11-02 06:55:00,-116.2,1
2024-11-02 07:00:00,-116.6,1
2024-11-02 07:05:00,-117.1,1
2024-11-02 07:10:00,-117.6,1
2024-11-02 07:15:00,-117.8,1
2024-11-02 07:20:00,-118,1
2024-11-02 07:25:00,-118.8,1
2024-11-02 07:30:00,-119.3,1
2024-11-02 07:35:00,-118.8,1
2024-11-02 07:40:00,-119.6,1
2024-11-02 07:45:00,-119.9,1
2024-11-02 07:50:00,-120.7,1
2024-11-02 07:55:00,-121,1
2024-11-02 08:00:00,-121.3,1
2024-11-02 08:05:00,-121.6,1
2024-11-02 08:10:00,-122.3,1
2024-11-02 08:15:00,-123,1
2024-11-02 08:20:00,-123.2,1
2024-11-02 08:25:00,-124.4,1
2024-11-02 08:30:00,-124.9,1
2024-11-02 08:35:00,-125.7,1
2024-11-02 08:40:00,-126,1
2024-11-02 08:45:00,-127.2,1
2024-11-02 08:50:00,-127.8,1
2024-11-02 08:55:00,-128.3,1
2024-11-02 09:00:00,-129.6,1
2024-11-02 09:05:00,-130.1,1
2024-11-02 09:10:00,-131.1,1
2024-11-02 09:15:00,-132.3,1
2024-11-02 09:20:00,-133.6,1
2024-11-02 09:25:00,-134,1
2024-11-02 09:30:00,-134.2,1
2024-11-02 09:35:00,-136.2,1
2024-11-02 09:40:00,-136.6,1
2024-11-02 09:45:00,-138.1,1
2024-11-02 09:50:00,-138.3,1
2024-11-02 09:55:00,-139.8,1
2024-11-02 10:00:00,-141,1
2024-11-02 10:05:00,-142.6,1
2024-11-02 10:10:00,-142.8,1
2024-11-02 10:15:00,-144.5,1
2024-11-02 10:20:00,-145.3,1
2024-11-02 10:25:00,-147.2,1
2024-11-02 10:30:00,-148,1
2024-11-02 10:35:00,-149.2,1
2024-11-02 10:40:00,-149.9,1
2024-11-02 10:45:00,-151.5,1
2024-11-02 10:50:00,-153,1
2024-11-02 10:55:00,-154.4,1
2024-11-02 11:00:00,-155.9,1
2024-11-02 11:05:00,-157.7,1
2024-11-02 11:10:00,-158.1,1
2024-11-02 11:15:00,-159.2,1
2024-11-02 11:20:00,-161.1,1
2024-11-02 11:25:00,-162.7,1
2024-11-02 11:30:00,-163.5,1
2024-11-02 11:35:00,-164.9,1
2024-11-02 11:40:00,-166.8,1
2024-11-02 11:45:00,-167.8,1
2024-11-02 11:50:00,-169.8,1
2024-11-02 11:55:00,-170.2,1
2024-11-02 12:00:00,-172.3,1
2024-11-02 12:05:00,-173.8,1
2024-11-02 12:10:00,-176,1
2024-11-02 12:15:00,-176.3,1
2024-11-02 12:20:00,-178.7,1
2024-11-02 12:25:00,-180.3,1
2024-11-02 12:30:00,-183.3,1
2024-11-02 12:35:00,-183.7,1
2024-11-02 12:40:00,-185.5,1
2024-11-02 12:45:00,-187.6,1
2024-11-02 12:50:00,-190.4,1
2024-11-02 12:55:00,-190.2,1
2024-11-02 13:00:00,-192.3,1
2024-11-02 13:05:00,-193.3,1
2024-11-02 13:10:00,-196.2,1
2024-11-02 13:15:00,-197.3,1
2024-11-02 13:20:00,-199.3,1
2024-11-02 13:25:00,-200.7,1
2024-11-02 13:30:00,-202.3,1
2024-11-02 13:35:00,-205.2,1
2024-11-02 13:40:00,-204.9,1
2024-11-02 13:45:00,-208,1
2024-11-02 13:50:00,-208.8,1
2024-11-02 13:55:00,-212.1,1
2024-11-02 14:00:00,-212.7,1
2024-11-02 14:05:00,-216.4,1
2024-11-02 14:10:00,-217.9,1
2024-11-02 14:15:00,-218.5,1
2024-11-02 14:20:00,-222.5,1
2024-11-02 14:25:00,-222.3,1
2024-11-02 14:30:00,-224.8,1
2024-11-02 14:35:00,-227,1
2024-11-02 14:40:00,-230.4,1
2024-11-02 14:45:00,-230.8,1
2024-11-02 14:50:00,-233.1,1
2024-11-02 14:55:00,-236.5,1
2024-11-02 15:00:00,-237.8,1
2024-11-02 15:05:00,-241.7,1
2024-11-02 15:10:00,-242,1
2024-11-02 15:15:00,-244.6,1
2024-11-02 15:20:00,-248,1
2024-11-02 15:25:00,-251,1
2024-11-02 15:30:00,-252.3,1
2024-11-02 15:35:00,-253.4,1
2024-11-02 15:40:00,-256.4,1
2024-11-02 15:45:00,-257.5,1
2024-11-02 15:50:00,-261.6,1
2024-11-02 15:55:00,-265,1
2024-11-02 16:00:00,-265.4,1
2024-11-02 16:05:00,-268.4,1
2024-11-02 16:10:00,-270,1
2024-11-02 16:15:00,-271.7,1
2024-11-02 16:20:00,-277.8,1
2024-11-02 16:25:00,-277.2,1
2024-11-02 16:30:00,-279.1,1
2024-11-02 16:35:00,-283.9,1
2024-11-02 16:40:00,-285.5,1
2024-11-02 16:45:00,-289.5,1
2024-11-02 16:50:00,-291.4,1
2024-11-02 16:55:00,-292.8,1
2024-11-02 17:00:00,-296.8,1
2024-11-02 17:05:00,-298,1
2024-11-02 17:10:00,-301.8,1
2024-11-02 17:15:00,-304,1
2024-11-02 17:20:00,-306.3,1
2024-11-02 17:25:00,-311.3,1
2024-11-02 17:30:00,-312.3,1
2024-11-02 17:35:00,-316,1
2024-11-02 17:40:00,-318.7,1
2024-11-02 17:45:00,-321.3,1
2024-11-02 17:50:00,-322.5,1
2024-11-02 17:55:00,-325.7,1
2024-11-02 18:00:00,-329.1,1
2024-11-02 18:05:00,-331.7,1
2024-11-02 18:10:00,-334.5,1
2024-11-02 18:15:00,-337.6,1
2024-11-02 18:20:00,-339,1
2024-11-02 18:25:00,-343.2,1
2024-11-02 18:30:00,-347.1,1
2024-11-02 18:35:00,-348.8,1
2024-11-02 18:40:00,-352.3,1
2024-11-02 18:45:00,-357.3,1
2024-11-02 18:50:00,-358.1,1
2024-11-02 18:55:00,-357.3,1
2024-11-02 19:00:00,-365.6,1
2024-11-02 19:05:00,-367.6,1
2024-11-02 19:10:00,-371.5,1
2024-11-02 19:15:00,-377.7,1
2024-11-02 19:20:00,-379.2,1
2024-11-02 19:25:00,-379.4,1
2024-11-02 19:30:00,-379.4,1
2024-11-02 19:35:00,-386.5,1
2024-11-02 19:40:00,-389.5,1
2024-11-02 19:45:00,-389.6,1
2024-11-02 19:50:00,-394,1
2024-11-02 19:55:00,-398.6,1
2024-11-02 20:00:00,-399.6,1
2024-11-02 20:05:00,-404.2,1
2024-11-02 20:10:00,-409.1,1
2024-11-02 20:15:00,-412.5,1
2024-11-02 20:20:00,-414.2,1
2024-11-02 20:25:00,-415.6,1
2024-11-02 20:30:00,-418.5,1
2024-11-02 20:35:00,-421.5,1
2024-11-02 20:40:00,-426.7,1
2024-11-02 20:45:00,-426.4,1
2024-11-02 20:50:00,-432.3,1
2024-11-02 20:55:00,-436.8,1
2024-11-02 21:00:00,-441.7,1
2024-11-02 21:05:00,-445.7,1
2024-11-02 21:10:00,-449.7,1
2024-11-02 21:15:00,-455.4,1
2024-11-02 21:20:00,-458.7,1
2024-11-02 21:25:00,-455.9,1
2024-11-02 21:30:00,-458.7,1
2024-11-02 21:35:00,-463.7,1
2024-11-02 21:40:00,-468.3,1
2024-11-02 21:45:00,-472.6,1
2024-11-02 21:50:00,-471.3,1
2024-11-02 21:55:00,-474.8,1
2024-11-02 22:00:00,-481.6,1
2024-11-02 22:05:00,-484.2,1
2024-11-02 22:10:00,-490.6,1
2024-11-02 22:15:00,-491.1,1
2024-11-02 22:20:00,-494.9,1
2024-11-02 22:25:00,-494.3,1
2024-11-02 22:30:00,-505.6,1
2024-11-02 22:35:00,-502.7,1
2024-11-02 22:40:00,-503.2,1
2024-11-02 22:45:00,-514.8,1
2024-11-02 22:50:00,-518.8,1
2024-11-02 22:55:00,-524,1
2024-11-02 23:00:00,-525.3,1
2024-11-02 23:05:00,-524.8,1
2024-11-02 23:10:00,-528.7,1
2024-11-02 23:15:00,-526.5,1
2024-11-02 23:20:00,-540.5,1
2024-11-02 23:25:00,-542.6,1
2024-11-02 23:30:00,-545.8,1
2024-11-02 23:35:00,-545.3,1
2024-11-02 23:40:00,-542.3,1
2024-11-02 23:45:00,-550.5,1
2024-11-02 23:50:00,-555.4,1
2024-11-02 23:55:00,-557.6,1
2024-11-03,-558.6,1
2024-11-03 00:05:00,-561.5,1
2024-11-03 00:10:00,-565,1
2024-11-03 00:15:00,-571.2,1
2024-11-03 00:20:00,-573.1,1
2024-11-03 00:25:00,-580.3,1
2024-11-03 00:30:00,-579.5,1
2024-11-03 00:35:00,-590.8,1
2024-11-03 00:40:00,-584.9,1
2024-11-03 00:45:00,-592.9,1
2024-11-03 00:50:00,-598.9,1
2024-11-03 00:55:00,-601.3,1
2024-11-03 01:00:00,-599.8,1
2024-11-03 01:05:00,-602.4,1
2024-11-03 01:10:00,-610.2,1
2024-11-03 01:15:00,-613.4,1
2024-11-03 01:20:00,-607.7,1
2024-11-03 01:25:00,-618.1,1
2024-11-03 01:30:00,-618.5,1
2024-11-03 01:35:00,-620.9,1
2024-11-03 01:40:00,-620.7,1
2024-11-03 01:45:00,-623.5,1
2024-11-03 01:50:00,-620.7,1
2024-11-03 01:55:00,-621.7,1
2024-11-03 02:00:00,-634.1,1
2024-11-03 02:05:00,-635,1
2024-11-03 02:10:00,-641.8,1
2024-11-03 02:15:00,-634.5,1
2024-11-03 02:20:00,-641.9,1
2024-11-03 02:25:00,-641.4,1
2024-11-03 02:30:00,-649.7,1
2024-11-03 02:35:00,-649.3,1
2024-11-03 02:40:00,-650.7,1
2024-11-03 02:45:00,-652.8,1
2024-11-03 02:50:00,-654.5,1
2024-11-03 02:55:00,-655.5,1
2024-11-03 03:00:00,-655.7,1
2024-11-03 03:05:00,-658.5,1
2024-11-03 03:10:00,-659.2,1
2024-11-03 03:15:00,-650.7,1
2024-11-03 03:20:00,-663.9,1
2024-11-03 03:25:00,-661.7,1
2024-11-03 03:30:00,-662.2,1
2024-11-03 03:35:00,-668,1
2024-11-03 03:40:00,-674.9,1
2024-11-03 03:45:00,-676.9,1
2024-11-03 03:50:00,-681.8,1
2024-11-03 03:55:00,-674,1
2024-11-03 04:00:00,-681.5,1
2024-11-03 04:05:00,-683.3,1
2024-11-03 04:10:00,-690,1
2024-11-03 04:15:00,-689.6,1
2024-11-03 04:20:00,-687.9,1
2024-11-03 04:25:00,-687.9,1
2024-11-03 04:30:00,-689.2,1
2024-11-03 04:35:00,-698.3,1
2024-11-03 04:40:00,-690.7,1
2024-11-03 04:45:00,-688.9,1
2024-11-03 04:50:00,-699.5,1
2024-11-03 04:55:00,-700,1
2024-11-03 05:00:00,-700.4,1
2024-11-03 05:05:00,-700.4,1
2024-11-03 05:10:00,-702.4,1
2024-11-03 05:15:00,-700.1,1
2024-11-03 05:20:00,-697.7,1
2024-11-03 05:25:00,-704.8,1
2024-11-03 05:30:00,-708,1
2024-11-03 05:35:00,-702.5,1
2024-11-03 05:40:00,-709.8,1
2024-11-03 05:45:00,-713.5,1
2024-11-03 05:50:00,-712.1,1
2024-11-03 05:55:00,-712.9,1
2024-11-03 06:00:00,-712.1,1
2024-11-03 06:05:00,-712.9,1
2024-11-03 06:10:00,-726.5,1
2024-11-03 06:15:00,-718.2,1
2024-11-03 06:20:00,-714.6,1
2024-11-03 06:25:00,-723.4,1
2024-11-03 06:30:00,-725,1
2024-11-03 06:35:00,-730.3,1
2024-11-03 06:40:00,-724.6,1
2024-11-03 06:45:00,-728.7,1
2024-11-03 06:50:00,-728.6,1
2024-11-03 06:55:00,-725.2,1
2024-11-03 07:00:00,-730.2,1
2024-11-03 07:05:00,-728.7,1
2024-11-03 07:10:00,-727.2,1
2024-11-03 07:15:00,-729.5,1
2024-11-03 07:20:00,-731.9,1
2024-11-03 07:25:00,-732.5,1
2024-11-03 07:30:00,-733.6,1
2024-11-03 07:35:00,-731.8,1
2024-11-03 07:40:00,-731.7,1
2024-11-03 07:45:00,-726.7,1
2024-11-03 07:50:00,-738.5,1
2024-11-03 07:55:00,-738.6,1
2024-11-03 08:00:00,-734.6,1
2024-11-03 08:05:00,-749.8,1
2024-11-03 08:10:00,-747.3,1
2024-11-03 08:15:00,-745.5,1
2024-11-03 08:20:00,-752.7,1
2024-11-03 08:25:00,-755.7,1
2024-11-03 08:30:00,-750.1,1
2024-11-03 08:35:00,-759.2,1
2024-11-03 08:40:00,-754.6,1
2024-11-03 08:45:00,-753.5,1
2024-11-03 08:50:00,-758.1,1
2024-11-03 08:55:00,-750.2,1
2024-11-03 09:00:00,-750.3,1
2024-11-03 09:05:00,-753.2,1
2024-11-03 09:10:00,-757.9,1
2024-11-03 09:15:00,-761.9,1
2024-11-03 09:20:00,-757.7,1
2024-11-03 09:25:00,-765,1
2024-11-03 09:30:00,-773.9,1
2024-11-03 09:35:00,-767.1,1
2024-11-03 09:40:00,-780.5,1
2024-11-03 09:45:00,-781.6,1
2024-11-03 09:50:00,-774.1,1
2024-11-03 09:55:00,-777.5,1
2024-11-03 10:00:00,-781,1
2024-11-03 10:05:00,-767.9,1
2024-11-03 10:10:00,-783.4,1
2024-11-03 10:15:00,-780.6,1
2024-11-03 10:20:00,-783.8,1
2024-11-03 10:25:00,-800,1
2024-11-03 10:30:00,-795.8,1
2024-11-03 10:35:00,-794.9,1
2024-11-03 10:40:00,-797.3,1
2024-11-03 10:45:00,-799.6,1
2024-11-03 10:50:00,-801,1
2024-11-03 10:55:00,-133.1,1
2024-11-03 11:00:00,-56.1,1
2024-11-03 11:05:00,-38.5,1
2024-11-03 11:10:00,-26.9,1
2024-11-03 11:15:00,-19.4,1
2024-11-03 11:20:00,-14.8,1
2024-11-03 11:25:00,-12.5,1
2024-11-03 11:30:00,-11.9,1
2024-11-03 11:35:00,-11.5,1
2024-11-03 11:40:00,-11.2,1
2024-11-03 11:45:00,-10.9,1
2024-11-03 11:50:00,-10.7,1
2024-11-03 11:55:00,-10.6,1
2024-11-03 12:00:00,-10.4,1
2024-11-03 12:05:00,-10.2,1
2024-11-03 12:10:00,-10.1,1
2024-11-03 12:15:00,-9.9,1
2024-11-03 12:20:00,-9.7,1
2024-11-03 12:25:00,-9.6,1
2024-11-03 12:30:00,-9.4,1
2024-11-03 12:35:00,-9.2,1
2024-11-03 12:40:00,-9.1,1
2024-11-03 12:45:00,-8.9,1
2024-11-03 12:50:00,-8.8,1
2024-11-03 12:55:00,-8.6,1
2024-11-03 13:00:00,-8.5,1
2024-11-03 13:05:00,-8.3,1
2024-11-03 13:10:00,-8.3,1
2024-11-03 13:15:00,-8.1,1
2024-11-03 13:20:00,-8,1
2024-11-03 13:25:00,-8,1
2024-11-03 13:30:00,-7.8,1
2024-11-03 13:35:00,-7.8,1
2024-11-03 13:40:00,-7.7,1
2024-11-03 13:45:00,-7.6,1
2024-11-03 13:50:00,-7.6,1
2024-11-03 13:55:00,-7.5,1
2024-11-03 14:00:00,-7.5,1
2024-11-03 14:05:00,-7.4,1
2024-11-03 14:10:00,-7.5,1
2024-11-03 14:15:00,-7.4,1
2024-11-03 14:20:00,-7.4,1
2024-11-03 14:25:00,-7.4,1
2024-11-03 14:30:00,-7.4,1
2024-11-03 14:35:00,-7.4,1
2024-11-03 14:40:00,-7.5,1
2024-11-03 14:45:00,-7.5,1
2024-11-03 14:50:00,-7.6,1
2024-11-03 14:55:00,-7.7,1
2024-11-03 15:00:00,-7.7,1
2024-11-03 15:05:00,-7.9,1
2024-11-03 15:10:00,-8,1
2024-11-03 15:15:00,-8.2,1
2024-11-03 15:20:00,-8.4,1
2024-11-03 15:25:00,-8.5,1
2024-11-03 15:30:00,-8.8,1
2024-11-03 15:35:00,-9,1
2024-11-03 15:40:00,-9.2,1
2024-11-03 15:45:00,-9.3,1
2024-11-03 15:50:00,-9.5,1
2024-11-03 15:55:00,-9.8,1
2024-11-03 16:00:00,-10,1
2024-11-03 16:05:00,-10.1,1
2024-11-03 16:10:00,-10.3,1
2024-11-03 16:15:00,-10.4,1
2024-11-03 16:20:00,-10.6,1
2024-11-03 16:25:00,-10.7,1
2024-11-03 16:30:00,-11,1
2024-11-03 16:35:00,-11.1,1
2024-11-03 16:40:00,-11.3,1
2024-11-03 16:45:00,-11.4,1
2024-11-03 16:50:00,-11.6,1
2024-11-03 16:55:00,-11.9,1
2024-11-03 17:00:00,-12.1,1
2024-11-03 17:05:00,-12.3,1
2024-11-03 17:10:00,-12.5,1
2024-11-03 17:15:00,-12.8,1
2024-11-03 17:20:00,-13.1,1
2024-11-03 17:25:00,-13.3,1
2024-11-03 17:30:00,-13.5,1
2024-11-03 17:35:00,-13.8,1
2024-11-03 17:40:00,-14.1,1
2024-11-03 17:45:00,-14.4,1
2024-11-03 17:50:00,-14.6,1
2024-11-03 17:55:00,-14.9,1
2024-11-03 18:00:00,-15.2,1
2024-11-03 18:05:00,-15.5,1
2024-11-03 18:10:00,-15.7,1
2024-11-03 18:15:00,-16.1,1
2024-11-03 18:20:00,-16.4,1
2024-11-03 18:25:00,-16.6,1
2024-11-03 18:30:00,-17,1
2024-11-03 18:35:00,-17.3,1
2024-11-03 18:40:00,-17.6,1
2024-11-03 18:45:00,-18,1
2024-11-03 18:50:00,-18.4,1
2024-11-03 18:55:00,-18.6,1
2024-11-03 19:00:00,-19,1
2024-11-03 19:05:00,-19.3,1
2024-11-03 19:10:00,-19.8,1
2024-11-03 19:15:00,-20.1,1
2024-11-03 19:20:00,-20.4,1
2024-11-03 19:25:00,-20.7,1
2024-11-03 19:30:00,-21.1,1
2024-11-03 19:35:00,-21.4,1
2024-11-03 19:40:00,-21.8,1
2024-11-03 19:45:00,-22.5,1
2024-11-03 19:50:00,-22.8,1
2024-11-03 19:55:00,-23.1,1
2024-11-03 20:00:00,-23.5,1
2024-11-03 20:05:00,-23.8,1
2024-11-03 20:10:00,-24.2,1
2024-11-03 20:15:00,-24.7,1
2024-11-03 20:20:00,-25,1
2024-11-03 20:25:00,-25.5,1
2024-11-03 20:30:00,-25.8,1
2024-11-03 20:35:00,-26.2,1
2024-11-03 20:40:00,-26.6,1
2024-11-03 20:45:00,-27,1
2024-11-03 20:50:00,-27.4,1
2024-11-03 20:55:00,-27.8,1
2024-11-03 21:00:00,-28.3,1
2024-11-03 21:05:00,-28.7,1
2024-11-03 21:10:00,-29,1
2024-11-03 21:15:00,-29.5,1
2024-11-03 21:20:00,-29.8,1
2024-11-03 21:25:00,-30.5,1
2024-11-03 21:30:00,-30.9,1
2024-11-03 21:35:00,-31.3,1
2024-11-03 21:40:00,-31.6,1
2024-11-03 21:45:00,-32.2,1
2024-11-03 21:50:00,-32.8,1
2024-11-03 21:55:00,-33.2,1
2024-11-03 22:00:00,-33.7,1
2024-11-03 22:05:00,-34.1,1
2024-11-03 22:10:00,-34.6,1
2024-11-03 22:15:00,-35.1,1
2024-11-03 22:20:00,-35.6,1
2024-11-03 22:25:00,-36,1
2024-11-03 22:30:00,-36.4,1
2024-11-03 22:35:00,-37,1
2024-11-03 22:40:00,-37.5,1
2024-11-03 22:45:00,-38,1
2024-11-03 22:50:00,-38.5,1
2024-11-03 22:55:00,-39.2,1
2024-11-03 23:00:00,-39.6,1
2024-11-03 23:05:00,-40.1,1
2024-11-03 23:10:00,-40.5,1
2024-11-03 23:15:00,-41,1
2024-11-03 23:20:00,-41.5,1
2024-11-03 23:25:00,-42,1
2024-11-03 23:30:00,-42.6,1
2024-11-03 23:35:00,-43,1
2024-11-03 23:40:00,-43.6,1
2024-11-03 23:45:00,-44,1
2024-11-03 23:50:00,-44.5,1
2024-11-03 23:55:00,-44.7,1
2024-11-04,-45.3,1
2024-11-04 00:05:00,-45.7,1
2024-11-04 00:10:00,-45.8,1
2024-11-04 00:15:00,-46.1,1
2024-11-04 00:20:00,-46.5,1
2024-11-04 00:25:00,-46.8,1
2024-11-04 00:30:00,-47.2,1
2024-11-04 00:35:00,-47.3,1
2024-11-04 00:40:00,-47.7,1
2024-11-04 00:45:00,-47.8,1
2024-11-04 00:50:00,-48.2,1
2024-11-04 00:55:00,-48.3,1
2024-11-04 01:00:00,-48.5,1
2024-11-04 01:05:00,-48.9,1
2024-11-04 01:10:00,-49,1
2024-11-04 01:15:00,-49.3,1
2024-11-04 01:20:00,-49.7,1
2024-11-04 01:25:00,-50,1
2024-11-04 01:30:00,-50.1,1
2024-11-04 01:35:00,-50.4,1
2024-11-04 01:40:00,-50.7,1
2024-11-04 01:45:00,-50.7,1
2024-11-04 01:50:00,-51.2,1
2024-11-04 01:55:00,-51.3,1
2024-11-04 02:00:00,-51.6,1
2024-11-04 02:05:00,-52,1
2024-11-04 02:10:00,-52.1,1
2024-11-04 02:15:00,-52.5,1
2024-11-04 02:20:00,-52.7,1
2024-11-04 02:25:00,-52.6,1
2024-11-04 02:30:00,-53,1
2024-11-04 02:35:00,-53.4,1
2024-11-04 02:40:00,-53.3,1
2024-11-04 02:45:00,-53.7,1
2024-11-04 02:50:00,-54.1,1
2024-11-04 02:55:00,-54.1,1
2024-11-04 03:00:00,-54.4,1
2024-11-04 03:05:00,-54.7,1
2024-11-04 03:10:00,-55.1,1
2024-11-04 03:15:00,-55.4,1
2024-11-04 03:20:00,-55.6,1
2024-11-04 03:25:00,-55.6,1
2024-11-04 03:30:00,-55.7,1
2024-11-04 03:35:00,-56.3,1
2024-11-04 03:40:00,-56.4,1
2024-11-04 03:45:00,-56.6,1
2024-11-04 03:50:00,-57,1
2024-11-04 03:55:00,-57.3,1
2024-11-04 04:00:00,-57.5,1
2024-11-04 04:05:00,-57.5,1
2024-11-04 04:10:00,-57.8,1
2024-11-04 04:15:00,-58.2,1
2024-11-04 04:20:00,-58.3,1
2024-11-04 04:25:00,-58.6,1
2024-11-04 04:30:00,-59,1
2024-11-04 04:35:00,-59.1,1
2024-11-04 04:40:00,-59.1,1
2024-11-04 04:45:00,-59.4,1
2024-11-04 04:50:00,-59.9,1
2024-11-04 04:55:00,-59.9,1
2024-11-04 05:00:00,-60,1
2024-11-04 05:05:00,-60.4,1
2024-11-04 05:10:00,-60.4,1
2024-11-04 05:15:00,-60.7,1
2024-11-04 05:20:00,-60.7,1
2024-11-04 05:25:00,-60.9,1
2024-11-04 05:30:00,-61.2,1
2024-11-04 05:35:00,-61.4,1
2024-11-04 05:40:00,-61.4,1
2024-11-04 05:45:00,-61.7,1
2024-11-04 05:50:00,-61.8,1
2024-11-04 05:55:00,-61.9,1
2024-11-04 06:00:00,-62.2,1
2024-11-04 06:05:00,-62.4,1
2024-11-04 06:10:00,-62.3,1
2024-11-04 06:15:00,-62.6,1
2024-11-04 06:20:00,-62.9,1
2024-11-04 06:25:00,-63.1,1
2024-11-04 06:30:00,-63.3,1
2024-11-04 06:35:00,-63.3,1
2024-11-04 06:40:00,-63.5,1
2024-11-04 06:45:00,-63.5,1
2024-11-04 06:50:00,-63.9,1
2024-11-04 06:55:00,-64,1
2024-11-04 07:00:00,-64.3,1
2024-11-04 07:05:00,-64.5,1
2024-11-04 07:10:00,-64.4,1
2024-11-04 07:15:00,-64.6,1
2024-11-04 07:20:00,-64.8,1
2024-11-04 07:25:00,-65.2,1
2024-11-04 07:30:00,-65.3,1
2024-11-04 07:35:00,-65.3,1
2024-11-04 07:40:00,-65.6,1
2024-11-04 07:45:00,-66,1
2024-11-04 07:50:00,-65.8,1
2024-11-04 07:55:00,-66,1
2024-11-04 08:00:00,-66.3,1
2024-11-04 08:05:00,-66.7,1
2024-11-04 08:10:00,-66.9,1
2024-11-04 08:15:00,-67.2,1
2024-11-04 08:20:00,-67.4,1
2024-11-04 08:25:00,-68,1
2024-11-04 08:30:00,-68.3,1
2024-11-04 08:35:00,-68.7,1
2024-11-04 08:40:00,-69.2,1
2024-11-04 08:45:00,-69.4,1
2024-11-04 08:50:00,-70.4,1
2024-11-04 08:55:00,-70.3,1
2024-11-04 09:00:00,-70.8,1
2024-11-04 09:05:00,-71.4,1
2024-11-04 09:10:00,-71.6,1
2024-11-04 09:15:00,-72.5,1
2024-11-04 09:20:00,-72.8,1
2024-11-04 09:25:00,-73.3,1
2024-11-04 09:30:00,-73.8,1
2024-11-04 09:35:00,-74.2,1
2024-11-04 09:40:00,-74.7,1
2024-11-04 09:45:00,-75.5,1
2024-11-04 09:50:00,-76.1,1
2024-11-04 09:55:00,-76.5,1
2024-11-04 10:00:00,-77.2,1
2024-11-04 10:05:00,-77.6,1
2024-11-04 10:10:00,-78.3,1
2024-11-04 10:15:00,-78.9,1
2024-11-04 10:20:00,-79.3,1
2024-11-04 10:25:00,-80.4,1
2024-11-04 10:30:00,-81,1
2024-11-04 10:35:00,-81.5,1
2024-11-04 10:40:00,-82.2,1
2024-11-04 10:45:00,-83,1
2024-11-04 10:50:00,-83.6,1
2024-11-04 10:55:00,-84.2,1
2024-11-04 11:00:00,-85.2,1
2024-11-04 11:05:00,-86,1
2024-11-04 11:10:00,-86.7,1
2024-11-04 11:15:00,-87.5,1
2024-11-04 11:20:00,-88.4,1
2024-11-04 11:25:00,-89.3,1
2024-11-04 11:30:00,-89.9,1
2024-11-04 11:35:00,-90.6,1
2024-11-04 11:40:00,-92,1
2024-11-04 11:45:00,-93,1
2024-11-04 11:50:00,-93.6,1
2024-11-04 11:55:00,-94.5,1
2024-11-04 12:00:00,-95.4,1
2024-11-04 12:05:00,-96.4,1
2024-11-04 12:10:00,-98.1,1
2024-11-04 12:15:00,-98.5,1
2024-11-04 12:20:00,-99.7,1
2024-11-04 12:25:00,-100.8,1
2024-11-04 12:30:00,-102.1,1
2024-11-04 12:35:00,-103.5,1
2024-11-04 12:40:00,-104.6,1
2024-11-04 12:45:00,-107.9,1
2024-11-04 12:50:00,-109.5,1
2024-11-04 12:55:00,-110.5,1
2024-10-24 10:25:00,-5254,2
2024-10-24 10:30:00,-4502,2
2024-10-24 10:35:00,-4111,2
2024-10-24 10:40:00,-3844,2
2024-10-24 10:45:00,-3793,2
2024-10-24 10:50:00,-3441,2
2024-10-24 10:55:00,0,2
2024-10-24 11:00:00,0,2
2024-10-24 11:05:00,0,2
2024-10-24 11:10:00,-0.1,2
2024-10-24 11:15:00,-0.1,2
2024-10-24 11:20:00,-0.1,2
2024-10-24 11:25:00,-0.1,2
2024-10-24 11:30:00,-0.1,2
2024-10-24 11:35:00,-0.1,2
2024-10-24 11:40:00,-0.1,2
2024-10-24 11:45:00,-0.1,2
2024-10-24 11:50:00,-0.1,2
2024-10-24 11:55:00,-0.1,2
2024-10-24 12:00:00,-0.1,2
2024-10-24 12:05:00,-0.1,2
2024-10-24 12:10:00,-0.1,2
2024-10-24 12:15:00,-0.1,2
2024-10-24 12:20:00,-0.1,2
2024-10-24 12:25:00,-0.1,2
2024-10-24 12:30:00,-0.1,2
2024-10-24 12:35:00,-0.1,2
2024-10-24 12:40:00,-0.1,2
2024-10-24 12:45:00,-0.1,2
2024-10-24 12:50:00,-0.1,2
2024-10-24 12:55:00,-0.1,2
2024-10-24 13:00:00,-0.1,2
2024-10-24 13:05:00,-0.1,2
2024-10-24 13:10:00,-0.1,2
2024-10-24 13:15:00,-0.1,2
2024-10-24 13:20:00,-0.1,2
2024-10-24 13:25:00,-0.1,2
2024-10-24 13:30:00,-0.1,2
2024-10-24 13:35:00,-0.1,2
2024-10-24 13:40:00,-0.1,2
2024-10-24 13:45:00,-0.1,2
2024-10-24 13:50:00,-0.1,2
2024-10-24 13:55:00,0,2
2024-10-24 14:00:00,-0.1,2
2024-10-24 14:05:00,0,2
2024-10-24 14:10:00,0,2
2024-10-24 14:15:00,0,2
2024-10-24 14:20:00,0,2
2024-10-24 14:25:00,0,2
2024-10-24 14:30:00,0,2
2024-10-24 14:35:00,0,2
2024-10-24 14:40:00,0,2
2024-10-24 14:45:00,0,2
2024-10-24 14:50:00,0,2
2024-10-24 14:55:00,0,2
2024-10-24 15:00:00,0,2
2024-10-24 15:05:00,0,2
2024-10-24 15:10:00,0,2
2024-10-24 15:15:00,0,2
2024-10-24 15:20:00,0,2
2024-10-24 15:25:00,0,2
2024-10-24 15:30:00,0,2
2024-10-24 15:35:00,0,2
2024-10-24 15:40:00,0,2
2024-10-24 15:45:00,0,2
2024-10-24 15:50:00,0,2
2024-10-24 15:55:00,0,2
2024-10-24 16:00:00,0,2
2024-10-24 16:05:00,0,2
2024-10-24 16:10:00,0,2
2024-10-24 16:15:00,0,2
2024-10-24 16:20:00,0,2
2024-10-24 16:25:00,0,2
2024-10-24 16:30:00,0,2
2024-10-24 16:35:00,0,2
2024-10-24 16:40:00,0,2
2024-10-24 16:45:00,0,2
2024-10-24 16:50:00,0,2
2024-10-24 16:55:00,0,2
2024-10-24 17:00:00,0,2
2024-10-24 17:05:00,0,2
2024-10-24 17:10:00,0,2
2024-10-24 17:15:00,0,2
2024-10-24 17:20:00,0,2
2024-10-24 17:25:00,0,2
2024-10-24 17:30:00,0,2
2024-10-24 17:35:00,0,2
2024-10-24 17:40:00,0,2
2024-10-24 17:45:00,0,2
2024-10-24 17:50:00,0,2
2024-10-24 17:55:00,0,2
2024-10-24 18:00:00,0,2
2024-10-24 18:05:00,0,2
2024-10-24 18:10:00,0,2
2024-10-24 18:15:00,0,2
2024-10-24 18:20:00,0,2
2024-10-24 18:25:00,0,2
2024-10-24 18:30:00,0,2
2024-10-24 18:35:00,0,2
2024-10-24 18:40:00,0,2
2024-10-24 18:45:00,0,2
2024-10-24 18:50:00,0,2
2024-10-24 18:55:00,0,2
2024-10-24 19:00:00,0,2
2024-10-24 19:05:00,0,2
2024-10-24 19:10:00,0,2
2024-10-24 19:15:00,0,2
2024-10-24 19:20:00,0,2
2024-10-24 19:25:00,0,2
2024-10-24 19:30:00,0,2
2024-10-24 19:35:00,0,2
2024-10-24 19:40:00,0,2
2024-10-24 19:45:00,0,2
2024-10-24 19:50:00,0,2
2024-10-24 19:55:00,0,2
2024-10-24 20:00:00,0,2
2024-10-24 20:05:00,0,2
2024-10-24 20:10:00,0,2
2024-10-24 20:15:00,0,2
2024-10-24 20:20:00,0,2
2024-10-24 20:25:00,0,2
2024-10-24 20:30:00,0,2
2024-10-24 20:35:00,0,2
2024-10-24 20:40:00,0,2
2024-10-24 20:45:00,0,2
2024-10-24 20:50:00,0,2
2024-10-24 20:55:00,0,2
2024-10-24 21:00:00,0,2
2024-10-24 21:05:00,0,2
2024-10-24 21:10:00,0,2
2024-10-24 21:15:00,0,2
2024-10-24 21:20:00,0,2
2024-10-24 21:25:00,0,2
2024-10-24 21:30:00,0,2
2024-10-24 21:35:00,0,2
2024-10-24 21:40:00,0,2
2024-10-24 21:45:00,0,2
2024-10-24 21:50:00,0,2
2024-10-24 21:55:00,0,2
2024-10-24 22:00:00,0,2
2024-10-24 22:05:00,0,2
2024-10-24 22:10:00,0,2
2024-10-24 22:15:00,0,2
2024-10-24 22:20:00,0,2
2024-10-24 22:25:00,0,2
2024-10-24 22:30:00,0,2
2024-10-24 22:35:00,0,2
2024-10-24 22:40:00,0,2
2024-10-24 22:45:00,0,2
2024-10-24 22:50:00,0,2
2024-10-24 22:55:00,0,2
2024-10-24 23:00:00,0,2
2024-10-24 23:05:00,0,2
2024-10-24 23:10:00,0,2
2024-10-24 23:15:00,0,2
2024-10-24 23:20:00,0,2
2024-10-24 23:25:00,0,2
2024-10-24 23:30:00,0,2
2024-10-24 23:35:00,0,2
2024-10-24 23:40:00,0,2
2024-10-24 23:45:00,0,2
2024-10-24 23:50:00,0,2
2024-10-24 23:55:00,0,2
2024-10-25,0,2
2024-10-25 00:05:00,0,2
2024-10-25 00:10:00,0,2
2024-10-25 00:15:00,0,2
2024-10-25 00:20:00,0,2
2024-10-25 00:25:00,0,2
2024-10-25 00:30:00,0,2
2024-10-25 00:35:00,0,2
2024-10-25 00:40:00,0,2
2024-10-25 00:45:00,0,2
2024-10-25 00:50:00,0,2
2024-10-25 00:55:00,0,2
2024-10-25 01:00:00,0,2
2024-10-25 01:05:00,0,2
2024-10-25 01:10:00,0,2
2024-10-25 01:15:00,0,2
2024-10-25 01:20:00,0,2
2024-10-25 01:25:00,0,2
2024-10-25 01:30:00,0,2
2024-10-25 01:35:00,0,2
2024-10-25 01:40:00,0,2
2024-10-25 01:45:00,0,2
2024-10-25 01:50:00,0,2
2024-10-25 01:55:00,0,2
2024-10-25 02:00:00,0,2
2024-10-25 02:05:00,0,2
2024-10-25 02:10:00,0,2
2024-10-25 02:15:00,0,2
2024-10-25 02:20:00,0,2
2024-10-25 02:25:00,0,2
2024-10-25 02:30:00,0,2
2024-10-25 02:35:00,0,2
2024-10-25 02:40:00,0,2
2024-10-25 02:45:00,0,2
2024-10-25 02:50:00,0,2
2024-10-25 02:55:00,0,2
2024-10-25 03:00:00,0,2
2024-10-25 03:05:00,0,2
2024-10-25 03:10:00,0,2
2024-10-25 03:15:00,0,2
2024-10-25 03:20:00,0,2
2024-10-25 03:25:00,0,2
2024-10-25 03:30:00,0,2
2024-10-25 03:35:00,0,2
2024-10-25 03:40:00,0,2
2024-10-25 03:45:00,0,2
2024-10-25 03:50:00,0,2
2024-10-25 03:55:00,0,2
2024-10-25 04:00:00,0,2
2024-10-25 04:05:00,0,2
2024-10-25 04:10:00,0,2
2024-10-25 04:15:00,0,2
2024-10-25 04:20:00,0,2
2024-10-25 04:25:00,0,2
2024-10-25 04:30:00,0,2
2024-10-25 04:35:00,0,2
2024-10-25 04:40:00,0,2
2024-10-25 04:45:00,0,2
2024-10-25 04:50:00,0,2
2024-10-25 04:55:00,0,2
2024-10-25 05:00:00,0,2
2024-10-25 05:05:00,0,2
2024-10-25 05:10:00,0,2
2024-10-25 05:15:00,0,2
2024-10-25 05:20:00,0,2
2024-10-25 05:25:00,0,2
2024-10-25 05:30:00,0,2
2024-10-25 05:35:00,0,2
2024-10-25 05:40:00,0,2
2024-10-25 05:45:00,0,2
2024-10-25 05:50:00,0,2
2024-10-25 05:55:00,0,2
2024-10-25 06:00:00,0,2
2024-10-25 06:05:00,0,2
2024-10-25 06:10:00,0,2
2024-10-25 06:15:00,0,2
2024-10-25 06:20:00,0,2
2024-10-25 06:25:00,0,2
2024-10-25 06:30:00,0,2
2024-10-25 06:35:00,0,2
2024-10-25 06:40:00,0,2
2024-10-25 06:45:00,0,2
2024-10-25 06:50:00,0,2
2024-10-25 06:55:00,0,2
2024-10-25 07:00:00,0,2
2024-10-25 07:05:00,0,2
2024-10-25 07:10:00,0,2
2024-10-25 07:15:00,0,2
2024-10-25 07:20:00,0,2
2024-10-25 07:25:00,0,2
2024-10-25 07:30:00,0,2
2024-10-25 07:35:00,0,2
2024-10-25 07:40:00,0,2
2024-10-25 07:45:00,0,2
2024-10-25 07:50:00,0,2
2024-10-25 07:55:00,0,2
2024-10-25 08:00:00,0,2
2024-10-25 08:05:00,0,2
2024-10-25 08:10:00,0,2
2024-10-25 08:15:00,0,2
2024-10-25 08:20:00,0,2
2024-10-25 08:25:00,0,2
2024-10-25 08:30:00,0,2
2024-10-25 08:35:00,0,2
2024-10-25 08:40:00,0,2
2024-10-25 08:45:00,0,2
2024-10-25 08:50:00,0,2
2024-10-25 08:55:00,0,2
2024-10-25 09:00:00,0,2
2024-10-25 09:05:00,0,2
2024-10-25 09:10:00,0,2
2024-10-25 09:15:00,0,2
2024-10-25 09:20:00,0,2
2024-10-25 09:25:00,0,2
2024-10-25 09:30:00,0,2
2024-10-25 09:35:00,0,2
2024-10-25 09:40:00,0,2
2024-10-25 09:45:00,0,2
2024-10-25 09:50:00,0,2
2024-10-25 09:55:00,0,2
2024-10-25 10:00:00,0,2
2024-10-25 10:05:00,0,2
2024-10-25 10:10:00,0,2
2024-10-25 10:15:00,0,2
2024-10-25 10:20:00,0,2
2024-10-25 10:25:00,0,2
2024-10-25 10:30:00,0,2
2024-10-25 10:35:00,0,2
2024-10-25 10:40:00,0,2
2024-10-25 10:45:00,0,2
2024-10-25 10:50:00,0,2
2024-10-25 10:55:00,0,2
2024-10-25 11:00:00,0,2
2024-10-25 11:05:00,0,2
2024-10-25 11:10:00,0,2
2024-10-25 11:15:00,0,2
2024-10-25 11:20:00,0,2
2024-10-25 11:25:00,0,2
2024-10-25 11:30:00,0,2
2024-10-25 11:35:00,0,2
2024-10-25 11:40:00,0,2
2024-10-25 11:45:00,0,2
2024-10-25 11:50:00,0,2
2024-10-25 11:55:00,0,2
2024-10-25 12:00:00,0,2
2024-10-25 12:05:00,0,2
2024-10-25 12:10:00,0,2
2024-10-25 12:15:00,0,2
2024-10-25 12:20:00,0,2
2024-10-25 12:25:00,0,2
2024-10-25 12:30:00,0,2
2024-10-25 12:35:00,0,2
2024-10-25 12:40:00,0,2
2024-10-25 12:45:00,0,2
2024-10-25 12:50:00,0,2
2024-10-25 12:55:00,0,2
2024-10-25 13:00:00,0,2
2024-10-25 13:05:00,0,2
2024-10-25 13:10:00,0,2
2024-10-25 13:15:00,0,2
2024-10-25 13:20:00,0,2
2024-10-25 13:25:00,0,2
2024-10-25 13:30:00,0,2
2024-10-25 13:35:00,0,2
2024-10-25 13:40:00,0,2
2024-10-25 13:45:00,0,2
2024-10-25 13:50:00,0,2
2024-10-25 13:55:00,0,2
2024-10-25 14:00:00,0,2
2024-10-25 14:05:00,0,2
2024-10-25 14:10:00,0,2
2024-10-25 14:15:00,0,2
2024-10-25 14:20:00,0,2
2024-10-25 14:25:00,0,2
2024-10-25 14:30:00,0,2
2024-10-25 14:35:00,0,2
2024-10-25 14:40:00,0,2
2024-10-25 14:45:00,0,2
2024-10-25 14:50:00,0,2
2024-10-25 14:55:00,0,2
2024-10-25 15:00:00,0,2
2024-10-25 15:05:00,0,2
2024-10-25 15:10:00,0,2
2024-10-25 15:15:00,0,2
2024-10-25 15:20:00,0,2
2024-10-25 15:25:00,0,2
2024-10-25 15:30:00,0,2
2024-10-25 15:35:00,0,2
2024-10-25 15:40:00,0,2
2024-10-25 15:45:00,0,2
2024-10-25 15:50:00,0,2
2024-10-25 15:55:00,0,2
2024-10-25 16:00:00,0,2
2024-10-25 16:05:00,0,2
2024-10-25 16:10:00,0,2
2024-10-25 16:15:00,0,2
2024-10-25 16:20:00,0,2
2024-10-25 16:25:00,0,2
2024-10-25 16:30:00,0,2
2024-10-25 16:35:00,0,2
2024-10-25 16:40:00,0,2
2024-10-25 16:45:00,0,2
2024-10-25 16:50:00,0,2
2024-10-25 16:55:00,0,2
2024-10-25 17:00:00,0,2
2024-10-25 17:05:00,0,2
2024-10-25 17:10:00,0,2
2024-10-25 17:15:00,0,2
2024-10-25 17:20:00,0,2
2024-10-25 17:25:00,0,2
2024-10-25 17:30:00,0,2
2024-10-25 17:35:00,0,2
2024-10-25 17:40:00,0,2
2024-10-25 17:45:00,0,2
2024-10-25 17:50:00,0,2
2024-10-25 17:55:00,0,2
2024-10-25 18:00:00,0,2
2024-10-25 18:05:00,0,2
2024-10-25 18:10:00,0,2
2024-10-25 18:15:00,0,2
2024-10-25 18:20:00,0,2
2024-10-25 18:25:00,0,2
2024-10-25 18:30:00,0,2
2024-10-25 18:35:00,0,2
2024-10-25 18:40:00,0,2
2024-10-25 18:45:00,0,2
2024-10-25 18:50:00,0,2
2024-10-25 18:55:00,0,2
2024-10-25 19:00:00,0,2
2024-10-25 19:05:00,0,2
2024-10-25 19:10:00,0,2
2024-10-25 19:15:00,0,2
2024-10-25 19:20:00,0,2
2024-10-25 19:25:00,0,2
2024-10-25 19:30:00,0,2
2024-10-25 19:35:00,0,2
2024-10-25 19:40:00,0,2
2024-10-25 19:45:00,0,2
2024-10-25 19:50:00,0,2
2024-10-25 19:55:00,0,2
2024-10-25 20:00:00,0,2
2024-10-25 20:05:00,0,2
2024-10-25 20:10:00,0,2
2024-10-25 20:15:00,0,2
2024-10-25 20:20:00,0,2
2024-10-25 20:25:00,0,2
2024-10-25 20:30:00,0,2
2024-10-25 20:35:00,0,2
2024-10-25 20:40:00,0,2
2024-10-25 20:45:00,0,2
2024-10-25 20:50:00,0,2
2024-10-25 20:55:00,0,2
2024-10-25 21:00:00,0,2
2024-10-25 21:05:00,0,2
2024-10-25 21:10:00,0,2
2024-10-25 21:15:00,0,2
2024-10-25 21:20:00,0,2
2024-10-25 21:25:00,0,2
2024-10-25 21:30:00,0,2
2024-10-25 21:35:00,0,2
2024-10-25 21:40:00,0,2
2024-10-25 21:45:00,0,2
2024-10-25 21:50:00,0,2
2024-10-25 21:55:00,0,2
2024-10-25 22:00:00,0,2
2024-10-25 22:05:00,0,2
2024-10-25 22:10:00,0,2
2024-10-25 22:15:00,0,2
2024-10-25 22:20:00,0,2
2024-10-25 22:25:00,0,2
2024-10-25 22:30:00,0,2
2024-10-25 22:35:00,0,2
2024-10-25 22:40:00,0,2
2024-10-25 22:45:00,0,2
2024-10-25 22:50:00,0,2
2024-10-25 22:55:00,0,2
2024-10-25 23:00:00,0,2
2024-10-25 23:05:00,0,2
2024-10-25 23:10:00,0,2
2024-10-25 23:15:00,0,2
2024-10-25 23:20:00,0,2
2024-10-25 23:25:00,0,2
2024-10-25 23:30:00,0,2
2024-10-25 23:35:00,0,2
2024-10-25 23:40:00,0,2
2024-10-25 23:45:00,0,2
2024-10-25 23:50:00,0,2
2024-10-25 23:55:00,0,2
2024-10-26,0,2
2024-10-26 00:05:00,0,2
2024-10-26 00:10:00,0,2
2024-10-26 00:15:00,0,2
2024-10-26 00:20:00,0,2
2024-10-26 00:25:00,0,2
2024-10-26 00:30:00,0,2
2024-10-26 00:35:00,0,2
2024-10-26 00:40:00,0,2
2024-10-26 00:45:00,0,2
2024-10-26 00:50:00,0,2
2024-10-26 00:55:00,0,2
2024-10-26 01:00:00,0,2
2024-10-26 01:05:00,0,2
2024-10-26 01:10:00,0,2
2024-10-26 01:15:00,0,2
2024-10-26 01:20:00,0,2
2024-10-26 01:25:00,0,2
2024-10-26 01:30:00,0,2
2024-10-26 01:35:00,0,2
2024-10-26 01:40:00,0,2
2024-10-26 01:45:00,0,2
2024-10-26 01:50:00,0,2
2024-10-26 01:55:00,0,2
2024-10-26 02:00:00,0,2
2024-10-26 02:05:00,0,2
2024-10-26 02:10:00,0,2
2024-10-26 02:15:00,0,2
2024-10-26 02:20:00,0,2
2024-10-26 02:25:00,0,2
2024-10-26 02:30:00,0,2
2024-10-26 02:35:00,0,2
2024-10-26 02:40:00,0,2
2024-10-26 02:45:00,0,2
2024-10-26 02:50:00,0,2
2024-10-26 02:55:00,0,2
2024-10-26 03:00:00,0,2
2024-10-26 03:05:00,0,2
2024-10-26 03:10:00,0,2
2024-10-26 03:15:00,0,2
2024-10-26 03:20:00,0,2
2024-10-26 03:25:00,0,2
2024-10-26 03:30:00,0,2
2024-10-26 03:35:00,0,2
2024-10-26 03:40:00,0,2
2024-10-26 03:45:00,0,2
2024-10-26 03:50:00,0,2
2024-10-26 03:55:00,0,2
2024-10-26 04:00:00,0,2
2024-10-26 04:05:00,0,2
2024-10-26 04:10:00,0,2
2024-10-26 04:15:00,0,2
2024-10-26 04:20:00,0,2
2024-10-26 04:25:00,0,2
2024-10-26 04:30:00,0,2
2024-10-26 04:35:00,0,2
2024-10-26 04:40:00,0,2
2024-10-26 04:45:00,0,2
2024-10-26 04:50:00,0,2
2024-10-26 04:55:00,0,2
2024-10-26 05:00:00,0,2
2024-10-26 05:05:00,0,2
2024-10-26 05:10:00,0,2
2024-10-26 05:15:00,0,2
2024-10-26 05:20:00,0,2
2024-10-26 05:25:00,0,2
2024-10-26 05:30:00,0,2
2024-10-26 05:35:00,0,2
2024-10-26 05:40:00,0,2
2024-10-26 05:45:00,0,2
2024-10-26 05:50:00,0,2
2024-10-26 05:55:00,0,2
2024-10-26 06:00:00,0,2
2024-10-26 06:05:00,0,2
2024-10-26 06:10:00,0,2
2024-10-26 06:15:00,0,2
2024-10-26 06:20:00,0,2
2024-10-26 06:25:00,0,2
2024-10-26 06:30:00,0,2
2024-10-26 06:35:00,0,2
2024-10-26 06:40:00,0,2
2024-10-26 06:45:00,0,2
2024-10-26 06:50:00,0,2
2024-10-26 06:55:00,0,2
2024-10-26 07:00:00,0,2
2024-10-26 07:05:00,0,2
2024-10-26 07:10:00,0,2
2024-10-26 07:15:00,0,2
2024-10-26 07:20:00,0,2
2024-10-26 07:25:00,0,2
2024-10-26 07:30:00,0,2
2024-10-26 07:35:00,0,2
2024-10-26 07:40:00,0,2
2024-10-26 07:45:00,0,2
2024-10-26 07:50:00,0,2
2024-10-26 07:55:00,0,2
2024-10-26 08:00:00,0,2
2024-10-26 08:05:00,0,2
2024-10-26 08:10:00,0,2
2024-10-26 08:15:00,0,2
2024-10-26 08:20:00,0,2
2024-10-26 08:25:00,0,2
2024-10-26 08:30:00,0,2
2024-10-26 08:35:00,0,2
2024-10-26 08:40:00,0,2
2024-10-26 08:45:00,0,2
2024-10-26 08:50:00,0,2
2024-10-26 08:55:00,0,2
2024-10-26 09:00:00,0,2
2024-10-26 09:05:00,0,2
2024-10-26 09:10:00,0,2
2024-10-26 09:15:00,0,2
2024-10-26 09:20:00,0,2
2024-10-26 09:25:00,0,2
2024-10-26 09:30:00,0,2
2024-10-26 09:35:00,0,2
2024-10-26 09:40:00,0,2
2024-10-26 09:45:00,0,2
2024-10-26 09:50:00,0,2
2024-10-26 09:55:00,0,2
2024-10-26 10:00:00,0,2
2024-10-26 10:05:00,0,2
2024-10-26 10:10:00,0,2
2024-10-26 10:15:00,0,2
2024-10-26 10:20:00,0,2
2024-10-26 10:25:00,0,2
2024-10-26 10:30:00,0,2
2024-10-26 10:35:00,0,2
2024-10-26 10:40:00,0,2
2024-10-26 10:45:00,0,2
2024-10-26 10:50:00,0,2
2024-10-26 10:55:00,0,2
2024-10-26 11:00:00,0,2
2024-10-26 11:05:00,0,2
2024-10-26 11:10:00,0,2
2024-10-26 11:15:00,0,2
2024-10-26 11:20:00,0,2
2024-10-26 11:25:00,0,2
2024-10-26 11:30:00,0,2
2024-10-26 11:35:00,0,2
2024-10-26 11:40:00,0,2
2024-10-26 11:45:00,0,2
2024-10-26 11:50:00,0,2
2024-10-26 11:55:00,0,2
2024-10-26 12:00:00,0,2
2024-10-26 12:05:00,0,2
2024-10-26 12:10:00,0,2
2024-10-26 12:15:00,0,2
2024-10-26 12:20:00,0,2
2024-10-26 12:25:00,0,2
2024-10-26 12:30:00,0,2
2024-10-26 12:35:00,0,2
2024-10-26 12:40:00,0,2
2024-10-26 12:45:00,0,2
2024-10-26 12:50:00,0,2
2024-10-26 12:55:00,0,2
2024-10-26 13:00:00,0,2
2024-10-26 13:05:00,0,2
2024-10-26 13:10:00,0,2
2024-10-26 13:15:00,0,2
2024-10-26 13:20:00,0,2
2024-10-26 13:25:00,0,2
2024-10-26 13:30:00,0,2
2024-10-26 13:35:00,0,2
2024-10-26 13:40:00,0,2
2024-10-26 13:45:00,0,2
2024-10-26 13:50:00,0,2
2024-10-26 13:55:00,0,2
2024-10-26 14:00:00,0,2
2024-10-26 14:05:00,0,2
2024-10-26 14:10:00,0,2
2024-10-26 14:15:00,0,2
2024-10-26 14:20:00,0,2
2024-10-26 14:25:00,0,2
2024-10-26 14:30:00,0,2
2024-10-26 14:35:00,0,2
2024-10-26 14:40:00,0,2
2024-10-26 14:45:00,0,2
2024-10-26 14:50:00,0,2
2024-10-26 14:55:00,0,2
2024-10-26 15:00:00,0,2
2024-10-26 15:05:00,0,2
2024-10-26 15:10:00,0,2
2024-10-26 15:15:00,0,2
2024-10-26 15:20:00,0,2
2024-10-26 15:25:00,0,2
2024-10-26 15:30:00,0,2
2024-10-26 15:35:00,0,2
2024-10-26 15:40:00,0,2
2024-10-26 15:45:00,0,2
2024-10-26 15:50:00,0,2
2024-10-26 15:55:00,0,2
2024-10-26 16:00:00,0,2
2024-10-26 16:05:00,0,2
2024-10-26 16:10:00,0,2
2024-10-26 16:15:00,0,2
2024-10-26 16:20:00,0,2
2024-10-26 16:25:00,0,2
2024-10-26 16:30:00,0,2
2024-10-26 16:35:00,0,2
2024-10-26 16:40:00,0,2
2024-10-26 16:45:00,0,2
2024-10-26 16:50:00,0,2
2024-10-26 16:55:00,0,2
2024-10-26 17:00:00,0,2
2024-10-26 17:05:00,0,2
2024-10-26 17:10:00,0,2
2024-10-26 17:15:00,0,2
2024-10-26 17:20:00,0,2
2024-10-26 17:25:00,0,2
2024-10-26 17:30:00,0,2
2024-10-26 17:35:00,0,2
2024-10-26 17:40:00,0,2
2024-10-26 17:45:00,0,2
2024-10-26 17:50:00,0,2
2024-10-26 17:55:00,0,2
2024-10-26 18:00:00,0,2
2024-10-26 18:05:00,0,2
2024-10-26 18:10:00,0,2
2024-10-26 18:15:00,0,2
2024-10-26 18:20:00,0,2
2024-10-26 18:25:00,0,2
2024-10-26 18:30:00,0,2
2024-10-26 18:35:00,0,2
2024-10-26 18:40:00,0,2
2024-10-26 18:45:00,0,2
2024-10-26 18:50:00,0,2
2024-10-26 18:55:00,0,2
2024-10-26 19:00:00,0,2
2024-10-26 19:05:00,0,2
2024-10-26 19:10:00,0,2
2024-10-26 19:15:00,0,2
2024-10-26 19:20:00,0,2
2024-10-26 19:25:00,0,2
2024-10-26 19:30:00,0,2
2024-10-26 19:35:00,0,2
2024-10-26 19:40:00,0,2
2024-10-26 19:45:00,0,2
2024-10-26 19:50:00,0,2
2024-10-26 19:55:00,0,2
2024-10-26 20:00:00,0,2
2024-10-26 20:05:00,0,2
2024-10-26 20:10:00,0,2
2024-10-26 20:15:00,0,2
2024-10-26 20:20:00,0,2
2024-10-26 20:25:00,0,2
2024-10-26 20:30:00,0,2
2024-10-26 20:35:00,0,2
2024-10-26 20:40:00,0,2
2024-10-26 20:45:00,0,2
2024-10-26 20:50:00,0,2
2024-10-26 20:55:00,0,2
2024-10-26 21:00:00,0,2
2024-10-26 21:05:00,0,2
2024-10-26 21:10:00,0,2
2024-10-26 21:15:00,0,2
2024-10-26 21:20:00,0,2
2024-10-26 21:25:00,0,2
2024-10-26 21:30:00,0,2
2024-10-26 21:35:00,0,2
2024-10-26 21:40:00,0,2
2024-10-26 21:45:00,0,2
2024-10-26 21:50:00,0,2
2024-10-26 21:55:00,0,2
2024-10-26 22:00:00,0,2
2024-10-26 22:05:00,0,2
2024-10-26 22:10:00,0,2
2024-10-26 22:15:00,0,2
2024-10-26 22:20:00,0,2
2024-10-26 22:25:00,0,2
2024-10-26 22:30:00,0,2
2024-10-26 22:35:00,0,2
2024-10-26 22:40:00,0,2
2024-10-26 22:45:00,0,2
2024-10-26 22:50:00,0,2
2024-10-26 22:55:00,0,2
2024-10-26 23:00:00,0,2
2024-10-26 23:05:00,0,2
2024-10-26 23:10:00,0,2
2024-10-26 23:15:00,0,2
2024-10-26 23:20:00,0,2
2024-10-26 23:25:00,0,2
2024-10-26 23:30:00,0,2
2024-10-26 23:35:00,0,2
2024-10-26 23:40:00,0,2
2024-10-26 23:45:00,0,2
2024-10-26 23:50:00,0,2
2024-10-26 23:55:00,0,2
2024-10-27,0,2
2024-10-27 00:05:00,0,2
2024-10-27 00:10:00,0,2
2024-10-27 00:15:00,0,2
2024-10-27 00:20:00,0,2
2024-10-27 00:25:00,0,2
2024-10-27 00:30:00,0,2
2024-10-27 00:35:00,0,2
2024-10-27 00:40:00,0,2
2024-10-27 00:45:00,0,2
2024-10-27 00:50:00,0,2
2024-10-27 00:55:00,0,2
2024-10-27 01:00:00,0,2
2024-10-27 01:05:00,0,2
2024-10-27 01:10:00,0,2
2024-10-27 01:15:00,0,2
2024-10-27 01:20:00,0,2
2024-10-27 01:25:00,0,2
2024-10-27 01:30:00,0,2
2024-10-27 01:35:00,0,2
2024-10-27 01:40:00,0,2
2024-10-27 01:45:00,0,2
2024-10-27 01:50:00,0,2
2024-10-27 01:55:00,0,2
2024-10-27 02:00:00,0,2
2024-10-27 02:05:00,0,2
2024-10-27 02:10:00,0,2
2024-10-27 02:15:00,0,2
2024-10-27 02:20:00,0,2
2024-10-27 02:25:00,0,2
2024-10-27 02:30:00,0,2
2024-10-27 02:35:00,0,2
2024-10-27 02:40:00,0,2
2024-10-27 02:45:00,0,2
2024-10-27 02:50:00,0,2
2024-10-27 02:55:00,0,2
2024-10-27 03:00:00,0,2
2024-10-27 03:05:00,0,2
2024-10-27 03:10:00,0,2
2024-10-27 03:15:00,0,2
2024-10-27 03:20:00,0,2
2024-10-27 03:25:00,0,2
2024-10-27 03:30:00,0,2
2024-10-27 03:35:00,0,2
2024-10-27 03:40:00,0,2
2024-10-27 03:45:00,0,2
2024-10-27 03:50:00,0,2
2024-10-27 03:55:00,0,2
2024-10-27 04:00:00,0,2
2024-10-27 04:05:00,0,2
2024-10-27 04:10:00,0,2
2024-10-27 04:15:00,0,2
2024-10-27 04:20:00,0,2
2024-10-27 04:25:00,0,2
2024-10-27 04:30:00,0,2
2024-10-27 04:35:00,0,2
2024-10-27 04:40:00,0,2
2024-10-27 04:45:00,0,2
2024-10-27 04:50:00,0,2
2024-10-27 04:55:00,0,2
2024-10-27 05:00:00,0,2
2024-10-27 05:05:00,0,2
2024-10-27 05:10:00,0,2
2024-10-27 05:15:00,0,2
2024-10-27 05:20:00,0,2
2024-10-27 05:25:00,0,2
2024-10-27 05:30:00,0,2
2024-10-27 05:35:00,0,2
2024-10-27 05:40:00,0,2
2024-10-27 05:45:00,0,2
2024-10-27 05:50:00,0,2
2024-10-27 05:55:00,0,2
2024-10-27 06:00:00,0,2
2024-10-27 06:05:00,0,2
2024-10-27 06:10:00,0,2
2024-10-27 06:15:00,0,2
2024-10-27 06:20:00,0,2
2024-10-27 06:25:00,0,2
2024-10-27 06:30:00,0,2
2024-10-27 06:35:00,0,2
2024-10-27 06:40:00,0,2
2024-10-27 06:45:00,0,2
2024-10-27 06:50:00,0,2
2024-10-27 06:55:00,0,2
2024-10-27 07:00:00,0,2
2024-10-27 07:05:00,0,2
2024-10-27 07:10:00,0,2
2024-10-27 07:15:00,0,2
2024-10-27 07:20:00,0,2
2024-10-27 07:25:00,0,2
2024-10-27 07:30:00,0,2
2024-10-27 07:35:00,0,2
2024-10-27 07:40:00,0,2
2024-10-27 07:45:00,0,2
2024-10-27 07:50:00,0,2
2024-10-27 07:55:00,0,2
2024-10-27 08:00:00,0,2
2024-10-27 08:05:00,0,2
2024-10-27 08:10:00,0,2
2024-10-27 08:15:00,0,2
2024-10-27 08:20:00,0,2
2024-10-27 08:25:00,0,2
2024-10-27 08:30:00,0,2
2024-10-27 08:35:00,0,2
2024-10-27 08:40:00,0,2
2024-10-27 08:45:00,0,2
2024-10-27 08:50:00,0,2
2024-10-27 08:55:00,0,2
2024-10-27 09:00:00,0,2
2024-10-27 09:05:00,0,2
2024-10-27 09:10:00,0,2
2024-10-27 09:15:00,0,2
2024-10-27 09:20:00,0,2
2024-10-27 09:25:00,0,2
2024-10-27 09:30:00,0,2
2024-10-27 09:35:00,0,2
2024-10-27 09:40:00,0,2
2024-10-27 09:45:00,0,2
2024-10-27 09:50:00,0,2
2024-10-27 09:55:00,0,2
2024-10-27 10:00:00,0,2
2024-10-27 10:05:00,0,2
2024-10-27 10:10:00,0,2
2024-10-27 10:15:00,0,2
2024-10-27 10:20:00,0,2
2024-10-27 10:25:00,0,2
2024-10-27 10:30:00,0,2
2024-10-27 10:35:00,0,2
2024-10-27 10:40:00,0,2
2024-10-27 10:45:00,0,2
2024-10-27 10:50:00,0,2
2024-10-27 10:55:00,0,2
2024-10-27 11:00:00,0,2
2024-10-27 11:05:00,0,2
2024-10-27 11:10:00,0,2
2024-10-27 11:15:00,0,2
2024-10-27 11:20:00,0,2
2024-10-27 11:25:00,0,2
2024-10-27 11:30:00,0,2
2024-10-27 11:35:00,0,2
2024-10-27 11:40:00,0,2
2024-10-27 11:45:00,0,2
2024-10-27 11:50:00,0,2
2024-10-27 11:55:00,0,2
2024-10-27 12:00:00,0,2
2024-10-27 12:05:00,0,2
2024-10-27 12:10:00,0,2
2024-10-27 12:15:00,0,2
2024-10-27 12:20:00,0,2
2024-10-27 12:25:00,0,2
2024-10-27 12:30:00,0,2
2024-10-27 12:35:00,0,2
2024-10-27 12:40:00,0,2
2024-10-27 12:45:00,0,2
2024-10-27 12:50:00,0,2
2024-10-27 12:55:00,0,2
2024-10-27 13:00:00,0,2
2024-10-27 13:05:00,0,2
2024-10-27 13:10:00,0,2
2024-10-27 13:15:00,0,2
2024-10-27 13:20:00,0,2
2024-10-27 13:25:00,0,2
2024-10-27 13:30:00,0,2
2024-10-27 13:35:00,0,2
2024-10-27 13:40:00,0,2
2024-10-27 13:45:00,0,2
2024-10-27 13:50:00,0,2
2024-10-27 13:55:00,0,2
2024-10-27 14:00:00,0,2
2024-10-27 14:05:00,0,2
2024-10-27 14:10:00,0,2
2024-10-27 14:15:00,0,2
2024-10-27 14:20:00,0,2
2024-10-27 14:25:00,0,2
2024-10-27 14:30:00,0,2
2024-10-27 14:35:00,0,2
2024-10-27 14:40:00,0,2
2024-10-27 14:45:00,0,2
2024-10-27 14:50:00,0,2
2024-10-27 14:55:00,0,2
2024-10-27 15:00:00,0,2
2024-10-27 15:05:00,0,2
2024-10-27 15:10:00,0,2
2024-10-27 15:15:00,0,2
2024-10-27 15:20:00,0,2
2024-10-27 15:25:00,0,2
2024-10-27 15:30:00,0,2
2024-10-27 15:35:00,0,2
2024-10-27 15:40:00,0,2
2024-10-27 15:45:00,0,2
2024-10-27 15:50:00,0,2
2024-10-27 15:55:00,0,2
2024-10-27 16:00:00,0,2
2024-10-27 16:05:00,0,2
2024-10-27 16:10:00,0,2
2024-10-27 16:15:00,0,2
2024-10-27 16:20:00,0,2
2024-10-27 16:25:00,0,2
2024-10-27 16:30:00,0,2
2024-10-27 16:35:00,0,2
2024-10-27 16:40:00,0,2
2024-10-27 16:45:00,0,2
2024-10-27 16:50:00,0,2
2024-10-27 16:55:00,0,2
2024-10-27 17:00:00,0,2
2024-10-27 17:05:00,0,2
2024-10-27 17:10:00,0,2
2024-10-27 17:15:00,0,2
2024-10-27 17:20:00,0,2
2024-10-27 17:25:00,0,2
2024-10-27 17:30:00,0,2
2024-10-27 17:35:00,0,2
2024-10-27 17:40:00,0,2
2024-10-27 17:45:00,0,2
2024-10-27 17:50:00,0,2
2024-10-27 17:55:00,0,2
2024-10-27 18:00:00,0,2
2024-10-27 18:05:00,0,2
2024-10-27 18:10:00,0,2
2024-10-27 18:15:00,0,2
2024-10-27 18:20:00,0,2
2024-10-27 18:25:00,0,2
2024-10-27 18:30:00,0,2
2024-10-27 18:35:00,0,2
2024-10-27 18:40:00,0,2
2024-10-27 18:45:00,-0.1,2
2024-10-27 18:50:00,-0.1,2
2024-10-27 18:55:00,-0.1,2
2024-10-27 19:00:00,-0.1,2
2024-10-27 19:05:00,-0.1,2
2024-10-27 19:10:00,-0.1,2
2024-10-27 19:15:00,-0.1,2
2024-10-27 19:20:00,-0.1,2
2024-10-27 19:25:00,-0.1,2
2024-10-27 19:30:00,-0.2,2
2024-10-27 19:35:00,-0.2,2
2024-10-27 19:40:00,-0.2,2
2024-10-27 19:45:00,-0.2,2
2024-10-27 19:50:00,-0.3,2
2024-10-27 19:55:00,-0.3,2
2024-10-27 20:00:00,-0.4,2
2024-10-27 20:05:00,-0.4,2
2024-10-27 20:10:00,-0.5,2
2024-10-27 20:15:00,-0.6,2
2024-10-27 20:20:00,-0.7,2
2024-10-27 20:25:00,-0.8,2
2024-10-27 20:30:00,-0.9,2
2024-10-27 20:35:00,-1,2
2024-10-27 20:40:00,-1.1,2
2024-10-27 20:45:00,-1.4,2
2024-10-27 20:50:00,-1.6,2
2024-10-27 20:55:00,-1.8,2
2024-10-27 21:00:00,-2.1,2
2024-10-27 21:05:00,-2.2,2
2024-10-27 21:10:00,-2.5,2
2024-10-27 21:15:00,-3,2
2024-10-27 21:20:00,-3.2,2
2024-10-27 21:25:00,-3.6,2
2024-10-27 21:30:00,-4,2
2024-10-27 21:35:00,-4.7,2
2024-10-27 21:40:00,-5.1,2
2024-10-27 21:45:00,-5.2,2
2024-10-27 21:50:00,-5.3,2
2024-10-27 21:55:00,-5.5,2
2024-10-27 22:00:00,-5.5,2
2024-10-27 22:05:00,-5.7,2
2024-10-27 22:10:00,-5.9,2
2024-10-27 22:15:00,-6,2
2024-10-27 22:20:00,-6.1,2
2024-10-27 22:25:00,-6.2,2
2024-10-27 22:30:00,-6.4,2
2024-10-27 22:35:00,-6.4,2
2024-10-27 22:40:00,-6.7,2
2024-10-27 22:45:00,-6.9,2
2024-10-27 22:50:00,-7,2
2024-10-27 22:55:00,-7.2,2
2024-10-27 23:00:00,-7.3,2
2024-10-27 23:05:00,-7.5,2
2024-10-27 23:10:00,-7.6,2
2024-10-27 23:15:00,-7.9,2
2024-10-27 23:20:00,-8,2
2024-10-27 23:25:00,-8.2,2
2024-10-27 23:30:00,-8.3,2
2024-10-27 23:35:00,-8.4,2
2024-10-27 23:40:00,-8.7,2
2024-10-27 23:45:00,-8.7,2
2024-10-27 23:50:00,-9,2
2024-10-27 23:55:00,-9.2,2
2024-10-28,-9.4,2
2024-10-28 00:05:00,-9.5,2
2024-10-28 00:10:00,-9.7,2
2024-10-28 00:15:00,-9.8,2
2024-10-28 00:20:00,-9.9,2
2024-10-28 00:25:00,-10,2
2024-10-28 00:30:00,-10,2
2024-10-28 00:35:00,-10.1,2
2024-10-28 00:40:00,-10.1,2
2024-10-28 00:45:00,-10.1,2
2024-10-28 00:50:00,-10.2,2
2024-10-28 00:55:00,-10.2,2
2024-10-28 01:00:00,-10.2,2
2024-10-28 01:05:00,-10.3,2
2024-10-28 01:10:00,-10.3,2
2024-10-28 01:15:00,-10.3,2
2024-10-28 01:20:00,-10.3,2
2024-10-28 01:25:00,-10.4,2
2024-10-28 01:30:00,-10.4,2
2024-10-28 01:35:00,-10.4,2
2024-10-28 01:40:00,-10.5,2
2024-10-28 01:45:00,-10.5,2
2024-10-28 01:50:00,-10.5,2
2024-10-28 01:55:00,-10.5,2
2024-10-28 02:00:00,-10.6,2
2024-10-28 02:05:00,-10.6,2
2024-10-28 02:10:00,-10.6,2
2024-10-28 02:15:00,-10.7,2
2024-10-28 02:20:00,-10.7,2
2024-10-28 02:25:00,-10.7,2
2024-10-28 02:30:00,-10.7,2
2024-10-28 02:35:00,-10.7,2
2024-10-28 02:40:00,-10.8,2
2024-10-28 02:45:00,-10.8,2
2024-10-28 02:50:00,-10.8,2
2024-10-28 02:55:00,-10.8,2
2024-10-28 03:00:00,-10.9,2
2024-10-28 03:05:00,-10.9,2
2024-10-28 03:10:00,-10.9,2
2024-10-28 03:15:00,-10.9,2
2024-10-28 03:20:00,-10.9,2
2024-10-28 03:25:00,-11,2
2024-10-28 03:30:00,-11,2
2024-10-28 03:35:00,-11,2
2024-10-28 03:40:00,-11,2
2024-10-28 03:45:00,-11.1,2
2024-10-28 03:50:00,-11.1,2
2024-10-28 03:55:00,-11.1,2
2024-10-28 04:00:00,-11.1,2
2024-10-28 04:05:00,-11.1,2
2024-10-28 04:10:00,-11.2,2
2024-10-28 04:15:00,-11.2,2
2024-10-28 04:20:00,-11.2,2
2024-10-28 04:25:00,-11.2,2
2024-10-28 04:30:00,-11.3,2
2024-10-28 04:35:00,-11.2,2
2024-10-28 04:40:00,-11.3,2
2024-10-28 04:45:00,-11.3,2
2024-10-28 04:50:00,-11.3,2
2024-10-28 04:55:00,-11.3,2
2024-10-28 05:00:00,-11.3,2
2024-10-28 05:05:00,-11.4,2
2024-10-28 05:10:00,-11.4,2
2024-10-28 05:15:00,-11.4,2
2024-10-28 05:20:00,-11.4,2
2024-10-28 05:25:00,-11.4,2
2024-10-28 05:30:00,-11.5,2
2024-10-28 05:35:00,-11.5,2
2024-10-28 05:40:00,-11.5,2
2024-10-28 05:45:00,-11.5,2
2024-10-28 05:50:00,-11.5,2
2024-10-28 05:55:00,-11.6,2
2024-10-28 06:00:00,-11.6,2
2024-10-28 06:05:00,-11.6,2
2024-10-28 06:10:00,-11.6,2
2024-10-28 06:15:00,-11.7,2
2024-10-28 06:20:00,-11.7,2
2024-10-28 06:25:00,-11.7,2
2024-10-28 06:30:00,-11.7,2
2024-10-28 06:35:00,-11.7,2
2024-10-28 06:40:00,-11.7,2
2024-10-28 06:45:00,-11.7,2
2024-10-28 06:50:00,-11.8,2
2024-10-28 06:55:00,-11.8,2
2024-10-28 07:00:00,-11.8,2
2024-10-28 07:05:00,-11.8,2
2024-10-28 07:10:00,-11.8,2
2024-10-28 07:15:00,-11.9,2
2024-10-28 07:20:00,-11.9,2
2024-10-28 07:25:00,-11.9,2
2024-10-28 07:30:00,-11.9,2
2024-10-28 07:35:00,-11.9,2
2024-10-28 07:40:00,-11.9,2
2024-10-28 07:45:00,-12,2
2024-10-28 07:50:00,-12,2
2024-10-28 07:55:00,-12,2
2024-10-28 08:00:00,-12,2
2024-10-28 08:05:00,-12,2
2024-10-28 08:10:00,-12.1,2
2024-10-28 08:15:00,-12,2
2024-10-28 08:20:00,-12.1,2
2024-10-28 08:25:00,-12.1,2
2024-10-28 08:30:00,-12.1,2
2024-10-28 08:35:00,-12.2,2
2024-10-28 08:40:00,-12.2,2
2024-10-28 08:45:00,-12.2,2
2024-10-28 08:50:00,-12.2,2
2024-10-28 08:55:00,-12.2,2
2024-10-28 09:00:00,-12.2,2
2024-10-28 09:05:00,-12.3,2
2024-10-28 09:10:00,-12.3,2
2024-10-28 09:15:00,-12.3,2
2024-10-28 09:20:00,-12.3,2
2024-10-28 09:25:00,-12.4,2
2024-10-28 09:30:00,-12.4,2
2024-10-28 09:35:00,0,2
2024-10-28 09:40:00,0,2
2024-10-28 09:45:00,0,2
2024-10-28 09:50:00,0,2
2024-10-28 09:55:00,0,2
2024-10-28 10:00:00,0,2
2024-10-28 10:05:00,0,2
2024-10-28 10:10:00,0,2
2024-10-28 10:15:00,0,2
2024-10-28 10:20:00,0,2
2024-10-28 10:25:00,0,2
2024-10-28 10:30:00,0,2
2024-10-28 10:35:00,0,2
2024-10-28 10:40:00,0,2
2024-10-28 10:45:00,0,2
2024-10-28 10:50:00,0,2
2024-10-28 10:55:00,0,2
2024-10-28 11:00:00,0,2
2024-10-28 11:05:00,0,2
2024-10-28 11:10:00,0,2
2024-10-28 11:15:00,0,2
2024-10-28 11:20:00,0,2
2024-10-28 11:25:00,0,2
2024-10-28 11:30:00,0,2
2024-10-28 11:35:00,0,2
2024-10-28 11:40:00,0,2
2024-10-28 11:45:00,0,2
2024-10-28 11:50:00,0,2
2024-10-28 11:55:00,0,2
2024-10-28 12:00:00,0,2
2024-10-28 12:05:00,0,2
2024-10-28 12:10:00,0,2
2024-10-28 12:15:00,0,2
2024-10-28 12:20:00,0,2
2024-10-28 12:25:00,0,2
2024-10-28 12:30:00,0,2
2024-10-28 12:35:00,0,2
2024-10-28 12:40:00,0,2
2024-10-28 12:45:00,0,2
2024-10-28 12:50:00,0,2
2024-10-28 12:55:00,0,2
2024-10-28 13:00:00,0,2
2024-10-28 13:05:00,0,2
2024-10-28 13:10:00,0,2
2024-10-28 13:15:00,0,2
2024-10-28 13:20:00,0,2
2024-10-28 13:25:00,0,2
2024-10-28 13:30:00,0,2
2024-10-28 13:35:00,0,2
2024-10-28 13:40:00,0,2
2024-10-28 13:45:00,0,2
2024-10-28 13:50:00,0,2
2024-10-28 13:55:00,0,2
2024-10-28 14:00:00,0,2
2024-10-28 14:05:00,0,2
2024-10-28 14:10:00,0,2
2024-10-28 14:15:00,0,2
2024-10-28 14:20:00,0,2
2024-10-28 14:25:00,0,2
2024-10-28 14:30:00,0,2
2024-10-28 14:35:00,0,2
2024-10-28 14:40:00,0,2
2024-10-28 14:45:00,0,2
2024-10-28 14:50:00,0,2
2024-10-28 14:55:00,0,2
2024-10-28 15:00:00,0,2
2024-10-28 15:05:00,0,2
2024-10-28 15:10:00,0,2
2024-10-28 15:15:00,0,2
2024-10-28 15:20:00,0,2
2024-10-28 15:25:00,0,2
2024-10-28 15:30:00,0,2
2024-10-28 15:35:00,0,2
2024-10-28 15:40:00,0,2
2024-10-28 15:45:00,0,2
2024-10-28 15:50:00,0,2
2024-10-28 15:55:00,0,2
2024-10-28 16:00:00,0,2
2024-10-28 16:05:00,0,2
2024-10-28 16:10:00,0,2
2024-10-28 16:15:00,0,2
2024-10-28 16:20:00,0,2
2024-10-28 16:25:00,0,2
2024-10-28 16:30:00,0,2
2024-10-28 16:35:00,0,2
2024-10-28 16:40:00,0,2
2024-10-28 16:45:00,0,2
2024-10-28 16:50:00,0,2
2024-10-28 16:55:00,0,2
2024-10-28 17:00:00,0,2
2024-10-28 17:05:00,0,2
2024-10-28 17:10:00,0,2
2024-10-28 17:15:00,0,2
2024-10-28 17:20:00,0,2
2024-10-28 17:25:00,0,2
2024-10-28 17:30:00,0,2
2024-10-28 17:35:00,0,2
2024-10-28 17:40:00,0,2
2024-10-28 17:45:00,0,2
2024-10-28 17:50:00,0,2
2024-10-28 17:55:00,0,2
2024-10-28 18:00:00,0,2
2024-10-28 18:05:00,0,2
2024-10-28 18:10:00,0,2
2024-10-28 18:15:00,0,2
2024-10-28 18:20:00,0,2
2024-10-28 18:25:00,0,2
2024-10-28 18:30:00,0,2
2024-10-28 18:35:00,0,2
2024-10-28 18:40:00,0,2
2024-10-28 18:45:00,0,2
2024-10-28 18:50:00,0,2
2024-10-28 18:55:00,0,2
2024-10-28 19:00:00,0,2
2024-10-28 19:05:00,0,2
2024-10-28 19:10:00,0,2
2024-10-28 19:15:00,0,2
2024-10-28 19:20:00,0,2
2024-10-28 19:25:00,0,2
2024-10-28 19:30:00,0,2
2024-10-28 19:35:00,0,2
2024-10-28 19:40:00,0,2
2024-10-28 19:45:00,0,2
2024-10-28 19:50:00,0,2
2024-10-28 19:55:00,0,2
2024-10-28 20:00:00,0,2
2024-10-28 20:05:00,0,2
2024-10-28 20:10:00,0,2
2024-10-28 20:15:00,0,2
2024-10-28 20:20:00,0,2
2024-10-28 20:25:00,0,2
2024-10-28 20:30:00,0,2
2024-10-28 20:35:00,0,2
2024-10-28 20:40:00,0,2
2024-10-28 20:45:00,0,2
2024-10-28 20:50:00,0,2
2024-10-28 20:55:00,0,2
2024-10-28 21:00:00,0,2
2024-10-28 21:05:00,0,2
2024-10-28 21:10:00,0,2
2024-10-28 21:15:00,0,2
2024-10-28 21:20:00,0,2
2024-10-28 21:25:00,0,2
2024-10-28 21:30:00,0,2
2024-10-28 21:35:00,0,2
2024-10-28 21:40:00,0,2
2024-10-28 21:45:00,0,2
2024-10-28 21:50:00,0,2
2024-10-28 21:55:00,0,2
2024-10-28 22:00:00,0,2
2024-10-28 22:05:00,0,2
2024-10-28 22:10:00,0,2
2024-10-28 22:15:00,0,2
2024-10-28 22:20:00,0,2
2024-10-28 22:25:00,0,2
2024-10-28 22:30:00,0,2
2024-10-28 22:35:00,0,2
2024-10-28 22:40:00,0,2
2024-10-28 22:45:00,0,2
2024-10-28 22:50:00,0,2
2024-10-28 22:55:00,0,2
2024-10-28 23:00:00,0,2
2024-10-28 23:05:00,0,2
2024-10-28 23:10:00,0,2
2024-10-28 23:15:00,0,2
2024-10-28 23:20:00,0,2
2024-10-28 23:25:00,0,2
2024-10-28 23:30:00,0,2
2024-10-28 23:35:00,0,2
2024-10-28 23:40:00,0,2
2024-10-28 23:45:00,0,2
2024-10-28 23:50:00,0,2
2024-10-28 23:55:00,0,2
2024-10-29,0,2
2024-10-29 00:05:00,0,2
2024-10-29 00:10:00,0,2
2024-10-29 00:15:00,0,2
2024-10-29 00:20:00,0,2
2024-10-29 00:25:00,0,2
2024-10-29 00:30:00,0,2
2024-10-29 00:35:00,0,2
2024-10-29 00:40:00,0,2
2024-10-29 00:45:00,0,2
2024-10-29 00:50:00,0,2
2024-10-29 00:55:00,0,2
2024-10-29 01:00:00,0,2
2024-10-29 01:05:00,0,2
2024-10-29 01:10:00,0,2
2024-10-29 01:15:00,0,2
2024-10-29 01:20:00,0,2
2024-10-29 01:25:00,0,2
2024-10-29 01:30:00,0,2
2024-10-29 01:35:00,0,2
2024-10-29 01:40:00,0,2
2024-10-29 01:45:00,0,2
2024-10-29 01:50:00,0,2
2024-10-29 01:55:00,0,2
2024-10-29 02:00:00,0,2
2024-10-29 02:05:00,0,2
2024-10-29 02:10:00,0,2
2024-10-29 02:15:00,0,2
2024-10-29 02:20:00,0,2
2024-10-29 02:25:00,0,2
2024-10-29 02:30:00,0,2
2024-10-29 02:35:00,0,2
2024-10-29 02:40:00,0,2
2024-10-29 02:45:00,0,2
2024-10-29 02:50:00,0,2
2024-10-29 02:55:00,0,2
2024-10-29 03:00:00,0,2
2024-10-29 03:05:00,0,2
2024-10-29 03:10:00,0,2
2024-10-29 03:15:00,0,2
2024-10-29 03:20:00,0,2
2024-10-29 03:25:00,0,2
2024-10-29 03:30:00,0,2
2024-10-29 03:35:00,0,2
2024-10-29 03:40:00,0,2
2024-10-29 03:45:00,0,2
2024-10-29 03:50:00,0,2
2024-10-29 03:55:00,0,2
2024-10-29 04:00:00,0,2
2024-10-29 04:05:00,0,2
2024-10-29 04:10:00,0,2
2024-10-29 04:15:00,0,2
2024-10-29 04:20:00,0,2
2024-10-29 04:25:00,0,2
2024-10-29 04:30:00,0,2
2024-10-29 04:35:00,0,2
2024-10-29 04:40:00,0,2
2024-10-29 04:45:00,0,2
2024-10-29 04:50:00,0,2
2024-10-29 04:55:00,0,2
2024-10-29 05:00:00,0,2
2024-10-29 05:05:00,0,2
2024-10-29 05:10:00,0,2
2024-10-29 05:15:00,0,2
2024-10-29 05:20:00,0,2
2024-10-29 05:25:00,0,2
2024-10-29 05:30:00,0,2
2024-10-29 05:35:00,0,2
2024-10-29 05:40:00,0,2
2024-10-29 05:45:00,0,2
2024-10-29 05:50:00,0,2
2024-10-29 05:55:00,0,2
2024-10-29 06:00:00,0,2
2024-10-29 06:05:00,0,2
2024-10-29 06:10:00,0,2
2024-10-29 06:15:00,0,2
2024-10-29 06:20:00,0,2
2024-10-29 06:25:00,0,2
2024-10-29 06:30:00,0,2
2024-10-29 06:35:00,0,2
2024-10-29 06:40:00,0,2
2024-10-29 06:45:00,0,2
2024-10-29 06:50:00,0,2
2024-10-29 06:55:00,0,2
2024-10-29 07:00:00,0,2
2024-10-29 07:05:00,0,2
2024-10-29 07:10:00,0,2
2024-10-29 07:15:00,0,2
2024-10-29 07:20:00,0,2
2024-10-29 07:25:00,0,2
2024-10-29 07:30:00,0,2
2024-10-29 07:35:00,0,2
2024-10-29 07:40:00,0,2
2024-10-29 07:45:00,0,2
2024-10-29 07:50:00,0,2
2024-10-29 07:55:00,0,2
2024-10-29 08:00:00,0,2
2024-10-29 08:05:00,0,2
2024-10-29 08:10:00,0,2
2024-10-29 08:15:00,0,2
2024-10-29 08:20:00,0,2
2024-10-29 08:25:00,0,2
2024-10-29 08:30:00,0,2
2024-10-29 08:35:00,0,2
2024-10-29 08:40:00,0,2
2024-10-29 08:45:00,0,2
2024-10-29 08:50:00,0,2
2024-10-29 08:55:00,0,2
2024-10-29 09:00:00,0,2
2024-10-29 09:05:00,0,2
2024-10-29 09:10:00,0,2
2024-10-29 09:15:00,0,2
2024-10-29 09:20:00,0,2
2024-10-29 09:25:00,0,2
2024-10-29 09:30:00,0,2
2024-10-29 09:35:00,0,2
2024-10-29 09:40:00,0,2
2024-10-29 09:45:00,0,2
2024-10-29 09:50:00,0,2
2024-10-29 09:55:00,0,2
2024-10-29 10:00:00,0,2
2024-10-29 10:05:00,0,2
2024-10-29 10:10:00,0,2
2024-10-29 10:15:00,0,2
2024-10-29 10:20:00,0,2
2024-10-29 10:25:00,0,2
2024-10-29 10:30:00,0,2
2024-10-29 10:35:00,0,2
2024-10-29 10:40:00,0,2
2024-10-29 10:45:00,0,2
2024-10-29 10:50:00,0,2
2024-10-29 10:55:00,0,2
2024-10-29 11:00:00,0,2
2024-10-29 11:05:00,0,2
2024-10-29 11:10:00,0,2
2024-10-29 11:15:00,0,2
2024-10-29 11:20:00,0,2
2024-10-29 11:25:00,0,2
2024-10-29 11:30:00,0,2
2024-10-29 11:35:00,0,2
2024-10-29 11:40:00,0,2
2024-10-29 11:45:00,0,2
2024-10-29 11:50:00,0,2
2024-10-29 11:55:00,0,2
2024-10-29 12:00:00,0,2
2024-10-29 12:05:00,0,2
2024-10-29 12:10:00,0,2
2024-10-29 12:15:00,0,2
2024-10-29 12:20:00,0,2
2024-10-29 12:25:00,0,2
2024-10-29 12:30:00,0,2
2024-10-29 12:35:00,0,2
2024-10-29 12:40:00,0,2
2024-10-29 12:45:00,0,2
2024-10-29 12:50:00,0,2
2024-10-29 12:55:00,0,2
2024-10-29 13:00:00,0,2
2024-10-29 13:05:00,0,2
2024-10-29 13:10:00,0,2
2024-10-29 13:15:00,0,2
2024-10-29 13:20:00,0,2
2024-10-29 13:25:00,0,2
2024-10-29 13:30:00,0,2
2024-10-29 13:35:00,0,2
2024-10-29 13:40:00,-0.1,2
2024-10-29 13:45:00,-0.1,2
2024-10-29 13:50:00,-0.1,2
2024-10-29 13:55:00,-0.1,2
2024-10-29 14:00:00,-0.1,2
2024-10-29 14:05:00,-0.1,2
2024-10-29 14:10:00,-0.1,2
2024-10-29 14:15:00,-0.1,2
2024-10-29 14:20:00,-0.1,2
2024-10-29 14:25:00,-0.1,2
2024-10-29 14:30:00,-0.1,2
2024-10-29 14:35:00,-0.1,2
2024-10-29 14:40:00,-0.1,2
2024-10-29 14:45:00,-0.1,2
2024-10-29 14:50:00,-0.1,2
2024-10-29 14:55:00,-0.1,2
2024-10-29 15:00:00,-0.1,2
2024-10-29 15:05:00,-0.1,2
2024-10-29 15:10:00,-0.1,2
2024-10-29 15:15:00,-0.1,2
2024-10-29 15:20:00,-0.2,2
2024-10-29 15:25:00,-0.2,2
2024-10-29 15:30:00,-0.2,2
2024-10-29 15:35:00,-0.2,2
2024-10-29 15:40:00,-0.2,2
2024-10-29 15:45:00,-0.3,2
2024-10-29 15:50:00,-0.3,2
2024-10-29 15:55:00,-0.3,2
2024-10-29 16:00:00,-0.4,2
2024-10-29 16:05:00,-0.4,2
2024-10-29 16:10:00,-0.5,2
2024-10-29 16:15:00,0,2
2024-10-29 16:20:00,0,2
2024-10-29 16:25:00,0,2
2024-10-29 16:30:00,0,2
2024-10-29 16:35:00,0,2
2024-10-29 16:40:00,0,2
2024-10-29 16:45:00,0,2
2024-10-29 16:50:00,0,2
2024-10-29 16:55:00,-0.1,2
2024-10-29 17:00:00,-0.1,2
2024-10-29 17:05:00,-0.1,2
2024-10-29 17:10:00,-0.1,2
2024-10-29 17:15:00,-0.1,2
2024-10-29 17:20:00,-0.1,2
2024-10-29 17:25:00,-0.1,2
2024-10-29 17:30:00,-0.1,2
2024-10-29 17:35:00,-0.1,2
2024-10-29 17:40:00,-0.1,2
2024-10-29 17:45:00,-0.1,2
2024-10-29 17:50:00,-0.1,2
2024-10-29 17:55:00,-0.1,2
2024-10-29 18:00:00,-0.1,2
2024-10-29 18:05:00,-0.1,2
2024-10-29 18:10:00,-0.1,2
2024-10-29 18:15:00,-0.1,2
2024-10-29 18:20:00,-0.1,2
2024-10-29 18:25:00,-0.1,2
2024-10-29 18:30:00,-0.1,2
2024-10-29 18:35:00,-0.1,2
2024-10-29 18:40:00,-0.1,2
2024-10-29 18:45:00,-0.1,2
2024-10-29 18:50:00,-0.1,2
2024-10-29 18:55:00,-0.1,2
2024-10-29 19:00:00,-0.1,2
2024-10-29 19:05:00,-0.1,2
2024-10-29 19:10:00,-0.1,2
2024-10-29 19:15:00,-0.1,2
2024-10-29 19:20:00,-0.1,2
2024-10-29 19:25:00,-0.1,2
2024-10-29 19:30:00,-0.1,2
2024-10-29 19:35:00,-0.1,2
2024-10-29 19:40:00,-0.1,2
2024-10-29 19:45:00,-0.1,2
2024-10-29 19:50:00,-0.1,2
2024-10-29 19:55:00,-0.1,2
2024-10-29 20:00:00,-0.1,2
2024-10-29 20:05:00,-0.1,2
2024-10-29 20:10:00,-0.1,2
2024-10-29 20:15:00,-0.1,2
2024-10-29 20:20:00,-0.1,2
2024-10-29 20:25:00,-0.1,2
2024-10-29 20:30:00,-0.1,2
2024-10-29 20:35:00,-0.1,2
2024-10-29 20:40:00,-0.1,2
2024-10-29 20:45:00,-0.1,2
2024-10-29 20:50:00,-0.1,2
2024-10-29 20:55:00,-0.1,2
2024-10-29 21:00:00,-0.1,2
2024-10-29 21:05:00,-0.1,2
2024-10-29 21:10:00,-0.1,2
2024-10-29 21:15:00,-0.1,2
2024-10-29 21:20:00,-0.1,2
2024-10-29 21:25:00,-0.1,2
2024-10-29 21:30:00,-0.1,2
2024-10-29 21:35:00,-0.1,2
2024-10-29 21:40:00,-0.1,2
2024-10-29 21:45:00,-0.1,2
2024-10-29 21:50:00,-0.1,2
2024-10-29 21:55:00,-0.1,2
2024-10-29 22:00:00,-0.1,2
2024-10-29 22:05:00,-0.1,2
2024-10-29 22:10:00,-0.1,2
2024-10-29 22:15:00,-0.1,2
2024-10-29 22:20:00,-0.1,2
2024-10-29 22:25:00,-0.1,2
2024-10-29 22:30:00,-0.1,2
2024-10-29 22:35:00,-0.1,2
2024-10-29 22:40:00,-0.1,2
2024-10-29 22:45:00,-0.1,2
2024-10-29 22:50:00,-0.1,2
2024-10-29 22:55:00,-0.1,2
2024-10-29 23:00:00,-0.1,2
2024-10-29 23:05:00,-0.1,2
2024-10-29 23:10:00,-0.1,2
2024-10-29 23:15:00,-0.1,2
2024-10-29 23:20:00,-0.1,2
2024-10-29 23:25:00,-0.1,2
2024-10-29 23:30:00,-0.1,2
2024-10-29 23:35:00,-0.1,2
2024-10-29 23:40:00,-0.1,2
2024-10-29 23:45:00,-0.1,2
2024-10-29 23:50:00,-0.1,2
2024-10-29 23:55:00,-0.1,2
2024-10-30,-0.1,2
2024-10-30 00:05:00,-0.1,2
2024-10-30 00:10:00,-0.1,2
2024-10-30 00:15:00,-0.1,2
2024-10-30 00:20:00,-0.1,2
2024-10-30 00:25:00,-0.1,2
2024-10-30 00:30:00,-0.1,2
2024-10-30 00:35:00,-0.1,2
2024-10-30 00:40:00,-0.1,2
2024-10-30 00:45:00,-0.1,2
2024-10-30 00:50:00,-0.1,2
2024-10-30 00:55:00,-0.1,2
2024-10-30 01:00:00,-0.1,2
2024-10-30 01:05:00,-0.1,2
2024-10-30 01:10:00,-0.1,2
2024-10-30 01:15:00,-0.1,2
2024-10-30 01:20:00,-0.1,2
2024-10-30 01:25:00,-0.1,2
2024-10-30 01:30:00,-0.1,2
2024-10-30 01:35:00,-0.1,2
2024-10-30 01:40:00,-0.1,2
2024-10-30 01:45:00,-0.1,2
2024-10-30 01:50:00,-0.1,2
2024-10-30 01:55:00,-0.1,2
2024-10-30 02:00:00,-0.1,2
2024-10-30 02:05:00,-0.1,2
2024-10-30 02:10:00,-0.1,2
2024-10-30 02:15:00,-0.1,2
2024-10-30 02:20:00,-0.1,2
2024-10-30 02:25:00,-0.1,2
2024-10-30 02:30:00,-0.1,2
2024-10-30 02:35:00,-0.1,2
2024-10-30 02:40:00,-0.1,2
2024-10-30 02:45:00,-0.1,2
2024-10-30 02:50:00,-0.1,2
2024-10-30 02:55:00,-0.1,2
2024-10-30 03:00:00,-0.1,2
2024-10-30 03:05:00,-0.1,2
2024-10-30 03:10:00,-0.1,2
2024-10-30 03:15:00,-0.1,2
2024-10-30 03:20:00,-0.1,2
2024-10-30 03:25:00,-0.1,2
2024-10-30 03:30:00,-0.1,2
2024-10-30 03:35:00,-0.1,2
2024-10-30 03:40:00,-0.1,2
2024-10-30 03:45:00,-0.1,2
2024-10-30 03:50:00,-0.1,2
2024-10-30 03:55:00,-0.1,2
2024-10-30 04:00:00,-0.1,2
2024-10-30 04:05:00,-0.1,2
2024-10-30 04:10:00,-0.1,2
2024-10-30 04:15:00,-0.1,2
2024-10-30 04:20:00,-0.1,2
2024-10-30 04:25:00,-0.1,2
2024-10-30 04:30:00,-0.1,2
2024-10-30 04:35:00,-0.1,2
2024-10-30 04:40:00,-0.1,2
2024-10-30 04:45:00,-0.1,2
2024-10-30 04:50:00,-0.1,2
2024-10-30 04:55:00,-0.1,2
2024-10-30 05:00:00,-0.1,2
2024-10-30 05:05:00,-0.1,2
2024-10-30 05:10:00,-0.1,2
2024-10-30 05:15:00,-0.1,2
2024-10-30 05:20:00,-0.1,2
2024-10-30 05:25:00,-0.1,2
2024-10-30 05:30:00,-0.1,2
2024-10-30 05:35:00,-0.1,2
2024-10-30 05:40:00,-0.1,2
2024-10-30 05:45:00,-0.1,2
2024-10-30 05:50:00,-0.1,2
2024-10-30 05:55:00,-0.1,2
2024-10-30 06:00:00,-0.1,2
2024-10-30 06:05:00,-0.1,2
2024-10-30 06:10:00,-0.1,2
2024-10-30 06:15:00,-0.1,2
2024-10-30 06:20:00,-0.1,2
2024-10-30 06:25:00,-0.1,2
2024-10-30 06:30:00,-0.1,2
2024-10-30 06:35:00,-0.1,2
2024-10-30 06:40:00,-0.1,2
2024-10-30 06:45:00,-0.1,2
2024-10-30 06:50:00,-0.1,2
2024-10-30 06:55:00,-0.1,2
2024-10-30 07:00:00,-0.1,2
2024-10-30 07:05:00,-0.1,2
2024-10-30 07:10:00,-0.1,2
2024-10-30 07:15:00,-0.1,2
2024-10-30 07:20:00,-0.1,2
2024-10-30 07:25:00,-0.1,2
2024-10-30 07:30:00,-0.1,2
2024-10-30 07:35:00,-0.1,2
2024-10-30 07:40:00,-0.1,2
2024-10-30 07:45:00,-0.1,2
2024-10-30 07:50:00,-0.1,2
2024-10-30 07:55:00,-0.1,2
2024-10-30 08:00:00,-0.1,2
2024-10-30 08:05:00,-0.1,2
2024-10-30 08:10:00,-0.1,2
2024-10-30 08:15:00,-0.1,2
2024-10-30 08:20:00,-0.1,2
2024-10-30 08:25:00,-0.1,2
2024-10-30 08:30:00,-0.1,2
2024-10-30 08:35:00,-0.1,2
2024-10-30 08:40:00,-0.1,2
2024-10-30 08:45:00,-0.1,2
2024-10-30 08:50:00,-0.1,2
2024-10-30 08:55:00,-0.1,2
2024-10-30 09:00:00,-0.1,2
2024-10-30 09:05:00,-0.1,2
2024-10-30 09:10:00,-0.1,2
2024-10-30 09:15:00,-0.1,2
2024-10-30 09:20:00,-0.1,2
2024-10-30 09:25:00,-0.1,2
2024-10-30 09:30:00,-0.1,2
2024-10-30 09:35:00,-0.1,2
2024-10-30 09:40:00,-0.1,2
2024-10-30 09:45:00,-0.1,2
2024-10-30 09:50:00,-0.1,2
2024-10-30 09:55:00,-0.1,2
2024-10-30 10:00:00,-0.1,2
2024-10-30 10:05:00,-0.1,2
2024-10-30 10:10:00,-0.1,2
2024-10-30 10:15:00,-0.1,2
2024-10-30 10:20:00,-0.1,2
2024-10-30 10:25:00,-0.1,2
2024-10-30 10:30:00,-0.1,2
2024-10-30 10:35:00,-0.1,2
2024-10-30 10:40:00,-0.1,2
2024-10-30 10:45:00,-0.1,2
2024-10-30 10:50:00,-0.1,2
2024-10-30 10:55:00,-0.1,2
2024-10-30 11:00:00,-0.1,2
2024-10-30 11:05:00,-0.1,2
2024-10-30 11:10:00,-0.1,2
2024-10-30 11:15:00,-0.1,2
2024-10-30 11:20:00,-0.1,2
2024-10-30 11:25:00,-0.1,2
2024-10-30 11:30:00,-0.1,2
2024-10-30 11:35:00,-0.1,2
2024-10-30 11:40:00,-0.1,2
2024-10-30 11:45:00,-0.1,2
2024-10-30 11:50:00,-0.1,2
2024-10-30 11:55:00,-0.1,2
2024-10-30 12:00:00,-0.1,2
2024-10-30 12:05:00,-0.1,2
2024-10-30 12:10:00,-0.1,2
2024-10-30 12:15:00,-0.1,2
2024-10-30 12:20:00,-0.1,2
2024-10-30 12:25:00,-0.1,2
2024-10-30 12:30:00,-0.1,2
2024-10-30 12:35:00,-0.1,2
2024-10-30 12:40:00,-0.1,2
2024-10-30 12:45:00,-0.1,2
2024-10-30 12:50:00,-0.1,2
2024-10-30 12:55:00,-0.1,2
2024-10-30 13:00:00,-0.1,2
2024-10-30 13:05:00,-0.1,2
2024-10-30 13:10:00,-0.1,2
2024-10-30 13:15:00,-0.1,2
2024-10-30 13:20:00,-0.1,2
2024-10-30 13:25:00,-0.1,2
2024-10-30 13:30:00,-0.1,2
2024-10-30 13:35:00,-0.1,2
2024-10-30 13:40:00,-0.1,2
2024-10-30 13:45:00,-0.1,2
2024-10-30 13:50:00,-0.1,2
2024-10-30 13:55:00,-0.1,2
2024-10-30 14:00:00,-0.1,2
2024-10-30 14:05:00,-0.1,2
2024-10-30 14:10:00,-0.1,2
2024-10-30 14:15:00,-0.1,2
2024-10-30 14:20:00,-0.1,2
2024-10-30 14:25:00,-0.1,2
2024-10-30 14:30:00,-0.1,2
2024-10-30 14:35:00,-0.1,2
2024-10-30 14:40:00,-0.1,2
2024-10-30 14:45:00,-0.1,2
2024-10-30 14:50:00,-0.1,2
2024-10-30 14:55:00,-0.1,2
2024-10-30 15:00:00,-0.1,2
2024-10-30 15:05:00,-0.1,2
2024-10-30 15:10:00,-0.1,2
2024-10-30 15:15:00,-0.1,2
2024-10-30 15:20:00,-0.1,2
2024-10-30 15:25:00,-0.1,2
2024-10-30 15:30:00,-0.1,2
2024-10-30 15:35:00,-0.1,2
2024-10-30 15:40:00,-0.1,2
2024-10-30 15:45:00,-0.2,2
2024-10-30 15:50:00,-0.2,2
2024-10-30 15:55:00,-0.2,2
2024-10-30 16:00:00,-0.2,2
2024-10-30 16:05:00,-0.2,2
2024-10-30 16:10:00,-0.2,2
2024-10-30 16:15:00,-0.2,2
2024-10-30 16:20:00,-0.2,2
2024-10-30 16:25:00,-0.2,2
2024-10-30 16:30:00,-0.2,2
2024-10-30 16:35:00,-0.2,2
2024-10-30 16:40:00,-0.2,2
2024-10-30 16:45:00,-0.3,2
2024-10-30 16:50:00,-0.3,2
2024-10-30 16:55:00,-0.3,2
2024-10-30 17:00:00,-0.3,2
2024-10-30 17:05:00,-0.4,2
2024-10-30 17:10:00,0,2
2024-10-30 17:15:00,0,2
2024-10-30 17:20:00,0,2
2024-10-30 17:25:00,0,2
2024-10-30 17:30:00,0,2
2024-10-30 17:35:00,0,2
2024-10-30 17:40:00,0,2
2024-10-30 17:45:00,0,2
2024-10-30 17:50:00,0,2
2024-10-30 17:55:00,0,2
2024-10-30 18:00:00,0,2
2024-10-30 18:05:00,0,2
2024-10-30 18:10:00,0,2
2024-10-30 18:15:00,0,2
2024-10-30 18:20:00,0,2
2024-10-30 18:25:00,-0.1,2
2024-10-30 18:30:00,-0.1,2
2024-10-30 18:35:00,-0.1,2
2024-10-30 18:40:00,-0.1,2
2024-10-30 18:45:00,-0.1,2
2024-10-30 18:50:00,-0.1,2
2024-10-30 18:55:00,-0.1,2
2024-10-30 19:00:00,-0.1,2
2024-10-30 19:05:00,-0.1,2
2024-10-30 19:10:00,-0.1,2
2024-10-30 19:15:00,-0.1,2
2024-10-30 19:20:00,-0.1,2
2024-10-30 19:25:00,-0.1,2
2024-10-30 19:30:00,-0.1,2
2024-10-30 19:35:00,-0.1,2
2024-10-30 19:40:00,-0.1,2
2024-10-30 19:45:00,-0.1,2
2024-10-30 19:50:00,-0.1,2
2024-10-30 19:55:00,-0.1,2
2024-10-30 20:00:00,-0.1,2
2024-10-30 20:05:00,-0.1,2
2024-10-30 20:10:00,-0.1,2
2024-10-30 20:15:00,-0.1,2
2024-10-30 20:20:00,-0.1,2
2024-10-30 20:25:00,-0.1,2
2024-10-30 20:30:00,-0.1,2
2024-10-30 20:35:00,-0.1,2
2024-10-30 20:40:00,-0.1,2
2024-10-30 20:45:00,-0.1,2
2024-10-30 20:50:00,-0.1,2
2024-10-30 20:55:00,-0.1,2
2024-10-30 21:00:00,-0.1,2
2024-10-30 21:05:00,-0.1,2
2024-10-30 21:10:00,-0.1,2
2024-10-30 21:15:00,-0.1,2
2024-10-30 21:20:00,-0.1,2
2024-10-30 21:25:00,-0.1,2
2024-10-30 21:30:00,-0.1,2
2024-10-30 21:35:00,-0.1,2
2024-10-30 21:40:00,-0.1,2
2024-10-30 21:45:00,-0.1,2
2024-10-30 21:50:00,-0.1,2
2024-10-30 21:55:00,-0.1,2
2024-10-30 22:00:00,-0.1,2
2024-10-30 22:05:00,-0.1,2
2024-10-30 22:10:00,-0.1,2
2024-10-30 22:15:00,-0.1,2
2024-10-30 22:20:00,-0.1,2
2024-10-30 22:25:00,-0.1,2
2024-10-30 22:30:00,-0.1,2
2024-10-30 22:35:00,-0.1,2
2024-10-30 22:40:00,-0.1,2
2024-10-30 22:45:00,-0.1,2
2024-10-30 22:50:00,-0.1,2
2024-10-30 22:55:00,-0.1,2
2024-10-30 23:00:00,-0.1,2
2024-10-30 23:05:00,-0.1,2
2024-10-30 23:10:00,-0.1,2
2024-10-30 23:15:00,-0.1,2
2024-10-30 23:20:00,-0.1,2
2024-10-30 23:25:00,-0.1,2
2024-10-30 23:30:00,-0.1,2
2024-10-30 23:35:00,-0.1,2
2024-10-30 23:40:00,-0.1,2
2024-10-30 23:45:00,-0.1,2
2024-10-30 23:50:00,-0.1,2
2024-10-30 23:55:00,-0.1,2
2024-10-31,-0.1,2
2024-10-31 00:05:00,-0.1,2
2024-10-31 00:10:00,-0.1,2
2024-10-31 00:15:00,-0.1,2
2024-10-31 00:20:00,-0.1,2
2024-10-31 00:25:00,-0.1,2
2024-10-31 00:30:00,-0.1,2
2024-10-31 00:35:00,-0.1,2
2024-10-31 00:40:00,-0.1,2
2024-10-31 00:45:00,-0.1,2
2024-10-31 00:50:00,-0.1,2
2024-10-31 00:55:00,-0.1,2
2024-10-31 01:00:00,-0.1,2
2024-10-31 01:05:00,-0.1,2
2024-10-31 01:10:00,-0.1,2
2024-10-31 01:15:00,-0.1,2
2024-10-31 01:20:00,-0.1,2
2024-10-31 01:25:00,-0.1,2
2024-10-31 01:30:00,-0.1,2
2024-10-31 01:35:00,-0.1,2
2024-10-31 01:40:00,-0.1,2
2024-10-31 01:45:00,-0.1,2
2024-10-31 01:50:00,-0.1,2
2024-10-31 01:55:00,-0.1,2
2024-10-31 02:00:00,-0.1,2
2024-10-31 02:05:00,-0.1,2
2024-10-31 02:10:00,-0.1,2
2024-10-31 02:15:00,-0.1,2
2024-10-31 02:20:00,-0.1,2
2024-10-31 02:25:00,-0.1,2
2024-10-31 02:30:00,-0.1,2
2024-10-31 02:35:00,-0.1,2
2024-10-31 02:40:00,-0.1,2
2024-10-31 02:45:00,-0.1,2
2024-10-31 02:50:00,-0.1,2
2024-10-31 02:55:00,-0.1,2
2024-10-31 03:00:00,-0.1,2
2024-10-31 03:05:00,-0.1,2
2024-10-31 03:10:00,-0.1,2
2024-10-31 03:15:00,-0.1,2
2024-10-31 03:20:00,-0.1,2
2024-10-31 03:25:00,-0.1,2
2024-10-31 03:30:00,-0.1,2
2024-10-31 03:35:00,-0.1,2
2024-10-31 03:40:00,-0.1,2
2024-10-31 03:45:00,-0.1,2
2024-10-31 03:50:00,-0.1,2
2024-10-31 03:55:00,-0.1,2
2024-10-31 04:00:00,-0.1,2
2024-10-31 04:05:00,-0.1,2
2024-10-31 04:10:00,-0.1,2
2024-10-31 04:15:00,-0.1,2
2024-10-31 04:20:00,-0.1,2
2024-10-31 04:25:00,-0.1,2
2024-10-31 04:30:00,-0.1,2
2024-10-31 04:35:00,-0.1,2
2024-10-31 04:40:00,-0.1,2
2024-10-31 04:45:00,-0.1,2
2024-10-31 04:50:00,-0.1,2
2024-10-31 04:55:00,-0.1,2
2024-10-31 05:00:00,-0.1,2
2024-10-31 05:05:00,-0.1,2
2024-10-31 05:10:00,-0.1,2
2024-10-31 05:15:00,-0.1,2
2024-10-31 05:20:00,-0.1,2
2024-10-31 05:25:00,-0.1,2
2024-10-31 05:30:00,-0.1,2
2024-10-31 05:35:00,-0.1,2
2024-10-31 05:40:00,-0.1,2
2024-10-31 05:45:00,-0.1,2
2024-10-31 05:50:00,-0.1,2
2024-10-31 05:55:00,-0.1,2
2024-10-31 06:00:00,-0.1,2
2024-10-31 06:05:00,-0.1,2
2024-10-31 06:10:00,-0.1,2
2024-10-31 06:15:00,-0.1,2
2024-10-31 06:20:00,-0.1,2
2024-10-31 06:25:00,-0.1,2
2024-10-31 06:30:00,-0.1,2
2024-10-31 06:35:00,-0.1,2
2024-10-31 06:40:00,-0.1,2
2024-10-31 06:45:00,-0.1,2
2024-10-31 06:50:00,-0.1,2
2024-10-31 06:55:00,-0.1,2
2024-10-31 07:00:00,-0.1,2
2024-10-31 07:05:00,-0.1,2
2024-10-31 07:10:00,-0.1,2
2024-10-31 07:15:00,-0.1,2
2024-10-31 07:20:00,-0.1,2
2024-10-31 07:25:00,-0.1,2
2024-10-31 07:30:00,-0.1,2
2024-10-31 07:35:00,-0.1,2
2024-10-31 07:40:00,-0.1,2
2024-10-31 07:45:00,-0.1,2
2024-10-31 07:50:00,-0.1,2
2024-10-31 07:55:00,-0.1,2
2024-10-31 08:00:00,-0.1,2
2024-10-31 08:05:00,-0.1,2
2024-10-31 08:10:00,-0.1,2
2024-10-31 08:15:00,-0.1,2
2024-10-31 08:20:00,-0.1,2
2024-10-31 08:25:00,-0.1,2
2024-10-31 08:30:00,-0.1,2
2024-10-31 08:35:00,-0.1,2
2024-10-31 08:40:00,-0.1,2
2024-10-31 08:45:00,-0.1,2
2024-10-31 08:50:00,-0.1,2
2024-10-31 08:55:00,-0.1,2
2024-10-31 09:00:00,-0.1,2
2024-10-31 09:05:00,-0.2,2
2024-10-31 09:10:00,-0.2,2
2024-10-31 09:15:00,-0.2,2
2024-10-31 09:20:00,-0.2,2
2024-10-31 09:25:00,-0.2,2
2024-10-31 09:30:00,-0.2,2
2024-10-31 09:35:00,-0.2,2
2024-10-31 09:40:00,-0.2,2
2024-10-31 09:45:00,-0.2,2
2024-10-31 09:50:00,-0.2,2
2024-10-31 09:55:00,-0.2,2
2024-10-31 10:00:00,-0.2,2
2024-10-31 10:05:00,-0.2,2
2024-10-31 10:10:00,-0.2,2
2024-10-31 10:15:00,-0.2,2
2024-10-31 10:20:00,-0.3,2
2024-10-31 10:25:00,-0.3,2
2024-10-31 10:30:00,-0.3,2
2024-10-31 10:35:00,-0.3,2
2024-10-31 10:40:00,-0.3,2
2024-10-31 10:45:00,-0.3,2
2024-10-31 10:50:00,-0.3,2
2024-10-31 10:55:00,-0.4,2
2024-10-31 11:00:00,-0.4,2
2024-10-31 11:05:00,-0.4,2
2024-10-31 11:10:00,-0.3,2
2024-10-31 11:15:00,-0.3,2
2024-10-31 11:20:00,-0.2,2
2024-10-31 11:25:00,-0.2,2
2024-10-31 11:30:00,-0.1,2
2024-10-31 11:35:00,-0.1,2
2024-10-31 11:40:00,-0.1,2
2024-10-31 11:45:00,-0.1,2
2024-10-31 11:50:00,-0.1,2
2024-10-31 11:55:00,-0.1,2
2024-10-31 12:00:00,-0.1,2
2024-10-31 12:05:00,-0.1,2
2024-10-31 12:10:00,-0.1,2
2024-10-31 12:15:00,-0.1,2
2024-10-31 12:20:00,-0.1,2
2024-10-31 12:25:00,-0.1,2
2024-10-31 12:30:00,-0.1,2
2024-10-31 12:35:00,-0.1,2
2024-10-31 12:40:00,-0.1,2
2024-10-31 12:45:00,-0.1,2
2024-10-31 12:50:00,-0.1,2
2024-10-31 12:55:00,-0.1,2
2024-10-31 13:00:00,-0.1,2
2024-10-31 13:05:00,-0.1,2
2024-10-31 13:10:00,-0.1,2
2024-10-31 13:15:00,-0.1,2
2024-10-31 13:20:00,-0.1,2
2024-10-31 13:25:00,-0.1,2
2024-10-31 13:30:00,-0.1,2
2024-10-31 13:35:00,-0.1,2
2024-10-31 13:40:00,-0.1,2
2024-10-31 13:45:00,-0.1,2
2024-10-31 13:50:00,-0.1,2
2024-10-31 13:55:00,-0.1,2
2024-10-31 14:00:00,-0.1,2
2024-10-31 14:05:00,-0.1,2
2024-10-31 14:10:00,-0.1,2
2024-10-31 14:15:00,-0.2,2
2024-10-31 14:20:00,-0.2,2
2024-10-31 14:25:00,-0.2,2
2024-10-31 14:30:00,-0.2,2
2024-10-31 14:35:00,-0.2,2
2024-10-31 14:40:00,-0.2,2
2024-10-31 14:45:00,-0.2,2
2024-10-31 14:50:00,-0.2,2
2024-10-31 14:55:00,-0.2,2
2024-10-31 15:00:00,-0.2,2
2024-10-31 15:05:00,-0.2,2
2024-10-31 15:10:00,-0.2,2
2024-10-31 15:15:00,-0.2,2
2024-10-31 15:20:00,-0.2,2
2024-10-31 15:25:00,-0.2,2
2024-10-31 15:30:00,-0.3,2
2024-10-31 15:35:00,-0.3,2
2024-10-31 15:40:00,-0.3,2
2024-10-31 15:45:00,-0.3,2
2024-10-31 15:50:00,-0.3,2
2024-10-31 15:55:00,-0.3,2
2024-10-31 16:00:00,-0.3,2
2024-10-31 16:05:00,-0.3,2
2024-10-31 16:10:00,-0.4,2
2024-10-31 16:15:00,-0.4,2
2024-10-31 16:20:00,-0.4,2
2024-10-31 16:25:00,-0.4,2
2024-10-31 16:30:00,-0.5,2
2024-10-31 16:35:00,-0.5,2
2024-10-31 16:40:00,-0.5,2
2024-10-31 16:45:00,-0.6,2
2024-10-31 16:50:00,-0.6,2
2024-10-31 16:55:00,-0.7,2
2024-10-31 17:00:00,-0.7,2
2024-10-31 17:05:00,-0.8,2
2024-10-31 17:10:00,-0.9,2
2024-10-31 17:15:00,-1,2
2024-10-31 17:20:00,-1.1,2
2024-10-31 17:25:00,-1.3,2
2024-10-31 17:30:00,-1.5,2
2024-10-31 17:35:00,-1.8,2
2024-10-31 17:40:00,-2,2
2024-10-31 17:45:00,-2.2,2
2024-10-31 17:50:00,-2.5,2
2024-10-31 17:55:00,-3,2
2024-10-31 18:00:00,-3.4,2
2024-10-31 18:05:00,-4.1,2
2024-10-31 18:10:00,-4.8,2
2024-10-31 18:15:00,-5.2,2
2024-10-31 18:20:00,-5.5,2
2024-10-31 18:25:00,-5.7,2
2024-10-31 18:30:00,-6,2
2024-10-31 18:35:00,-6.2,2
2024-10-31 18:40:00,-6.5,2
2024-10-31 18:45:00,-6.8,2
2024-10-31 18:50:00,-7.2,2
2024-10-31 18:55:00,-7.6,2
2024-10-31 19:00:00,-8,2
2024-10-31 19:05:00,-8.5,2
2024-10-31 19:10:00,-9,2
2024-10-31 19:15:00,-9.4,2
2024-10-31 19:20:00,-10,2
2024-10-31 19:25:00,-10.1,2
2024-10-31 19:30:00,-10.2,2
2024-10-31 19:35:00,-10.3,2
2024-10-31 19:40:00,-10.4,2
2024-10-31 19:45:00,-10.5,2
2024-10-31 19:50:00,-10.6,2
2024-10-31 19:55:00,-10.7,2
2024-10-31 20:00:00,-10.9,2
2024-10-31 20:05:00,-11,2
2024-10-31 20:10:00,-11.1,2
2024-10-31 20:15:00,-11.2,2
2024-10-31 20:20:00,-11.3,2
2024-10-31 20:25:00,-11.4,2
2024-10-31 20:30:00,-11.5,2
2024-10-31 20:35:00,-11.6,2
2024-10-31 20:40:00,-11.7,2
2024-10-31 20:45:00,-11.8,2
2024-10-31 20:50:00,-11.9,2
2024-10-31 20:55:00,-12,2
2024-10-31 21:00:00,-12.1,2
2024-10-31 21:05:00,-12.2,2
2024-10-31 21:10:00,-12.3,2
2024-10-31 21:15:00,-12.5,2
2024-10-31 21:20:00,-12.5,2
2024-10-31 21:25:00,-12.7,2
2024-10-31 21:30:00,-12.8,2
2024-10-31 21:35:00,-12.9,2
2024-10-31 21:40:00,-13,2
2024-10-31 21:45:00,-13.1,2
2024-10-31 21:50:00,-13.2,2
2024-10-31 21:55:00,-13.3,2
2024-10-31 22:00:00,-13.4,2
2024-10-31 22:05:00,-13.5,2
2024-10-31 22:10:00,-13.6,2
2024-10-31 22:15:00,-13.7,2
2024-10-31 22:20:00,-13.8,2
2024-10-31 22:25:00,-14,2
2024-10-31 22:30:00,-14.1,2
2024-10-31 22:35:00,-14.1,2
2024-10-31 22:40:00,-14.3,2
2024-10-31 22:45:00,-14.4,2
2024-10-31 22:50:00,-14.5,2
2024-10-31 22:55:00,-14.6,2
2024-10-31 23:00:00,-14.7,2
2024-10-31 23:05:00,-14.8,2
2024-10-31 23:10:00,-14.9,2
2024-10-31 23:15:00,-15,2
2024-10-31 23:20:00,-15.1,2
2024-10-31 23:25:00,-15.2,2
2024-10-31 23:30:00,-15.3,2
2024-10-31 23:35:00,-15.5,2
2024-10-31 23:40:00,-15.5,2
2024-10-31 23:45:00,-15.7,2
2024-10-31 23:50:00,-15.7,2
2024-10-31 23:55:00,-15.9,2
2024-11-01,-15.9,2
2024-11-01 00:05:00,-16,2
2024-11-01 00:10:00,-16.1,2
2024-11-01 00:15:00,-16.2,2
2024-11-01 00:20:00,-16.3,2
2024-11-01 00:25:00,-16.3,2
2024-11-01 00:30:00,-16.4,2
2024-11-01 00:35:00,-16.5,2
2024-11-01 00:40:00,-16.6,2
2024-11-01 00:45:00,-16.7,2
2024-11-01 00:50:00,-16.7,2
2024-11-01 00:55:00,-16.7,2
2024-11-01 01:00:00,-16.8,2
2024-11-01 01:05:00,-16.9,2
2024-11-01 01:10:00,-16.9,2
2024-11-01 01:15:00,-17,2
2024-11-01 01:20:00,-17,2
2024-11-01 01:25:00,-17.1,2
2024-11-01 01:30:00,-17.2,2
2024-11-01 01:35:00,-17.2,2
2024-11-01 01:40:00,-17.3,2
2024-11-01 01:45:00,-17.3,2
2024-11-01 01:50:00,-17.3,2
2024-11-01 01:55:00,-17.4,2
2024-11-01 02:00:00,-17.5,2
2024-11-01 02:05:00,-17.5,2
2024-11-01 02:10:00,-17.6,2
2024-11-01 02:15:00,-17.6,2
2024-11-01 02:20:00,-17.6,2
2024-11-01 02:25:00,-17.7,2
2024-11-01 02:30:00,-17.8,2
2024-11-01 02:35:00,-17.8,2
2024-11-01 02:40:00,-17.8,2
2024-11-01 02:45:00,-17.9,2
2024-11-01 02:50:00,-18,2
2024-11-01 02:55:00,-18,2
2024-11-01 03:00:00,-17.9,2
2024-11-01 03:05:00,-18,2
2024-11-01 03:10:00,-18.1,2
2024-11-01 03:15:00,-18.1,2
2024-11-01 03:20:00,-18.1,2
2024-11-01 03:25:00,-18.2,2
2024-11-01 03:30:00,-18.2,2
2024-11-01 03:35:00,-18.3,2
2024-11-01 03:40:00,-18.3,2
2024-11-01 03:45:00,-18.3,2
2024-11-01 03:50:00,-18.4,2
2024-11-01 03:55:00,-18.4,2
2024-11-01 04:00:00,-18.5,2
2024-11-01 04:05:00,-18.5,2
2024-11-01 04:10:00,-18.5,2
2024-11-01 04:15:00,-18.6,2
2024-11-01 04:20:00,-18.6,2
2024-11-01 04:25:00,-18.7,2
2024-11-01 04:30:00,-18.7,2
2024-11-01 04:35:00,-18.7,2
2024-11-01 04:40:00,-18.7,2
2024-11-01 04:45:00,-18.8,2
2024-11-01 04:50:00,-18.8,2
2024-11-01 04:55:00,-18.8,2
2024-11-01 05:00:00,-18.9,2
2024-11-01 05:05:00,-18.9,2
2024-11-01 05:10:00,-19,2
2024-11-01 05:15:00,-19,2
2024-11-01 05:20:00,-19,2
2024-11-01 05:25:00,-19,2
2024-11-01 05:30:00,-19,2
2024-11-01 05:35:00,-19,2
2024-11-01 05:40:00,-19.1,2
2024-11-01 05:45:00,-19.2,2
2024-11-01 05:50:00,-19.2,2
2024-11-01 05:55:00,-19.2,2
2024-11-01 06:00:00,-19.2,2
2024-11-01 06:05:00,-19.2,2
2024-11-01 06:10:00,-19.3,2
2024-11-01 06:15:00,-19.3,2
2024-11-01 06:20:00,-19.4,2
2024-11-01 06:25:00,-19.4,2
2024-11-01 06:30:00,-19.4,2
2024-11-01 06:35:00,-19.4,2
2024-11-01 06:40:00,-19.5,2
2024-11-01 06:45:00,-19.5,2
2024-11-01 06:50:00,-19.5,2
2024-11-01 06:55:00,-19.6,2
2024-11-01 07:00:00,-19.6,2
2024-11-01 07:05:00,-19.6,2
2024-11-01 07:10:00,-19.7,2
2024-11-01 07:15:00,-19.7,2
2024-11-01 07:20:00,-19.8,2
2024-11-01 07:25:00,-19.8,2
2024-11-01 07:30:00,-19.8,2
2024-11-01 07:35:00,-19.7,2
2024-11-01 07:40:00,-19.8,2
2024-11-01 07:45:00,-19.9,2
2024-11-01 07:50:00,-19.9,2
2024-11-01 07:55:00,-19.9,2
2024-11-01 08:00:00,-20,2
2024-11-01 08:05:00,-20,2
2024-11-01 08:10:00,-20.1,2
2024-11-01 08:15:00,-20.2,2
2024-11-01 08:20:00,-20.2,2
2024-11-01 08:25:00,-20.2,2
2024-11-01 08:30:00,-20.4,2
2024-11-01 08:35:00,-20.4,2
2024-11-01 08:40:00,-20.4,2
2024-11-01 08:45:00,-20.5,2
2024-11-01 08:50:00,-20.6,2
2024-11-01 08:55:00,-20.7,2
2024-11-01 09:00:00,-20.8,2
2024-11-01 09:05:00,-20.9,2
2024-11-01 09:10:00,-21,2
2024-11-01 09:15:00,-21.2,2
2024-11-01 09:20:00,-21.2,2
2024-11-01 09:25:00,-21.3,2
2024-11-01 09:30:00,-21.5,2
2024-11-01 09:35:00,-21.5,2
2024-11-01 09:40:00,-21.7,2
2024-11-01 09:45:00,-21.7,2
2024-11-01 09:50:00,-21.9,2
2024-11-01 09:55:00,-21.9,2
2024-11-01 10:00:00,-22.1,2
2024-11-01 10:05:00,-22.1,2
2024-11-01 10:10:00,-22.4,2
2024-11-01 10:15:00,-22.3,2
2024-11-01 10:20:00,-22.6,2
2024-11-01 10:25:00,-22.6,2
2024-11-01 10:30:00,-22.8,2
2024-11-01 10:35:00,-22.9,2
2024-11-01 10:40:00,-23.1,2
2024-11-01 10:45:00,-23.2,2
2024-11-01 10:50:00,-23.4,2
2024-11-01 10:55:00,-23.5,2
2024-11-01 11:00:00,-23.6,2
2024-11-01 11:05:00,-23.8,2
2024-11-01 11:10:00,-23.9,2
2024-11-01 11:15:00,-24,2
2024-11-01 11:20:00,-24.1,2
2024-11-01 11:25:00,-24.4,2
2024-11-01 11:30:00,-24.4,2
2024-11-01 11:35:00,-24.7,2
2024-11-01 11:40:00,-24.8,2
2024-11-01 11:45:00,-24.9,2
2024-11-01 11:50:00,-25.1,2
2024-11-01 11:55:00,-25.3,2
2024-11-01 12:00:00,-25.4,2
2024-11-01 12:05:00,-25.5,2
2024-11-01 12:10:00,-25.8,2
2024-11-01 12:15:00,-25.9,2
2024-11-01 12:20:00,-26.2,2
2024-11-01 12:25:00,-26.2,2
2024-11-01 12:30:00,-26.5,2
2024-11-01 12:35:00,-26.8,2
2024-11-01 12:40:00,-26.7,2
2024-11-01 12:45:00,-27.1,2
2024-11-01 12:50:00,-27.2,2
2024-11-01 12:55:00,-27.3,2
2024-11-01 13:00:00,-27.5,2
2024-11-01 13:05:00,-27.7,2
2024-11-01 13:10:00,-28,2
2024-11-01 13:15:00,-28,2
2024-11-01 13:20:00,-28.3,2
2024-11-01 13:25:00,-28.6,2
2024-11-01 13:30:00,-28.7,2
2024-11-01 13:35:00,-29,2
2024-11-01 13:40:00,-29,2
2024-11-01 13:45:00,-29.4,2
2024-11-01 13:50:00,-29.5,2
2024-11-01 13:55:00,-29.7,2
2024-11-01 14:00:00,-30.1,2
2024-11-01 14:05:00,-30.2,2
2024-11-01 14:10:00,-30.5,2
2024-11-01 14:15:00,-30.7,2
2024-11-01 14:20:00,-30.7,2
2024-11-01 14:25:00,-31.2,2
2024-11-01 14:30:00,-31.3,2
2024-11-01 14:35:00,-31.7,2
2024-11-01 14:40:00,-31.7,2
2024-11-01 14:45:00,-32.1,2
2024-11-01 14:50:00,-32.5,2
2024-11-01 14:55:00,-32.5,2
2024-11-01 15:00:00,-32.8,2
2024-11-01 15:05:00,-33.1,2
2024-11-01 15:10:00,-33.3,2
2024-11-01 15:15:00,-33.5,2
2024-11-01 15:20:00,-33.7,2
2024-11-01 15:25:00,-34.1,2
2024-11-01 15:30:00,-34.3,2
2024-11-01 15:35:00,-34.6,2
2024-11-01 15:40:00,-35,2
2024-11-01 15:45:00,-35,2
2024-11-01 15:50:00,-35.4,2
2024-11-01 15:55:00,-35.6,2
2024-11-01 16:00:00,-36.1,2
2024-11-01 16:05:00,-36.1,2
2024-11-01 16:10:00,-36.5,2
2024-11-01 16:15:00,-36.7,2
2024-11-01 16:20:00,-37,2
2024-11-01 16:25:00,-37.3,2
2024-11-01 16:30:00,-37.5,2
2024-11-01 16:35:00,-37.9,2
2024-11-01 16:40:00,-38,2
2024-11-01 16:45:00,-38.6,2
2024-11-01 16:50:00,-38.7,2
2024-11-01 16:55:00,-39,2
2024-11-01 17:00:00,-39.5,2
2024-11-01 17:05:00,-39.5,2
2024-11-01 17:10:00,-40.6,2
2024-11-01 17:15:00,-40.7,2
2024-11-01 17:20:00,-41,2
2024-11-01 17:25:00,-41.2,2
2024-11-01 17:30:00,-41.6,2
2024-11-01 17:35:00,-41.7,2
2024-11-01 17:40:00,-42.1,2
2024-11-01 17:45:00,-42.2,2
2024-11-01 17:50:00,-42.6,2
2024-11-01 17:55:00,-42.9,2
2024-11-01 18:00:00,-43,2
2024-11-01 18:05:00,-43.3,2
2024-11-01 18:10:00,-43.7,2
2024-11-01 18:15:00,-43.9,2
2024-11-01 18:20:00,-44.2,2
2024-11-01 18:25:00,-44.5,2
2024-11-01 18:30:00,-44.7,2
2024-11-01 18:35:00,-45.2,2
2024-11-01 18:40:00,-45.1,2
2024-11-01 18:45:00,-45.7,2
2024-11-01 18:50:00,-45.7,2
2024-11-01 18:55:00,-46.4,2
2024-11-01 19:00:00,-46.3,2
2024-11-01 19:05:00,-46.9,2
2024-11-01 19:10:00,-47,2
2024-11-01 19:15:00,-47.4,2
2024-11-01 19:20:00,-47.4,2
2024-11-01 19:25:00,-47.9,2
2024-11-01 19:30:00,-48.1,2
2024-11-01 19:35:00,-48.5,2
2024-11-01 19:40:00,-48.9,2
2024-11-01 19:45:00,-49.1,2
2024-11-01 19:50:00,-49.3,2
2024-11-01 19:55:00,-49.8,2
2024-11-01 20:00:00,-49.9,2
2024-11-01 20:05:00,-50.4,2
2024-11-01 20:10:00,-50.6,2
2024-11-01 20:15:00,-51.1,2
2024-11-01 20:20:00,-51.2,2
2024-11-01 20:25:00,-51.8,2
2024-11-01 20:30:00,-51.9,2
2024-11-01 20:35:00,-52.3,2
2024-11-01 20:40:00,-52.5,2
2024-11-01 20:45:00,-53,2
2024-11-01 20:50:00,-53.3,2
2024-11-01 20:55:00,-53.8,2
2024-11-01 21:00:00,-53.8,2
2024-11-01 21:05:00,-54.3,2
2024-11-01 21:10:00,-54.6,2
2024-11-01 21:15:00,-55,2
2024-11-01 21:20:00,-55.4,2
2024-11-01 21:25:00,-55.7,2
2024-11-01 21:30:00,-56,2
2024-11-01 21:35:00,-56.3,2
2024-11-01 21:40:00,-56.8,2
2024-11-01 21:45:00,-57,2
2024-11-01 21:50:00,-57.3,2
2024-11-01 21:55:00,-57.6,2
2024-11-01 22:00:00,-58.4,2
2024-11-01 22:05:00,-58.3,2
2024-11-01 22:10:00,-58.8,2
2024-11-01 22:15:00,-59.1,2
2024-11-01 22:20:00,-59.2,2
2024-11-01 22:25:00,-59.8,2
2024-11-01 22:30:00,-60.1,2
2024-11-01 22:35:00,-60.5,2
2024-11-01 22:40:00,-60.7,2
2024-11-01 22:45:00,-61,2
2024-11-01 22:50:00,-61.2,2
2024-11-01 22:55:00,-61.5,2
2024-11-01 23:00:00,-61.6,2
2024-11-01 23:05:00,-62,2
2024-11-01 23:10:00,-62.1,2
2024-11-01 23:15:00,-62.3,2
2024-11-01 23:20:00,-62.5,2
2024-11-01 23:25:00,-62.9,2
2024-11-01 23:30:00,-63.1,2
2024-11-01 23:35:00,-63.4,2
2024-11-01 23:40:00,-63.7,2
2024-11-01 23:45:00,-63.8,2
2024-11-01 23:50:00,-64.2,2
2024-11-01 23:55:00,-64.3,2
2024-11-02,-64.7,2
2024-11-02 00:05:00,-64.9,2
2024-11-02 00:10:00,-65,2
2024-11-02 00:15:00,-65.4,2
2024-11-02 00:20:00,-65.4,2
2024-11-02 00:25:00,-65.5,2
2024-11-02 00:30:00,-65.6,2
2024-11-02 00:35:00,-66.1,2
2024-11-02 00:40:00,-66.1,2
2024-11-02 00:45:00,-66.1,2
2024-11-02 00:50:00,-66.5,2
2024-11-02 00:55:00,-66.6,2
2024-11-02 01:00:00,-66.7,2
2024-11-02 01:05:00,-66.8,2
2024-11-02 01:10:00,-67,2
2024-11-02 01:15:00,-67.2,2
2024-11-02 01:20:00,-67.2,2
2024-11-02 01:25:00,-67.4,2
2024-11-02 01:30:00,-67.7,2
2024-11-02 01:35:00,-67.8,2
2024-11-02 01:40:00,-68.1,2
2024-11-02 01:45:00,-68,2
2024-11-02 01:50:00,-68.2,2
2024-11-02 01:55:00,-68.1,2
2024-11-02 02:00:00,-68.4,2
2024-11-02 02:05:00,-68.8,2
2024-11-02 02:10:00,-68.9,2
2024-11-02 02:15:00,-68.9,2
2024-11-02 02:20:00,-69,2
2024-11-02 02:25:00,-69.3,2
2024-11-02 02:30:00,-69.5,2
2024-11-02 02:35:00,-69.5,2
2024-11-02 02:40:00,-69.5,2
2024-11-02 02:45:00,-69.6,2
2024-11-02 02:50:00,-69.9,2
2024-11-02 02:55:00,-70.3,2
2024-11-02 03:00:00,-70.3,2
2024-11-02 03:05:00,-70.2,2
2024-11-02 03:10:00,-70.4,2
2024-11-02 03:15:00,-70.7,2
2024-11-02 03:20:00,-70.9,2
2024-11-02 03:25:00,-70.9,2
2024-11-02 03:30:00,-70.8,2
2024-11-02 03:35:00,-71,2
2024-11-02 03:40:00,-71.1,2
2024-11-02 03:45:00,-71.4,2
2024-11-02 03:50:00,-71.5,2
2024-11-02 03:55:00,-71.6,2
2024-11-02 04:00:00,-71.7,2
2024-11-02 04:05:00,-71.6,2
2024-11-02 04:10:00,-72,2
2024-11-02 04:15:00,-72.3,2
2024-11-02 04:20:00,-72.5,2
2024-11-02 04:25:00,-72.4,2
2024-11-02 04:30:00,-72.4,2
2024-11-02 04:35:00,-72.7,2
2024-11-02 04:40:00,-72.6,2
2024-11-02 04:45:00,-72.9,2
2024-11-02 04:50:00,-73,2
2024-11-02 04:55:00,-73.1,2
2024-11-02 05:00:00,-73.3,2
2024-11-02 05:05:00,-73.5,2
2024-11-02 05:10:00,-73.7,2
2024-11-02 05:15:00,-74,2
2024-11-02 05:20:00,-73.8,2
2024-11-02 05:25:00,-73.8,2
2024-11-02 05:30:00,-74,2
2024-11-02 05:35:00,-74.1,2
2024-11-02 05:40:00,-74.3,2
2024-11-02 05:45:00,-74.5,2
2024-11-02 05:50:00,-74.6,2
2024-11-02 05:55:00,-74.6,2
2024-11-02 06:00:00,-74.8,2
2024-11-02 06:05:00,-75,2
2024-11-02 06:10:00,-75.2,2
2024-11-02 06:15:00,-75.3,2
2024-11-02 06:20:00,-75.4,2
2024-11-02 06:25:00,-75.3,2
2024-11-02 06:30:00,-75.4,2
2024-11-02 06:35:00,-75.5,2
2024-11-02 06:40:00,-75.9,2
2024-11-02 06:45:00,-75.8,2
2024-11-02 06:50:00,-76.2,2
2024-11-02 06:55:00,-76.2,2
2024-11-02 07:00:00,-76.2,2
2024-11-02 07:05:00,-76.2,2
2024-11-02 07:10:00,-76.6,2
2024-11-02 07:15:00,-76.7,2
2024-11-02 07:20:00,-76.7,2
2024-11-02 07:25:00,-76.9,2
2024-11-02 07:30:00,-76.8,2
2024-11-02 07:35:00,-77.2,2
2024-11-02 07:40:00,-77,2
2024-11-02 07:45:00,-77.2,2
2024-11-02 07:50:00,-77.5,2
2024-11-02 07:55:00,-77.4,2
2024-11-02 08:00:00,-77.6,2
2024-11-02 08:05:00,-77.8,2
2024-11-02 08:10:00,-77.7,2
2024-11-02 08:15:00,-78.1,2
2024-11-02 08:20:00,-78.5,2
2024-11-02 08:25:00,-78.5,2
2024-11-02 08:30:00,-78.6,2
2024-11-02 08:35:00,-79,2
2024-11-02 08:40:00,-79.3,2
2024-11-02 08:45:00,-79.6,2
2024-11-02 08:50:00,-80.1,2
2024-11-02 08:55:00,-79.9,2
2024-11-02 09:00:00,-80.3,2
2024-11-02 09:05:00,-80.6,2
2024-11-02 09:10:00,-80.4,2
2024-11-02 09:15:00,-81.1,2
2024-11-02 09:20:00,-81.4,2
2024-11-02 09:25:00,-81.4,2
2024-11-02 09:30:00,-82,2
2024-11-02 09:35:00,-82.5,2
2024-11-02 09:40:00,-82.8,2
2024-11-02 09:45:00,-83,2
2024-11-02 09:50:00,-83.2,2
2024-11-02 09:55:00,-83.9,2
2024-11-02 10:00:00,-84,2
2024-11-02 10:05:00,-84.3,2
2024-11-02 10:10:00,-84.8,2
2024-11-02 10:15:00,-85.3,2
2024-11-02 10:20:00,-85.3,2
2024-11-02 10:25:00,-85.7,2
2024-11-02 10:30:00,-86.4,2
2024-11-02 10:35:00,-86.9,2
2024-11-02 10:40:00,-86.7,2
2024-11-02 10:45:00,-87.5,2
2024-11-02 10:50:00,-87.9,2
2024-11-02 10:55:00,-87.9,2
2024-11-02 11:00:00,-88.7,2
2024-11-02 11:05:00,-89,2
2024-11-02 11:10:00,-89.3,2
2024-11-02 11:15:00,-90,2
2024-11-02 11:20:00,-90.1,2
2024-11-02 11:25:00,-90.9,2
2024-11-02 11:30:00,-91,2
2024-11-02 11:35:00,-91.3,2
2024-11-02 11:40:00,-91.8,2
2024-11-02 11:45:00,-92.3,2
2024-11-02 11:50:00,-92.7,2
2024-11-02 11:55:00,-93.4,2
2024-11-02 12:00:00,-93.7,2
2024-11-02 12:05:00,-94.3,2
2024-11-02 12:10:00,-94.5,2
2024-11-02 12:15:00,-95.2,2
2024-11-02 12:20:00,-95.8,2
2024-11-02 12:25:00,-96,2
2024-11-02 12:30:00,-96.7,2
2024-11-02 12:35:00,-97,2
2024-11-02 12:40:00,-97.9,2
2024-11-02 12:45:00,-97.8,2
2024-11-02 12:50:00,-98.7,2
2024-11-02 12:55:00,-99.3,2
2024-11-02 13:00:00,-99.9,2
2024-11-02 13:05:00,-100.5,2
2024-11-02 13:10:00,-100.6,2
2024-11-02 13:15:00,-101.9,2
2024-11-02 13:20:00,-101.7,2
2024-11-02 13:25:00,-102.6,2
2024-11-02 13:30:00,-102.6,2
2024-11-02 13:35:00,-103.8,2
2024-11-02 13:40:00,-104.4,2
2024-11-02 13:45:00,-104.9,2
2024-11-02 13:50:00,-105.2,2
2024-11-02 13:55:00,-105.8,2
2024-11-02 14:00:00,-106.3,2
2024-11-02 14:05:00,-107.1,2
2024-11-02 14:10:00,-107.8,2
2024-11-02 14:15:00,-108.1,2
2024-11-02 14:20:00,-108.9,2
2024-11-02 14:25:00,-109.6,2
2024-11-02 14:30:00,-110.2,2
2024-11-02 14:35:00,-110.8,2
2024-11-02 14:40:00,-111.1,2
2024-11-02 14:45:00,-112.4,2
2024-11-02 14:50:00,-112.5,2
2024-11-02 14:55:00,-113.9,2
2024-11-02 15:00:00,-114.3,2
2024-11-02 15:05:00,-114.7,2
2024-11-02 15:10:00,-115.6,2
2024-11-02 15:15:00,-116.1,2
2024-11-02 15:20:00,-117.4,2
2024-11-02 15:25:00,-117.4,2
2024-11-02 15:30:00,-118.7,2
2024-11-02 15:35:00,-118.8,2
2024-11-02 15:40:00,-119.9,2
2024-11-02 15:45:00,-120.4,2
2024-11-02 15:50:00,-120.9,2
2024-11-02 15:55:00,-121.8,2
2024-11-02 16:00:00,-122.7,2
2024-11-02 16:05:00,-123.8,2
2024-11-02 16:10:00,-124.1,2
2024-11-02 16:15:00,-125.3,2
2024-11-02 16:20:00,-125.7,2
2024-11-02 16:25:00,-126.5,2
2024-11-02 16:30:00,-127.8,2
2024-11-02 16:35:00,-127.8,2
2024-11-02 16:40:00,-128.9,2
2024-11-02 16:45:00,-129.5,2
2024-11-02 16:50:00,-131.5,2
2024-11-02 16:55:00,-131.4,2
2024-11-02 17:00:00,-132.2,2
2024-11-02 17:05:00,-133.4,2
2024-11-02 17:10:00,-133.7,2
2024-11-02 17:15:00,-134.8,2
2024-11-02 17:20:00,-135.6,2
2024-11-02 17:25:00,-137,2
2024-11-02 17:30:00,-137.8,2
2024-11-02 17:35:00,-138.5,2
2024-11-02 17:40:00,-139.7,2
2024-11-02 17:45:00,-140,2
2024-11-02 17:50:00,-141.3,2
2024-11-02 17:55:00,-141.8,2
2024-11-02 18:00:00,-143.5,2
2024-11-02 18:05:00,-144.4,2
2024-11-02 18:10:00,-144.5,2
2024-11-02 18:15:00,-146,2
2024-11-02 18:20:00,-146.3,2
2024-11-02 18:25:00,-147.6,2
2024-11-02 18:30:00,-149.1,2
2024-11-02 18:35:00,-149,2
2024-11-02 18:40:00,-151.3,2
2024-11-02 18:45:00,-151.8,2
2024-11-02 18:50:00,-153.3,2
2024-11-02 18:55:00,-154.5,2
2024-11-02 19:00:00,-154.7,2
2024-11-02 19:05:00,-156,2
2024-11-02 19:10:00,-156,2
2024-11-02 19:15:00,-157.5,2
2024-11-02 19:20:00,-158.9,2
2024-11-02 19:25:00,-159.2,2
2024-11-02 19:30:00,-160.6,2
2024-11-02 19:35:00,-161.7,2
2024-11-02 19:40:00,-162.7,2
2024-11-02 19:45:00,-164.3,2
2024-11-02 19:50:00,-165.2,2
2024-11-02 19:55:00,-165.7,2
2024-11-02 20:00:00,-168,2
2024-11-02 20:05:00,-167.9,2
2024-11-02 20:10:00,-170.1,2
2024-11-02 20:15:00,-170.5,2
2024-11-02 20:20:00,-171.3,2
2024-11-02 20:25:00,-172.6,2
2024-11-02 20:30:00,-174.4,2
2024-11-02 20:35:00,-174.9,2
2024-11-02 20:40:00,-176.1,2
2024-11-02 20:45:00,-176.6,2
2024-11-02 20:50:00,-178.2,2
2024-11-02 20:55:00,-179,2
2024-11-02 21:00:00,-180.3,2
2024-11-02 21:05:00,-182.3,2
2024-11-02 21:10:00,-183.7,2
2024-11-02 21:15:00,-183.7,2
2024-11-02 21:20:00,-185.6,2
2024-11-02 21:25:00,-187.1,2
2024-11-02 21:30:00,-186.7,2
2024-11-02 21:35:00,-188.7,2
2024-11-02 21:40:00,-190.6,2
2024-11-02 21:45:00,-190.2,2
2024-11-02 21:50:00,-192.2,2
2024-11-02 21:55:00,-193.3,2
2024-11-02 22:00:00,-194.4,2
2024-11-02 22:05:00,-195.6,2
2024-11-02 22:10:00,-198.4,2
2024-11-02 22:15:00,-197.8,2
2024-11-02 22:20:00,-197.9,2
2024-11-02 22:25:00,-200.5,2
2024-11-02 22:30:00,-201.9,2
2024-11-02 22:35:00,-202.3,2
2024-11-02 22:40:00,-209.3,2
2024-11-02 22:45:00,-210.4,2
2024-11-02 22:50:00,-212.9,2
2024-11-02 22:55:00,-214.3,2
2024-11-02 23:00:00,-215.6,2
2024-11-02 23:05:00,-215.5,2
2024-11-02 23:10:00,-219.2,2
2024-11-02 23:15:00,-219.6,2
2024-11-02 23:20:00,-219,2
2024-11-02 23:25:00,-221.8,2
2024-11-02 23:30:00,-224.1,2
2024-11-02 23:35:00,-222.6,2
2024-11-02 23:40:00,-226,2
2024-11-02 23:45:00,-227.8,2
2024-11-02 23:50:00,-228.4,2
2024-11-02 23:55:00,-228.6,2
2024-11-03,-233.7,2
2024-11-03 00:05:00,-231.8,2
2024-11-03 00:10:00,-232.5,2
2024-11-03 00:15:00,-233.8,2
2024-11-03 00:20:00,-235.2,2
2024-11-03 00:25:00,-236.2,2
2024-11-03 00:30:00,-239,2
2024-11-03 00:35:00,-238.7,2
2024-11-03 00:40:00,-238.7,2
2024-11-03 00:45:00,-238.8,2
2024-11-03 00:50:00,-240.1,2
2024-11-03 00:55:00,-241.1,2
2024-11-03 01:00:00,-244.5,2
2024-11-03 01:05:00,-244.9,2
2024-11-03 01:10:00,-245,2
2024-11-03 01:15:00,-246.3,2
2024-11-03 01:20:00,-246.3,2
2024-11-03 01:25:00,-248.3,2
2024-11-03 01:30:00,-248.3,2
2024-11-03 01:35:00,-249.1,2
2024-11-03 01:40:00,-250.2,2
2024-11-03 01:45:00,-250.7,2
2024-11-03 01:50:00,-252.2,2
2024-11-03 01:55:00,-252.1,2
2024-11-03 02:00:00,-253.1,2
2024-11-03 02:05:00,-254.7,2
2024-11-03 02:10:00,-255,2
2024-11-03 02:15:00,-255.2,2
2024-11-03 02:20:00,-257.3,2
2024-11-03 02:25:00,-259.1,2
2024-11-03 02:30:00,-263,2
2024-11-03 02:35:00,-259.7,2
2024-11-03 02:40:00,-259.6,2
2024-11-03 02:45:00,-261.3,2
2024-11-03 02:50:00,-259.8,2
2024-11-03 02:55:00,-259.1,2
2024-11-03 03:00:00,-261.7,2
2024-11-03 03:05:00,-261.5,2
2024-11-03 03:10:00,-264.2,2
2024-11-03 03:15:00,-264.7,2
2024-11-03 03:20:00,-265.7,2
2024-11-03 03:25:00,-266.8,2
2024-11-03 03:30:00,-266.5,2
2024-11-03 03:35:00,-266.5,2
2024-11-03 03:40:00,-268,2
2024-11-03 03:45:00,-267.9,2
2024-11-03 03:50:00,-269.3,2
2024-11-03 03:55:00,-268.3,2
2024-11-03 04:00:00,-269,2
2024-11-03 04:05:00,-271.4,2
2024-11-03 04:10:00,-272.4,2
2024-11-03 04:15:00,-273.8,2
2024-11-03 04:20:00,-275,2
2024-11-03 04:25:00,-273.7,2
2024-11-03 04:30:00,-276.2,2
2024-11-03 04:35:00,-273.8,2
2024-11-03 04:40:00,-275.4,2
2024-11-03 04:45:00,-276,2
2024-11-03 04:50:00,-275.4,2
2024-11-03 04:55:00,-276,2
2024-11-03 05:00:00,-277.3,2
2024-11-03 05:05:00,-277,2
2024-11-03 05:10:00,-276.2,2
2024-11-03 05:15:00,-278.9,2
2024-11-03 05:20:00,-279.3,2
2024-11-03 05:25:00,-280.2,2
2024-11-03 05:30:00,-279.8,2
2024-11-03 05:35:00,-282.3,2
2024-11-03 05:40:00,-283.5,2
2024-11-03 05:45:00,-284.2,2
2024-11-03 05:50:00,-284,2
2024-11-03 05:55:00,-283.5,2
2024-11-03 06:00:00,-285,2
2024-11-03 06:05:00,-283,2
2024-11-03 06:10:00,-286.5,2
2024-11-03 06:15:00,-286.6,2
2024-11-03 06:20:00,-287.2,2
2024-11-03 06:25:00,-287.5,2
2024-11-03 06:30:00,-288.6,2
2024-11-03 06:35:00,-290.1,2
2024-11-03 06:40:00,-290,2
2024-11-03 06:45:00,-289.3,2
2024-11-03 06:50:00,-291.7,2
2024-11-03 06:55:00,-291.6,2
2024-11-03 07:00:00,-292.4,2
2024-11-03 07:05:00,-291.5,2
2024-11-03 07:10:00,-292.2,2
2024-11-03 07:15:00,-290.5,2
2024-11-03 07:20:00,-293.3,2
2024-11-03 07:25:00,-290.1,2
2024-11-03 07:30:00,-292.3,2
2024-11-03 07:35:00,-292.5,2
2024-11-03 07:40:00,-293.2,2
2024-11-03 07:45:00,-296.5,2
2024-11-03 07:50:00,-296.8,2
2024-11-03 07:55:00,-296.7,2
2024-11-03 08:00:00,-298.8,2
2024-11-03 08:05:00,-297.8,2
2024-11-03 08:10:00,-298.5,2
2024-11-03 08:15:00,-298.1,2
2024-11-03 08:20:00,-299.4,2
2024-11-03 08:25:00,-303.1,2
2024-11-03 08:30:00,-303.9,2
2024-11-03 08:35:00,-305.6,2
2024-11-03 08:40:00,-304.3,2
2024-11-03 08:45:00,-305.8,2
2024-11-03 08:50:00,-308.8,2
2024-11-03 08:55:00,-309.7,2
2024-11-03 09:00:00,-311.5,2
2024-11-03 09:05:00,-311.7,2
2024-11-03 09:10:00,-314.2,2
2024-11-03 09:15:00,-316.3,2
2024-11-03 09:20:00,-317.2,2
2024-11-03 09:25:00,-315.9,2
2024-11-03 09:30:00,-319,2
2024-11-03 09:35:00,-317.2,2
2024-11-03 09:40:00,-323.2,2
2024-11-03 09:45:00,-323.5,2
2024-11-03 09:50:00,-325.3,2
2024-11-03 09:55:00,-325.4,2
2024-11-03 10:00:00,-329.2,2
2024-11-03 10:05:00,-330,2
2024-11-03 10:10:00,-333.8,2
2024-11-03 10:15:00,-331.3,2
2024-11-03 10:20:00,-333.8,2
2024-11-03 10:25:00,-334.7,2
2024-11-03 10:30:00,-337.8,2
2024-11-03 10:35:00,-338.6,2
2024-11-03 10:40:00,-339.4,2
2024-11-03 10:45:00,-342.6,2
2024-11-03 10:50:00,-344.3,2
2024-11-03 10:55:00,-324.6,2
2024-11-03 11:00:00,-81.3,2
2024-11-03 11:05:00,-36.1,2
2024-11-03 11:10:00,-20.3,2
2024-11-03 11:15:00,-17,2
2024-11-03 11:20:00,-14.7,2
2024-11-03 11:25:00,-13.1,2
2024-11-03 11:30:00,-11.8,2
2024-11-03 11:35:00,-10.5,2
2024-11-03 11:40:00,-8,2
2024-11-03 11:45:00,-5,2
2024-11-03 11:50:00,-1.1,2
2024-11-03 11:55:00,-0.3,2
2024-11-03 12:00:00,-0.1,2
2024-11-03 12:05:00,-0.1,2
2024-11-03 12:10:00,-0.1,2
2024-11-03 12:15:00,-0.1,2
2024-11-03 12:20:00,-0.1,2
2024-11-03 12:25:00,-0.1,2
2024-11-03 12:30:00,-0.1,2
2024-11-03 12:35:00,-0.1,2
2024-11-03 12:40:00,-0.1,2
2024-11-03 12:45:00,-0.1,2
2024-11-03 12:50:00,-0.1,2
2024-11-03 12:55:00,-0.1,2
2024-11-03 13:00:00,-0.1,2
2024-11-03 13:05:00,-0.1,2
2024-11-03 13:10:00,-0.1,2
2024-11-03 13:15:00,-0.1,2
2024-11-03 13:20:00,-0.1,2
2024-11-03 13:25:00,-0.1,2
2024-11-03 13:30:00,-0.1,2
2024-11-03 13:35:00,-0.1,2
2024-11-03 13:40:00,-0.1,2
2024-11-03 13:45:00,-0.1,2
2024-11-03 13:50:00,-0.1,2
2024-11-03 13:55:00,-0.1,2
2024-11-03 14:00:00,-0.1,2
2024-11-03 14:05:00,-0.1,2
2024-11-03 14:10:00,-0.1,2
2024-11-03 14:15:00,-0.1,2
2024-11-03 14:20:00,-0.1,2
2024-11-03 14:25:00,-0.1,2
2024-11-03 14:30:00,-0.1,2
2024-11-03 14:35:00,-0.1,2
2024-11-03 14:40:00,-0.1,2
2024-11-03 14:45:00,-0.1,2
2024-11-03 14:50:00,-0.2,2
2024-11-03 14:55:00,-0.2,2
2024-11-03 15:00:00,-0.2,2
2024-11-03 15:05:00,-0.2,2
2024-11-03 15:10:00,-0.2,2
2024-11-03 15:15:00,-0.2,2
2024-11-03 15:20:00,-0.2,2
2024-11-03 15:25:00,-0.2,2
2024-11-03 15:30:00,-0.3,2
2024-11-03 15:35:00,-0.3,2
2024-11-03 15:40:00,-0.3,2
2024-11-03 15:45:00,-0.3,2
2024-11-03 15:50:00,-0.4,2
2024-11-03 15:55:00,-0.4,2
2024-11-03 16:00:00,-0.5,2
2024-11-03 16:05:00,-0.5,2
2024-11-03 16:10:00,-0.6,2
2024-11-03 16:15:00,-0.8,2
2024-11-03 16:20:00,-0.8,2
2024-11-03 16:25:00,-1,2
2024-11-03 16:30:00,-1.2,2
2024-11-03 16:35:00,-1.4,2
2024-11-03 16:40:00,-1.7,2
2024-11-03 16:45:00,-2.2,2
2024-11-03 16:50:00,-2.6,2
2024-11-03 16:55:00,-3.4,2
2024-11-03 17:00:00,-4.3,2
2024-11-03 17:05:00,-5.2,2
2024-11-03 17:10:00,-5.4,2
2024-11-03 17:15:00,-5.8,2
2024-11-03 17:20:00,-6.3,2
2024-11-03 17:25:00,-6.6,2
2024-11-03 17:30:00,-7,2
2024-11-03 17:35:00,-7.4,2
2024-11-03 17:40:00,-8,2
2024-11-03 17:45:00,-8.6,2
2024-11-03 17:50:00,-9.3,2
2024-11-03 17:55:00,-9.8,2
2024-11-03 18:00:00,-10.1,2
2024-11-03 18:05:00,-10.2,2
2024-11-03 18:10:00,-10.3,2
2024-11-03 18:15:00,-10.5,2
2024-11-03 18:20:00,-10.6,2
2024-11-03 18:25:00,-10.7,2
2024-11-03 18:30:00,-10.9,2
2024-11-03 18:35:00,-11,2
2024-11-03 18:40:00,-11.1,2
2024-11-03 18:45:00,-11.2,2
2024-11-03 18:50:00,-11.4,2
2024-11-03 18:55:00,-11.6,2
2024-11-03 19:00:00,-11.7,2
2024-11-03 19:05:00,-11.8,2
2024-11-03 19:10:00,-11.9,2
2024-11-03 19:15:00,-12.1,2
2024-11-03 19:20:00,-12.2,2
2024-11-03 19:25:00,-12.3,2
2024-11-03 19:30:00,-12.4,2
2024-11-03 19:35:00,-12.6,2
2024-11-03 19:40:00,-12.7,2
2024-11-03 19:45:00,-12.8,2
2024-11-03 19:50:00,-13,2
2024-11-03 19:55:00,-13.1,2
2024-11-03 20:00:00,-13.2,2
2024-11-03 20:05:00,-13.4,2
2024-11-03 20:10:00,-13.5,2
2024-11-03 20:15:00,-13.7,2
2024-11-03 20:20:00,-13.8,2
2024-11-03 20:25:00,-13.9,2
2024-11-03 20:30:00,-14.1,2
2024-11-03 20:35:00,-14.2,2
2024-11-03 20:40:00,-14.4,2
2024-11-03 20:45:00,-14.5,2
2024-11-03 20:50:00,-14.6,2
2024-11-03 20:55:00,-14.8,2
2024-11-03 21:00:00,-14.9,2
2024-11-03 21:05:00,-15.1,2
2024-11-03 21:10:00,-15.2,2
2024-11-03 21:15:00,-15.4,2
2024-11-03 21:20:00,-15.5,2
2024-11-03 21:25:00,-15.6,2
2024-11-03 21:30:00,-15.8,2
2024-11-03 21:35:00,-15.9,2
2024-11-03 21:40:00,-16,2
2024-11-03 21:45:00,-16.2,2
2024-11-03 21:50:00,-16.3,2
2024-11-03 21:55:00,-16.5,2
2024-11-03 22:00:00,-16.6,2
2024-11-03 22:05:00,-16.8,2
2024-11-03 22:10:00,-16.9,2
2024-11-03 22:15:00,-17.1,2
2024-11-03 22:20:00,-17.2,2
2024-11-03 22:25:00,-17.4,2
2024-11-03 22:30:00,-17.5,2
2024-11-03 22:35:00,-17.6,2
2024-11-03 22:40:00,-17.8,2
2024-11-03 22:45:00,-18,2
2024-11-03 22:50:00,-18.1,2
2024-11-03 22:55:00,-18.3,2
2024-11-03 23:00:00,-18.4,2
2024-11-03 23:05:00,-18.5,2
2024-11-03 23:10:00,-18.7,2
2024-11-03 23:15:00,-18.8,2
2024-11-03 23:20:00,-19,2
2024-11-03 23:25:00,-19.2,2
2024-11-03 23:30:00,-19.3,2
2024-11-03 23:35:00,-19.5,2
2024-11-03 23:40:00,-19.7,2
2024-11-03 23:45:00,-19.7,2
2024-11-03 23:50:00,-19.9,2
2024-11-03 23:55:00,-20.1,2
2024-11-04,-20.1,2
2024-11-04 00:05:00,-20.4,2
2024-11-04 00:10:00,-20.5,2
2024-11-04 00:15:00,-20.6,2
2024-11-04 00:20:00,-20.8,2
2024-11-04 00:25:00,-20.9,2
2024-11-04 00:30:00,-21.1,2
2024-11-04 00:35:00,-21.2,2
2024-11-04 00:40:00,-21.3,2
2024-11-04 00:45:00,-21.4,2
2024-11-04 00:50:00,-21.5,2
2024-11-04 00:55:00,-21.7,2
2024-11-04 01:00:00,-21.8,2
2024-11-04 01:05:00,-21.9,2
2024-11-04 01:10:00,-22,2
2024-11-04 01:15:00,-22.1,2
2024-11-04 01:20:00,-22.2,2
2024-11-04 01:25:00,-22.3,2
2024-11-04 01:30:00,-22.5,2
2024-11-04 01:35:00,-22.5,2
2024-11-04 01:40:00,-22.6,2
2024-11-04 01:45:00,-22.8,2
2024-11-04 01:50:00,-22.8,2
2024-11-04 01:55:00,-23,2
2024-11-04 02:00:00,-23,2
2024-11-04 02:05:00,-23.2,2
2024-11-04 02:10:00,-23.3,2
2024-11-04 02:15:00,-23.3,2
2024-11-04 02:20:00,-23.5,2
2024-11-04 02:25:00,-23.6,2
2024-11-04 02:30:00,-23.6,2
2024-11-04 02:35:00,-23.8,2
2024-11-04 02:40:00,-23.9,2
2024-11-04 02:45:00,-24,2
2024-11-04 02:50:00,-24.1,2
2024-11-04 02:55:00,-24.1,2
2024-11-04 03:00:00,-24.2,2
2024-11-04 03:05:00,-24.3,2
2024-11-04 03:10:00,-24.5,2
2024-11-04 03:15:00,-24.5,2
2024-11-04 03:20:00,-24.7,2
2024-11-04 03:25:00,-24.8,2
2024-11-04 03:30:00,-24.8,2
2024-11-04 03:35:00,-24.8,2
2024-11-04 03:40:00,-25,2
2024-11-04 03:45:00,-25,2
2024-11-04 03:50:00,-25.2,2
2024-11-04 03:55:00,-25.3,2
2024-11-04 04:00:00,-25.4,2
2024-11-04 04:05:00,-25.4,2
2024-11-04 04:10:00,-25.5,2
2024-11-04 04:15:00,-25.6,2
2024-11-04 04:20:00,-25.6,2
2024-11-04 04:25:00,-25.8,2
2024-11-04 04:30:00,-26,2
2024-11-04 04:35:00,-26,2
2024-11-04 04:40:00,-25.9,2
2024-11-04 04:45:00,-26.1,2
2024-11-04 04:50:00,-26.3,2
2024-11-04 04:55:00,-26.4,2
2024-11-04 05:00:00,-26.4,2
2024-11-04 05:05:00,-26.6,2
2024-11-04 05:10:00,-26.7,2
2024-11-04 05:15:00,-26.7,2
2024-11-04 05:20:00,-26.7,2
2024-11-04 05:25:00,-26.7,2
2024-11-04 05:30:00,-27,2
2024-11-04 05:35:00,-27,2
2024-11-04 05:40:00,-27,2
2024-11-04 05:45:00,-27.2,2
2024-11-04 05:50:00,-27.3,2
2024-11-04 05:55:00,-27.2,2
2024-11-04 06:00:00,-27.3,2
2024-11-04 06:05:00,-27.5,2
2024-11-04 06:10:00,-27.6,2
2024-11-04 06:15:00,-27.6,2
2024-11-04 06:20:00,-27.7,2
2024-11-04 06:25:00,-27.9,2
2024-11-04 06:30:00,-28,2
2024-11-04 06:35:00,-27.9,2
2024-11-04 06:40:00,-28,2
2024-11-04 06:45:00,-28.1,2
2024-11-04 06:50:00,-28.3,2
2024-11-04 06:55:00,-28.3,2
2024-11-04 07:00:00,-28.3,2
2024-11-04 07:05:00,-28.3,2
2024-11-04 07:10:00,-28.5,2
2024-11-04 07:15:00,-28.7,2
2024-11-04 07:20:00,-28.6,2
2024-11-04 07:25:00,-28.8,2
2024-11-04 07:30:00,-28.8,2
2024-11-04 07:35:00,-28.9,2
2024-11-04 07:40:00,-29,2
2024-11-04 07:45:00,-29,2
2024-11-04 07:50:00,-29.1,2
2024-11-04 07:55:00,-29.3,2
2024-11-04 08:00:00,-29.4,2
2024-11-04 08:05:00,-29.3,2
2024-11-04 08:10:00,-29.6,2
2024-11-04 08:15:00,-29.6,2
2024-11-04 08:20:00,-29.7,2
2024-11-04 08:25:00,-29.9,2
2024-11-04 08:30:00,-30,2
2024-11-04 08:35:00,-30.1,2
2024-11-04 08:40:00,-30.3,2
2024-11-04 08:45:00,-30.4,2
2024-11-04 08:50:00,-30.6,2
2024-11-04 08:55:00,-30.7,2
2024-11-04 09:00:00,-30.9,2
2024-11-04 09:05:00,-31,2
2024-11-04 09:10:00,-31.1,2
2024-11-04 09:15:00,-31.5,2
2024-11-04 09:20:00,-31.6,2
2024-11-04 09:25:00,-31.8,2
2024-11-04 09:30:00,-31.9,2
2024-11-04 09:35:00,-32.2,2
2024-11-04 09:40:00,-32.2,2
2024-11-04 09:45:00,-32.5,2
2024-11-04 09:50:00,-32.7,2
2024-11-04 09:55:00,-32.8,2
2024-11-04 10:00:00,-33,2
2024-11-04 10:05:00,-33.2,2
2024-11-04 10:10:00,-33.4,2
2024-11-04 10:15:00,-33.8,2
2024-11-04 10:20:00,-33.9,2
2024-11-04 10:25:00,-34,2
2024-11-04 10:30:00,-34.4,2
2024-11-04 10:35:00,-34.6,2
2024-11-04 10:40:00,-34.7,2
2024-11-04 10:45:00,-35,2
2024-11-04 10:50:00,-35.1,2
2024-11-04 10:55:00,-35.6,2
2024-11-04 11:00:00,-35.6,2
2024-11-04 11:05:00,-35.9,2
2024-11-04 11:10:00,-36.2,2
2024-11-04 11:15:00,-36.4,2
2024-11-04 11:20:00,-36.7,2
2024-11-04 11:25:00,-36.9,2
2024-11-04 11:30:00,-37.4,2
2024-11-04 11:35:00,-37.3,2
2024-11-04 11:40:00,-37.8,2
2024-11-04 11:45:00,-38,2
2024-11-04 11:50:00,-38.2,2
2024-11-04 11:55:00,-38.6,2
2024-11-04 12:00:00,-38.8,2
2024-11-04 12:05:00,-39.3,2
2024-11-04 12:10:00,-39.5,2
2024-11-04 12:15:00,-39.9,2
2024-11-04 12:20:00,-40.2,2
2024-11-04 12:25:00,-40.3,2
2024-11-04 12:30:00,-40.7,2
2024-11-04 12:35:00,-41.1,2
2024-11-04 12:40:00,-41.6,2
2024-11-04 12:45:00,-42.1,2
2024-11-04 12:50:00,-42.3,2
2024-11-04 12:55:00,-42.6,2
2024-10-24 10:25:00,-5652,3
2024-10-24 10:30:00,-5075,3
2024-10-24 10:35:00,-4465,3
2024-10-24 10:40:00,-4232,3
2024-10-24 10:45:00,-3906,3
2024-10-24 10:50:00,-3682,3
2024-10-24 10:55:00,-3391,3
2024-10-24 11:00:00,-3062,3
2024-10-24 11:05:00,-2838,3
2024-10-24 11:10:00,-2512,3
2024-10-24 11:15:00,-2233,3
2024-10-24 11:20:00,-2024,3
2024-10-24 11:25:00,-1823,3
2024-10-24 11:30:00,-1611,3
2024-10-24 11:35:00,-1435,3
2024-10-24 11:40:00,-1323,3
2024-10-24 11:45:00,-1222,3
2024-10-24 11:50:00,-1090,3
2024-10-24 11:55:00,-1003,3
2024-10-24 12:00:00,-915,3
2024-10-24 12:05:00,-837,3
2024-10-24 12:10:00,-790.8,3
2024-10-24 12:15:00,-733.1,3
2024-10-24 12:20:00,-679.3,3
2024-10-24 12:25:00,-627.2,3
2024-10-24 12:30:00,-597.6,3
2024-10-24 12:35:00,-557.4,3
2024-10-24 12:40:00,-529.1,3
2024-10-24 12:45:00,-499.7,3
2024-10-24 12:50:00,-472.7,3
2024-10-24 12:55:00,-448.6,3
2024-10-24 13:00:00,-425.8,3
2024-10-24 13:05:00,-409.3,3
2024-10-24 13:10:00,-389.5,3
2024-10-24 13:15:00,-375.5,3
2024-10-24 13:20:00,-358.6,3
2024-10-24 13:25:00,-343.7,3
2024-10-24 13:30:00,-334.5,3
2024-10-24 13:35:00,-321.7,3
2024-10-24 13:40:00,-308.7,3
2024-10-24 13:45:00,-297.8,3
2024-10-24 13:50:00,-292.6,3
2024-10-24 13:55:00,-279.1,3
2024-10-24 14:00:00,-273.5,3
2024-10-24 14:05:00,-266.1,3
2024-10-24 14:10:00,-251.5,3
2024-10-24 14:15:00,-242.9,3
2024-10-24 14:20:00,-238.2,3
2024-10-24 14:25:00,-230.9,3
2024-10-24 14:30:00,-225.6,3
2024-10-24 14:35:00,-219.3,3
2024-10-24 14:40:00,-216.4,3
2024-10-24 14:45:00,-210.9,3
2024-10-24 14:50:00,-206.2,3
2024-10-24 14:55:00,-201.4,3
2024-10-24 15:00:00,-196.8,3
2024-10-24 15:05:00,-193.7,3
2024-10-24 15:10:00,-188.3,3
2024-10-24 15:15:00,-185.9,3
2024-10-24 15:20:00,-181.5,3
2024-10-24 15:25:00,-178.4,3
2024-10-24 15:30:00,-175.4,3
2024-10-24 15:35:00,-171,3
2024-10-24 15:40:00,-168.9,3
2024-10-24 15:45:00,-165.9,3
2024-10-24 15:50:00,-161.6,3
2024-10-24 15:55:00,-159.6,3
2024-10-24 16:00:00,-157.2,3
2024-10-24 16:05:00,-153.5,3
2024-10-24 16:10:00,-152.3,3
2024-10-24 16:15:00,-149.4,3
2024-10-24 16:20:00,-146.8,3
2024-10-24 16:25:00,-145.2,3
2024-10-24 16:30:00,-142.5,3
2024-10-24 16:35:00,-141.2,3
2024-10-24 16:40:00,-139.2,3
2024-10-24 16:45:00,-138,3
2024-10-24 16:50:00,-136.4,3
2024-10-24 16:55:00,-135.3,3
2024-10-24 17:00:00,-133.8,3
2024-10-24 17:05:00,-132.6,3
2024-10-24 17:10:00,-130.9,3
2024-10-24 17:15:00,-129.5,3
2024-10-24 17:20:00,-128,3
2024-10-24 17:25:00,-127.1,3
2024-10-24 17:30:00,-126.4,3
2024-10-24 17:35:00,-125.1,3
2024-10-24 17:40:00,-124,3
2024-10-24 17:45:00,-122.9,3
2024-10-24 17:50:00,-121.8,3
2024-10-24 17:55:00,-120.4,3
2024-10-24 18:00:00,-119.9,3
2024-10-24 18:05:00,-119,3
2024-10-24 18:10:00,-117.8,3
2024-10-24 18:15:00,-116.4,3
2024-10-24 18:20:00,-116.3,3
2024-10-24 18:25:00,-115.2,3
2024-10-24 18:30:00,-114.7,3
2024-10-24 18:35:00,-113.6,3
2024-10-24 18:40:00,-112.4,3
2024-10-24 18:45:00,-112.2,3
2024-10-24 18:50:00,-110.8,3
2024-10-24 18:55:00,-110.4,3
2024-10-24 19:00:00,-110.1,3
2024-10-24 19:05:00,-108.8,3
2024-10-24 19:10:00,-108.4,3
2024-10-24 19:15:00,-107.4,3
2024-10-24 19:20:00,-106.7,3
2024-10-24 19:25:00,-106.2,3
2024-10-24 19:30:00,-105.4,3
2024-10-24 19:35:00,-104.8,3
2024-10-24 19:40:00,-104.7,3
2024-10-24 19:45:00,-103.8,3
2024-10-24 19:50:00,-103.2,3
2024-10-24 19:55:00,-103,3
2024-10-24 20:00:00,-102,3
2024-10-24 20:05:00,-101.7,3
2024-10-24 20:10:00,-100.7,3
2024-10-24 20:15:00,-100.6,3
2024-10-24 20:20:00,-99.8,3
2024-10-24 20:25:00,-99.4,3
2024-10-24 20:30:00,-98.8,3
2024-10-24 20:35:00,-98.7,3
2024-10-24 20:40:00,-98,3
2024-10-24 20:45:00,-97.6,3
2024-10-24 20:50:00,-96.9,3
2024-10-24 20:55:00,-96.5,3
2024-10-24 21:00:00,-96.3,3
2024-10-24 21:05:00,-95.7,3
2024-10-24 21:10:00,-95.4,3
2024-10-24 21:15:00,-95.4,3
2024-10-24 21:20:00,-94.5,3
2024-10-24 21:25:00,-94.2,3
2024-10-24 21:30:00,-94.1,3
2024-10-24 21:35:00,-93.4,3
2024-10-24 21:40:00,-93.3,3
2024-10-24 21:45:00,-92.5,3
2024-10-24 21:50:00,-92.1,3
2024-10-24 21:55:00,-92.2,3
2024-10-24 22:00:00,-91.3,3
2024-10-24 22:05:00,-91.4,3
2024-10-24 22:10:00,-90.7,3
2024-10-24 22:15:00,-90.3,3
2024-10-24 22:20:00,-90.3,3
2024-10-24 22:25:00,-90,3
2024-10-24 22:30:00,-89.3,3
2024-10-24 22:35:00,-89.2,3
2024-10-24 22:40:00,-88.5,3
2024-10-24 22:45:00,-88.3,3
2024-10-24 22:50:00,-88.3,3
2024-10-24 22:55:00,-87.4,3
2024-10-24 23:00:00,-87.3,3
2024-10-24 23:05:00,-86.8,3
2024-10-24 23:10:00,-86.6,3
2024-10-24 23:15:00,-86.6,3
2024-10-24 23:20:00,-85.8,3
2024-10-24 23:25:00,-85.8,3
2024-10-24 23:30:00,-85.3,3
2024-10-24 23:35:00,-84.9,3
2024-10-24 23:40:00,-85.1,3
2024-10-24 23:45:00,-84.9,3
2024-10-24 23:50:00,-84,3
2024-10-24 23:55:00,-84.2,3
2024-10-25,-84,3
2024-10-25 00:05:00,-84,3
2024-10-25 00:10:00,-83.4,3
2024-10-25 00:15:00,-83.3,3
2024-10-25 00:20:00,-83.2,3
2024-10-25 00:25:00,-82.8,3
2024-10-25 00:30:00,-82.6,3
2024-10-25 00:35:00,-82.7,3
2024-10-25 00:40:00,-82.5,3
2024-10-25 00:45:00,-82.2,3
2024-10-25 00:50:00,-81.8,3
2024-10-25 00:55:00,-81.6,3
2024-10-25 01:00:00,-81.7,3
2024-10-25 01:05:00,-81.7,3
2024-10-25 01:10:00,-81.1,3
2024-10-25 01:15:00,-81,3
2024-10-25 01:20:00,-80.9,3
2024-10-25 01:25:00,-80.5,3
2024-10-25 01:30:00,-80.2,3
2024-10-25 01:35:00,-80.2,3
2024-10-25 01:40:00,-80.3,3
2024-10-25 01:45:00,-80,3
2024-10-25 01:50:00,-79.7,3
2024-10-25 01:55:00,-79.4,3
2024-10-25 02:00:00,-79.5,3
2024-10-25 02:05:00,-79.6,3
2024-10-25 02:10:00,-79,3
2024-10-25 02:15:00,-78.9,3
2024-10-25 02:20:00,-78.9,3
2024-10-25 02:25:00,-78.8,3
2024-10-25 02:30:00,-78.9,3
2024-10-25 02:35:00,-78.5,3
2024-10-25 02:40:00,-78.3,3
2024-10-25 02:45:00,-78.2,3
2024-10-25 02:50:00,-78,3
2024-10-25 02:55:00,-77.8,3
2024-10-25 03:00:00,-77.7,3
2024-10-25 03:05:00,-77.3,3
2024-10-25 03:10:00,-77.4,3
2024-10-25 03:15:00,-77.4,3
2024-10-25 03:20:00,-76.9,3
2024-10-25 03:25:00,-76.9,3
2024-10-25 03:30:00,-76.6,3
2024-10-25 03:35:00,-76.9,3
2024-10-25 03:40:00,-76.6,3
2024-10-25 03:45:00,-76.4,3
2024-10-25 03:50:00,-76.1,3
2024-10-25 03:55:00,-76.1,3
2024-10-25 04:00:00,-76,3
2024-10-25 04:05:00,-76.1,3
2024-10-25 04:10:00,-75.8,3
2024-10-25 04:15:00,-75.7,3
2024-10-25 04:20:00,-75.5,3
2024-10-25 04:25:00,-75.5,3
2024-10-25 04:30:00,-75.4,3
2024-10-25 04:35:00,-75.2,3
2024-10-25 04:40:00,-75,3
2024-10-25 04:45:00,-74.9,3
2024-10-25 04:50:00,-74.6,3
2024-10-25 04:55:00,-74.8,3
2024-10-25 05:00:00,-74.7,3
2024-10-25 05:05:00,-74.3,3
2024-10-25 05:10:00,-74.2,3
2024-10-25 05:15:00,-74.1,3
2024-10-25 05:20:00,-74.1,3
2024-10-25 05:25:00,-74,3
2024-10-25 05:30:00,-73.8,3
2024-10-25 05:35:00,-73.6,3
2024-10-25 05:40:00,-73.4,3
2024-10-25 05:45:00,-73.6,3
2024-10-25 05:50:00,-73.5,3
2024-10-25 05:55:00,-73.5,3
2024-10-25 06:00:00,-73.1,3
2024-10-25 06:05:00,-72.7,3
2024-10-25 06:10:00,-72.9,3
2024-10-25 06:15:00,-72.9,3
2024-10-25 06:20:00,-72.8,3
2024-10-25 06:25:00,-72.5,3
2024-10-25 06:30:00,-72.3,3
2024-10-25 06:35:00,-72.2,3
2024-10-25 06:40:00,-72.3,3
2024-10-25 06:45:00,-72.3,3
2024-10-25 06:50:00,-72.1,3
2024-10-25 06:55:00,-72,3
2024-10-25 07:00:00,-71.9,3
2024-10-25 07:05:00,-71.7,3
2024-10-25 07:10:00,-71.4,3
2024-10-25 07:15:00,-71.6,3
2024-10-25 07:20:00,-71.5,3
2024-10-25 07:25:00,-71.3,3
2024-10-25 07:30:00,-71.1,3
2024-10-25 07:35:00,-70.9,3
2024-10-25 07:40:00,-70.9,3
2024-10-25 07:45:00,-71,3
2024-10-25 07:50:00,-70.8,3
2024-10-25 07:55:00,-70.5,3
2024-10-25 08:00:00,-70.3,3
2024-10-25 08:05:00,-70.4,3
2024-10-25 08:10:00,-70.1,3
2024-10-25 08:15:00,-69.8,3
2024-10-25 08:20:00,-69.7,3
2024-10-25 08:25:00,-69.7,3
2024-10-25 08:30:00,-69.7,3
2024-10-25 08:35:00,-69.4,3
2024-10-25 08:40:00,-68.9,3
2024-10-25 08:45:00,-69.1,3
2024-10-25 08:50:00,-69.1,3
2024-10-25 08:55:00,-68.8,3
2024-10-25 09:00:00,-68.5,3
2024-10-25 09:05:00,-68.5,3
2024-10-25 09:10:00,-68.4,3
2024-10-25 09:15:00,-68.4,3
2024-10-25 09:20:00,-68.1,3
2024-10-25 09:25:00,-67.9,3
2024-10-25 09:30:00,-67.7,3
2024-10-25 09:35:00,-67.7,3
2024-10-25 09:40:00,-67.6,3
2024-10-25 09:45:00,-67.4,3
2024-10-25 09:50:00,-67.2,3
2024-10-25 09:55:00,-67.2,3
2024-10-25 10:00:00,-67.1,3
2024-10-25 10:05:00,-66.9,3
2024-10-25 10:10:00,-66.8,3
2024-10-25 10:15:00,-66.8,3
2024-10-25 10:20:00,-66.7,3
2024-10-25 10:25:00,-66.4,3
2024-10-25 10:30:00,-66.1,3
2024-10-25 10:35:00,-66.1,3
2024-10-25 10:40:00,-66.1,3
2024-10-25 10:45:00,-65.9,3
2024-10-25 10:50:00,-65.6,3
2024-10-25 10:55:00,-65.6,3
2024-10-25 11:00:00,-65.3,3
2024-10-25 11:05:00,-65,3
2024-10-25 11:10:00,-65,3
2024-10-25 11:15:00,-64.9,3
2024-10-25 11:20:00,-64.9,3
2024-10-25 11:25:00,-64.6,3
2024-10-25 11:30:00,-64.4,3
2024-10-25 11:35:00,-64.3,3
2024-10-25 11:40:00,-64.2,3
2024-10-25 11:45:00,-63.9,3
2024-10-25 11:50:00,-63.7,3
2024-10-25 11:55:00,-63.7,3
2024-10-25 12:00:00,-63.4,3
2024-10-25 12:05:00,-63.2,3
2024-10-25 12:10:00,-63.2,3
2024-10-25 12:15:00,-63,3
2024-10-25 12:20:00,-62.7,3
2024-10-25 12:25:00,-62.8,3
2024-10-25 12:30:00,-62.6,3
2024-10-25 12:35:00,-62.2,3
2024-10-25 12:40:00,-62.2,3
2024-10-25 12:45:00,-61.9,3
2024-10-25 12:50:00,-61.9,3
2024-10-25 12:55:00,-61.7,3
2024-10-25 13:00:00,-61.6,3
2024-10-25 13:05:00,-61.3,3
2024-10-25 13:10:00,-61.3,3
2024-10-25 13:15:00,-61.1,3
2024-10-25 13:20:00,-60.8,3
2024-10-25 13:25:00,-60.7,3
2024-10-25 13:30:00,-60.7,3
2024-10-25 13:35:00,-60.6,3
2024-10-25 13:40:00,-60.4,3
2024-10-25 13:45:00,-60.3,3
2024-10-25 13:50:00,-60.2,3
2024-10-25 13:55:00,-60.2,3
2024-10-25 14:00:00,-60.3,3
2024-10-25 14:05:00,-60,3
2024-10-25 14:10:00,-59.8,3
2024-10-25 14:15:00,-59.6,3
2024-10-25 14:20:00,-59.7,3
2024-10-25 14:25:00,-59.6,3
2024-10-25 14:30:00,-59.6,3
2024-10-25 14:35:00,-59.1,3
2024-10-25 14:40:00,-58.8,3
2024-10-25 14:45:00,-58.8,3
2024-10-25 14:50:00,-57.9,3
2024-10-25 14:55:00,-57.3,3
2024-10-25 15:00:00,-57.3,3
2024-10-25 15:05:00,-57.1,3
2024-10-25 15:10:00,-56.9,3
2024-10-25 15:15:00,-56.4,3
2024-10-25 15:20:00,-56.5,3
2024-10-25 15:25:00,-56.6,3
2024-10-25 15:30:00,-56.3,3
2024-10-25 15:35:00,-55.9,3
2024-10-25 15:40:00,-55.9,3
2024-10-25 15:45:00,-55.7,3
2024-10-25 15:50:00,-55.6,3
2024-10-25 15:55:00,-55.2,3
2024-10-25 16:00:00,-55.1,3
2024-10-25 16:05:00,-55,3
2024-10-25 16:10:00,-54.9,3
2024-10-25 16:15:00,-54.5,3
2024-10-25 16:20:00,-54.5,3
2024-10-25 16:25:00,-54.4,3
2024-10-25 16:30:00,-54.3,3
2024-10-25 16:35:00,-54.3,3
2024-10-25 16:40:00,-54,3
2024-10-25 16:45:00,-53.7,3
2024-10-25 16:50:00,-53.7,3
2024-10-25 16:55:00,-53.6,3
2024-10-25 17:00:00,-53.6,3
2024-10-25 17:05:00,-53.2,3
2024-10-25 17:10:00,-53.1,3
2024-10-25 17:15:00,-52.9,3
2024-10-25 17:20:00,-52.9,3
2024-10-25 17:25:00,-52.9,3
2024-10-25 17:30:00,-52.6,3
2024-10-25 17:35:00,-52.4,3
2024-10-25 17:40:00,-52.3,3
2024-10-25 17:45:00,-52.4,3
2024-10-25 17:50:00,-52.4,3
2024-10-25 17:55:00,-52.3,3
2024-10-25 18:00:00,-52,3
2024-10-25 18:05:00,-51.9,3
2024-10-25 18:10:00,-51.8,3
2024-10-25 18:15:00,-51.6,3
2024-10-25 18:20:00,-51.7,3
2024-10-25 18:25:00,-51.6,3
2024-10-25 18:30:00,-51.3,3
2024-10-25 18:35:00,-51.2,3
2024-10-25 18:40:00,-51.2,3
2024-10-25 18:45:00,-51.1,3
2024-10-25 18:50:00,-51.1,3
2024-10-25 18:55:00,-51.1,3
2024-10-25 19:00:00,-50.9,3
2024-10-25 19:05:00,-51.2,3
2024-10-25 19:10:00,-50.9,3
2024-10-25 19:15:00,-50.8,3
2024-10-25 19:20:00,-50.6,3
2024-10-25 19:25:00,-50.5,3
2024-10-25 19:30:00,-50.6,3
2024-10-25 19:35:00,-50.5,3
2024-10-25 19:40:00,-50.5,3
2024-10-25 19:45:00,-50.6,3
2024-10-25 19:50:00,-50.3,3
2024-10-25 19:55:00,-50.1,3
2024-10-25 20:00:00,-50,3
2024-10-25 20:05:00,-50,3
2024-10-25 20:10:00,-50,3
2024-10-25 20:15:00,-50.1,3
2024-10-25 20:20:00,-50.2,3
2024-10-25 20:25:00,-50,3
2024-10-25 20:30:00,-49.9,3
2024-10-25 20:35:00,-49.9,3
2024-10-25 20:40:00,-49.9,3
2024-10-25 20:45:00,-49.9,3
2024-10-25 20:50:00,-50,3
2024-10-25 20:55:00,-49.8,3
2024-10-25 21:00:00,-49.8,3
2024-10-25 21:05:00,-49.7,3
2024-10-25 21:10:00,-49.7,3
2024-10-25 21:15:00,-49.7,3
2024-10-25 21:20:00,-49.6,3
2024-10-25 21:25:00,-49.5,3
2024-10-25 21:30:00,-49.5,3
2024-10-25 21:35:00,-49.5,3
2024-10-25 21:40:00,-49.4,3
2024-10-25 21:45:00,-49.6,3
2024-10-25 21:50:00,-49.5,3
2024-10-25 21:55:00,-49.5,3
2024-10-25 22:00:00,-49.5,3
2024-10-25 22:05:00,-49.4,3
2024-10-25 22:10:00,-49.4,3
2024-10-25 22:15:00,-49.5,3
2024-10-25 22:20:00,-49.4,3
2024-10-25 22:25:00,-49.5,3
2024-10-25 22:30:00,-49.5,3
2024-10-25 22:35:00,-49.6,3
2024-10-25 22:40:00,-49.5,3
2024-10-25 22:45:00,-49.5,3
2024-10-25 22:50:00,-49.5,3
2024-10-25 22:55:00,-49.4,3
2024-10-25 23:00:00,-49.5,3
2024-10-25 23:05:00,-49.4,3
2024-10-25 23:10:00,-49.4,3
2024-10-25 23:15:00,-49.3,3
2024-10-25 23:20:00,-49.4,3
2024-10-25 23:25:00,-49.3,3
2024-10-25 23:30:00,-49.4,3
2024-10-25 23:35:00,-49.3,3
2024-10-25 23:40:00,-49.3,3
2024-10-25 23:45:00,-49.2,3
2024-10-25 23:50:00,-49.2,3
2024-10-25 23:55:00,-49.3,3
2024-10-26,-49.3,3
2024-10-26 00:05:00,-49.3,3
2024-10-26 00:10:00,-49.3,3
2024-10-26 00:15:00,-49.4,3
2024-10-26 00:20:00,-49.3,3
2024-10-26 00:25:00,-49.4,3
2024-10-26 00:30:00,-49.5,3
2024-10-26 00:35:00,-49.4,3
2024-10-26 00:40:00,-49.6,3
2024-10-26 00:45:00,-49.6,3
2024-10-26 00:50:00,-49.7,3
2024-10-26 00:55:00,-49.8,3
2024-10-26 01:00:00,-49.8,3
2024-10-26 01:05:00,-49.8,3
2024-10-26 01:10:00,-49.8,3
2024-10-26 01:15:00,-49.8,3
2024-10-26 01:20:00,-49.8,3
2024-10-26 01:25:00,-49.8,3
2024-10-26 01:30:00,-49.9,3
2024-10-26 01:35:00,-50.2,3
2024-10-26 01:40:00,-50.2,3
2024-10-26 01:45:00,-50.2,3
2024-10-26 01:50:00,-50.3,3
2024-10-26 01:55:00,-50.4,3
2024-10-26 02:00:00,-50.6,3
2024-10-26 02:05:00,-50.5,3
2024-10-26 02:10:00,-50.5,3
2024-10-26 02:15:00,-50.6,3
2024-10-26 02:20:00,-50.6,3
2024-10-26 02:25:00,-50.6,3
2024-10-26 02:30:00,-50.6,3
2024-10-26 02:35:00,-50.6,3
2024-10-26 02:40:00,-50.6,3
2024-10-26 02:45:00,-50.6,3
2024-10-26 02:50:00,-50.8,3
2024-10-26 02:55:00,-50.9,3
2024-10-26 03:00:00,-50.9,3
2024-10-26 03:05:00,-51,3
2024-10-26 03:10:00,-51,3
2024-10-26 03:15:00,-51.1,3
2024-10-26 03:20:00,-51.3,3
2024-10-26 03:25:00,-51.1,3
2024-10-26 03:30:00,-51.3,3
2024-10-26 03:35:00,-51.2,3
2024-10-26 03:40:00,-51.3,3
2024-10-26 03:45:00,-51.3,3
2024-10-26 03:50:00,-51.1,3
2024-10-26 03:55:00,-51.3,3
2024-10-26 04:00:00,-51.3,3
2024-10-26 04:05:00,-51,3
2024-10-26 04:10:00,-51.2,3
2024-10-26 04:15:00,-51.4,3
2024-10-26 04:20:00,-51.3,3
2024-10-26 04:25:00,-51.4,3
2024-10-26 04:30:00,-51.3,3
2024-10-26 04:35:00,-51.3,3
2024-10-26 04:40:00,-51.4,3
2024-10-26 04:45:00,-51.4,3
2024-10-26 04:50:00,-51.4,3
2024-10-26 04:55:00,-51.4,3
2024-10-26 05:00:00,-51.6,3
2024-10-26 05:05:00,-51.4,3
2024-10-26 05:10:00,-51.4,3
2024-10-26 05:15:00,-51.5,3
2024-10-26 05:20:00,-51.5,3
2024-10-26 05:25:00,-51.5,3
2024-10-26 05:30:00,-51.5,3
2024-10-26 05:35:00,-51.5,3
2024-10-26 05:40:00,-51.4,3
2024-10-26 05:45:00,-51.3,3
2024-10-26 05:50:00,-51.4,3
2024-10-26 05:55:00,-51.4,3
2024-10-26 06:00:00,-51.4,3
2024-10-26 06:05:00,-51.4,3
2024-10-26 06:10:00,-51.4,3
2024-10-26 06:15:00,-51.4,3
2024-10-26 06:20:00,-51.5,3
2024-10-26 06:25:00,-51.4,3
2024-10-26 06:30:00,-51.4,3
2024-10-26 06:35:00,-51.3,3
2024-10-26 06:40:00,-51.5,3
2024-10-26 06:45:00,-51.4,3
2024-10-26 06:50:00,-51.4,3
2024-10-26 06:55:00,-51.3,3
2024-10-26 07:00:00,-51.3,3
2024-10-26 07:05:00,-51.3,3
2024-10-26 07:10:00,-51.5,3
2024-10-26 07:15:00,-51.5,3
2024-10-26 07:20:00,-51.4,3
2024-10-26 07:25:00,-51.3,3
2024-10-26 07:30:00,-51.4,3
2024-10-26 07:35:00,-51.3,3
2024-10-26 07:40:00,-51.4,3
2024-10-26 07:45:00,-51.2,3
2024-10-26 07:50:00,-51.1,3
2024-10-26 07:55:00,-51.2,3
2024-10-26 08:00:00,-51.2,3
2024-10-26 08:05:00,-51.1,3
2024-10-26 08:10:00,-51,3
2024-10-26 08:15:00,-50.8,3
2024-10-26 08:20:00,-50.8,3
2024-10-26 08:25:00,-50.7,3
2024-10-26 08:30:00,-50.6,3
2024-10-26 08:35:00,-50.5,3
2024-10-26 08:40:00,-50.5,3
2024-10-26 08:45:00,-50.5,3
2024-10-26 08:50:00,-50.6,3
2024-10-26 08:55:00,-50.5,3
2024-10-26 09:00:00,-50.4,3
2024-10-26 09:05:00,-50.4,3
2024-10-26 09:10:00,-50.2,3
2024-10-26 09:15:00,-50.1,3
2024-10-26 09:20:00,-50.2,3
2024-10-26 09:25:00,-50,3
2024-10-26 09:30:00,-49.9,3
2024-10-26 09:35:00,-49.8,3
2024-10-26 09:40:00,-49.8,3
2024-10-26 09:45:00,-49.9,3
2024-10-26 09:50:00,-49.9,3
2024-10-26 09:55:00,-49.8,3
2024-10-26 10:00:00,-49.6,3
2024-10-26 10:05:00,-49.6,3
2024-10-26 10:10:00,-49.5,3
2024-10-26 10:15:00,-49.4,3
2024-10-26 10:20:00,-49.2,3
2024-10-26 10:25:00,-49.2,3
2024-10-26 10:30:00,-49.1,3
2024-10-26 10:35:00,-49.2,3
2024-10-26 10:40:00,-49.1,3
2024-10-26 10:45:00,-48.9,3
2024-10-26 10:50:00,-48.6,3
2024-10-26 10:55:00,-48.7,3
2024-10-26 11:00:00,-48.6,3
2024-10-26 11:05:00,-48.3,3
2024-10-26 11:10:00,-48.3,3
2024-10-26 11:15:00,-48.1,3
2024-10-26 11:20:00,-47.9,3
2024-10-26 11:25:00,-48,3
2024-10-26 11:30:00,-47.9,3
2024-10-26 11:35:00,-47.8,3
2024-10-26 11:40:00,-47.6,3
2024-10-26 11:45:00,-47.3,3
2024-10-26 11:50:00,-47.3,3
2024-10-26 11:55:00,-47.2,3
2024-10-26 12:00:00,-47.2,3
2024-10-26 12:05:00,-46.8,3
2024-10-26 12:10:00,-46.7,3
2024-10-26 12:15:00,-46.7,3
2024-10-26 12:20:00,-46.6,3
2024-10-26 12:25:00,-46.4,3
2024-10-26 12:30:00,-46.1,3
2024-10-26 12:35:00,-46.1,3
2024-10-26 12:40:00,-45.9,3
2024-10-26 12:45:00,-45.6,3
2024-10-26 12:50:00,-45.7,3
2024-10-26 12:55:00,-45.6,3
2024-10-26 13:00:00,-45.5,3
2024-10-26 13:05:00,-45.3,3
2024-10-26 13:10:00,-44.9,3
2024-10-26 13:15:00,-45,3
2024-10-26 13:20:00,-44.9,3
2024-10-26 13:25:00,-44.6,3
2024-10-26 13:30:00,-44.5,3
2024-10-26 13:35:00,-44.5,3
2024-10-26 13:40:00,-44.5,3
2024-10-26 13:45:00,-44.4,3
2024-10-26 13:50:00,-44.1,3
2024-10-26 13:55:00,-44,3
2024-10-26 14:00:00,-43.9,3
2024-10-26 14:05:00,-43.9,3
2024-10-26 14:10:00,-43.9,3
2024-10-26 14:15:00,-43.7,3
2024-10-26 14:20:00,-43.5,3
2024-10-26 14:25:00,-43.5,3
2024-10-26 14:30:00,-43.5,3
2024-10-26 14:35:00,-43.3,3
2024-10-26 14:40:00,-43.4,3
2024-10-26 14:45:00,-43.3,3
2024-10-26 14:50:00,-43.3,3
2024-10-26 14:55:00,-43.1,3
2024-10-26 15:00:00,-43.1,3
2024-10-26 15:05:00,-43,3
2024-10-26 15:10:00,-42.9,3
2024-10-26 15:15:00,-43,3
2024-10-26 15:20:00,-42.9,3
2024-10-26 15:25:00,-42.8,3
2024-10-26 15:30:00,-42.8,3
2024-10-26 15:35:00,-42.8,3
2024-10-26 15:40:00,-42.7,3
2024-10-26 15:45:00,-42.7,3
2024-10-26 15:50:00,-42.7,3
2024-10-26 15:55:00,-42.6,3
2024-10-26 16:00:00,-42.4,3
2024-10-26 16:05:00,-42.5,3
2024-10-26 16:10:00,-42.5,3
2024-10-26 16:15:00,-42.4,3
2024-10-26 16:20:00,-42.4,3
2024-10-26 16:25:00,-42.3,3
2024-10-26 16:30:00,-42.5,3
2024-10-26 16:35:00,-42.3,3
2024-10-26 16:40:00,-42.4,3
2024-10-26 16:45:00,-42.2,3
2024-10-26 16:50:00,-42.3,3
2024-10-26 16:55:00,-42.3,3
2024-10-26 17:00:00,-42.2,3
2024-10-26 17:05:00,-42,3
2024-10-26 17:10:00,-42.1,3
2024-10-26 17:15:00,-41.9,3
2024-10-26 17:20:00,-42,3
2024-10-26 17:25:00,-41.9,3
2024-10-26 17:30:00,-41.9,3
2024-10-26 17:35:00,-42,3
2024-10-26 17:40:00,-41.9,3
2024-10-26 17:45:00,-42,3
2024-10-26 17:50:00,-42,3
2024-10-26 17:55:00,-42,3
2024-10-26 18:00:00,-41.9,3
2024-10-26 18:05:00,-41.9,3
2024-10-26 18:10:00,-41.9,3
2024-10-26 18:15:00,-41.9,3
2024-10-26 18:20:00,-41.9,3
2024-10-26 18:25:00,-41.9,3
2024-10-26 18:30:00,-41.9,3
2024-10-26 18:35:00,-41.9,3
2024-10-26 18:40:00,-41.9,3
2024-10-26 18:45:00,-41.9,3
2024-10-26 18:50:00,-41.8,3
2024-10-26 18:55:00,-41.9,3
2024-10-26 19:00:00,-41.8,3
2024-10-26 19:05:00,-41.8,3
2024-10-26 19:10:00,-41.8,3
2024-10-26 19:15:00,-41.9,3
2024-10-26 19:20:00,-41.7,3
2024-10-26 19:25:00,-42,3
2024-10-26 19:30:00,-41.9,3
2024-10-26 19:35:00,-41.8,3
2024-10-26 19:40:00,-41.8,3
2024-10-26 19:45:00,-41.8,3
2024-10-26 19:50:00,-41.9,3
2024-10-26 19:55:00,-41.9,3
2024-10-26 20:00:00,-41.9,3
2024-10-26 20:05:00,-42,3
2024-10-26 20:10:00,-41.9,3
2024-10-26 20:15:00,-42,3
2024-10-26 20:20:00,-41.9,3
2024-10-26 20:25:00,-41.9,3
2024-10-26 20:30:00,-41.9,3
2024-10-26 20:35:00,-42,3
2024-10-26 20:40:00,-42,3
2024-10-26 20:45:00,-42,3
2024-10-26 20:50:00,-42,3
2024-10-26 20:55:00,-41.9,3
2024-10-26 21:00:00,-42.1,3
2024-10-26 21:05:00,-42,3
2024-10-26 21:10:00,-42.1,3
2024-10-26 21:15:00,-42.2,3
2024-10-26 21:20:00,-42.1,3
2024-10-26 21:25:00,-42.2,3
2024-10-26 21:30:00,-42.3,3
2024-10-26 21:35:00,-42.1,3
2024-10-26 21:40:00,-42.2,3
2024-10-26 21:45:00,-42.3,3
2024-10-26 21:50:00,-42.3,3
2024-10-26 21:55:00,-42.4,3
2024-10-26 22:00:00,-42.5,3
2024-10-26 22:05:00,-42.4,3
2024-10-26 22:10:00,-42.5,3
2024-10-26 22:15:00,-42.3,3
2024-10-26 22:20:00,-42.4,3
2024-10-26 22:25:00,-42.5,3
2024-10-26 22:30:00,-42.5,3
2024-10-26 22:35:00,-42.5,3
2024-10-26 22:40:00,-42.5,3
2024-10-26 22:45:00,-42.4,3
2024-10-26 22:50:00,-42.5,3
2024-10-26 22:55:00,-42.6,3
2024-10-26 23:00:00,-42.4,3
2024-10-26 23:05:00,-42.5,3
2024-10-26 23:10:00,-42.4,3
2024-10-26 23:15:00,-42.5,3
2024-10-26 23:20:00,-42.6,3
2024-10-26 23:25:00,-42.6,3
2024-10-26 23:30:00,-42.6,3
2024-10-26 23:35:00,-42.7,3
2024-10-26 23:40:00,-42.8,3
2024-10-26 23:45:00,-42.9,3
2024-10-26 23:50:00,-43,3
2024-10-26 23:55:00,-43.1,3
2024-10-27,-43,3
2024-10-27 00:05:00,-43.2,3
2024-10-27 00:10:00,-43.4,3
2024-10-27 00:15:00,-43.5,3
2024-10-27 00:20:00,-43.7,3
2024-10-27 00:25:00,-43.6,3
2024-10-27 00:30:00,-43.6,3
2024-10-27 00:35:00,-43.7,3
2024-10-27 00:40:00,-44.1,3
2024-10-27 00:45:00,-44.1,3
2024-10-27 00:50:00,-44.2,3
2024-10-27 00:55:00,-44.2,3
2024-10-27 01:00:00,-44.4,3
2024-10-27 01:05:00,-44.4,3
2024-10-27 01:10:00,-44.5,3
2024-10-27 01:15:00,-44.7,3
2024-10-27 01:20:00,-44.8,3
2024-10-27 01:25:00,-44.8,3
2024-10-27 01:30:00,-44.9,3
2024-10-27 01:35:00,-44.9,3
2024-10-27 01:40:00,-45.1,3
2024-10-27 01:45:00,-45.2,3
2024-10-27 01:50:00,-45.3,3
2024-10-27 01:55:00,-45.4,3
2024-10-27 02:00:00,-45.4,3
2024-10-27 02:05:00,-45.4,3
2024-10-27 02:10:00,-45.8,3
2024-10-27 02:15:00,-45.7,3
2024-10-27 02:20:00,-45.8,3
2024-10-27 02:25:00,-45.8,3
2024-10-27 02:30:00,-45.9,3
2024-10-27 02:35:00,-45.9,3
2024-10-27 02:40:00,-46,3
2024-10-27 02:45:00,-46.1,3
2024-10-27 02:50:00,-46.3,3
2024-10-27 02:55:00,-46.5,3
2024-10-27 03:00:00,-46.5,3
2024-10-27 03:05:00,-46.5,3
2024-10-27 03:10:00,-46.5,3
2024-10-27 03:15:00,-46.4,3
2024-10-27 03:20:00,-46.4,3
2024-10-27 03:25:00,-46.8,3
2024-10-27 03:30:00,-46.7,3
2024-10-27 03:35:00,-46.9,3
2024-10-27 03:40:00,-46.9,3
2024-10-27 03:45:00,-47,3
2024-10-27 03:50:00,-47,3
2024-10-27 03:55:00,-47,3
2024-10-27 04:00:00,-46.9,3
2024-10-27 04:05:00,-47.1,3
2024-10-27 04:10:00,-47.1,3
2024-10-27 04:15:00,-47.2,3
2024-10-27 04:20:00,-47.3,3
2024-10-27 04:25:00,-47.3,3
2024-10-27 04:30:00,-47.5,3
2024-10-27 04:35:00,-47.4,3
2024-10-27 04:40:00,-47.5,3
2024-10-27 04:45:00,-47.6,3
2024-10-27 04:50:00,-47.5,3
2024-10-27 04:55:00,-47.6,3
2024-10-27 05:00:00,-47.5,3
2024-10-27 05:05:00,-47.7,3
2024-10-27 05:10:00,-47.6,3
2024-10-27 05:15:00,-47.6,3
2024-10-27 05:20:00,-47.8,3
2024-10-27 05:25:00,-47.8,3
2024-10-27 05:30:00,-47.9,3
2024-10-27 05:35:00,-48.1,3
2024-10-27 05:40:00,-48,3
2024-10-27 05:45:00,-48.1,3
2024-10-27 05:50:00,-48,3
2024-10-27 05:55:00,-48.1,3
2024-10-27 06:00:00,-48.1,3
2024-10-27 06:05:00,-48.1,3
2024-10-27 06:10:00,-48.1,3
2024-10-27 06:15:00,-48.3,3
2024-10-27 06:20:00,-48.1,3
2024-10-27 06:25:00,-48,3
2024-10-27 06:30:00,-48.2,3
2024-10-27 06:35:00,-48.1,3
2024-10-27 06:40:00,-48.1,3
2024-10-27 06:45:00,-48.1,3
2024-10-27 06:50:00,-48.2,3
2024-10-27 06:55:00,-48.1,3
2024-10-27 07:00:00,-48.3,3
2024-10-27 07:05:00,-48.2,3
2024-10-27 07:10:00,-48.3,3
2024-10-27 07:15:00,-48.3,3
2024-10-27 07:20:00,-48.3,3
2024-10-27 07:25:00,-48.5,3
2024-10-27 07:30:00,-48.5,3
2024-10-27 07:35:00,-48.6,3
2024-10-27 07:40:00,-48.7,3
2024-10-27 07:45:00,-48.6,3
2024-10-27 07:50:00,-48.7,3
2024-10-27 07:55:00,-48.8,3
2024-10-27 08:00:00,-48.6,3
2024-10-27 08:05:00,-48.6,3
2024-10-27 08:10:00,-48.7,3
2024-10-27 08:15:00,-48.7,3
2024-10-27 08:20:00,-48.7,3
2024-10-27 08:25:00,-48.6,3
2024-10-27 08:30:00,-48.5,3
2024-10-27 08:35:00,-48.6,3
2024-10-27 08:40:00,-48.5,3
2024-10-27 08:45:00,-48.5,3
2024-10-27 08:50:00,-48.3,3
2024-10-27 08:55:00,-48.2,3
2024-10-27 09:00:00,-48.3,3
2024-10-27 09:05:00,-48.1,3
2024-10-27 09:10:00,-48.1,3
2024-10-27 09:15:00,-48,3
2024-10-27 09:20:00,-48,3
2024-10-27 09:25:00,-48,3
2024-10-27 09:30:00,-47.9,3
2024-10-27 09:35:00,-47.9,3
2024-10-27 09:40:00,-47.9,3
2024-10-27 09:45:00,-47.9,3
2024-10-27 09:50:00,-47.8,3
2024-10-27 09:55:00,-47.9,3
2024-10-27 10:00:00,-47.8,3
2024-10-27 10:05:00,-47.6,3
2024-10-27 10:10:00,-47.6,3
2024-10-27 10:15:00,-47.4,3
2024-10-27 10:20:00,-47.2,3
2024-10-27 10:25:00,-47.3,3
2024-10-27 10:30:00,-47.2,3
2024-10-27 10:35:00,-47.1,3
2024-10-27 10:40:00,-47.1,3
2024-10-27 10:45:00,-46.9,3
2024-10-27 10:50:00,-46.7,3
2024-10-27 10:55:00,-46.7,3
2024-10-27 11:00:00,-46.7,3
2024-10-27 11:05:00,-46.7,3
2024-10-27 11:10:00,-46.7,3
2024-10-27 11:15:00,-46.6,3
2024-10-27 11:20:00,-46.5,3
2024-10-27 11:25:00,-46.4,3
2024-10-27 11:30:00,-46.1,3
2024-10-27 11:35:00,-46.1,3
2024-10-27 11:40:00,-46.2,3
2024-10-27 11:45:00,-46.1,3
2024-10-27 11:50:00,-45.9,3
2024-10-27 11:55:00,-45.8,3
2024-10-27 12:00:00,-45.5,3
2024-10-27 12:05:00,-45.6,3
2024-10-27 12:10:00,-45.5,3
2024-10-27 12:15:00,-45.6,3
2024-10-27 12:20:00,-45.5,3
2024-10-27 12:25:00,-45.3,3
2024-10-27 12:30:00,-45.1,3
2024-10-27 12:35:00,-44.9,3
2024-10-27 12:40:00,-44.9,3
2024-10-27 12:45:00,-44.9,3
2024-10-27 12:50:00,-44.8,3
2024-10-27 12:55:00,-44.8,3
2024-10-27 13:00:00,-44.6,3
2024-10-27 13:05:00,-44.5,3
2024-10-27 13:10:00,-44.5,3
2024-10-27 13:15:00,-44.4,3
2024-10-27 13:20:00,-44.3,3
2024-10-27 13:25:00,-44.4,3
2024-10-27 13:30:00,-44.3,3
2024-10-27 13:35:00,-44.4,3
2024-10-27 13:40:00,-44.3,3
2024-10-27 13:45:00,-44.2,3
2024-10-27 13:50:00,-44.1,3
2024-10-27 13:55:00,-44,3
2024-10-27 14:00:00,-44,3
2024-10-27 14:05:00,-44,3
2024-10-27 14:10:00,-43.9,3
2024-10-27 14:15:00,-43.9,3
2024-10-27 14:20:00,-43.8,3
2024-10-27 14:25:00,-43.8,3
2024-10-27 14:30:00,-43.8,3
2024-10-27 14:35:00,-43.8,3
2024-10-27 14:40:00,-43.8,3
2024-10-27 14:45:00,-43.7,3
2024-10-27 14:50:00,-43.7,3
2024-10-27 14:55:00,-43.7,3
2024-10-27 15:00:00,-43.7,3
2024-10-27 15:05:00,-43.6,3
2024-10-27 15:10:00,-43.6,3
2024-10-27 15:15:00,-43.5,3
2024-10-27 15:20:00,-43.6,3
2024-10-27 15:25:00,-43.5,3
2024-10-27 15:30:00,-43.4,3
2024-10-27 15:35:00,-43.5,3
2024-10-27 15:40:00,0,3
2024-10-27 15:45:00,0,3
2024-10-27 15:50:00,0,3
2024-10-27 15:55:00,0,3
2024-10-27 16:00:00,0,3
2024-10-27 16:05:00,0,3
2024-10-27 16:10:00,0,3
2024-10-27 16:15:00,0,3
2024-10-27 16:20:00,0,3
2024-10-27 16:25:00,0,3
2024-10-27 16:30:00,0,3
2024-10-27 16:35:00,0,3
2024-10-27 16:40:00,0,3
2024-10-27 16:45:00,0,3
2024-10-27 16:50:00,0,3
2024-10-27 16:55:00,0,3
2024-10-27 17:00:00,0,3
2024-10-27 17:05:00,0,3
2024-10-27 17:10:00,0,3
2024-10-27 17:15:00,0,3
2024-10-27 17:20:00,0,3
2024-10-27 17:25:00,0,3
2024-10-27 17:30:00,0,3
2024-10-27 17:35:00,0,3
2024-10-27 17:40:00,0,3
2024-10-27 17:45:00,0,3
2024-10-27 17:50:00,0,3
2024-10-27 17:55:00,0,3
2024-10-27 18:00:00,0,3
2024-10-27 18:05:00,0,3
2024-10-27 18:10:00,0,3
2024-10-27 18:15:00,-0.1,3
2024-10-27 18:20:00,-0.1,3
2024-10-27 18:25:00,-0.1,3
2024-10-27 18:30:00,-0.1,3
2024-10-27 18:35:00,-0.1,3
2024-10-27 18:40:00,-0.1,3
2024-10-27 18:45:00,-0.1,3
2024-10-27 18:50:00,-0.1,3
2024-10-27 18:55:00,-0.1,3
2024-10-27 19:00:00,-0.1,3
2024-10-27 19:05:00,-0.1,3
2024-10-27 19:10:00,-0.1,3
2024-10-27 19:15:00,-0.1,3
2024-10-27 19:20:00,-0.1,3
2024-10-27 19:25:00,-0.1,3
2024-10-27 19:30:00,-0.1,3
2024-10-27 19:35:00,-0.1,3
2024-10-27 19:40:00,-0.1,3
2024-10-27 19:45:00,-0.1,3
2024-10-27 19:50:00,-0.1,3
2024-10-27 19:55:00,-0.1,3
2024-10-27 20:00:00,-0.1,3
2024-10-27 20:05:00,-0.1,3
2024-10-27 20:10:00,-0.1,3
2024-10-27 20:15:00,-0.1,3
2024-10-27 20:20:00,-0.1,3
2024-10-27 20:25:00,-0.1,3
2024-10-27 20:30:00,-0.1,3
2024-10-27 20:35:00,-0.1,3
2024-10-27 20:40:00,-0.1,3
2024-10-27 20:45:00,-0.1,3
2024-10-27 20:50:00,-0.1,3
2024-10-27 20:55:00,-0.1,3
2024-10-27 21:00:00,-0.1,3
2024-10-27 21:05:00,-0.1,3
2024-10-27 21:10:00,-0.1,3
2024-10-27 21:15:00,-0.1,3
2024-10-27 21:20:00,-0.1,3
2024-10-27 21:25:00,-0.1,3
2024-10-27 21:30:00,-0.1,3
2024-10-27 21:35:00,-0.1,3
2024-10-27 21:40:00,-0.1,3
2024-10-27 21:45:00,-0.1,3
2024-10-27 21:50:00,-0.1,3
2024-10-27 21:55:00,-0.1,3
2024-10-27 22:00:00,-0.1,3
2024-10-27 22:05:00,-0.1,3
2024-10-27 22:10:00,-0.1,3
2024-10-27 22:15:00,-0.1,3
2024-10-27 22:20:00,-0.1,3
2024-10-27 22:25:00,-0.1,3
2024-10-27 22:30:00,-0.1,3
2024-10-27 22:35:00,-0.1,3
2024-10-27 22:40:00,-0.1,3
2024-10-27 22:45:00,-0.1,3
2024-10-27 22:50:00,-0.1,3
2024-10-27 22:55:00,-0.1,3
2024-10-27 23:00:00,-0.1,3
2024-10-27 23:05:00,-0.1,3
2024-10-27 23:10:00,-0.1,3
2024-10-27 23:15:00,-0.1,3
2024-10-27 23:20:00,-0.1,3
2024-10-27 23:25:00,-0.1,3
2024-10-27 23:30:00,-0.1,3
2024-10-27 23:35:00,-0.1,3
2024-10-27 23:40:00,-0.1,3
2024-10-27 23:45:00,-0.1,3
2024-10-27 23:50:00,-0.1,3
2024-10-27 23:55:00,-0.1,3
2024-10-28,-0.1,3
2024-10-28 00:05:00,-0.1,3
2024-10-28 00:10:00,-0.1,3
2024-10-28 00:15:00,-0.1,3
2024-10-28 00:20:00,-0.1,3
2024-10-28 00:25:00,-0.1,3
2024-10-28 00:30:00,-0.1,3
2024-10-28 00:35:00,-0.1,3
2024-10-28 00:40:00,-0.1,3
2024-10-28 00:45:00,-0.1,3
2024-10-28 00:50:00,-0.1,3
2024-10-28 00:55:00,-0.1,3
2024-10-28 01:00:00,-0.1,3
2024-10-28 01:05:00,-0.1,3
2024-10-28 01:10:00,-0.1,3
2024-10-28 01:15:00,-0.1,3
2024-10-28 01:20:00,-0.1,3
2024-10-28 01:25:00,-0.1,3
2024-10-28 01:30:00,-0.1,3
2024-10-28 01:35:00,-0.1,3
2024-10-28 01:40:00,-0.1,3
2024-10-28 01:45:00,-0.1,3
2024-10-28 01:50:00,-0.1,3
2024-10-28 01:55:00,-0.1,3
2024-10-28 02:00:00,-0.1,3
2024-10-28 02:05:00,-0.1,3
2024-10-28 02:10:00,-0.1,3
2024-10-28 02:15:00,-0.1,3
2024-10-28 02:20:00,-0.1,3
2024-10-28 02:25:00,-0.1,3
2024-10-28 02:30:00,-0.1,3
2024-10-28 02:35:00,-0.1,3
2024-10-28 02:40:00,-0.1,3
2024-10-28 02:45:00,-0.1,3
2024-10-28 02:50:00,-0.1,3
2024-10-28 02:55:00,-0.1,3
2024-10-28 03:00:00,-0.1,3
2024-10-28 03:05:00,-0.1,3
2024-10-28 03:10:00,-0.1,3
2024-10-28 03:15:00,-0.1,3
2024-10-28 03:20:00,-0.1,3
2024-10-28 03:25:00,-0.1,3
2024-10-28 03:30:00,-0.2,3
2024-10-28 03:35:00,-0.2,3
2024-10-28 03:40:00,-0.2,3
2024-10-28 03:45:00,-0.2,3
2024-10-28 03:50:00,-0.2,3
2024-10-28 03:55:00,-0.2,3
2024-10-28 04:00:00,-0.2,3
2024-10-28 04:05:00,-0.2,3
2024-10-28 04:10:00,-0.2,3
2024-10-28 04:15:00,-0.2,3
2024-10-28 04:20:00,-0.2,3
2024-10-28 04:25:00,-0.2,3
2024-10-28 04:30:00,-0.2,3
2024-10-28 04:35:00,-0.2,3
2024-10-28 04:40:00,-0.2,3
2024-10-28 04:45:00,-0.2,3
2024-10-28 04:50:00,-0.2,3
2024-10-28 04:55:00,-0.2,3
2024-10-28 05:00:00,-0.2,3
2024-10-28 05:05:00,-0.2,3
2024-10-28 05:10:00,-0.2,3
2024-10-28 05:15:00,-0.2,3
2024-10-28 05:20:00,-0.2,3
2024-10-28 05:25:00,-0.2,3
2024-10-28 05:30:00,-0.2,3
2024-10-28 05:35:00,-0.2,3
2024-10-28 05:40:00,-0.2,3
2024-10-28 05:45:00,-0.2,3
2024-10-28 05:50:00,-0.2,3
2024-10-28 05:55:00,-0.2,3
2024-10-28 06:00:00,-0.2,3
2024-10-28 06:05:00,-0.2,3
2024-10-28 06:10:00,-0.2,3
2024-10-28 06:15:00,-0.2,3
2024-10-28 06:20:00,-0.2,3
2024-10-28 06:25:00,-0.2,3
2024-10-28 06:30:00,-0.2,3
2024-10-28 06:35:00,-0.2,3
2024-10-28 06:40:00,-0.2,3
2024-10-28 06:45:00,-0.2,3
2024-10-28 06:50:00,-0.2,3
2024-10-28 06:55:00,-0.2,3
2024-10-28 07:00:00,-0.2,3
2024-10-28 07:05:00,-0.2,3
2024-10-28 07:10:00,-0.2,3
2024-10-28 07:15:00,-0.2,3
2024-10-28 07:20:00,-0.2,3
2024-10-28 07:25:00,-0.2,3
2024-10-28 07:30:00,-0.2,3
2024-10-28 07:35:00,-0.2,3
2024-10-28 07:40:00,-0.2,3
2024-10-28 07:45:00,-0.2,3
2024-10-28 07:50:00,-0.2,3
2024-10-28 07:55:00,-0.2,3
2024-10-28 08:00:00,-0.2,3
2024-10-28 08:05:00,-0.2,3
2024-10-28 08:10:00,-0.2,3
2024-10-28 08:15:00,-0.2,3
2024-10-28 08:20:00,-0.3,3
2024-10-28 08:25:00,-0.3,3
2024-10-28 08:30:00,-0.3,3
2024-10-28 08:35:00,-0.3,3
2024-10-28 08:40:00,-0.3,3
2024-10-28 08:45:00,-0.3,3
2024-10-28 08:50:00,-0.3,3
2024-10-28 08:55:00,-0.3,3
2024-10-28 09:00:00,-0.3,3
2024-10-28 09:05:00,-0.3,3
2024-10-28 09:10:00,-0.3,3
2024-10-28 09:15:00,-0.3,3
2024-10-28 09:20:00,-0.3,3
2024-10-28 09:25:00,-0.3,3
2024-10-28 09:30:00,-0.3,3
2024-10-28 09:35:00,-0.3,3
2024-10-28 09:40:00,-0.3,3
2024-10-28 09:45:00,-0.3,3
2024-10-28 09:50:00,-0.3,3
2024-10-28 09:55:00,-0.3,3
2024-10-28 10:00:00,-0.3,3
2024-10-28 10:05:00,-0.3,3
2024-10-28 10:10:00,-0.4,3
2024-10-28 10:15:00,-0.4,3
2024-10-28 10:20:00,-0.4,3
2024-10-28 10:25:00,-0.4,3
2024-10-28 10:30:00,-0.4,3
2024-10-28 10:35:00,-0.4,3
2024-10-28 10:40:00,-0.4,3
2024-10-28 10:45:00,-0.4,3
2024-10-28 10:50:00,-0.4,3
2024-10-28 10:55:00,-0.4,3
2024-10-28 11:00:00,-0.4,3
2024-10-28 11:05:00,-0.4,3
2024-10-28 11:10:00,-0.4,3
2024-10-28 11:15:00,-0.5,3
2024-10-28 11:20:00,-0.5,3
2024-10-28 11:25:00,-0.5,3
2024-10-28 11:30:00,-0.5,3
2024-10-28 11:35:00,-0.5,3
2024-10-28 11:40:00,-0.5,3
2024-10-28 11:45:00,-0.5,3
2024-10-28 11:50:00,-0.5,3
2024-10-28 11:55:00,-0.5,3
2024-10-28 12:00:00,-0.6,3
2024-10-28 12:05:00,-0.6,3
2024-10-28 12:10:00,-0.6,3
2024-10-28 12:15:00,-0.6,3
2024-10-28 12:20:00,-0.6,3
2024-10-28 12:25:00,-0.6,3
2024-10-28 12:30:00,-0.6,3
2024-10-28 12:35:00,-0.7,3
2024-10-28 12:40:00,-0.7,3
2024-10-28 12:45:00,-0.7,3
2024-10-28 12:50:00,-0.7,3
2024-10-28 12:55:00,-0.7,3
2024-10-28 13:00:00,-0.7,3
2024-10-28 13:05:00,-0.8,3
2024-10-28 13:10:00,-0.8,3
2024-10-28 13:15:00,-0.8,3
2024-10-28 13:20:00,-0.8,3
2024-10-28 13:25:00,-0.9,3
2024-10-28 13:30:00,-0.9,3
2024-10-28 13:35:00,-0.9,3
2024-10-28 13:40:00,-1,3
2024-10-28 13:45:00,-1,3
2024-10-28 13:50:00,-1,3
2024-10-28 13:55:00,-1,3
2024-10-28 14:00:00,-1.1,3
2024-10-28 14:05:00,-1.2,3
2024-10-28 14:10:00,-1.2,3
2024-10-28 14:15:00,-1.3,3
2024-10-28 14:20:00,-1.3,3
2024-10-28 14:25:00,-1.4,3
2024-10-28 14:30:00,-1.4,3
2024-10-28 14:35:00,-1.5,3
2024-10-28 14:40:00,-1.5,3
2024-10-28 14:45:00,-1.6,3
2024-10-28 14:50:00,-1.7,3
2024-10-28 14:55:00,-1.8,3
2024-10-28 15:00:00,-1.9,3
2024-10-28 15:05:00,-1.9,3
2024-10-28 15:10:00,-2.1,3
2024-10-28 15:15:00,-2.2,3
2024-10-28 15:20:00,-2.3,3
2024-10-28 15:25:00,-2.4,3
2024-10-28 15:30:00,-2.6,3
2024-10-28 15:35:00,-2.7,3
2024-10-28 15:40:00,-2.9,3
2024-10-28 15:45:00,-3,3
2024-10-28 15:50:00,-3.1,3
2024-10-28 15:55:00,-3.4,3
2024-10-28 16:00:00,-3.6,3
2024-10-28 16:05:00,-3.9,3
2024-10-28 16:10:00,-4,3
2024-10-28 16:15:00,-4.3,3
2024-10-28 16:20:00,-4.7,3
2024-10-28 16:25:00,-4.8,3
2024-10-28 16:30:00,-5.1,3
2024-10-28 16:35:00,-5.2,3
2024-10-28 16:40:00,-5.3,3
2024-10-28 16:45:00,-5.3,3
2024-10-28 16:50:00,-5.5,3
2024-10-28 16:55:00,-5.6,3
2024-10-28 17:00:00,-5.7,3
2024-10-28 17:05:00,-5.8,3
2024-10-28 17:10:00,-5.9,3
2024-10-28 17:15:00,-6,3
2024-10-28 17:20:00,-6.1,3
2024-10-28 17:25:00,-6.3,3
2024-10-28 17:30:00,-6.5,3
2024-10-28 17:35:00,-6.6,3
2024-10-28 17:40:00,-6.7,3
2024-10-28 17:45:00,-6.8,3
2024-10-28 17:50:00,-7,3
2024-10-28 17:55:00,-7.1,3
2024-10-28 18:00:00,-7.2,3
2024-10-28 18:05:00,-7.4,3
2024-10-28 18:10:00,-7.6,3
2024-10-28 18:15:00,-7.6,3
2024-10-28 18:20:00,-7.8,3
2024-10-28 18:25:00,-8,3
2024-10-28 18:30:00,-8.1,3
2024-10-28 18:35:00,-8.2,3
2024-10-28 18:40:00,-8.4,3
2024-10-28 18:45:00,-8.6,3
2024-10-28 18:50:00,-8.7,3
2024-10-28 18:55:00,-8.9,3
2024-10-28 19:00:00,-9,3
2024-10-28 19:05:00,-9.2,3
2024-10-28 19:10:00,-9.4,3
2024-10-28 19:15:00,-9.5,3
2024-10-28 19:20:00,-9.7,3
2024-10-28 19:25:00,-10,3
2024-10-28 19:30:00,-10,3
2024-10-28 19:35:00,-10.1,3
2024-10-28 19:40:00,-10.1,3
2024-10-28 19:45:00,-10.2,3
2024-10-28 19:50:00,-10.2,3
2024-10-28 19:55:00,-10.3,3
2024-10-28 20:00:00,-10.3,3
2024-10-28 20:05:00,-10.4,3
2024-10-28 20:10:00,-10.4,3
2024-10-28 20:15:00,-10.5,3
2024-10-28 20:20:00,-10.5,3
2024-10-28 20:25:00,-10.6,3
2024-10-28 20:30:00,-10.6,3
2024-10-28 20:35:00,-10.7,3
2024-10-28 20:40:00,-10.7,3
2024-10-28 20:45:00,-10.8,3
2024-10-28 20:50:00,-10.8,3
2024-10-28 20:55:00,-10.9,3
2024-10-28 21:00:00,-11,3
2024-10-28 21:05:00,-11,3
2024-10-28 21:10:00,-11,3
2024-10-28 21:15:00,-11.1,3
2024-10-28 21:20:00,-11.2,3
2024-10-28 21:25:00,-11.2,3
2024-10-28 21:30:00,-11.2,3
2024-10-28 21:35:00,-11.3,3
2024-10-28 21:40:00,-11.3,3
2024-10-28 21:45:00,-11.4,3
2024-10-28 21:50:00,-11.4,3
2024-10-28 21:55:00,-11.5,3
2024-10-28 22:00:00,-11.6,3
2024-10-28 22:05:00,-11.6,3
2024-10-28 22:10:00,-11.7,3
2024-10-28 22:15:00,-11.7,3
2024-10-28 22:20:00,-11.8,3
2024-10-28 22:25:00,-11.8,3
2024-10-28 22:30:00,-11.9,3
2024-10-28 22:35:00,-11.9,3
2024-10-28 22:40:00,-12,3
2024-10-28 22:45:00,-12,3
2024-10-28 22:50:00,-12.1,3
2024-10-28 22:55:00,-12.1,3
2024-10-28 23:00:00,-12.2,3
2024-10-28 23:05:00,-12.2,3
2024-10-28 23:10:00,-12.3,3
2024-10-28 23:15:00,-12.3,3
2024-10-28 23:20:00,-12.3,3
2024-10-28 23:25:00,-12.4,3
2024-10-28 23:30:00,-12.5,3
2024-10-28 23:35:00,-12.5,3
2024-10-28 23:40:00,-12.6,3
2024-10-28 23:45:00,-12.6,3
2024-10-28 23:50:00,-12.7,3
2024-10-28 23:55:00,-12.8,3
2024-10-29,-12.8,3
2024-10-29 00:05:00,-12.9,3
2024-10-29 00:10:00,-12.9,3
2024-10-29 00:15:00,-13,3
2024-10-29 00:20:00,-13,3
2024-10-29 00:25:00,-13.1,3
2024-10-29 00:30:00,-13.1,3
2024-10-29 00:35:00,-13.2,3
2024-10-29 00:40:00,-13.2,3
2024-10-29 00:45:00,-13.3,3
2024-10-29 00:50:00,-13.3,3
2024-10-29 00:55:00,-13.4,3
2024-10-29 01:00:00,-13.4,3
2024-10-29 01:05:00,-13.5,3
2024-10-29 01:10:00,-13.5,3
2024-10-29 01:15:00,-13.6,3
2024-10-29 01:20:00,-13.6,3
2024-10-29 01:25:00,-13.7,3
2024-10-29 01:30:00,-13.7,3
2024-10-29 01:35:00,-13.8,3
2024-10-29 01:40:00,-13.8,3
2024-10-29 01:45:00,-13.9,3
2024-10-29 01:50:00,-13.9,3
2024-10-29 01:55:00,-14,3
2024-10-29 02:00:00,-14.1,3
2024-10-29 02:05:00,-14.1,3
2024-10-29 02:10:00,-14.1,3
2024-10-29 02:15:00,-14.2,3
2024-10-29 02:20:00,-14.2,3
2024-10-29 02:25:00,-14.3,3
2024-10-29 02:30:00,-14.3,3
2024-10-29 02:35:00,-14.4,3
2024-10-29 02:40:00,-14.5,3
2024-10-29 02:45:00,-14.5,3
2024-10-29 02:50:00,-14.6,3
2024-10-29 02:55:00,-14.6,3
2024-10-29 03:00:00,-14.6,3
2024-10-29 03:05:00,-14.7,3
2024-10-29 03:10:00,-14.7,3
2024-10-29 03:15:00,-14.8,3
2024-10-29 03:20:00,-14.8,3
2024-10-29 03:25:00,-14.8,3
2024-10-29 03:30:00,-14.9,3
2024-10-29 03:35:00,-14.9,3
2024-10-29 03:40:00,-15,3
2024-10-29 03:45:00,-15.1,3
2024-10-29 03:50:00,-15.1,3
2024-10-29 03:55:00,-15.1,3
2024-10-29 04:00:00,-15.2,3
2024-10-29 04:05:00,-15.2,3
2024-10-29 04:10:00,-15.3,3
2024-10-29 04:15:00,-15.3,3
2024-10-29 04:20:00,-15.3,3
2024-10-29 04:25:00,-15.4,3
2024-10-29 04:30:00,-15.4,3
2024-10-29 04:35:00,-15.5,3
2024-10-29 04:40:00,-15.5,3
2024-10-29 04:45:00,-15.6,3
2024-10-29 04:50:00,-15.6,3
2024-10-29 04:55:00,-15.6,3
2024-10-29 05:00:00,-15.6,3
2024-10-29 05:05:00,-15.7,3
2024-10-29 05:10:00,-15.8,3
2024-10-29 05:15:00,-15.8,3
2024-10-29 05:20:00,-15.8,3
2024-10-29 05:25:00,-15.9,3
2024-10-29 05:30:00,-15.9,3
2024-10-29 05:35:00,-15.9,3
2024-10-29 05:40:00,-16,3
2024-10-29 05:45:00,-16,3
2024-10-29 05:50:00,-16.1,3
2024-10-29 05:55:00,-16.1,3
2024-10-29 06:00:00,-16.2,3
2024-10-29 06:05:00,-16.2,3
2024-10-29 06:10:00,-16.2,3
2024-10-29 06:15:00,-16.2,3
2024-10-29 06:20:00,-16.3,3
2024-10-29 06:25:00,-16.4,3
2024-10-29 06:30:00,-16.3,3
2024-10-29 06:35:00,-16.4,3
2024-10-29 06:40:00,-16.5,3
2024-10-29 06:45:00,-16.5,3
2024-10-29 06:50:00,-16.5,3
2024-10-29 06:55:00,-16.5,3
2024-10-29 07:00:00,-16.5,3
2024-10-29 07:05:00,-16.6,3
2024-10-29 07:10:00,-16.6,3
2024-10-29 07:15:00,-16.7,3
2024-10-29 07:20:00,-16.7,3
2024-10-29 07:25:00,-16.7,3
2024-10-29 07:30:00,-16.8,3
2024-10-29 07:35:00,-16.8,3
2024-10-29 07:40:00,-16.8,3
2024-10-29 07:45:00,-16.9,3
2024-10-29 07:50:00,-16.9,3
2024-10-29 07:55:00,-16.9,3
2024-10-29 08:00:00,-17,3
2024-10-29 08:05:00,-17,3
2024-10-29 08:10:00,-17.1,3
2024-10-29 08:15:00,-17.1,3
2024-10-29 08:20:00,-17.1,3
2024-10-29 08:25:00,-17.2,3
2024-10-29 08:30:00,-17.2,3
2024-10-29 08:35:00,-17.2,3
2024-10-29 08:40:00,-17.3,3
2024-10-29 08:45:00,-17.3,3
2024-10-29 08:50:00,-17.4,3
2024-10-29 08:55:00,-17.4,3
2024-10-29 09:00:00,-17.4,3
2024-10-29 09:05:00,-17.4,3
2024-10-29 09:10:00,-17.5,3
2024-10-29 09:15:00,-17.6,3
2024-10-29 09:20:00,-17.5,3
2024-10-29 09:25:00,-17.6,3
2024-10-29 09:30:00,-17.6,3
2024-10-29 09:35:00,-17.7,3
2024-10-29 09:40:00,-17.7,3
2024-10-29 09:45:00,-17.7,3
2024-10-29 09:50:00,-17.7,3
2024-10-29 09:55:00,-17.8,3
2024-10-29 10:00:00,-17.8,3
2024-10-29 10:05:00,-17.8,3
2024-10-29 10:10:00,-17.8,3
2024-10-29 10:15:00,-17.9,3
2024-10-29 10:20:00,-17.9,3
2024-10-29 10:25:00,-18,3
2024-10-29 10:30:00,-18,3
2024-10-29 10:35:00,-18,3
2024-10-29 10:40:00,-18,3
2024-10-29 10:45:00,-18.1,3
2024-10-29 10:50:00,-18.1,3
2024-10-29 10:55:00,-18.1,3
2024-10-29 11:00:00,-18.2,3
2024-10-29 11:05:00,-18.2,3
2024-10-29 11:10:00,-18.2,3
2024-10-29 11:15:00,-18.3,3
2024-10-29 11:20:00,-18.3,3
2024-10-29 11:25:00,-18.3,3
2024-10-29 11:30:00,-18.3,3
2024-10-29 11:35:00,-18.4,3
2024-10-29 11:40:00,-18.4,3
2024-10-29 11:45:00,-18.4,3
2024-10-29 11:50:00,-18.5,3
2024-10-29 11:55:00,-18.5,3
2024-10-29 12:00:00,-18.6,3
2024-10-29 12:05:00,-18.6,3
2024-10-29 12:10:00,-18.6,3
2024-10-29 12:15:00,-18.6,3
2024-10-29 12:20:00,-18.7,3
2024-10-29 12:25:00,-18.8,3
2024-10-29 12:30:00,-18.8,3
2024-10-29 12:35:00,-18.8,3
2024-10-29 12:40:00,-18.9,3
2024-10-29 12:45:00,-18.9,3
2024-10-29 12:50:00,-18.9,3
2024-10-29 12:55:00,-19,3
2024-10-29 13:00:00,-19,3
2024-10-29 13:05:00,-19.1,3
2024-10-29 13:10:00,-19.1,3
2024-10-29 13:15:00,-19.2,3
2024-10-29 13:20:00,-19.3,3
2024-10-29 13:25:00,-19.2,3
2024-10-29 13:30:00,-19.2,3
2024-10-29 13:35:00,-19.3,3
2024-10-29 13:40:00,-19.4,3
2024-10-29 13:45:00,-19.4,3
2024-10-29 13:50:00,-19.4,3
2024-10-29 13:55:00,-19.5,3
2024-10-29 14:00:00,-19.6,3
2024-10-29 14:05:00,-19.6,3
2024-10-29 14:10:00,-19.6,3
2024-10-29 14:15:00,-19.7,3
2024-10-29 14:20:00,-19.8,3
2024-10-29 14:25:00,-19.8,3
2024-10-29 14:30:00,-19.8,3
2024-10-29 14:35:00,-20,3
2024-10-29 14:40:00,-20,3
2024-10-29 14:45:00,-19.9,3
2024-10-29 14:50:00,-20.1,3
2024-10-29 14:55:00,-20.1,3
2024-10-29 15:00:00,-20.1,3
2024-10-29 15:05:00,-20.3,3
2024-10-29 15:10:00,-20.3,3
2024-10-29 15:15:00,-20.3,3
2024-10-29 15:20:00,-20.4,3
2024-10-29 15:25:00,-20.5,3
2024-10-29 15:30:00,-20.5,3
2024-10-29 15:35:00,-20.6,3
2024-10-29 15:40:00,-20.7,3
2024-10-29 15:45:00,-20.7,3
2024-10-29 15:50:00,-20.8,3
2024-10-29 15:55:00,-20.9,3
2024-10-29 16:00:00,-20.9,3
2024-10-29 16:05:00,-21,3
2024-10-29 16:10:00,-21.1,3
2024-10-29 16:15:00,-21.2,3
2024-10-29 16:20:00,-21.3,3
2024-10-29 16:25:00,-21.3,3
2024-10-29 16:30:00,-21.4,3
2024-10-29 16:35:00,-21.5,3
2024-10-29 16:40:00,-21.5,3
2024-10-29 16:45:00,-21.7,3
2024-10-29 16:50:00,-21.7,3
2024-10-29 16:55:00,-21.9,3
2024-10-29 17:00:00,-21.9,3
2024-10-29 17:05:00,-21.9,3
2024-10-29 17:10:00,-22.1,3
2024-10-29 17:15:00,-22.2,3
2024-10-29 17:20:00,-22.3,3
2024-10-29 17:25:00,-22.4,3
2024-10-29 17:30:00,-22.4,3
2024-10-29 17:35:00,-22.5,3
2024-10-29 17:40:00,-22.6,3
2024-10-29 17:45:00,-22.7,3
2024-10-29 17:50:00,-22.8,3
2024-10-29 17:55:00,-22.8,3
2024-10-29 18:00:00,-23,3
2024-10-29 18:05:00,-23,3
2024-10-29 18:10:00,-23.2,3
2024-10-29 18:15:00,-23.3,3
2024-10-29 18:20:00,-23.3,3
2024-10-29 18:25:00,-23.5,3
2024-10-29 18:30:00,-23.5,3
2024-10-29 18:35:00,-23.7,3
2024-10-29 18:40:00,-23.7,3
2024-10-29 18:45:00,-23.8,3
2024-10-29 18:50:00,-24,3
2024-10-29 18:55:00,-24,3
2024-10-29 19:00:00,0,3
2024-10-29 19:05:00,-0.1,3
2024-10-29 19:10:00,-0.1,3
2024-10-29 19:15:00,-0.1,3
2024-10-29 19:20:00,-0.1,3
2024-10-29 19:25:00,-0.1,3
2024-10-29 19:30:00,-0.1,3
2024-10-29 19:35:00,-0.1,3
2024-10-29 19:40:00,-0.1,3
2024-10-29 19:45:00,-0.1,3
2024-10-29 19:50:00,-0.1,3
2024-10-29 19:55:00,-0.1,3
2024-10-29 20:00:00,-0.1,3
2024-10-29 20:05:00,-0.1,3
2024-10-29 20:10:00,-0.1,3
2024-10-29 20:15:00,-0.1,3
2024-10-29 20:20:00,-0.1,3
2024-10-29 20:25:00,-0.1,3
2024-10-29 20:30:00,-0.1,3
2024-10-29 20:35:00,-0.1,3
2024-10-29 20:40:00,-0.1,3
2024-10-29 20:45:00,-0.1,3
2024-10-29 20:50:00,-0.1,3
2024-10-29 20:55:00,-0.1,3
2024-10-29 21:00:00,-0.1,3
2024-10-29 21:05:00,-0.1,3
2024-10-29 21:10:00,-0.1,3
2024-10-29 21:15:00,-0.1,3
2024-10-29 21:20:00,-0.1,3
2024-10-29 21:25:00,-0.1,3
2024-10-29 21:30:00,-0.1,3
2024-10-29 21:35:00,-0.1,3
2024-10-29 21:40:00,-0.1,3
2024-10-29 21:45:00,-0.1,3
2024-10-29 21:50:00,-0.1,3
2024-10-29 21:55:00,-0.1,3
2024-10-29 22:00:00,-0.1,3
2024-10-29 22:05:00,-0.1,3
2024-10-29 22:10:00,-0.1,3
2024-10-29 22:15:00,-0.1,3
2024-10-29 22:20:00,-0.1,3
2024-10-29 22:25:00,-0.1,3
2024-10-29 22:30:00,-0.1,3
2024-10-29 22:35:00,-0.1,3
2024-10-29 22:40:00,-0.1,3
2024-10-29 22:45:00,-0.1,3
2024-10-29 22:50:00,-0.1,3
2024-10-29 22:55:00,-0.1,3
2024-10-29 23:00:00,-0.1,3
2024-10-29 23:05:00,-0.1,3
2024-10-29 23:10:00,-0.1,3
2024-10-29 23:15:00,-0.1,3
2024-10-29 23:20:00,-0.1,3
2024-10-29 23:25:00,-0.1,3
2024-10-29 23:30:00,-0.2,3
2024-10-29 23:35:00,-0.2,3
2024-10-29 23:40:00,-0.2,3
2024-10-29 23:45:00,-0.2,3
2024-10-29 23:50:00,-0.2,3
2024-10-29 23:55:00,-0.2,3
2024-10-30,-0.2,3
2024-10-30 00:05:00,-0.1,3
2024-10-30 00:10:00,-0.2,3
2024-10-30 00:15:00,-0.2,3
2024-10-30 00:20:00,-0.2,3
2024-10-30 00:25:00,-0.2,3
2024-10-30 00:30:00,-0.2,3
2024-10-30 00:35:00,-0.2,3
2024-10-30 00:40:00,-0.2,3
2024-10-30 00:45:00,-0.2,3
2024-10-30 00:50:00,-0.2,3
2024-10-30 00:55:00,-0.2,3
2024-10-30 01:00:00,-0.2,3
2024-10-30 01:05:00,-0.2,3
2024-10-30 01:10:00,-0.2,3
2024-10-30 01:15:00,-0.2,3
2024-10-30 01:20:00,-0.2,3
2024-10-30 01:25:00,-0.2,3
2024-10-30 01:30:00,-0.2,3
2024-10-30 01:35:00,-0.2,3
2024-10-30 01:40:00,-0.2,3
2024-10-30 01:45:00,-0.2,3
2024-10-30 01:50:00,-0.2,3
2024-10-30 01:55:00,-0.2,3
2024-10-30 02:00:00,-0.2,3
2024-10-30 02:05:00,-0.2,3
2024-10-30 02:10:00,-0.2,3
2024-10-30 02:15:00,-0.2,3
2024-10-30 02:20:00,-0.2,3
2024-10-30 02:25:00,-0.2,3
2024-10-30 02:30:00,-0.2,3
2024-10-30 02:35:00,-0.2,3
2024-10-30 02:40:00,-0.2,3
2024-10-30 02:45:00,-0.2,3
2024-10-30 02:50:00,-0.2,3
2024-10-30 02:55:00,-0.2,3
2024-10-30 03:00:00,-0.2,3
2024-10-30 03:05:00,-0.2,3
2024-10-30 03:10:00,-0.2,3
2024-10-30 03:15:00,-0.2,3
2024-10-30 03:20:00,-0.2,3
2024-10-30 03:25:00,-0.2,3
2024-10-30 03:30:00,-0.2,3
2024-10-30 03:35:00,-0.2,3
2024-10-30 03:40:00,-0.2,3
2024-10-30 03:45:00,-0.2,3
2024-10-30 03:50:00,-0.2,3
2024-10-30 03:55:00,-0.2,3
2024-10-30 04:00:00,-0.2,3
2024-10-30 04:05:00,-0.2,3
2024-10-30 04:10:00,-0.2,3
2024-10-30 04:15:00,-0.2,3
2024-10-30 04:20:00,-0.2,3
2024-10-30 04:25:00,-0.2,3
2024-10-30 04:30:00,-0.2,3
2024-10-30 04:35:00,-0.2,3
2024-10-30 04:40:00,-0.2,3
2024-10-30 04:45:00,-0.2,3
2024-10-30 04:50:00,-0.2,3
2024-10-30 04:55:00,-0.2,3
2024-10-30 05:00:00,-0.2,3
2024-10-30 05:05:00,-0.2,3
2024-10-30 05:10:00,-0.2,3
2024-10-30 05:15:00,-0.2,3
2024-10-30 05:20:00,-0.2,3
2024-10-30 05:25:00,-0.2,3
2024-10-30 05:30:00,-0.2,3
2024-10-30 05:35:00,-0.2,3
2024-10-30 05:40:00,-0.2,3
2024-10-30 05:45:00,-0.2,3
2024-10-30 05:50:00,-0.2,3
2024-10-30 05:55:00,-0.2,3
2024-10-30 06:00:00,-0.2,3
2024-10-30 06:05:00,-0.2,3
2024-10-30 06:10:00,-0.2,3
2024-10-30 06:15:00,-0.2,3
2024-10-30 06:20:00,-0.2,3
2024-10-30 06:25:00,-0.2,3
2024-10-30 06:30:00,-0.2,3
2024-10-30 06:35:00,-0.2,3
2024-10-30 06:40:00,-0.2,3
2024-10-30 06:45:00,-0.2,3
2024-10-30 06:50:00,-0.2,3
2024-10-30 06:55:00,-0.2,3
2024-10-30 07:00:00,-0.2,3
2024-10-30 07:05:00,-0.2,3
2024-10-30 07:10:00,-0.2,3
2024-10-30 07:15:00,-0.2,3
2024-10-30 07:20:00,-0.2,3
2024-10-30 07:25:00,-0.2,3
2024-10-30 07:30:00,-0.2,3
2024-10-30 07:35:00,-0.2,3
2024-10-30 07:40:00,-0.2,3
2024-10-30 07:45:00,-0.2,3
2024-10-30 07:50:00,-0.2,3
2024-10-30 07:55:00,-0.2,3
2024-10-30 08:00:00,-0.2,3
2024-10-30 08:05:00,-0.3,3
2024-10-30 08:10:00,-0.2,3
2024-10-30 08:15:00,-0.2,3
2024-10-30 08:20:00,-0.2,3
2024-10-30 08:25:00,-0.3,3
2024-10-30 08:30:00,-0.3,3
2024-10-30 08:35:00,-0.3,3
2024-10-30 08:40:00,-0.3,3
2024-10-30 08:45:00,-0.3,3
2024-10-30 08:50:00,-0.3,3
2024-10-30 08:55:00,-0.3,3
2024-10-30 09:00:00,-0.3,3
2024-10-30 09:05:00,-0.3,3
2024-10-30 09:10:00,-0.3,3
2024-10-30 09:15:00,-0.3,3
2024-10-30 09:20:00,-0.3,3
2024-10-30 09:25:00,-0.3,3
2024-10-30 09:30:00,-0.3,3
2024-10-30 09:35:00,-0.3,3
2024-10-30 09:40:00,-0.3,3
2024-10-30 09:45:00,-0.3,3
2024-10-30 09:50:00,-0.3,3
2024-10-30 09:55:00,-0.3,3
2024-10-30 10:00:00,-0.3,3
2024-10-30 10:05:00,-0.3,3
2024-10-30 10:10:00,-0.3,3
2024-10-30 10:15:00,-0.3,3
2024-10-30 10:20:00,-0.3,3
2024-10-30 10:25:00,-0.3,3
2024-10-30 10:30:00,-0.3,3
2024-10-30 10:35:00,-0.4,3
2024-10-30 10:40:00,-0.4,3
2024-10-30 10:45:00,-0.4,3
2024-10-30 10:50:00,-0.4,3
2024-10-30 10:55:00,-0.4,3
2024-10-30 11:00:00,-0.4,3
2024-10-30 11:05:00,-0.4,3
2024-10-30 11:10:00,-0.4,3
2024-10-30 11:15:00,-0.4,3
2024-10-30 11:20:00,-0.4,3
2024-10-30 11:25:00,-0.4,3
2024-10-30 11:30:00,-0.5,3
2024-10-30 11:35:00,-0.5,3
2024-10-30 11:40:00,-0.5,3
2024-10-30 11:45:00,-0.5,3
2024-10-30 11:50:00,-0.5,3
2024-10-30 11:55:00,-0.5,3
2024-10-30 12:00:00,-0.6,3
2024-10-30 12:05:00,-0.6,3
2024-10-30 12:10:00,-0.6,3
2024-10-30 12:15:00,-0.6,3
2024-10-30 12:20:00,-0.7,3
2024-10-30 12:25:00,-0.7,3
2024-10-30 12:30:00,-0.8,3
2024-10-30 12:35:00,-0.8,3
2024-10-30 12:40:00,-0.9,3
2024-10-30 12:45:00,-0.9,3
2024-10-30 12:50:00,-0.9,3
2024-10-30 12:55:00,-1,3
2024-10-30 13:00:00,-1,3
2024-10-30 13:05:00,-1.1,3
2024-10-30 13:10:00,-1.1,3
2024-10-30 13:15:00,-1.2,3
2024-10-30 13:20:00,-1.3,3
2024-10-30 13:25:00,-1.4,3
2024-10-30 13:30:00,-1.4,3
2024-10-30 13:35:00,-1.5,3
2024-10-30 13:40:00,-1.6,3
2024-10-30 13:45:00,-1.7,3
2024-10-30 13:50:00,-1.9,3
2024-10-30 13:55:00,-1.9,3
2024-10-30 14:00:00,-2,3
2024-10-30 14:05:00,-2.2,3
2024-10-30 14:10:00,-2.3,3
2024-10-30 14:15:00,-2.5,3
2024-10-30 14:20:00,-2.7,3
2024-10-30 14:25:00,-2.8,3
2024-10-30 14:30:00,-3.1,3
2024-10-30 14:35:00,-3.3,3
2024-10-30 14:40:00,-3.5,3
2024-10-30 14:45:00,-3.8,3
2024-10-30 14:50:00,-4.1,3
2024-10-30 14:55:00,-4.4,3
2024-10-30 15:00:00,-4.8,3
2024-10-30 15:05:00,-5,3
2024-10-30 15:10:00,-5.2,3
2024-10-30 15:15:00,-5.3,3
2024-10-30 15:20:00,-5.5,3
2024-10-30 15:25:00,-5.6,3
2024-10-30 15:30:00,-5.8,3
2024-10-30 15:35:00,-5.9,3
2024-10-30 15:40:00,-6.1,3
2024-10-30 15:45:00,-6.2,3
2024-10-30 15:50:00,-6.4,3
2024-10-30 15:55:00,-6.6,3
2024-10-30 16:00:00,-6.8,3
2024-10-30 16:05:00,-7,3
2024-10-30 16:10:00,-7.2,3
2024-10-30 16:15:00,-7.3,3
2024-10-30 16:20:00,-7.5,3
2024-10-30 16:25:00,-7.8,3
2024-10-30 16:30:00,-8.1,3
2024-10-30 16:35:00,-8.3,3
2024-10-30 16:40:00,-8.5,3
2024-10-30 16:45:00,-8.8,3
2024-10-30 16:50:00,-9.1,3
2024-10-30 16:55:00,-9.4,3
2024-10-30 17:00:00,-9.7,3
2024-10-30 17:05:00,-9.9,3
2024-10-30 17:10:00,-10.1,3
2024-10-30 17:15:00,-10.1,3
2024-10-30 17:20:00,-10.2,3
2024-10-30 17:25:00,-10.3,3
2024-10-30 17:30:00,-10.3,3
2024-10-30 17:35:00,-10.4,3
2024-10-30 17:40:00,-10.5,3
2024-10-30 17:45:00,-10.6,3
2024-10-30 17:50:00,-10.7,3
2024-10-30 17:55:00,-10.7,3
2024-10-30 18:00:00,-10.8,3
2024-10-30 18:05:00,-10.9,3
2024-10-30 18:10:00,-11,3
2024-10-30 18:15:00,-11.1,3
2024-10-30 18:20:00,-11.1,3
2024-10-30 18:25:00,-11.2,3
2024-10-30 18:30:00,-11.3,3
2024-10-30 18:35:00,-11.4,3
2024-10-30 18:40:00,-11.5,3
2024-10-30 18:45:00,-11.7,3
2024-10-30 18:50:00,-11.8,3
2024-10-30 18:55:00,-11.9,3
2024-10-30 19:00:00,-11.9,3
2024-10-30 19:05:00,-12,3
2024-10-30 19:10:00,-12.1,3
2024-10-30 19:15:00,-12.2,3
2024-10-30 19:20:00,-12.3,3
2024-10-30 19:25:00,-12.4,3
2024-10-30 19:30:00,-12.5,3
2024-10-30 19:35:00,-12.6,3
2024-10-30 19:40:00,-12.7,3
2024-10-30 19:45:00,-12.7,3
2024-10-30 19:50:00,-12.8,3
2024-10-30 19:55:00,-12.9,3
2024-10-30 20:00:00,-13.1,3
2024-10-30 20:05:00,-13.2,3
2024-10-30 20:10:00,-13.3,3
2024-10-30 20:15:00,-13.4,3
2024-10-30 20:20:00,-13.5,3
2024-10-30 20:25:00,-13.5,3
2024-10-30 20:30:00,-13.6,3
2024-10-30 20:35:00,-13.8,3
2024-10-30 20:40:00,-13.8,3
2024-10-30 20:45:00,-14,3
2024-10-30 20:50:00,-14.1,3
2024-10-30 20:55:00,-14.2,3
2024-10-30 21:00:00,-14.3,3
2024-10-30 21:05:00,-14.4,3
2024-10-30 21:10:00,-14.5,3
2024-10-30 21:15:00,-14.6,3
2024-10-30 21:20:00,-14.7,3
2024-10-30 21:25:00,-14.9,3
2024-10-30 21:30:00,-14.9,3
2024-10-30 21:35:00,-15,3
2024-10-30 21:40:00,-15.1,3
2024-10-30 21:45:00,-15.3,3
2024-10-30 21:50:00,-15.4,3
2024-10-30 21:55:00,-15.5,3
2024-10-30 22:00:00,-15.6,3
2024-10-30 22:05:00,-15.7,3
2024-10-30 22:10:00,-15.8,3
2024-10-30 22:15:00,-15.9,3
2024-10-30 22:20:00,-16,3
2024-10-30 22:25:00,-16.1,3
2024-10-30 22:30:00,-16.3,3
2024-10-30 22:35:00,-16.4,3
2024-10-30 22:40:00,-16.5,3
2024-10-30 22:45:00,-16.6,3
2024-10-30 22:50:00,-16.7,3
2024-10-30 22:55:00,-16.8,3
2024-10-30 23:00:00,-16.9,3
2024-10-30 23:05:00,-17,3
2024-10-30 23:10:00,-17.2,3
2024-10-30 23:15:00,-17.3,3
2024-10-30 23:20:00,-17.3,3
2024-10-30 23:25:00,-17.5,3
2024-10-30 23:30:00,-17.7,3
2024-10-30 23:35:00,-17.7,3
2024-10-30 23:40:00,-17.8,3
2024-10-30 23:45:00,-18,3
2024-10-30 23:50:00,-18,3
2024-10-30 23:55:00,-18.2,3
2024-10-31,-18.3,3
2024-10-31 00:05:00,-18.3,3
2024-10-31 00:10:00,-18.5,3
2024-10-31 00:15:00,-18.6,3
2024-10-31 00:20:00,-18.7,3
2024-10-31 00:25:00,-18.8,3
2024-10-31 00:30:00,-18.9,3
2024-10-31 00:35:00,-19,3
2024-10-31 00:40:00,-19.1,3
2024-10-31 00:45:00,-19.2,3
2024-10-31 00:50:00,-19.2,3
2024-10-31 00:55:00,-19.4,3
2024-10-31 01:00:00,-19.4,3
2024-10-31 01:05:00,-19.5,3
2024-10-31 01:10:00,-19.6,3
2024-10-31 01:15:00,-19.7,3
2024-10-31 01:20:00,-19.9,3
2024-10-31 01:25:00,-19.9,3
2024-10-31 01:30:00,-20,3
2024-10-31 01:35:00,-20.1,3
2024-10-31 01:40:00,-20.1,3
2024-10-31 01:45:00,-20.2,3
2024-10-31 01:50:00,-20.3,3
2024-10-31 01:55:00,-20.4,3
2024-10-31 02:00:00,-20.5,3
2024-10-31 02:05:00,-20.6,3
2024-10-31 02:10:00,-20.7,3
2024-10-31 02:15:00,-20.7,3
2024-10-31 02:20:00,-20.7,3
2024-10-31 02:25:00,-20.9,3
2024-10-31 02:30:00,-20.9,3
2024-10-31 02:35:00,-21,3
2024-10-31 02:40:00,-21.1,3
2024-10-31 02:45:00,-21.2,3
2024-10-31 02:50:00,-21.3,3
2024-10-31 02:55:00,-21.4,3
2024-10-31 03:00:00,-21.4,3
2024-10-31 03:05:00,-21.6,3
2024-10-31 03:10:00,-21.5,3
2024-10-31 03:15:00,-21.7,3
2024-10-31 03:20:00,-21.8,3
2024-10-31 03:25:00,-21.8,3
2024-10-31 03:30:00,-21.9,3
2024-10-31 03:35:00,-22,3
2024-10-31 03:40:00,-22.1,3
2024-10-31 03:45:00,-22.1,3
2024-10-31 03:50:00,-22.2,3
2024-10-31 03:55:00,-22.3,3
2024-10-31 04:00:00,-22.3,3
2024-10-31 04:05:00,-22.4,3
2024-10-31 04:10:00,-22.5,3
2024-10-31 04:15:00,-22.5,3
2024-10-31 04:20:00,-22.5,3
2024-10-31 04:25:00,-22.7,3
2024-10-31 04:30:00,-22.7,3
2024-10-31 04:35:00,-22.8,3
2024-10-31 04:40:00,-22.9,3
2024-10-31 04:45:00,-23,3
2024-10-31 04:50:00,-23,3
2024-10-31 04:55:00,-23,3
2024-10-31 05:00:00,-23.1,3
2024-10-31 05:05:00,-23.2,3
2024-10-31 05:10:00,-23.3,3
2024-10-31 05:15:00,-23.3,3
2024-10-31 05:20:00,-23.4,3
2024-10-31 05:25:00,-23.4,3
2024-10-31 05:30:00,-23.5,3
2024-10-31 05:35:00,-23.6,3
2024-10-31 05:40:00,-23.7,3
2024-10-31 05:45:00,-23.8,3
2024-10-31 05:50:00,-23.7,3
2024-10-31 05:55:00,-23.8,3
2024-10-31 06:00:00,-23.9,3
2024-10-31 06:05:00,-24,3
2024-10-31 06:10:00,-24,3
2024-10-31 06:15:00,-24,3
2024-10-31 06:20:00,-24.1,3
2024-10-31 06:25:00,-24.2,3
2024-10-31 06:30:00,-24.2,3
2024-10-31 06:35:00,-24.3,3
2024-10-31 06:40:00,-24.4,3
2024-10-31 06:45:00,-24.5,3
2024-10-31 06:50:00,-24.5,3
2024-10-31 06:55:00,-24.5,3
2024-10-31 07:00:00,-24.5,3
2024-10-31 07:05:00,-24.6,3
2024-10-31 07:10:00,-24.7,3
2024-10-31 07:15:00,-24.8,3
2024-10-31 07:20:00,-24.8,3
2024-10-31 07:25:00,-24.9,3
2024-10-31 07:30:00,-24.9,3
2024-10-31 07:35:00,-25,3
2024-10-31 07:40:00,-25,3
2024-10-31 07:45:00,-25,3
2024-10-31 07:50:00,-25.2,3
2024-10-31 07:55:00,-25.3,3
2024-10-31 08:00:00,-25.3,3
2024-10-31 08:05:00,-25.3,3
2024-10-31 08:10:00,-25.4,3
2024-10-31 08:15:00,-25.6,3
2024-10-31 08:20:00,-25.6,3
2024-10-31 08:25:00,-25.6,3
2024-10-31 08:30:00,-25.8,3
2024-10-31 08:35:00,-25.8,3
2024-10-31 08:40:00,-25.9,3
2024-10-31 08:45:00,-26,3
2024-10-31 08:50:00,-26.1,3
2024-10-31 08:55:00,-26.1,3
2024-10-31 09:00:00,-26.2,3
2024-10-31 09:05:00,-26.3,3
2024-10-31 09:10:00,-26.4,3
2024-10-31 09:15:00,-26.5,3
2024-10-31 09:20:00,-26.6,3
2024-10-31 09:25:00,-26.6,3
2024-10-31 09:30:00,-26.8,3
2024-10-31 09:35:00,-27,3
2024-10-31 09:40:00,-27,3
2024-10-31 09:45:00,-27.2,3
2024-10-31 09:50:00,-27.2,3
2024-10-31 09:55:00,-27.3,3
2024-10-31 10:00:00,-27.4,3
2024-10-31 10:05:00,-27.4,3
2024-10-31 10:10:00,-27.6,3
2024-10-31 10:15:00,-27.7,3
2024-10-31 10:20:00,-27.8,3
2024-10-31 10:25:00,-27.9,3
2024-10-31 10:30:00,-28,3
2024-10-31 10:35:00,-28.2,3
2024-10-31 10:40:00,-28.3,3
2024-10-31 10:45:00,-28.3,3
2024-10-31 10:50:00,-28.5,3
2024-10-31 10:55:00,-28.6,3
2024-10-31 11:00:00,-28.8,3
2024-10-31 11:05:00,-28.8,3
2024-10-31 11:10:00,-28.9,3
2024-10-31 11:15:00,-29.1,3
2024-10-31 11:20:00,-29.2,3
2024-10-31 11:25:00,-29.4,3
2024-10-31 11:30:00,-29.5,3
2024-10-31 11:35:00,-29.5,3
2024-10-31 11:40:00,-29.7,3
2024-10-31 11:45:00,-29.7,3
2024-10-31 11:50:00,-30,3
2024-10-31 11:55:00,-30.1,3
2024-10-31 12:00:00,-30.2,3
2024-10-31 12:05:00,-30.3,3
2024-10-31 12:10:00,-30.4,3
2024-10-31 12:15:00,-30.7,3
2024-10-31 12:20:00,-30.8,3
2024-10-31 12:25:00,-30.9,3
2024-10-31 12:30:00,-31.1,3
2024-10-31 12:35:00,-31.1,3
2024-10-31 12:40:00,-31.4,3
2024-10-31 12:45:00,-31.4,3
2024-10-31 12:50:00,-31.6,3
2024-10-31 12:55:00,-31.7,3
2024-10-31 13:00:00,-31.9,3
2024-10-31 13:05:00,-32.1,3
2024-10-31 13:10:00,-32.2,3
2024-10-31 13:15:00,-32.5,3
2024-10-31 13:20:00,-32.5,3
2024-10-31 13:25:00,-32.8,3
2024-10-31 13:30:00,-32.8,3
2024-10-31 13:35:00,-32.9,3
2024-10-31 13:40:00,-33.1,3
2024-10-31 13:45:00,-33.3,3
2024-10-31 13:50:00,-33.5,3
2024-10-31 13:55:00,-33.5,3
2024-10-31 14:00:00,-33.8,3
2024-10-31 14:05:00,-33.8,3
2024-10-31 14:10:00,-34.1,3
2024-10-31 14:15:00,-34.2,3
2024-10-31 14:20:00,-34.4,3
2024-10-31 14:25:00,-34.6,3
2024-10-31 14:30:00,-34.6,3
2024-10-31 14:35:00,-35,3
2024-10-31 14:40:00,-35,3
2024-10-31 14:45:00,-35.3,3
2024-10-31 14:50:00,-35.4,3
2024-10-31 14:55:00,-35.6,3
2024-10-31 15:00:00,-35.9,3
2024-10-31 15:05:00,-35.9,3
2024-10-31 15:10:00,-36.2,3
2024-10-31 15:15:00,-36.3,3
2024-10-31 15:20:00,-36.7,3
2024-10-31 15:25:00,-36.6,3
2024-10-31 15:30:00,-36.9,3
2024-10-31 15:35:00,-37.1,3
2024-10-31 15:40:00,-37.3,3
2024-10-31 15:45:00,-37.6,3
2024-10-31 15:50:00,-37.6,3
2024-10-31 15:55:00,-37.9,3
2024-10-31 16:00:00,-38,3
2024-10-31 16:05:00,-38.4,3
2024-10-31 16:10:00,-38.5,3
2024-10-31 16:15:00,-38.7,3
2024-10-31 16:20:00,-38.9,3
2024-10-31 16:25:00,-39.1,3
2024-10-31 16:30:00,-39.3,3
2024-10-31 16:35:00,-39.5,3
2024-10-31 16:40:00,-39.8,3
2024-10-31 16:45:00,-39.9,3
2024-10-31 16:50:00,-40.4,3
2024-10-31 16:55:00,-40.4,3
2024-10-31 17:00:00,-40.6,3
2024-10-31 17:05:00,-40.8,3
2024-10-31 17:10:00,-40.8,3
2024-10-31 17:15:00,-41.7,3
2024-10-31 17:20:00,-42,3
2024-10-31 17:25:00,-0.1,3
2024-10-31 17:30:00,-0.2,3
2024-10-31 17:35:00,-0.2,3
2024-10-31 17:40:00,-0.2,3
2024-10-31 17:45:00,-0.2,3
2024-10-31 17:50:00,-0.2,3
2024-10-31 17:55:00,-0.2,3
2024-10-31 18:00:00,-0.2,3
2024-10-31 18:05:00,-0.2,3
2024-10-31 18:10:00,-0.2,3
2024-10-31 18:15:00,-0.2,3
2024-10-31 18:20:00,-0.2,3
2024-10-31 18:25:00,-0.2,3
2024-10-31 18:30:00,-0.2,3
2024-10-31 18:35:00,-0.2,3
2024-10-31 18:40:00,-0.2,3
2024-10-31 18:45:00,-0.2,3
2024-10-31 18:50:00,-0.2,3
2024-10-31 18:55:00,-0.2,3
2024-10-31 19:00:00,-0.2,3
2024-10-31 19:05:00,-0.2,3
2024-10-31 19:10:00,-0.3,3
2024-10-31 19:15:00,-0.3,3
2024-10-31 19:20:00,-0.3,3
2024-10-31 19:25:00,-0.3,3
2024-10-31 19:30:00,-0.3,3
2024-10-31 19:35:00,-0.3,3
2024-10-31 19:40:00,-0.3,3
2024-10-31 19:45:00,-0.3,3
2024-10-31 19:50:00,-0.3,3
2024-10-31 19:55:00,-0.3,3
2024-10-31 20:00:00,-0.3,3
2024-10-31 20:05:00,-0.3,3
2024-10-31 20:10:00,-0.3,3
2024-10-31 20:15:00,-0.3,3
2024-10-31 20:20:00,-0.3,3
2024-10-31 20:25:00,-0.3,3
2024-10-31 20:30:00,-0.3,3
2024-10-31 20:35:00,-0.3,3
2024-10-31 20:40:00,-0.3,3
2024-10-31 20:45:00,-0.3,3
2024-10-31 20:50:00,-0.3,3
2024-10-31 20:55:00,-0.3,3
2024-10-31 21:00:00,-0.3,3
2024-10-31 21:05:00,-0.3,3
2024-10-31 21:10:00,-0.3,3
2024-10-31 21:15:00,-0.3,3
2024-10-31 21:20:00,-0.3,3
2024-10-31 21:25:00,-0.3,3
2024-10-31 21:30:00,-0.3,3
2024-10-31 21:35:00,-0.3,3
2024-10-31 21:40:00,-0.3,3
2024-10-31 21:45:00,-0.3,3
2024-10-31 21:50:00,-0.3,3
2024-10-31 21:55:00,-0.4,3
2024-10-31 22:00:00,-0.4,3
2024-10-31 22:05:00,-0.4,3
2024-10-31 22:10:00,-0.4,3
2024-10-31 22:15:00,-0.4,3
2024-10-31 22:20:00,-0.4,3
2024-10-31 22:25:00,-0.4,3
2024-10-31 22:30:00,-0.4,3
2024-10-31 22:35:00,-0.4,3
2024-10-31 22:40:00,-0.4,3
2024-10-31 22:45:00,-0.4,3
2024-10-31 22:50:00,-0.4,3
2024-10-31 22:55:00,-0.4,3
2024-10-31 23:00:00,-0.4,3
2024-10-31 23:05:00,-0.4,3
2024-10-31 23:10:00,-0.4,3
2024-10-31 23:15:00,-0.4,3
2024-10-31 23:20:00,-0.4,3
2024-10-31 23:25:00,-0.4,3
2024-10-31 23:30:00,-0.4,3
2024-10-31 23:35:00,-0.4,3
2024-10-31 23:40:00,-0.4,3
2024-10-31 23:45:00,-0.4,3
2024-10-31 23:50:00,-0.4,3
2024-10-31 23:55:00,-0.4,3
2024-11-01,-0.4,3
2024-11-01 00:05:00,-0.4,3
2024-11-01 00:10:00,-0.5,3
2024-11-01 00:15:00,-0.5,3
2024-11-01 00:20:00,-0.5,3
2024-11-01 00:25:00,-0.5,3
2024-11-01 00:30:00,-0.5,3
2024-11-01 00:35:00,-0.5,3
2024-11-01 00:40:00,-0.5,3
2024-11-01 00:45:00,-0.5,3
2024-11-01 00:50:00,-0.5,3
2024-11-01 00:55:00,-0.5,3
2024-11-01 01:00:00,-0.5,3
2024-11-01 01:05:00,-0.5,3
2024-11-01 01:10:00,-0.5,3
2024-11-01 01:15:00,-0.5,3
2024-11-01 01:20:00,-0.5,3
2024-11-01 01:25:00,-0.5,3
2024-11-01 01:30:00,-0.5,3
2024-11-01 01:35:00,-0.5,3
2024-11-01 01:40:00,-0.5,3
2024-11-01 01:45:00,-0.5,3
2024-11-01 01:50:00,-0.5,3
2024-11-01 01:55:00,-0.5,3
2024-11-01 02:00:00,-0.5,3
2024-11-01 02:05:00,-0.5,3
2024-11-01 02:10:00,-0.5,3
2024-11-01 02:15:00,-0.5,3
2024-11-01 02:20:00,-0.5,3
2024-11-01 02:25:00,-0.5,3
2024-11-01 02:30:00,-0.5,3
2024-11-01 02:35:00,-0.5,3
2024-11-01 02:40:00,-0.5,3
2024-11-01 02:45:00,-0.5,3
2024-11-01 02:50:00,-0.5,3
2024-11-01 02:55:00,-0.6,3
2024-11-01 03:00:00,-0.6,3
2024-11-01 03:05:00,-0.6,3
2024-11-01 03:10:00,-0.6,3
2024-11-01 03:15:00,-0.6,3
2024-11-01 03:20:00,-0.6,3
2024-11-01 03:25:00,-0.6,3
2024-11-01 03:30:00,-0.6,3
2024-11-01 03:35:00,-0.6,3
2024-11-01 03:40:00,-0.6,3
2024-11-01 03:45:00,-0.6,3
2024-11-01 03:50:00,-0.6,3
2024-11-01 03:55:00,-0.6,3
2024-11-01 04:00:00,-0.6,3
2024-11-01 04:05:00,-0.6,3
2024-11-01 04:10:00,-0.6,3
2024-11-01 04:15:00,-0.6,3
2024-11-01 04:20:00,-0.6,3
2024-11-01 04:25:00,-0.6,3
2024-11-01 04:30:00,-0.6,3
2024-11-01 04:35:00,-0.6,3
2024-11-01 04:40:00,-0.7,3
2024-11-01 04:45:00,-0.7,3
2024-11-01 04:50:00,-0.7,3
2024-11-01 04:55:00,-0.7,3
2024-11-01 05:00:00,-0.7,3
2024-11-01 05:05:00,-0.7,3
2024-11-01 05:10:00,-0.7,3
2024-11-01 05:15:00,-0.7,3
2024-11-01 05:20:00,-0.8,3
2024-11-01 05:25:00,-0.7,3
2024-11-01 05:30:00,-0.7,3
2024-11-01 05:35:00,-0.8,3
2024-11-01 05:40:00,-0.8,3
2024-11-01 05:45:00,-0.8,3
2024-11-01 05:50:00,-0.8,3
2024-11-01 05:55:00,-0.8,3
2024-11-01 06:00:00,-0.8,3
2024-11-01 06:05:00,-0.8,3
2024-11-01 06:10:00,-0.8,3
2024-11-01 06:15:00,-0.9,3
2024-11-01 06:20:00,-0.9,3
2024-11-01 06:25:00,-0.9,3
2024-11-01 06:30:00,-0.9,3
2024-11-01 06:35:00,-0.9,3
2024-11-01 06:40:00,-0.9,3
2024-11-01 06:45:00,-1,3
2024-11-01 06:50:00,-1,3
2024-11-01 06:55:00,-1,3
2024-11-01 07:00:00,-1,3
2024-11-01 07:05:00,-1,3
2024-11-01 07:10:00,-1,3
2024-11-01 07:15:00,-1,3
2024-11-01 07:20:00,-1,3
2024-11-01 07:25:00,-1.1,3
2024-11-01 07:30:00,-1.1,3
2024-11-01 07:35:00,-1.1,3
2024-11-01 07:40:00,-1.1,3
2024-11-01 07:45:00,-1.2,3
2024-11-01 07:50:00,-1.2,3
2024-11-01 07:55:00,-1.2,3
2024-11-01 08:00:00,-1.2,3
2024-11-01 08:05:00,-1.3,3
2024-11-01 08:10:00,-1.4,3
2024-11-01 08:15:00,-1.4,3
2024-11-01 08:20:00,-1.5,3
2024-11-01 08:25:00,-1.5,3
2024-11-01 08:30:00,-1.6,3
2024-11-01 08:35:00,-1.7,3
2024-11-01 08:40:00,-1.8,3
2024-11-01 08:45:00,-1.9,3
2024-11-01 08:50:00,-1.9,3
2024-11-01 08:55:00,-2.1,3
2024-11-01 09:00:00,-2.2,3
2024-11-01 09:05:00,-2.3,3
2024-11-01 09:10:00,-2.4,3
2024-11-01 09:15:00,-2.6,3
2024-11-01 09:20:00,-2.8,3
2024-11-01 09:25:00,-2.9,3
2024-11-01 09:30:00,-3.1,3
2024-11-01 09:35:00,-3.3,3
2024-11-01 09:40:00,-3.5,3
2024-11-01 09:45:00,-3.7,3
2024-11-01 09:50:00,-4,3
2024-11-01 09:55:00,-4.3,3
2024-11-01 10:00:00,-4.5,3
2024-11-01 10:05:00,-4.8,3
2024-11-01 10:10:00,-5.1,3
2024-11-01 10:15:00,-5.2,3
2024-11-01 10:20:00,-5.3,3
2024-11-01 10:25:00,-5.4,3
2024-11-01 10:30:00,-5.6,3
2024-11-01 10:35:00,-5.7,3
2024-11-01 10:40:00,-5.8,3
2024-11-01 10:45:00,-6,3
2024-11-01 10:50:00,-6.2,3
2024-11-01 10:55:00,-6.3,3
2024-11-01 11:00:00,-6.5,3
2024-11-01 11:05:00,-6.6,3
2024-11-01 11:10:00,-6.8,3
2024-11-01 11:15:00,-7,3
2024-11-01 11:20:00,-7.2,3
2024-11-01 11:25:00,-7.4,3
2024-11-01 11:30:00,-7.6,3
2024-11-01 11:35:00,-7.7,3
2024-11-01 11:40:00,-7.9,3
2024-11-01 11:45:00,-8.1,3
2024-11-01 11:50:00,-8.4,3
2024-11-01 11:55:00,-8.7,3
2024-11-01 12:00:00,-8.9,3
2024-11-01 12:05:00,-9.2,3
2024-11-01 12:10:00,-9.4,3
2024-11-01 12:15:00,-9.6,3
2024-11-01 12:20:00,-10,3
2024-11-01 12:25:00,-10,3
2024-11-01 12:30:00,-10.1,3
2024-11-01 12:35:00,-10.2,3
2024-11-01 12:40:00,-10.3,3
2024-11-01 12:45:00,-10.3,3
2024-11-01 12:50:00,-10.4,3
2024-11-01 12:55:00,-10.5,3
2024-11-01 13:00:00,-10.6,3
2024-11-01 13:05:00,-10.7,3
2024-11-01 13:10:00,-10.7,3
2024-11-01 13:15:00,-10.8,3
2024-11-01 13:20:00,-10.9,3
2024-11-01 13:25:00,-11,3
2024-11-01 13:30:00,-11.1,3
2024-11-01 13:35:00,-11.2,3
2024-11-01 13:40:00,-11.3,3
2024-11-01 13:45:00,-11.4,3
2024-11-01 13:50:00,-11.5,3
2024-11-01 13:55:00,-11.6,3
2024-11-01 14:00:00,-11.7,3
2024-11-01 14:05:00,-11.8,3
2024-11-01 14:10:00,-11.9,3
2024-11-01 14:15:00,-12,3
2024-11-01 14:20:00,-12.1,3
2024-11-01 14:25:00,-12.2,3
2024-11-01 14:30:00,-12.3,3
2024-11-01 14:35:00,-12.4,3
2024-11-01 14:40:00,-12.5,3
2024-11-01 14:45:00,-12.6,3
2024-11-01 14:50:00,-12.7,3
2024-11-01 14:55:00,-12.8,3
2024-11-01 15:00:00,-12.9,3
2024-11-01 15:05:00,-13,3
2024-11-01 15:10:00,-13.1,3
2024-11-01 15:15:00,-13.2,3
2024-11-01 15:20:00,-13.3,3
2024-11-01 15:25:00,-13.4,3
2024-11-01 15:30:00,-13.5,3
2024-11-01 15:35:00,-13.6,3
2024-11-01 15:40:00,-13.8,3
2024-11-01 15:45:00,-13.9,3
2024-11-01 15:50:00,-14,3
2024-11-01 15:55:00,-14.1,3
2024-11-01 16:00:00,-14.2,3
2024-11-01 16:05:00,-14.3,3
2024-11-01 16:10:00,-14.5,3
2024-11-01 16:15:00,-14.6,3
2024-11-01 16:20:00,-14.6,3
2024-11-01 16:25:00,-14.8,3
2024-11-01 16:30:00,-14.9,3
2024-11-01 16:35:00,-15.1,3
2024-11-01 16:40:00,-15.2,3
2024-11-01 16:45:00,-15.3,3
2024-11-01 16:50:00,-15.4,3
2024-11-01 16:55:00,-15.6,3
2024-11-01 17:00:00,-15.7,3
2024-11-01 17:05:00,-15.9,3
2024-11-01 17:10:00,-15.9,3
2024-11-01 17:15:00,-16,3
2024-11-01 17:20:00,-16.2,3
2024-11-01 17:25:00,-16.3,3
2024-11-01 17:30:00,-16.5,3
2024-11-01 17:35:00,-16.6,3
2024-11-01 17:40:00,-16.8,3
2024-11-01 17:45:00,-16.8,3
2024-11-01 17:50:00,-17,3
2024-11-01 17:55:00,-17.1,3
2024-11-01 18:00:00,-17.3,3
2024-11-01 18:05:00,-17.4,3
2024-11-01 18:10:00,-17.6,3
2024-11-01 18:15:00,-17.7,3
2024-11-01 18:20:00,-17.8,3
2024-11-01 18:25:00,-18,3
2024-11-01 18:30:00,-18.1,3
2024-11-01 18:35:00,-18.3,3
2024-11-01 18:40:00,-18.5,3
2024-11-01 18:45:00,-18.5,3
2024-11-01 18:50:00,-18.7,3
2024-11-01 18:55:00,-18.8,3
2024-11-01 19:00:00,-19,3
2024-11-01 19:05:00,-19.2,3
2024-11-01 19:10:00,-19.3,3
2024-11-01 19:15:00,-19.5,3
2024-11-01 19:20:00,-19.5,3
2024-11-01 19:25:00,-19.8,3
2024-11-01 19:30:00,-19.9,3
2024-11-01 19:35:00,-20,3
2024-11-01 19:40:00,-20.2,3
2024-11-01 19:45:00,-20.3,3
2024-11-01 19:50:00,-20.5,3
2024-11-01 19:55:00,-20.7,3
2024-11-01 20:00:00,-20.8,3
2024-11-01 20:05:00,-21,3
2024-11-01 20:10:00,-21.1,3
2024-11-01 20:15:00,-21.3,3
2024-11-01 20:20:00,-21.5,3
2024-11-01 20:25:00,-21.6,3
2024-11-01 20:30:00,-21.7,3
2024-11-01 20:35:00,-22,3
2024-11-01 20:40:00,-22.1,3
2024-11-01 20:45:00,-22.3,3
2024-11-01 20:50:00,-22.4,3
2024-11-01 20:55:00,-22.6,3
2024-11-01 21:00:00,-22.8,3
2024-11-01 21:05:00,-22.9,3
2024-11-01 21:10:00,-23.1,3
2024-11-01 21:15:00,-23.3,3
2024-11-01 21:20:00,-23.5,3
2024-11-01 21:25:00,-23.6,3
2024-11-01 21:30:00,-23.7,3
2024-11-01 21:35:00,-24,3
2024-11-01 21:40:00,-24.1,3
2024-11-01 21:45:00,-24.3,3
2024-11-01 21:50:00,-24.6,3
2024-11-01 21:55:00,-24.7,3
2024-11-01 22:00:00,-24.8,3
2024-11-01 22:05:00,-25.1,3
2024-11-01 22:10:00,-25.3,3
2024-11-01 22:15:00,-25.4,3
2024-11-01 22:20:00,-25.6,3
2024-11-01 22:25:00,-25.8,3
2024-11-01 22:30:00,-25.9,3
2024-11-01 22:35:00,-26.2,3
2024-11-01 22:40:00,-26.3,3
2024-11-01 22:45:00,-26.4,3
2024-11-01 22:50:00,-26.7,3
2024-11-01 22:55:00,-26.9,3
2024-11-01 23:00:00,-27,3
2024-11-01 23:05:00,-27.3,3
2024-11-01 23:10:00,-27.5,3
2024-11-01 23:15:00,-27.6,3
2024-11-01 23:20:00,-27.9,3
2024-11-01 23:25:00,-28,3
2024-11-01 23:30:00,-28.2,3
2024-11-01 23:35:00,-28.4,3
2024-11-01 23:40:00,-28.5,3
2024-11-01 23:45:00,-28.8,3
2024-11-01 23:50:00,-29,3
2024-11-01 23:55:00,-29.1,3
2024-11-02,-29.4,3
2024-11-02 00:05:00,-29.5,3
2024-11-02 00:10:00,-29.8,3
2024-11-02 00:15:00,-29.8,3
2024-11-02 00:20:00,-30.1,3
2024-11-02 00:25:00,-30.2,3
2024-11-02 00:30:00,-30.4,3
2024-11-02 00:35:00,-30.6,3
2024-11-02 00:40:00,-30.8,3
2024-11-02 00:45:00,-30.7,3
2024-11-02 00:50:00,-31,3
2024-11-02 00:55:00,-31.2,3
2024-11-02 01:00:00,-31.4,3
2024-11-02 01:05:00,-31.5,3
2024-11-02 01:10:00,-31.6,3
2024-11-02 01:15:00,-31.8,3
2024-11-02 01:20:00,-31.9,3
2024-11-02 01:25:00,-32,3
2024-11-02 01:30:00,-32.3,3
2024-11-02 01:35:00,-32.2,3
2024-11-02 01:40:00,-32.5,3
2024-11-02 01:45:00,-32.6,3
2024-11-02 01:50:00,-32.8,3
2024-11-02 01:55:00,-33.1,3
2024-11-02 02:00:00,-33.1,3
2024-11-02 02:05:00,-33.1,3
2024-11-02 02:10:00,-33.4,3
2024-11-02 02:15:00,-33.5,3
2024-11-02 02:20:00,-33.6,3
2024-11-02 02:25:00,-33.9,3
2024-11-02 02:30:00,-34,3
2024-11-02 02:35:00,-34,3
2024-11-02 02:40:00,-34.3,3
2024-11-02 02:45:00,-34.4,3
2024-11-02 02:50:00,-34.4,3
2024-11-02 02:55:00,-34.7,3
2024-11-02 03:00:00,-34.8,3
2024-11-02 03:05:00,-34.8,3
2024-11-02 03:10:00,-35.1,3
2024-11-02 03:15:00,-35.1,3
2024-11-02 03:20:00,-35.2,3
2024-11-02 03:25:00,-35.6,3
2024-11-02 03:30:00,-35.6,3
2024-11-02 03:35:00,-35.6,3
2024-11-02 03:40:00,-35.8,3
2024-11-02 03:45:00,-36,3
2024-11-02 03:50:00,-36,3
2024-11-02 03:55:00,-36.2,3
2024-11-02 04:00:00,-36.4,3
2024-11-02 04:05:00,-36.5,3
2024-11-02 04:10:00,-36.5,3
2024-11-02 04:15:00,-36.7,3
2024-11-02 04:20:00,-36.9,3
2024-11-02 04:25:00,-37,3
2024-11-02 04:30:00,-37,3
2024-11-02 04:35:00,-37.4,3
2024-11-02 04:40:00,-37.4,3
2024-11-02 04:45:00,-37.4,3
2024-11-02 04:50:00,-37.6,3
2024-11-02 04:55:00,-37.7,3
2024-11-02 05:00:00,-38,3
2024-11-02 05:05:00,-37.9,3
2024-11-02 05:10:00,-38,3
2024-11-02 05:15:00,-38.3,3
2024-11-02 05:20:00,-38.4,3
2024-11-02 05:25:00,-38.4,3
2024-11-02 05:30:00,-38.5,3
2024-11-02 05:35:00,-38.7,3
2024-11-02 05:40:00,-38.9,3
2024-11-02 05:45:00,-38.9,3
2024-11-02 05:50:00,-39.1,3
2024-11-02 05:55:00,-39.3,3
2024-11-02 06:00:00,-39.2,3
2024-11-02 06:05:00,-39.4,3
2024-11-02 06:10:00,-39.4,3
2024-11-02 06:15:00,-39.8,3
2024-11-02 06:20:00,-39.8,3
2024-11-02 06:25:00,-39.9,3
2024-11-02 06:30:00,-39.9,3
2024-11-02 06:35:00,-40.5,3
2024-11-02 06:40:00,-40.8,3
2024-11-02 06:45:00,-40.8,3
2024-11-02 06:50:00,-41,3
2024-11-02 06:55:00,-41.3,3
2024-11-02 07:00:00,-41.2,3
2024-11-02 07:05:00,-41.2,3
2024-11-02 07:10:00,-41.3,3
2024-11-02 07:15:00,-41.4,3
2024-11-02 07:20:00,-41.6,3
2024-11-02 07:25:00,-41.7,3
2024-11-02 07:30:00,-41.7,3
2024-11-02 07:35:00,-41.7,3
2024-11-02 07:40:00,-42,3
2024-11-02 07:45:00,-42.1,3
2024-11-02 07:50:00,-42.2,3
2024-11-02 07:55:00,-42.2,3
2024-11-02 08:00:00,-42.4,3
2024-11-02 08:05:00,-42.6,3
2024-11-02 08:10:00,-42.7,3
2024-11-02 08:15:00,-42.8,3
2024-11-02 08:20:00,-43.2,3
2024-11-02 08:25:00,-43.1,3
2024-11-02 08:30:00,-43.2,3
2024-11-02 08:35:00,-43.4,3
2024-11-02 08:40:00,-43.6,3
2024-11-02 08:45:00,-43.6,3
2024-11-02 08:50:00,-43.7,3
2024-11-02 08:55:00,-44,3
2024-11-02 09:00:00,-44.1,3
2024-11-02 09:05:00,-44.3,3
2024-11-02 09:10:00,-44.5,3
2024-11-02 09:15:00,-44.6,3
2024-11-02 09:20:00,-44.9,3
2024-11-02 09:25:00,-45,3
2024-11-02 09:30:00,-45.1,3
2024-11-02 09:35:00,-45.3,3
2024-11-02 09:40:00,-45.5,3
2024-11-02 09:45:00,-45.5,3
2024-11-02 09:50:00,-46,3
2024-11-02 09:55:00,-46,3
2024-11-02 10:00:00,-46.1,3
2024-11-02 10:05:00,-46.4,3
2024-11-02 10:10:00,-46.5,3
2024-11-02 10:15:00,-46.7,3
2024-11-02 10:20:00,-47,3
2024-11-02 10:25:00,-47,3
2024-11-02 10:30:00,-47.2,3
2024-11-02 10:35:00,-47.6,3
2024-11-02 10:40:00,-47.7,3
2024-11-02 10:45:00,-48.1,3
2024-11-02 10:50:00,-48.3,3
2024-11-02 10:55:00,-48.3,3
2024-11-02 11:00:00,-48.6,3
2024-11-02 11:05:00,-48.8,3
2024-11-02 11:10:00,-49.2,3
2024-11-02 11:15:00,-49.2,3
2024-11-02 11:20:00,-49.2,3
2024-11-02 11:25:00,-49.8,3
2024-11-02 11:30:00,-49.8,3
2024-11-02 11:35:00,-50.1,3
2024-11-02 11:40:00,-50.5,3
2024-11-02 11:45:00,-50.5,3
2024-11-02 11:50:00,-51,3
2024-11-02 11:55:00,-50.9,3
2024-11-02 12:00:00,-51.3,3
2024-11-02 12:05:00,-51.7,3
2024-11-02 12:10:00,-51.7,3
2024-11-02 12:15:00,-52.3,3
2024-11-02 12:20:00,-52.3,3
2024-11-02 12:25:00,-52.9,3
2024-11-02 12:30:00,-52.9,3
2024-11-02 12:35:00,-53.2,3
2024-11-02 12:40:00,-53.6,3
2024-11-02 12:45:00,-53.7,3
2024-11-02 12:50:00,-54.4,3
2024-11-02 12:55:00,-54.2,3
2024-11-02 13:00:00,-54.7,3
2024-11-02 13:05:00,-55,3
2024-11-02 13:10:00,-55.4,3
2024-11-02 13:15:00,-55.6,3
2024-11-02 13:20:00,-55.8,3
2024-11-02 13:25:00,-56,3
2024-11-02 13:30:00,-56.5,3
2024-11-02 13:35:00,-56.8,3
2024-11-02 13:40:00,-56.9,3
2024-11-02 13:45:00,-57.4,3
2024-11-02 13:50:00,-57.4,3
2024-11-02 13:55:00,-57.8,3
2024-11-02 14:00:00,-58,3
2024-11-02 14:05:00,-58.6,3
2024-11-02 14:10:00,-58.9,3
2024-11-02 14:15:00,-59.2,3
2024-11-02 14:20:00,-59.6,3
2024-11-02 14:25:00,-59.8,3
2024-11-02 14:30:00,-60.2,3
2024-11-02 14:35:00,-60.3,3
2024-11-02 14:40:00,-60.6,3
2024-11-02 14:45:00,-60.7,3
2024-11-02 14:50:00,-61,3
2024-11-02 14:55:00,-61.2,3
2024-11-02 15:00:00,-61.7,3
2024-11-02 15:05:00,-61.6,3
2024-11-02 15:10:00,-62,3
2024-11-02 15:15:00,-62.2,3
2024-11-02 15:20:00,-62.4,3
2024-11-02 15:25:00,-62.6,3
2024-11-02 15:30:00,-62.8,3
2024-11-02 15:35:00,-63.1,3
2024-11-02 15:40:00,-63.3,3
2024-11-02 15:45:00,-63.7,3
2024-11-02 15:50:00,-63.8,3
2024-11-02 15:55:00,-64.2,3
2024-11-02 16:00:00,-64.2,3
2024-11-02 16:05:00,-64.8,3
2024-11-02 16:10:00,-64.8,3
2024-11-02 16:15:00,-65.3,3
2024-11-02 16:20:00,-65.4,3
2024-11-02 16:25:00,-66,3
2024-11-02 16:30:00,-66,3
2024-11-02 16:35:00,-66.3,3
2024-11-02 16:40:00,-66.6,3
2024-11-02 16:45:00,-66.9,3
2024-11-02 16:50:00,-67,3
2024-11-02 16:55:00,-67.4,3
2024-11-02 17:00:00,-67.7,3
2024-11-02 17:05:00,-68.1,3
2024-11-02 17:10:00,-68.2,3
2024-11-02 17:15:00,-68.7,3
2024-11-02 17:20:00,-68.8,3
2024-11-02 17:25:00,-69.1,3
2024-11-02 17:30:00,-69.5,3
2024-11-02 17:35:00,-69.7,3
2024-11-02 17:40:00,-70,3
2024-11-02 17:45:00,-70.4,3
2024-11-02 17:50:00,-70.8,3
2024-11-02 17:55:00,-71.1,3
2024-11-02 18:00:00,-71.4,3
2024-11-02 18:05:00,-71.7,3
2024-11-02 18:10:00,-72.1,3
2024-11-02 18:15:00,-72.1,3
2024-11-02 18:20:00,-72.7,3
2024-11-02 18:25:00,-72.8,3
2024-11-02 18:30:00,-73.3,3
2024-11-02 18:35:00,-73.4,3
2024-11-02 18:40:00,-73.8,3
2024-11-02 18:45:00,-74.1,3
2024-11-02 18:50:00,-74.8,3
2024-11-02 18:55:00,-74.7,3
2024-11-02 19:00:00,-75.2,3
2024-11-02 19:05:00,-75.6,3
2024-11-02 19:10:00,-75.9,3
2024-11-02 19:15:00,-76.2,3
2024-11-02 19:20:00,-76.4,3
2024-11-02 19:25:00,-76.9,3
2024-11-02 19:30:00,-76.7,3
2024-11-02 19:35:00,-77.4,3
2024-11-02 19:40:00,-77.7,3
2024-11-02 19:45:00,-78.4,3
2024-11-02 19:50:00,-78.6,3
2024-11-02 19:55:00,-79,3
2024-11-02 20:00:00,-79.2,3
2024-11-02 20:05:00,-79.5,3
2024-11-02 20:10:00,-79.9,3
2024-11-02 20:15:00,-80.1,3
2024-11-02 20:20:00,-80.8,3
2024-11-02 20:25:00,-80.8,3
2024-11-02 20:30:00,-81.7,3
2024-11-02 20:35:00,-81.9,3
2024-11-02 20:40:00,-82.4,3
2024-11-02 20:45:00,-82.8,3
2024-11-02 20:50:00,-83.2,3
2024-11-02 20:55:00,-83.5,3
2024-11-02 21:00:00,-84,3
2024-11-02 21:05:00,-84.5,3
2024-11-02 21:10:00,-84.7,3
2024-11-02 21:15:00,-85.4,3
2024-11-02 21:20:00,-85.4,3
2024-11-02 21:25:00,-86.4,3
2024-11-02 21:30:00,-86.3,3
2024-11-02 21:35:00,-87,3
2024-11-02 21:40:00,-87.4,3
2024-11-02 21:45:00,-87.7,3
2024-11-02 21:50:00,-88.4,3
2024-11-02 21:55:00,-88.4,3
2024-11-02 22:00:00,-89,3
2024-11-02 22:05:00,-89.3,3
2024-11-02 22:10:00,-90,3
2024-11-02 22:15:00,-90.3,3
2024-11-02 22:20:00,-90.8,3
2024-11-02 22:25:00,-91.4,3
2024-11-02 22:30:00,-91.5,3
2024-11-02 22:35:00,-92.5,3
2024-11-02 22:40:00,-92.7,3
2024-11-02 22:45:00,-93.2,3
2024-11-02 22:50:00,-93.7,3
2024-11-02 22:55:00,-94,3
2024-11-02 23:00:00,-94.8,3
2024-11-02 23:05:00,-95.1,3
2024-11-02 23:10:00,-95.7,3
2024-11-02 23:15:00,-95.9,3
2024-11-02 23:20:00,-96.7,3
2024-11-02 23:25:00,-97.2,3
2024-11-02 23:30:00,-97.2,3
2024-11-02 23:35:00,-98.3,3
2024-11-02 23:40:00,-98.4,3
2024-11-02 23:45:00,-99.4,3
2024-11-02 23:50:00,-99.3,3
2024-11-02 23:55:00,-99.9,3
2024-11-03,-100.6,3
2024-11-03 00:05:00,-100.9,3
2024-11-03 00:10:00,-101.7,3
2024-11-03 00:15:00,-102,3
2024-11-03 00:20:00,-102.1,3
2024-11-03 00:25:00,-102.9,3
2024-11-03 00:30:00,-102.9,3
2024-11-03 00:35:00,-104,3
2024-11-03 00:40:00,-104.3,3
2024-11-03 00:45:00,-104.7,3
2024-11-03 00:50:00,-105.1,3
2024-11-03 00:55:00,-105.8,3
2024-11-03 01:00:00,-106,3
2024-11-03 01:05:00,-106.4,3
2024-11-03 01:10:00,-106.8,3
2024-11-03 01:15:00,-107.2,3
2024-11-03 01:20:00,-108.1,3
2024-11-03 01:25:00,-108.2,3
2024-11-03 01:30:00,-108.9,3
2024-11-03 01:35:00,-109.3,3
2024-11-03 01:40:00,-109.9,3
2024-11-03 01:45:00,-110.1,3
2024-11-03 01:50:00,-110.1,3
2024-11-03 01:55:00,-111.4,3
2024-11-03 02:00:00,-111.8,3
2024-11-03 02:05:00,-112.1,3
2024-11-03 02:10:00,-112.8,3
2024-11-03 02:15:00,-113.5,3
2024-11-03 02:20:00,-113.5,3
2024-11-03 02:25:00,-113.9,3
2024-11-03 02:30:00,-115.5,3
2024-11-03 02:35:00,-115.1,3
2024-11-03 02:40:00,-115.2,3
2024-11-03 02:45:00,-115.8,3
2024-11-03 02:50:00,-116.5,3
2024-11-03 02:55:00,-116.5,3
2024-11-03 03:00:00,-117.1,3
2024-11-03 03:05:00,-117.2,3
2024-11-03 03:10:00,-118.1,3
2024-11-03 03:15:00,-118.4,3
2024-11-03 03:20:00,-118.9,3
2024-11-03 03:25:00,-119.5,3
2024-11-03 03:30:00,-120.2,3
2024-11-03 03:35:00,-120.5,3
2024-11-03 03:40:00,-120.3,3
2024-11-03 03:45:00,-121.3,3
2024-11-03 03:50:00,-121.6,3
2024-11-03 03:55:00,-122.4,3
2024-11-03 04:00:00,-122.1,3
2024-11-03 04:05:00,-123.3,3
2024-11-03 04:10:00,-123.9,3
2024-11-03 04:15:00,-124.4,3
2024-11-03 04:20:00,-123.6,3
2024-11-03 04:25:00,-124,3
2024-11-03 04:30:00,-125.3,3
2024-11-03 04:35:00,-125.8,3
2024-11-03 04:40:00,-125.6,3
2024-11-03 04:45:00,-126,3
2024-11-03 04:50:00,-126.2,3
2024-11-03 04:55:00,-127.7,3
2024-11-03 05:00:00,-127.5,3
2024-11-03 05:05:00,-127.8,3
2024-11-03 05:10:00,-127.4,3
2024-11-03 05:15:00,-128.4,3
2024-11-03 05:20:00,-129,3
2024-11-03 05:25:00,-129.3,3
2024-11-03 05:30:00,-129.5,3
2024-11-03 05:35:00,-130.4,3
2024-11-03 05:40:00,-130.3,3
2024-11-03 05:45:00,-131,3
2024-11-03 05:50:00,-131.6,3
2024-11-03 05:55:00,-131.7,3
2024-11-03 06:00:00,-131.6,3
2024-11-03 06:05:00,-132.6,3
2024-11-03 06:10:00,-133.2,3
2024-11-03 06:15:00,-133.3,3
2024-11-03 06:20:00,-133.1,3
2024-11-03 06:25:00,-133.8,3
2024-11-03 06:30:00,-134.1,3
2024-11-03 06:35:00,-134.3,3
2024-11-03 06:40:00,-135.3,3
2024-11-03 06:45:00,-135.3,3
2024-11-03 06:50:00,-135.7,3
2024-11-03 06:55:00,-135.7,3
2024-11-03 07:00:00,-136.7,3
2024-11-03 07:05:00,-136.9,3
2024-11-03 07:10:00,-137.7,3
2024-11-03 07:15:00,-137.4,3
2024-11-03 07:20:00,-138.4,3
2024-11-03 07:25:00,-138.6,3
2024-11-03 07:30:00,-138.9,3
2024-11-03 07:35:00,-139.4,3
2024-11-03 07:40:00,-139.8,3
2024-11-03 07:45:00,-139.8,3
2024-11-03 07:50:00,-139.5,3
2024-11-03 07:55:00,-140.7,3
2024-11-03 08:00:00,-141.2,3
2024-11-03 08:05:00,-141.8,3
2024-11-03 08:10:00,-141.9,3
2024-11-03 08:15:00,-142.2,3
2024-11-03 08:20:00,-143.7,3
2024-11-03 08:25:00,-144,3
2024-11-03 08:30:00,-143.8,3
2024-11-03 08:35:00,-144.2,3
2024-11-03 08:40:00,-145.6,3
2024-11-03 08:45:00,-145.8,3
2024-11-03 08:50:00,-146.2,3
2024-11-03 08:55:00,-147.2,3
2024-11-03 09:00:00,-147.7,3
2024-11-03 09:05:00,-148.7,3
2024-11-03 09:10:00,-148.3,3
2024-11-03 09:15:00,-150.1,3
2024-11-03 09:20:00,-150.1,3
2024-11-03 09:25:00,-149.3,3
2024-11-03 09:30:00,-149.9,3
2024-11-03 09:35:00,-151.7,3
2024-11-03 09:40:00,-152.3,3
2024-11-03 09:45:00,-152.3,3
2024-11-03 09:50:00,-153.2,3
2024-11-03 09:55:00,-154.5,3
2024-11-03 10:00:00,-154.3,3
2024-11-03 10:05:00,-155.5,3
2024-11-03 10:10:00,-156.6,3
2024-11-03 10:15:00,-156.4,3
2024-11-03 10:20:00,-156.4,3
2024-11-03 10:25:00,-157.3,3
2024-11-03 10:30:00,-158.6,3
2024-11-03 10:35:00,-158.4,3
2024-11-03 10:40:00,-160.2,3
2024-11-03 10:45:00,-160.8,3
2024-11-03 10:50:00,-160.8,3
2024-11-03 10:55:00,-0.4,3
2024-11-03 11:00:00,-0.5,3
2024-11-03 11:05:00,-0.5,3
2024-11-03 11:10:00,-0.6,3
2024-11-03 11:15:00,-0.6,3
2024-11-03 11:20:00,-0.6,3
2024-11-03 11:25:00,-0.6,3
2024-11-03 11:30:00,-0.6,3
2024-11-03 11:35:00,-0.6,3
2024-11-03 11:40:00,-0.6,3
2024-11-03 11:45:00,-0.6,3
2024-11-03 11:50:00,-0.7,3
2024-11-03 11:55:00,-0.7,3
2024-11-03 12:00:00,-0.7,3
2024-11-03 12:05:00,-0.7,3
2024-11-03 12:10:00,-0.7,3
2024-11-03 12:15:00,-0.7,3
2024-11-03 12:20:00,-0.7,3
2024-11-03 12:25:00,-0.7,3
2024-11-03 12:30:00,-0.7,3
2024-11-03 12:35:00,-0.7,3
2024-11-03 12:40:00,-0.7,3
2024-11-03 12:45:00,-0.7,3
2024-11-03 12:50:00,-0.8,3
2024-11-03 12:55:00,-0.8,3
2024-11-03 13:00:00,-0.8,3
2024-11-03 13:05:00,-0.8,3
2024-11-03 13:10:00,-0.8,3
2024-11-03 13:15:00,-0.8,3
2024-11-03 13:20:00,-0.8,3
2024-11-03 13:25:00,-0.8,3
2024-11-03 13:30:00,-0.8,3
2024-11-03 13:35:00,-0.9,3
2024-11-03 13:40:00,-0.9,3
2024-11-03 13:45:00,-0.9,3
2024-11-03 13:50:00,-0.9,3
2024-11-03 13:55:00,-0.9,3
2024-11-03 14:00:00,-0.9,3
2024-11-03 14:05:00,-0.9,3
2024-11-03 14:10:00,-0.9,3
2024-11-03 14:15:00,-0.9,3
2024-11-03 14:20:00,-1,3
2024-11-03 14:25:00,-1,3
2024-11-03 14:30:00,-1,3
2024-11-03 14:35:00,-1,3
2024-11-03 14:40:00,-1,3
2024-11-03 14:45:00,-1,3
2024-11-03 14:50:00,-1,3
2024-11-03 14:55:00,-1,3
2024-11-03 15:00:00,-1,3
2024-11-03 15:05:00,-1,3
2024-11-03 15:10:00,-1,3
2024-11-03 15:15:00,-1,3
2024-11-03 15:20:00,-1,3
2024-11-03 15:25:00,-1,3
2024-11-03 15:30:00,-1.1,3
2024-11-03 15:35:00,-1.1,3
2024-11-03 15:40:00,-1.1,3
2024-11-03 15:45:00,-1.1,3
2024-11-03 15:50:00,-1.1,3
2024-11-03 15:55:00,-1.1,3
2024-11-03 16:00:00,-1.1,3
2024-11-03 16:05:00,-1.1,3
2024-11-03 16:10:00,-1.1,3
2024-11-03 16:15:00,-1.2,3
2024-11-03 16:20:00,-1.1,3
2024-11-03 16:25:00,-1.2,3
2024-11-03 16:30:00,-1.2,3
2024-11-03 16:35:00,-1.2,3
2024-11-03 16:40:00,-1.2,3
2024-11-03 16:45:00,-1.2,3
2024-11-03 16:50:00,-1.2,3
2024-11-03 16:55:00,-1.3,3
2024-11-03 17:00:00,-1.3,3
2024-11-03 17:05:00,-1.3,3
2024-11-03 17:10:00,-1.3,3
2024-11-03 17:15:00,-1.3,3
2024-11-03 17:20:00,-1.3,3
2024-11-03 17:25:00,-1.4,3
2024-11-03 17:30:00,-1.4,3
2024-11-03 17:35:00,-1.4,3
2024-11-03 17:40:00,-1.5,3
2024-11-03 17:45:00,-1.5,3
2024-11-03 17:50:00,-1.5,3
2024-11-03 17:55:00,-1.6,3
2024-11-03 18:00:00,-1.6,3
2024-11-03 18:05:00,-1.7,3
2024-11-03 18:10:00,-1.7,3
2024-11-03 18:15:00,-1.7,3
2024-11-03 18:20:00,-1.8,3
2024-11-03 18:25:00,-1.9,3
2024-11-03 18:30:00,-2,3
2024-11-03 18:35:00,-2,3
2024-11-03 18:40:00,-2.2,3
2024-11-03 18:45:00,-2.2,3
2024-11-03 18:50:00,-2.3,3
2024-11-03 18:55:00,-2.4,3
2024-11-03 19:00:00,-2.6,3
2024-11-03 19:05:00,-2.8,3
2024-11-03 19:10:00,-2.8,3
2024-11-03 19:15:00,-3,3
2024-11-03 19:20:00,-3.3,3
2024-11-03 19:25:00,-3.6,3
2024-11-03 19:30:00,-3.9,3
2024-11-03 19:35:00,-4.1,3
2024-11-03 19:40:00,-4.5,3
2024-11-03 19:45:00,-4.7,3
2024-11-03 19:50:00,-5.1,3
2024-11-03 19:55:00,-5.2,3
2024-11-03 20:00:00,-5.3,3
2024-11-03 20:05:00,-5.4,3
2024-11-03 20:10:00,-5.6,3
2024-11-03 20:15:00,-5.9,3
2024-11-03 20:20:00,-6.1,3
2024-11-03 20:25:00,-6.2,3
2024-11-03 20:30:00,-6.4,3
2024-11-03 20:35:00,-6.6,3
2024-11-03 20:40:00,-6.9,3
2024-11-03 20:45:00,-7.1,3
2024-11-03 20:50:00,-7.4,3
2024-11-03 20:55:00,-7.6,3
2024-11-03 21:00:00,-8,3
2024-11-03 21:05:00,-8.2,3
2024-11-03 21:10:00,-8.5,3
2024-11-03 21:15:00,-8.9,3
2024-11-03 21:20:00,-9.1,3
2024-11-03 21:25:00,-9.5,3
2024-11-03 21:30:00,-9.8,3
2024-11-03 21:35:00,-10.1,3
2024-11-03 21:40:00,-10.1,3
2024-11-03 21:45:00,-10.2,3
2024-11-03 21:50:00,-10.3,3
2024-11-03 21:55:00,-10.5,3
2024-11-03 22:00:00,-10.6,3
2024-11-03 22:05:00,-10.7,3
2024-11-03 22:10:00,-10.7,3
2024-11-03 22:15:00,-10.9,3
2024-11-03 22:20:00,-11,3
2024-11-03 22:25:00,-11.1,3
2024-11-03 22:30:00,-11.3,3
2024-11-03 22:35:00,-11.4,3
2024-11-03 22:40:00,-11.5,3
2024-11-03 22:45:00,-11.6,3
2024-11-03 22:50:00,-11.7,3
2024-11-03 22:55:00,-11.8,3
2024-11-03 23:00:00,-11.9,3
2024-11-03 23:05:00,-12,3
2024-11-03 23:10:00,-12.1,3
2024-11-03 23:15:00,-12.2,3
2024-11-03 23:20:00,-12.3,3
2024-11-03 23:25:00,-12.5,3
2024-11-03 23:30:00,-12.6,3
2024-11-03 23:35:00,-12.7,3
2024-11-03 23:40:00,-12.9,3
2024-11-03 23:45:00,-13,3
2024-11-03 23:50:00,-13.1,3
2024-11-03 23:55:00,-13.2,3
2024-11-04,-13.3,3
2024-11-04 00:05:00,-13.4,3
2024-11-04 00:10:00,-13.5,3
2024-11-04 00:15:00,-13.6,3
2024-11-04 00:20:00,-13.7,3
2024-11-04 00:25:00,-13.8,3
2024-11-04 00:30:00,-13.9,3
2024-11-04 00:35:00,-13.9,3
2024-11-04 00:40:00,-14.1,3
2024-11-04 00:45:00,-14.1,3
2024-11-04 00:50:00,-14.2,3
2024-11-04 00:55:00,-14.3,3
2024-11-04 01:00:00,-14.3,3
2024-11-04 01:05:00,-14.4,3
2024-11-04 01:10:00,-14.5,3
2024-11-04 01:15:00,-14.6,3
2024-11-04 01:20:00,-14.6,3
2024-11-04 01:25:00,-14.7,3
2024-11-04 01:30:00,-14.7,3
2024-11-04 01:35:00,-14.8,3
2024-11-04 01:40:00,-14.9,3
2024-11-04 01:45:00,-15,3
2024-11-04 01:50:00,-15,3
2024-11-04 01:55:00,-15.1,3
2024-11-04 02:00:00,-15.2,3
2024-11-04 02:05:00,-15.2,3
2024-11-04 02:10:00,-15.3,3
2024-11-04 02:15:00,-15.3,3
2024-11-04 02:20:00,-15.4,3
2024-11-04 02:25:00,-15.5,3
2024-11-04 02:30:00,-15.6,3
2024-11-04 02:35:00,-15.6,3
2024-11-04 02:40:00,-15.6,3
2024-11-04 02:45:00,-15.7,3
2024-11-04 02:50:00,-15.8,3
2024-11-04 02:55:00,-15.8,3
2024-11-04 03:00:00,-15.9,3
2024-11-04 03:05:00,-15.9,3
2024-11-04 03:10:00,-16,3
2024-11-04 03:15:00,-16,3
2024-11-04 03:20:00,-16.1,3
2024-11-04 03:25:00,-16.2,3
2024-11-04 03:30:00,-16.2,3
2024-11-04 03:35:00,-16.3,3
2024-11-04 03:40:00,-16.3,3
2024-11-04 03:45:00,-16.4,3
2024-11-04 03:50:00,-16.5,3
2024-11-04 03:55:00,-16.5,3
2024-11-04 04:00:00,-16.5,3
2024-11-04 04:05:00,-16.6,3
2024-11-04 04:10:00,-16.7,3
2024-11-04 04:15:00,-16.7,3
2024-11-04 04:20:00,-16.8,3
2024-11-04 04:25:00,-16.8,3
2024-11-04 04:30:00,-16.9,3
2024-11-04 04:35:00,-16.9,3
2024-11-04 04:40:00,-17,3
2024-11-04 04:45:00,-17,3
2024-11-04 04:50:00,-17,3
2024-11-04 04:55:00,-17.2,3
2024-11-04 05:00:00,-17.2,3
2024-11-04 05:05:00,-17.2,3
2024-11-04 05:10:00,-17.3,3
2024-11-04 05:15:00,-17.4,3
2024-11-04 05:20:00,-17.4,3
2024-11-04 05:25:00,-17.4,3
2024-11-04 05:30:00,-17.5,3
2024-11-04 05:35:00,-17.5,3
2024-11-04 05:40:00,-17.5,3
2024-11-04 05:45:00,-17.6,3
2024-11-04 05:50:00,-17.7,3
2024-11-04 05:55:00,-17.7,3
2024-11-04 06:00:00,-17.8,3
2024-11-04 06:05:00,-17.9,3
2024-11-04 06:10:00,-17.9,3
2024-11-04 06:15:00,-17.9,3
2024-11-04 06:20:00,-17.9,3
2024-11-04 06:25:00,-18,3
2024-11-04 06:30:00,-18.1,3
2024-11-04 06:35:00,-18.1,3
2024-11-04 06:40:00,-18.2,3
2024-11-04 06:45:00,-18.2,3
2024-11-04 06:50:00,-18.2,3
2024-11-04 06:55:00,-18.3,3
2024-11-04 07:00:00,-18.4,3
2024-11-04 07:05:00,-18.4,3
2024-11-04 07:10:00,-18.4,3
2024-11-04 07:15:00,-18.5,3
2024-11-04 07:20:00,-18.6,3
2024-11-04 07:25:00,-18.6,3
2024-11-04 07:30:00,-18.6,3
2024-11-04 07:35:00,-18.6,3
2024-11-04 07:40:00,-18.7,3
2024-11-04 07:45:00,-18.8,3
2024-11-04 07:50:00,-18.8,3
2024-11-04 07:55:00,-18.8,3
2024-11-04 08:00:00,-19,3
2024-11-04 08:05:00,-19,3
2024-11-04 08:10:00,-19,3
2024-11-04 08:15:00,-19.2,3
2024-11-04 08:20:00,-19.3,3
2024-11-04 08:25:00,-19.3,3
2024-11-04 08:30:00,-19.3,3
2024-11-04 08:35:00,-19.5,3
2024-11-04 08:40:00,-19.6,3
2024-11-04 08:45:00,-19.7,3
2024-11-04 08:50:00,-19.7,3
2024-11-04 08:55:00,-19.8,3
2024-11-04 09:00:00,-19.9,3
2024-11-04 09:05:00,-20,3
2024-11-04 09:10:00,-20.2,3
2024-11-04 09:15:00,-20.3,3
2024-11-04 09:20:00,-20.4,3
2024-11-04 09:25:00,-20.5,3
2024-11-04 09:30:00,-20.7,3
2024-11-04 09:35:00,-20.7,3
2024-11-04 09:40:00,-20.9,3
2024-11-04 09:45:00,-21,3
2024-11-04 09:50:00,-21.2,3
2024-11-04 09:55:00,-21.3,3
2024-11-04 10:00:00,-21.4,3
2024-11-04 10:05:00,-21.5,3
2024-11-04 10:10:00,-21.6,3
2024-11-04 10:15:00,-21.9,3
2024-11-04 10:20:00,-21.9,3
2024-11-04 10:25:00,-22.1,3
2024-11-04 10:30:00,-22.3,3
2024-11-04 10:35:00,-22.3,3
2024-11-04 10:40:00,-22.5,3
2024-11-04 10:45:00,-22.7,3
2024-11-04 10:50:00,-22.9,3
2024-11-04 10:55:00,-23,3
2024-11-04 11:00:00,-23.2,3
2024-11-04 11:05:00,-23.4,3
2024-11-04 11:10:00,-23.5,3
2024-11-04 11:15:00,-23.7,3
2024-11-04 11:20:00,-23.9,3
2024-11-04 11:25:00,-24.1,3
2024-11-04 11:30:00,-24.3,3
2024-11-04 11:35:00,-24.4,3
2024-11-04 11:40:00,-24.6,3
2024-11-04 11:45:00,-24.8,3
2024-11-04 11:50:00,-25,3
2024-11-04 11:55:00,-25.2,3
2024-11-04 12:00:00,-25.3,3
2024-11-04 12:05:00,-25.6,3
2024-11-04 12:10:00,-25.9,3
2024-11-04 12:15:00,-26,3
2024-11-04 12:20:00,-26.3,3
2024-11-04 12:25:00,-26.4,3
2024-11-04 12:30:00,-26.7,3
2024-11-04 12:35:00,-26.9,3
2024-11-04 12:40:00,-27.1,3
2024-11-04 12:45:00,-27.3,3
2024-11-04 12:50:00,-27.6,3
2024-11-04 12:55:00,-27.9,3
2024-10-24 10:25:00,-4379,4
2024-10-24 10:30:00,-3582,4
2024-10-24 10:35:00,-2938,4
2024-10-24 10:40:00,-2251,4
2024-10-24 10:45:00,-1517,4
2024-10-24 10:50:00,-907,4
2024-10-24 10:55:00,-505.6,4
2024-10-24 11:00:00,-66.9,4
2024-10-24 11:05:00,-22.4,4
2024-10-24 11:10:00,-12.1,4
2024-10-24 11:15:00,-7.2,4
2024-10-24 11:20:00,-5.3,4
2024-10-24 11:25:00,-2.9,4
2024-10-24 11:30:00,-1.3,4
2024-10-24 11:35:00,-0.6,4
2024-10-24 11:40:00,-0.3,4
2024-10-24 11:45:00,-0.2,4
2024-10-24 11:50:00,-0.1,4
2024-10-24 11:55:00,-0.1,4
2024-10-24 12:00:00,-0.1,4
2024-10-24 12:05:00,0,4
2024-10-24 12:10:00,0,4
2024-10-24 12:15:00,0,4
2024-10-24 12:20:00,0,4
2024-10-24 12:25:00,0,4
2024-10-24 12:30:00,0,4
2024-10-24 12:35:00,0,4
2024-10-24 12:40:00,0,4
2024-10-24 12:45:00,0,4
2024-10-24 12:50:00,0,4
2024-10-24 12:55:00,0,4
2024-10-24 13:00:00,0,4
2024-10-24 13:05:00,0,4
2024-10-24 13:10:00,0,4
2024-10-24 13:15:00,0,4
2024-10-24 13:20:00,0,4
2024-10-24 13:25:00,0,4
2024-10-24 13:30:00,0,4
2024-10-24 13:35:00,0,4
2024-10-24 13:40:00,0,4
2024-10-24 13:45:00,0,4
2024-10-24 13:50:00,0,4
2024-10-24 13:55:00,0,4
2024-10-24 14:00:00,0,4
2024-10-24 14:05:00,0,4
2024-10-24 14:10:00,0,4
2024-10-24 14:15:00,0,4
2024-10-24 14:20:00,0,4
2024-10-24 14:25:00,0,4
2024-10-24 14:30:00,0,4
2024-10-24 14:35:00,0,4
2024-10-24 14:40:00,0,4
2024-10-24 14:45:00,0,4
2024-10-24 14:50:00,0,4
2024-10-24 14:55:00,0,4
2024-10-24 15:00:00,0,4
2024-10-24 15:05:00,0,4
2024-10-24 15:10:00,0,4
2024-10-24 15:15:00,0,4
2024-10-24 15:20:00,0,4
2024-10-24 15:25:00,0,4
2024-10-24 15:30:00,0,4
2024-10-24 15:35:00,0,4
2024-10-24 15:40:00,0,4
2024-10-24 15:45:00,0,4
2024-10-24 15:50:00,0,4
2024-10-24 15:55:00,0,4
2024-10-24 16:00:00,0,4
2024-10-24 16:05:00,0,4
2024-10-24 16:10:00,0,4
2024-10-24 16:15:00,0,4
2024-10-24 16:20:00,0,4
2024-10-24 16:25:00,0,4
2024-10-24 16:30:00,0,4
2024-10-24 16:35:00,0,4
2024-10-24 16:40:00,0,4
2024-10-24 16:45:00,0,4
2024-10-24 16:50:00,0,4
2024-10-24 16:55:00,0,4
2024-10-24 17:00:00,0,4
2024-10-24 17:05:00,0,4
2024-10-24 17:10:00,0,4
2024-10-24 17:15:00,0,4
2024-10-24 17:20:00,0,4
2024-10-24 17:25:00,0,4
2024-10-24 17:30:00,0,4
2024-10-24 17:35:00,0,4
2024-10-24 17:40:00,0,4
2024-10-24 17:45:00,0,4
2024-10-24 17:50:00,0,4
2024-10-24 17:55:00,0,4
2024-10-24 18:00:00,0,4
2024-10-24 18:05:00,0,4
2024-10-24 18:10:00,0,4
2024-10-24 18:15:00,0,4
2024-10-24 18:20:00,0,4
2024-10-24 18:25:00,0,4
2024-10-24 18:30:00,0,4
2024-10-24 18:35:00,0,4
2024-10-24 18:40:00,0,4
2024-10-24 18:45:00,0,4
2024-10-24 18:50:00,0,4
2024-10-24 18:55:00,0,4
2024-10-24 19:00:00,0,4
2024-10-24 19:05:00,0,4
2024-10-24 19:10:00,0,4
2024-10-24 19:15:00,0,4
2024-10-24 19:20:00,0,4
2024-10-24 19:25:00,0,4
2024-10-24 19:30:00,0,4
2024-10-24 19:35:00,0,4
2024-10-24 19:40:00,0,4
2024-10-24 19:45:00,0,4
2024-10-24 19:50:00,0,4
2024-10-24 19:55:00,0,4
2024-10-24 20:00:00,0,4
2024-10-24 20:05:00,0,4
2024-10-24 20:10:00,0,4
2024-10-24 20:15:00,0,4
2024-10-24 20:20:00,0,4
2024-10-24 20:25:00,0,4
2024-10-24 20:30:00,0,4
2024-10-24 20:35:00,0,4
2024-10-24 20:40:00,0,4
2024-10-24 20:45:00,-0.1,4
2024-10-24 20:50:00,-0.1,4
2024-10-24 20:55:00,-0.1,4
2024-10-24 21:00:00,-0.1,4
2024-10-24 21:05:00,-0.1,4
2024-10-24 21:10:00,-0.1,4
2024-10-24 21:15:00,-0.1,4
2024-10-24 21:20:00,-0.1,4
2024-10-24 21:25:00,-0.1,4
2024-10-24 21:30:00,-0.1,4
2024-10-24 21:35:00,-0.1,4
2024-10-24 21:40:00,-0.1,4
2024-10-24 21:45:00,-0.1,4
2024-10-24 21:50:00,-0.1,4
2024-10-24 21:55:00,-0.1,4
2024-10-24 22:00:00,-0.1,4
2024-10-24 22:05:00,-0.1,4
2024-10-24 22:10:00,-0.1,4
2024-10-24 22:15:00,-0.1,4
2024-10-24 22:20:00,-0.1,4
2024-10-24 22:25:00,-0.1,4
2024-10-24 22:30:00,-0.1,4
2024-10-24 22:35:00,-0.1,4
2024-10-24 22:40:00,-0.1,4
2024-10-24 22:45:00,-0.1,4
2024-10-24 22:50:00,-0.1,4
2024-10-24 22:55:00,-0.1,4
2024-10-24 23:00:00,-0.1,4
2024-10-24 23:05:00,-0.1,4
2024-10-24 23:10:00,-0.1,4
2024-10-24 23:15:00,-0.1,4
2024-10-24 23:20:00,-0.1,4
2024-10-24 23:25:00,-0.1,4
2024-10-24 23:30:00,-0.1,4
2024-10-24 23:35:00,-0.1,4
2024-10-24 23:40:00,-0.1,4
2024-10-24 23:45:00,-0.1,4
2024-10-24 23:50:00,-0.1,4
2024-10-24 23:55:00,-0.1,4
2024-10-25,-0.1,4
2024-10-25 00:05:00,-0.1,4
2024-10-25 00:10:00,-0.1,4
2024-10-25 00:15:00,-0.1,4
2024-10-25 00:20:00,-0.1,4
2024-10-25 00:25:00,-0.1,4
2024-10-25 00:30:00,-0.1,4
2024-10-25 00:35:00,-0.1,4
2024-10-25 00:40:00,-0.1,4
2024-10-25 00:45:00,-0.1,4
2024-10-25 00:50:00,-0.1,4
2024-10-25 00:55:00,-0.1,4
2024-10-25 01:00:00,-0.1,4
2024-10-25 01:05:00,-0.1,4
2024-10-25 01:10:00,-0.1,4
2024-10-25 01:15:00,-0.1,4
2024-10-25 01:20:00,-0.1,4
2024-10-25 01:25:00,-0.1,4
2024-10-25 01:30:00,-0.1,4
2024-10-25 01:35:00,-0.1,4
2024-10-25 01:40:00,-0.1,4
2024-10-25 01:45:00,-0.1,4
2024-10-25 01:50:00,-0.1,4
2024-10-25 01:55:00,-0.1,4
2024-10-25 02:00:00,-0.1,4
2024-10-25 02:05:00,-0.1,4
2024-10-25 02:10:00,-0.1,4
2024-10-25 02:15:00,-0.1,4
2024-10-25 02:20:00,-0.1,4
2024-10-25 02:25:00,-0.1,4
2024-10-25 02:30:00,-0.1,4
2024-10-25 02:35:00,-0.1,4
2024-10-25 02:40:00,-0.1,4
2024-10-25 02:45:00,-0.1,4
2024-10-25 02:50:00,-0.1,4
2024-10-25 02:55:00,-0.1,4
2024-10-25 03:00:00,-0.1,4
2024-10-25 03:05:00,-0.1,4
2024-10-25 03:10:00,-0.1,4
2024-10-25 03:15:00,-0.1,4
2024-10-25 03:20:00,-0.1,4
2024-10-25 03:25:00,-0.1,4
2024-10-25 03:30:00,-0.1,4
2024-10-25 03:35:00,-0.1,4
2024-10-25 03:40:00,-0.1,4
2024-10-25 03:45:00,-0.1,4
2024-10-25 03:50:00,-0.1,4
2024-10-25 03:55:00,-0.1,4
2024-10-25 04:00:00,-0.1,4
2024-10-25 04:05:00,-0.1,4
2024-10-25 04:10:00,-0.1,4
2024-10-25 04:15:00,-0.1,4
2024-10-25 04:20:00,-0.1,4
2024-10-25 04:25:00,-0.1,4
2024-10-25 04:30:00,-0.1,4
2024-10-25 04:35:00,-0.1,4
2024-10-25 04:40:00,-0.1,4
2024-10-25 04:45:00,-0.1,4
2024-10-25 04:50:00,-0.1,4
2024-10-25 04:55:00,-0.1,4
2024-10-25 05:00:00,-0.1,4
2024-10-25 05:05:00,-0.1,4
2024-10-25 05:10:00,-0.1,4
2024-10-25 05:15:00,-0.1,4
2024-10-25 05:20:00,-0.1,4
2024-10-25 05:25:00,-0.1,4
2024-10-25 05:30:00,-0.1,4
2024-10-25 05:35:00,-0.1,4
2024-10-25 05:40:00,-0.1,4
2024-10-25 05:45:00,-0.1,4
2024-10-25 05:50:00,-0.1,4
2024-10-25 05:55:00,-0.1,4
2024-10-25 06:00:00,-0.1,4
2024-10-25 06:05:00,-0.1,4
2024-10-25 06:10:00,-0.1,4
2024-10-25 06:15:00,-0.1,4
2024-10-25 06:20:00,-0.1,4
2024-10-25 06:25:00,-0.1,4
2024-10-25 06:30:00,-0.1,4
2024-10-25 06:35:00,-0.1,4
2024-10-25 06:40:00,-0.1,4
2024-10-25 06:45:00,-0.1,4
2024-10-25 06:50:00,-0.1,4
2024-10-25 06:55:00,-0.1,4
2024-10-25 07:00:00,-0.1,4
2024-10-25 07:05:00,-0.1,4
2024-10-25 07:10:00,-0.1,4
2024-10-25 07:15:00,-0.1,4
2024-10-25 07:20:00,-0.1,4
2024-10-25 07:25:00,-0.1,4
2024-10-25 07:30:00,-0.1,4
2024-10-25 07:35:00,-0.1,4
2024-10-25 07:40:00,-0.1,4
2024-10-25 07:45:00,-0.1,4
2024-10-25 07:50:00,-0.1,4
2024-10-25 07:55:00,-0.1,4
2024-10-25 08:00:00,-0.1,4
2024-10-25 08:05:00,-0.1,4
2024-10-25 08:10:00,-0.1,4
2024-10-25 08:15:00,-0.1,4
2024-10-25 08:20:00,-0.1,4
2024-10-25 08:25:00,-0.1,4
2024-10-25 08:30:00,-0.1,4
2024-10-25 08:35:00,-0.1,4
2024-10-25 08:40:00,-0.1,4
2024-10-25 08:45:00,-0.1,4
2024-10-25 08:50:00,-0.1,4
2024-10-25 08:55:00,-0.1,4
2024-10-25 09:00:00,-0.1,4
2024-10-25 09:05:00,-0.1,4
2024-10-25 09:10:00,-0.1,4
2024-10-25 09:15:00,-0.1,4
2024-10-25 09:20:00,-0.1,4
2024-10-25 09:25:00,-0.1,4
2024-10-25 09:30:00,-0.1,4
2024-10-25 09:35:00,-0.1,4
2024-10-25 09:40:00,-0.1,4
2024-10-25 09:45:00,-0.1,4
2024-10-25 09:50:00,-0.1,4
2024-10-25 09:55:00,-0.1,4
2024-10-25 10:00:00,-0.1,4
2024-10-25 10:05:00,-0.1,4
2024-10-25 10:10:00,-0.1,4
2024-10-25 10:15:00,-0.1,4
2024-10-25 10:20:00,-0.1,4
2024-10-25 10:25:00,-0.1,4
2024-10-25 10:30:00,-0.1,4
2024-10-25 10:35:00,-0.1,4
2024-10-25 10:40:00,-0.1,4
2024-10-25 10:45:00,-0.1,4
2024-10-25 10:50:00,-0.1,4
2024-10-25 10:55:00,-0.1,4
2024-10-25 11:00:00,-0.1,4
2024-10-25 11:05:00,-0.1,4
2024-10-25 11:10:00,-0.1,4
2024-10-25 11:15:00,-0.1,4
2024-10-25 11:20:00,-0.1,4
2024-10-25 11:25:00,-0.1,4
2024-10-25 11:30:00,-0.1,4
2024-10-25 11:35:00,-0.1,4
2024-10-25 11:40:00,-0.1,4
2024-10-25 11:45:00,-0.1,4
2024-10-25 11:50:00,-0.1,4
2024-10-25 11:55:00,-0.1,4
2024-10-25 12:00:00,-0.1,4
2024-10-25 12:05:00,-0.1,4
2024-10-25 12:10:00,-0.1,4
2024-10-25 12:15:00,-0.1,4
2024-10-25 12:20:00,-0.1,4
2024-10-25 12:25:00,-0.1,4
2024-10-25 12:30:00,-0.1,4
2024-10-25 12:35:00,-0.1,4
2024-10-25 12:40:00,-0.1,4
2024-10-25 12:45:00,-0.1,4
2024-10-25 12:50:00,-0.1,4
2024-10-25 12:55:00,-0.1,4
2024-10-25 13:00:00,-0.1,4
2024-10-25 13:05:00,-0.1,4
2024-10-25 13:10:00,-0.1,4
2024-10-25 13:15:00,-0.1,4
2024-10-25 13:20:00,-0.1,4
2024-10-25 13:25:00,-0.1,4
2024-10-25 13:30:00,-0.1,4
2024-10-25 13:35:00,0,4
2024-10-25 13:40:00,0,4
2024-10-25 13:45:00,0,4
2024-10-25 13:50:00,0,4
2024-10-25 13:55:00,0,4
2024-10-25 14:00:00,0,4
2024-10-25 14:05:00,0,4
2024-10-25 14:10:00,0,4
2024-10-25 14:15:00,0,4
2024-10-25 14:20:00,0,4
2024-10-25 14:25:00,0,4
2024-10-25 14:30:00,0,4
2024-10-25 14:35:00,0,4
2024-10-25 14:40:00,0,4
2024-10-25 14:45:00,0,4
2024-10-25 14:50:00,0,4
2024-10-25 14:55:00,0,4
2024-10-25 15:00:00,0,4
2024-10-25 15:05:00,0,4
2024-10-25 15:10:00,0,4
2024-10-25 15:15:00,0,4
2024-10-25 15:20:00,0,4
2024-10-25 15:25:00,0,4
2024-10-25 15:30:00,0,4
2024-10-25 15:35:00,0,4
2024-10-25 15:40:00,0,4
2024-10-25 15:45:00,0,4
2024-10-25 15:50:00,0,4
2024-10-25 15:55:00,0,4
2024-10-25 16:00:00,0,4
2024-10-25 16:05:00,0,4
2024-10-25 16:10:00,0,4
2024-10-25 16:15:00,0,4
2024-10-25 16:20:00,0,4
2024-10-25 16:25:00,0,4
2024-10-25 16:30:00,0,4
2024-10-25 16:35:00,0,4
2024-10-25 16:40:00,0,4
2024-10-25 16:45:00,0,4
2024-10-25 16:50:00,0,4
2024-10-25 16:55:00,0,4
2024-10-25 17:00:00,0,4
2024-10-25 17:05:00,0,4
2024-10-25 17:10:00,0,4
2024-10-25 17:15:00,0,4
2024-10-25 17:20:00,0,4
2024-10-25 17:25:00,0,4
2024-10-25 17:30:00,0,4
2024-10-25 17:35:00,0,4
2024-10-25 17:40:00,0,4
2024-10-25 17:45:00,0,4
2024-10-25 17:50:00,0,4
2024-10-25 17:55:00,0,4
2024-10-25 18:00:00,0,4
2024-10-25 18:05:00,0,4
2024-10-25 18:10:00,0,4
2024-10-25 18:15:00,0,4
2024-10-25 18:20:00,0,4
2024-10-25 18:25:00,0,4
2024-10-25 18:30:00,0,4
2024-10-25 18:35:00,0,4
2024-10-25 18:40:00,0,4
2024-10-25 18:45:00,0,4
2024-10-25 18:50:00,0,4
2024-10-25 18:55:00,0,4
2024-10-25 19:00:00,0,4
2024-10-25 19:05:00,0,4
2024-10-25 19:10:00,0,4
2024-10-25 19:15:00,0,4
2024-10-25 19:20:00,0,4
2024-10-25 19:25:00,0,4
2024-10-25 19:30:00,0,4
2024-10-25 19:35:00,0,4
2024-10-25 19:40:00,0,4
2024-10-25 19:45:00,0,4
2024-10-25 19:50:00,0,4
2024-10-25 19:55:00,0,4
2024-10-25 20:00:00,0,4
2024-10-25 20:05:00,0,4
2024-10-25 20:10:00,0,4
2024-10-25 20:15:00,0,4
2024-10-25 20:20:00,0,4
2024-10-25 20:25:00,-0.1,4
2024-10-25 20:30:00,-0.1,4
2024-10-25 20:35:00,-0.1,4
2024-10-25 20:40:00,-0.1,4
2024-10-25 20:45:00,-0.1,4
2024-10-25 20:50:00,-0.1,4
2024-10-25 20:55:00,-0.1,4
2024-10-25 21:00:00,-0.1,4
2024-10-25 21:05:00,-0.1,4
2024-10-25 21:10:00,-0.1,4
2024-10-25 21:15:00,-0.1,4
2024-10-25 21:20:00,-0.1,4
2024-10-25 21:25:00,-0.1,4
2024-10-25 21:30:00,-0.1,4
2024-10-25 21:35:00,-0.1,4
2024-10-25 21:40:00,-0.1,4
2024-10-25 21:45:00,-0.1,4
2024-10-25 21:50:00,-0.1,4
2024-10-25 21:55:00,-0.1,4
2024-10-25 22:00:00,-0.1,4
2024-10-25 22:05:00,-0.1,4
2024-10-25 22:10:00,-0.1,4
2024-10-25 22:15:00,-0.1,4
2024-10-25 22:20:00,-0.1,4
2024-10-25 22:25:00,-0.1,4
2024-10-25 22:30:00,-0.1,4
2024-10-25 22:35:00,-0.1,4
2024-10-25 22:40:00,-0.1,4
2024-10-25 22:45:00,-0.1,4
2024-10-25 22:50:00,-0.1,4
2024-10-25 22:55:00,-0.1,4
2024-10-25 23:00:00,-0.1,4
2024-10-25 23:05:00,-0.1,4
2024-10-25 23:10:00,-0.1,4
2024-10-25 23:15:00,-0.1,4
2024-10-25 23:20:00,-0.1,4
2024-10-25 23:25:00,-0.1,4
2024-10-25 23:30:00,-0.1,4
2024-10-25 23:35:00,-0.1,4
2024-10-25 23:40:00,-0.1,4
2024-10-25 23:45:00,-0.1,4
2024-10-25 23:50:00,-0.1,4
2024-10-25 23:55:00,-0.1,4
2024-10-26,-0.1,4
2024-10-26 00:05:00,-0.1,4
2024-10-26 00:10:00,-0.1,4
2024-10-26 00:15:00,-0.1,4
2024-10-26 00:20:00,-0.1,4
2024-10-26 00:25:00,-0.1,4
2024-10-26 00:30:00,-0.1,4
2024-10-26 00:35:00,-0.1,4
2024-10-26 00:40:00,-0.1,4
2024-10-26 00:45:00,-0.1,4
2024-10-26 00:50:00,-0.1,4
2024-10-26 00:55:00,-0.1,4
2024-10-26 01:00:00,-0.1,4
2024-10-26 01:05:00,-0.1,4
2024-10-26 01:10:00,-0.1,4
2024-10-26 01:15:00,-0.1,4
2024-10-26 01:20:00,-0.1,4
2024-10-26 01:25:00,-0.1,4
2024-10-26 01:30:00,-0.1,4
2024-10-26 01:35:00,-0.1,4
2024-10-26 01:40:00,-0.1,4
2024-10-26 01:45:00,-0.1,4
2024-10-26 01:50:00,-0.1,4
2024-10-26 01:55:00,-0.1,4
2024-10-26 02:00:00,-0.1,4
2024-10-26 02:05:00,-0.1,4
2024-10-26 02:10:00,-0.1,4
2024-10-26 02:15:00,-0.1,4
2024-10-26 02:20:00,-0.1,4
2024-10-26 02:25:00,-0.1,4
2024-10-26 02:30:00,-0.1,4
2024-10-26 02:35:00,-0.1,4
2024-10-26 02:40:00,-0.1,4
2024-10-26 02:45:00,-0.1,4
2024-10-26 02:50:00,-0.1,4
2024-10-26 02:55:00,-0.1,4
2024-10-26 03:00:00,-0.1,4
2024-10-26 03:05:00,-0.1,4
2024-10-26 03:10:00,-0.1,4
2024-10-26 03:15:00,-0.1,4
2024-10-26 03:20:00,-0.1,4
2024-10-26 03:25:00,-0.1,4
2024-10-26 03:30:00,-0.1,4
2024-10-26 03:35:00,-0.1,4
2024-10-26 03:40:00,-0.1,4
2024-10-26 03:45:00,-0.1,4
2024-10-26 03:50:00,-0.1,4
2024-10-26 03:55:00,-0.1,4
2024-10-26 04:00:00,-0.1,4
2024-10-26 04:05:00,-0.1,4
2024-10-26 04:10:00,-0.1,4
2024-10-26 04:15:00,-0.1,4
2024-10-26 04:20:00,-0.1,4
2024-10-26 04:25:00,-0.1,4
2024-10-26 04:30:00,-0.1,4
2024-10-26 04:35:00,-0.1,4
2024-10-26 04:40:00,-0.1,4
2024-10-26 04:45:00,-0.1,4
2024-10-26 04:50:00,-0.1,4
2024-10-26 04:55:00,-0.1,4
2024-10-26 05:00:00,-0.1,4
2024-10-26 05:05:00,-0.1,4
2024-10-26 05:10:00,-0.1,4
2024-10-26 05:15:00,-0.1,4
2024-10-26 05:20:00,-0.1,4
2024-10-26 05:25:00,-0.1,4
2024-10-26 05:30:00,-0.1,4
2024-10-26 05:35:00,-0.1,4
2024-10-26 05:40:00,-0.1,4
2024-10-26 05:45:00,-0.1,4
2024-10-26 05:50:00,-0.1,4
2024-10-26 05:55:00,-0.1,4
2024-10-26 06:00:00,-0.1,4
2024-10-26 06:05:00,-0.1,4
2024-10-26 06:10:00,-0.1,4
2024-10-26 06:15:00,-0.1,4
2024-10-26 06:20:00,-0.1,4
2024-10-26 06:25:00,-0.1,4
2024-10-26 06:30:00,-0.1,4
2024-10-26 06:35:00,-0.1,4
2024-10-26 06:40:00,-0.1,4
2024-10-26 06:45:00,-0.1,4
2024-10-26 06:50:00,-0.1,4
2024-10-26 06:55:00,-0.1,4
2024-10-26 07:00:00,-0.1,4
2024-10-26 07:05:00,-0.1,4
2024-10-26 07:10:00,-0.1,4
2024-10-26 07:15:00,-0.1,4
2024-10-26 07:20:00,-0.1,4
2024-10-26 07:25:00,-0.1,4
2024-10-26 07:30:00,-0.1,4
2024-10-26 07:35:00,-0.1,4
2024-10-26 07:40:00,-0.1,4
2024-10-26 07:45:00,-0.1,4
2024-10-26 07:50:00,-0.1,4
2024-10-26 07:55:00,-0.1,4
2024-10-26 08:00:00,-0.1,4
2024-10-26 08:05:00,-0.1,4
2024-10-26 08:10:00,-0.1,4
2024-10-26 08:15:00,-0.1,4
2024-10-26 08:20:00,-0.1,4
2024-10-26 08:25:00,-0.1,4
2024-10-26 08:30:00,-0.1,4
2024-10-26 08:35:00,-0.1,4
2024-10-26 08:40:00,-0.1,4
2024-10-26 08:45:00,-0.1,4
2024-10-26 08:50:00,-0.1,4
2024-10-26 08:55:00,-0.1,4
2024-10-26 09:00:00,-0.1,4
2024-10-26 09:05:00,-0.1,4
2024-10-26 09:10:00,-0.1,4
2024-10-26 09:15:00,-0.1,4
2024-10-26 09:20:00,-0.1,4
2024-10-26 09:25:00,-0.1,4
2024-10-26 09:30:00,-0.1,4
2024-10-26 09:35:00,-0.1,4
2024-10-26 09:40:00,-0.1,4
2024-10-26 09:45:00,-0.1,4
2024-10-26 09:50:00,-0.1,4
2024-10-26 09:55:00,-0.1,4
2024-10-26 10:00:00,-0.1,4
2024-10-26 10:05:00,-0.1,4
2024-10-26 10:10:00,-0.1,4
2024-10-26 10:15:00,-0.1,4
2024-10-26 10:20:00,-0.1,4
2024-10-26 10:25:00,-0.1,4
2024-10-26 10:30:00,-0.1,4
2024-10-26 10:35:00,-0.1,4
2024-10-26 10:40:00,-0.1,4
2024-10-26 10:45:00,-0.1,4
2024-10-26 10:50:00,-0.1,4
2024-10-26 10:55:00,-0.1,4
2024-10-26 11:00:00,-0.1,4
2024-10-26 11:05:00,-0.1,4
2024-10-26 11:10:00,-0.1,4
2024-10-26 11:15:00,-0.1,4
2024-10-26 11:20:00,-0.1,4
2024-10-26 11:25:00,-0.1,4
2024-10-26 11:30:00,-0.1,4
2024-10-26 11:35:00,-0.1,4
2024-10-26 11:40:00,-0.1,4
2024-10-26 11:45:00,-0.1,4
2024-10-26 11:50:00,-0.1,4
2024-10-26 11:55:00,-0.1,4
2024-10-26 12:00:00,-0.1,4
2024-10-26 12:05:00,-0.1,4
2024-10-26 12:10:00,-0.1,4
2024-10-26 12:15:00,-0.1,4
2024-10-26 12:20:00,-0.1,4
2024-10-26 12:25:00,-0.1,4
2024-10-26 12:30:00,-0.1,4
2024-10-26 12:35:00,-0.1,4
2024-10-26 12:40:00,-0.1,4
2024-10-26 12:45:00,-0.1,4
2024-10-26 12:50:00,-0.1,4
2024-10-26 12:55:00,-0.1,4
2024-10-26 13:00:00,-0.1,4
2024-10-26 13:05:00,-0.1,4
2024-10-26 13:10:00,-0.1,4
2024-10-26 13:15:00,-0.1,4
2024-10-26 13:20:00,-0.1,4
2024-10-26 13:25:00,-0.1,4
2024-10-26 13:30:00,-0.1,4
2024-10-26 13:35:00,-0.1,4
2024-10-26 13:40:00,-0.1,4
2024-10-26 13:45:00,-0.1,4
2024-10-26 13:50:00,-0.1,4
2024-10-26 13:55:00,-0.1,4
2024-10-26 14:00:00,-0.1,4
2024-10-26 14:05:00,-0.1,4
2024-10-26 14:10:00,-0.1,4
2024-10-26 14:15:00,-0.1,4
2024-10-26 14:20:00,-0.1,4
2024-10-26 14:25:00,-0.1,4
2024-10-26 14:30:00,-0.1,4
2024-10-26 14:35:00,-0.1,4
2024-10-26 14:40:00,-0.1,4
2024-10-26 14:45:00,-0.1,4
2024-10-26 14:50:00,-0.1,4
2024-10-26 14:55:00,-0.1,4
2024-10-26 15:00:00,-0.1,4
2024-10-26 15:05:00,-0.1,4
2024-10-26 15:10:00,-0.1,4
2024-10-26 15:15:00,-0.1,4
2024-10-26 15:20:00,-0.1,4
2024-10-26 15:25:00,-0.1,4
2024-10-26 15:30:00,-0.1,4
2024-10-26 15:35:00,-0.1,4
2024-10-26 15:40:00,-0.1,4
2024-10-26 15:45:00,-0.1,4
2024-10-26 15:50:00,-0.1,4
2024-10-26 15:55:00,-0.2,4
2024-10-26 16:00:00,-0.2,4
2024-10-26 16:05:00,-0.2,4
2024-10-26 16:10:00,-0.2,4
2024-10-26 16:15:00,-0.2,4
2024-10-26 16:20:00,-0.2,4
2024-10-26 16:25:00,-0.2,4
2024-10-26 16:30:00,-0.2,4
2024-10-26 16:35:00,-0.2,4
2024-10-26 16:40:00,-0.2,4
2024-10-26 16:45:00,-0.2,4
2024-10-26 16:50:00,-0.2,4
2024-10-26 16:55:00,-0.2,4
2024-10-26 17:00:00,-0.2,4
2024-10-26 17:05:00,-0.2,4
2024-10-26 17:10:00,-0.2,4
2024-10-26 17:15:00,-0.2,4
2024-10-26 17:20:00,-0.2,4
2024-10-26 17:25:00,-0.2,4
2024-10-26 17:30:00,-0.2,4
2024-10-26 17:35:00,-0.2,4
2024-10-26 17:40:00,-0.2,4
2024-10-26 17:45:00,-0.2,4
2024-10-26 17:50:00,-0.2,4
2024-10-26 17:55:00,-0.2,4
2024-10-26 18:00:00,-0.2,4
2024-10-26 18:05:00,-0.3,4
2024-10-26 18:10:00,-0.3,4
2024-10-26 18:15:00,-0.3,4
2024-10-26 18:20:00,-0.3,4
2024-10-26 18:25:00,-0.3,4
2024-10-26 18:30:00,-0.3,4
2024-10-26 18:35:00,-0.3,4
2024-10-26 18:40:00,-0.3,4
2024-10-26 18:45:00,-0.3,4
2024-10-26 18:50:00,-0.3,4
2024-10-26 18:55:00,-0.3,4
2024-10-26 19:00:00,-0.3,4
2024-10-26 19:05:00,-0.3,4
2024-10-26 19:10:00,-0.3,4
2024-10-26 19:15:00,-0.3,4
2024-10-26 19:20:00,-0.3,4
2024-10-26 19:25:00,-0.3,4
2024-10-26 19:30:00,-0.4,4
2024-10-26 19:35:00,-0.4,4
2024-10-26 19:40:00,-0.4,4
2024-10-26 19:45:00,-0.4,4
2024-10-26 19:50:00,-0.4,4
2024-10-26 19:55:00,-0.4,4
2024-10-26 20:00:00,-0.4,4
2024-10-26 20:05:00,-0.4,4
2024-10-26 20:10:00,-0.4,4
2024-10-26 20:15:00,-0.4,4
2024-10-26 20:20:00,-0.4,4
2024-10-26 20:25:00,-0.4,4
2024-10-26 20:30:00,-0.5,4
2024-10-26 20:35:00,-0.5,4
2024-10-26 20:40:00,-0.5,4
2024-10-26 20:45:00,-0.5,4
2024-10-26 20:50:00,-0.5,4
2024-10-26 20:55:00,-0.5,4
2024-10-26 21:00:00,-0.5,4
2024-10-26 21:05:00,-0.5,4
2024-10-26 21:10:00,-0.5,4
2024-10-26 21:15:00,-0.6,4
2024-10-26 21:20:00,-0.6,4
2024-10-26 21:25:00,-0.6,4
2024-10-26 21:30:00,-0.6,4
2024-10-26 21:35:00,-0.6,4
2024-10-26 21:40:00,-0.6,4
2024-10-26 21:45:00,-0.6,4
2024-10-26 21:50:00,-0.7,4
2024-10-26 21:55:00,-0.7,4
2024-10-26 22:00:00,-0.7,4
2024-10-26 22:05:00,-0.7,4
2024-10-26 22:10:00,-0.7,4
2024-10-26 22:15:00,-0.7,4
2024-10-26 22:20:00,-0.8,4
2024-10-26 22:25:00,-0.8,4
2024-10-26 22:30:00,-0.8,4
2024-10-26 22:35:00,-0.8,4
2024-10-26 22:40:00,-0.8,4
2024-10-26 22:45:00,-0.8,4
2024-10-26 22:50:00,-0.9,4
2024-10-26 22:55:00,-0.9,4
2024-10-26 23:00:00,-0.9,4
2024-10-26 23:05:00,-0.9,4
2024-10-26 23:10:00,-0.9,4
2024-10-26 23:15:00,-1,4
2024-10-26 23:20:00,-1,4
2024-10-26 23:25:00,-1,4
2024-10-26 23:30:00,-1,4
2024-10-26 23:35:00,-1.1,4
2024-10-26 23:40:00,-1.1,4
2024-10-26 23:45:00,-1.1,4
2024-10-26 23:50:00,-1.1,4
2024-10-26 23:55:00,-1.1,4
2024-10-27,-1.2,4
2024-10-27 00:05:00,-1.2,4
2024-10-27 00:10:00,-1.2,4
2024-10-27 00:15:00,-1.3,4
2024-10-27 00:20:00,-1.3,4
2024-10-27 00:25:00,-1.3,4
2024-10-27 00:30:00,-1.4,4
2024-10-27 00:35:00,-1.4,4
2024-10-27 00:40:00,-1.4,4
2024-10-27 00:45:00,-1.5,4
2024-10-27 00:50:00,-1.5,4
2024-10-27 00:55:00,-1.5,4
2024-10-27 01:00:00,-1.6,4
2024-10-27 01:05:00,-1.6,4
2024-10-27 01:10:00,-1.7,4
2024-10-27 01:15:00,-1.7,4
2024-10-27 01:20:00,-1.7,4
2024-10-27 01:25:00,-1.8,4
2024-10-27 01:30:00,-1.8,4
2024-10-27 01:35:00,-1.8,4
2024-10-27 01:40:00,-1.9,4
2024-10-27 01:45:00,-1.9,4
2024-10-27 01:50:00,-2,4
2024-10-27 01:55:00,-2,4
2024-10-27 02:00:00,-2,4
2024-10-27 02:05:00,-2.1,4
2024-10-27 02:10:00,-2.1,4
2024-10-27 02:15:00,-2.2,4
2024-10-27 02:20:00,-2.2,4
2024-10-27 02:25:00,-2.2,4
2024-10-27 02:30:00,-2.3,4
2024-10-27 02:35:00,-2.3,4
2024-10-27 02:40:00,-2.3,4
2024-10-27 02:45:00,-2.4,4
2024-10-27 02:50:00,-2.4,4
2024-10-27 02:55:00,-2.5,4
2024-10-27 03:00:00,-2.6,4
2024-10-27 03:05:00,-2.5,4
2024-10-27 03:10:00,-2.6,4
2024-10-27 03:15:00,-2.6,4
2024-10-27 03:20:00,-2.7,4
2024-10-27 03:25:00,-2.7,4
2024-10-27 03:30:00,-2.7,4
2024-10-27 03:35:00,-2.8,4
2024-10-27 03:40:00,-2.8,4
2024-10-27 03:45:00,-2.9,4
2024-10-27 03:50:00,-2.9,4
2024-10-27 03:55:00,-3,4
2024-10-27 04:00:00,-3,4
2024-10-27 04:05:00,-3,4
2024-10-27 04:10:00,-3.1,4
2024-10-27 04:15:00,-3.1,4
2024-10-27 04:20:00,-3.1,4
2024-10-27 04:25:00,-3.1,4
2024-10-27 04:30:00,-3.2,4
2024-10-27 04:35:00,-3.2,4
2024-10-27 04:40:00,-3.3,4
2024-10-27 04:45:00,-3.4,4
2024-10-27 04:50:00,-3.3,4
2024-10-27 04:55:00,-3.4,4
2024-10-27 05:00:00,-3.5,4
2024-10-27 05:05:00,-3.5,4
2024-10-27 05:10:00,-3.5,4
2024-10-27 05:15:00,-3.6,4
2024-10-27 05:20:00,-3.7,4
2024-10-27 05:25:00,-3.7,4
2024-10-27 05:30:00,-3.7,4
2024-10-27 05:35:00,-3.7,4
2024-10-27 05:40:00,-3.8,4
2024-10-27 05:45:00,-3.8,4
2024-10-27 05:50:00,-3.9,4
2024-10-27 05:55:00,-3.9,4
2024-10-27 06:00:00,-3.9,4
2024-10-27 06:05:00,-4,4
2024-10-27 06:10:00,-4.1,4
2024-10-27 06:15:00,-4.1,4
2024-10-27 06:20:00,-4.1,4
2024-10-27 06:25:00,-4.1,4
2024-10-27 06:30:00,-4.2,4
2024-10-27 06:35:00,-4.2,4
2024-10-27 06:40:00,-4.3,4
2024-10-27 06:45:00,-4.3,4
2024-10-27 06:50:00,-4.3,4
2024-10-27 06:55:00,-4.4,4
2024-10-27 07:00:00,-4.5,4
2024-10-27 07:05:00,-4.5,4
2024-10-27 07:10:00,-4.6,4
2024-10-27 07:15:00,-4.6,4
2024-10-27 07:20:00,-4.6,4
2024-10-27 07:25:00,-4.6,4
2024-10-27 07:30:00,-4.7,4
2024-10-27 07:35:00,-4.8,4
2024-10-27 07:40:00,-4.8,4
2024-10-27 07:45:00,-4.8,4
2024-10-27 07:50:00,-4.9,4
2024-10-27 07:55:00,-4.9,4
2024-10-27 08:00:00,-5,4
2024-10-27 08:05:00,-5,4
2024-10-27 08:10:00,-5,4
2024-10-27 08:15:00,-5,4
2024-10-27 08:20:00,-5,4
2024-10-27 08:25:00,-5,4
2024-10-27 08:30:00,-5,4
2024-10-27 08:35:00,-5.1,4
2024-10-27 08:40:00,-5.1,4
2024-10-27 08:45:00,-5.1,4
2024-10-27 08:50:00,-5.1,4
2024-10-27 08:55:00,-5.1,4
2024-10-27 09:00:00,-5.1,4
2024-10-27 09:05:00,-5.1,4
2024-10-27 09:10:00,-5.2,4
2024-10-27 09:15:00,-5.2,4
2024-10-27 09:20:00,-5.2,4
2024-10-27 09:25:00,-5.2,4
2024-10-27 09:30:00,-5.2,4
2024-10-27 09:35:00,-5.2,4
2024-10-27 09:40:00,-5.2,4
2024-10-27 09:45:00,-5.3,4
2024-10-27 09:50:00,-5.3,4
2024-10-27 09:55:00,-5.3,4
2024-10-27 10:00:00,-5.3,4
2024-10-27 10:05:00,-5.3,4
2024-10-27 10:10:00,-5.3,4
2024-10-27 10:15:00,-5.3,4
2024-10-27 10:20:00,-5.4,4
2024-10-27 10:25:00,-5.4,4
2024-10-27 10:30:00,-5.4,4
2024-10-27 10:35:00,-5.4,4
2024-10-27 10:40:00,-5.4,4
2024-10-27 10:45:00,-5.4,4
2024-10-27 10:50:00,-5.5,4
2024-10-27 10:55:00,-5.5,4
2024-10-27 11:00:00,-5.5,4
2024-10-27 11:05:00,-5.6,4
2024-10-27 11:10:00,-5.6,4
2024-10-27 11:15:00,-5.6,4
2024-10-27 11:20:00,-5.6,4
2024-10-27 11:25:00,-5.6,4
2024-10-27 11:30:00,-5.7,4
2024-10-27 11:35:00,-5.7,4
2024-10-27 11:40:00,-5.7,4
2024-10-27 11:45:00,-5.7,4
2024-10-27 11:50:00,-5.7,4
2024-10-27 11:55:00,-5.8,4
2024-10-27 12:00:00,-5.8,4
2024-10-27 12:05:00,-5.8,4
2024-10-27 12:10:00,-5.9,4
2024-10-27 12:15:00,-5.9,4
2024-10-27 12:20:00,-5.9,4
2024-10-27 12:25:00,-6,4
2024-10-27 12:30:00,-6,4
2024-10-27 12:35:00,-6,4
2024-10-27 12:40:00,-6.1,4
2024-10-27 12:45:00,-6.1,4
2024-10-27 12:50:00,-6.2,4
2024-10-27 12:55:00,-6.2,4
2024-10-27 13:00:00,-6.2,4
2024-10-27 13:05:00,-6.3,4
2024-10-27 13:10:00,-6.3,4
2024-10-27 13:15:00,-6.3,4
2024-10-27 13:20:00,-6.5,4
2024-10-27 13:25:00,-6.5,4
2024-10-27 13:30:00,-6.6,4
2024-10-27 13:35:00,-6.6,4
2024-10-27 13:40:00,-6.7,4
2024-10-27 13:45:00,-6.7,4
2024-10-27 13:50:00,-6.7,4
2024-10-27 13:55:00,-6.9,4
2024-10-27 14:00:00,-7,4
2024-10-27 14:05:00,-7.1,4
2024-10-27 14:10:00,-7.1,4
2024-10-27 14:15:00,-7.2,4
2024-10-27 14:20:00,-7.3,4
2024-10-27 14:25:00,-7.3,4
2024-10-27 14:30:00,-7.4,4
2024-10-27 14:35:00,-7.4,4
2024-10-27 14:40:00,-7.5,4
2024-10-27 14:45:00,-7.6,4
2024-10-27 14:50:00,-7.7,4
2024-10-27 14:55:00,-7.7,4
2024-10-27 15:00:00,-7.8,4
2024-10-27 15:05:00,-7.8,4
2024-10-27 15:10:00,-8,4
2024-10-27 15:15:00,-8,4
2024-10-27 15:20:00,-8.1,4
2024-10-27 15:25:00,-8.2,4
2024-10-27 15:30:00,-8.3,4
2024-10-27 15:35:00,-8.4,4
2024-10-27 15:40:00,-8.5,4
2024-10-27 15:45:00,-8.6,4
2024-10-27 15:50:00,-8.6,4
2024-10-27 15:55:00,-8.8,4
2024-10-27 16:00:00,-8.8,4
2024-10-27 16:05:00,-9,4
2024-10-27 16:10:00,-9,4
2024-10-27 16:15:00,-9.2,4
2024-10-27 16:20:00,-9.2,4
2024-10-27 16:25:00,-9.3,4
2024-10-27 16:30:00,-9.4,4
2024-10-27 16:35:00,-9.5,4
2024-10-27 16:40:00,-9.6,4
2024-10-27 16:45:00,-9.8,4
2024-10-27 16:50:00,-9.8,4
2024-10-27 16:55:00,-10,4
2024-10-27 17:00:00,-10,4
2024-10-27 17:05:00,-10.1,4
2024-10-27 17:10:00,-10.1,4
2024-10-27 17:15:00,-10.2,4
2024-10-27 17:20:00,-10.2,4
2024-10-27 17:25:00,-10.3,4
2024-10-27 17:30:00,-10.4,4
2024-10-27 17:35:00,-10.4,4
2024-10-27 17:40:00,-10.5,4
2024-10-27 17:45:00,-10.5,4
2024-10-27 17:50:00,-10.6,4
2024-10-27 17:55:00,-10.7,4
2024-10-27 18:00:00,-10.7,4
2024-10-27 18:05:00,-10.8,4
2024-10-27 18:10:00,-10.8,4
2024-10-27 18:15:00,-10.9,4
2024-10-27 18:20:00,-10.9,4
2024-10-27 18:25:00,-11,4
2024-10-27 18:30:00,-11.1,4
2024-10-27 18:35:00,-11.2,4
2024-10-27 18:40:00,-11.2,4
2024-10-27 18:45:00,-11.3,4
2024-10-27 18:50:00,-11.3,4
2024-10-27 18:55:00,-11.4,4
2024-10-27 19:00:00,-11.5,4
2024-10-27 19:05:00,-11.6,4
2024-10-27 19:10:00,-11.6,4
2024-10-27 19:15:00,-11.7,4
2024-10-27 19:20:00,-11.8,4
2024-10-27 19:25:00,-11.9,4
2024-10-27 19:30:00,-12,4
2024-10-27 19:35:00,-12,4
2024-10-27 19:40:00,-12.1,4
2024-10-27 19:45:00,-12.2,4
2024-10-27 19:50:00,-12.3,4
2024-10-27 19:55:00,-12.3,4
2024-10-27 20:00:00,-12.4,4
2024-10-27 20:05:00,-12.5,4
2024-10-27 20:10:00,-12.5,4
2024-10-27 20:15:00,-12.7,4
2024-10-27 20:20:00,-12.7,4
2024-10-27 20:25:00,-12.8,4
2024-10-27 20:30:00,-12.8,4
2024-10-27 20:35:00,-13,4
2024-10-27 20:40:00,-13,4
2024-10-27 20:45:00,-13.1,4
2024-10-27 20:50:00,-13.2,4
2024-10-27 20:55:00,-13.2,4
2024-10-27 21:00:00,-13.3,4
2024-10-27 21:05:00,-13.4,4
2024-10-27 21:10:00,-13.5,4
2024-10-27 21:15:00,-13.6,4
2024-10-27 21:20:00,-13.7,4
2024-10-27 21:25:00,-13.7,4
2024-10-27 21:30:00,-13.8,4
2024-10-27 21:35:00,-13.8,4
2024-10-27 21:40:00,-13.9,4
2024-10-27 21:45:00,-14,4
2024-10-27 21:50:00,-14.1,4
2024-10-27 21:55:00,-14.1,4
2024-10-27 22:00:00,-14.2,4
2024-10-27 22:05:00,-14.3,4
2024-10-27 22:10:00,-14.3,4
2024-10-27 22:15:00,-14.5,4
2024-10-27 22:20:00,-14.5,4
2024-10-27 22:25:00,-14.5,4
2024-10-27 22:30:00,-14.6,4
2024-10-27 22:35:00,-14.7,4
2024-10-27 22:40:00,-14.8,4
2024-10-27 22:45:00,-14.8,4
2024-10-27 22:50:00,-14.8,4
2024-10-27 22:55:00,-15,4
2024-10-27 23:00:00,-14.9,4
2024-10-27 23:05:00,-15,4
2024-10-27 23:10:00,-15.1,4
2024-10-27 23:15:00,-15.1,4
2024-10-27 23:20:00,-15.3,4
2024-10-27 23:25:00,-15.3,4
2024-10-27 23:30:00,-15.3,4
2024-10-27 23:35:00,-15.4,4
2024-10-27 23:40:00,-15.5,4
2024-10-27 23:45:00,-15.5,4
2024-10-27 23:50:00,-15.7,4
2024-10-27 23:55:00,-15.7,4
2024-10-28,-15.7,4
2024-10-28 00:05:00,-15.8,4
2024-10-28 00:10:00,-15.8,4
2024-10-28 00:15:00,-15.8,4
2024-10-28 00:20:00,-15.9,4
2024-10-28 00:25:00,-16,4
2024-10-28 00:30:00,-16.1,4
2024-10-28 00:35:00,-16.1,4
2024-10-28 00:40:00,-16.2,4
2024-10-28 00:45:00,-16.2,4
2024-10-28 00:50:00,-16.3,4
2024-10-28 00:55:00,-16.4,4
2024-10-28 01:00:00,-16.4,4
2024-10-28 01:05:00,-16.5,4
2024-10-28 01:10:00,-16.5,4
2024-10-28 01:15:00,-16.6,4
2024-10-28 01:20:00,-16.7,4
2024-10-28 01:25:00,-16.7,4
2024-10-28 01:30:00,-16.8,4
2024-10-28 01:35:00,-16.9,4
2024-10-28 01:40:00,-16.9,4
2024-10-28 01:45:00,-16.9,4
2024-10-28 01:50:00,-17.1,4
2024-10-28 01:55:00,-17.1,4
2024-10-28 02:00:00,-17.2,4
2024-10-28 02:05:00,-17.2,4
2024-10-28 02:10:00,-17.3,4
2024-10-28 02:15:00,-17.3,4
2024-10-28 02:20:00,-17.3,4
2024-10-28 02:25:00,-17.5,4
2024-10-28 02:30:00,-17.5,4
2024-10-28 02:35:00,-17.5,4
2024-10-28 02:40:00,-17.6,4
2024-10-28 02:45:00,-17.7,4
2024-10-28 02:50:00,-17.7,4
2024-10-28 02:55:00,-17.7,4
2024-10-28 03:00:00,-17.8,4
2024-10-28 03:05:00,-17.8,4
2024-10-28 03:10:00,-17.9,4
2024-10-28 03:15:00,-17.9,4
2024-10-28 03:20:00,-18,4
2024-10-28 03:25:00,-18.1,4
2024-10-28 03:30:00,-18.1,4
2024-10-28 03:35:00,-18.1,4
2024-10-28 03:40:00,-18.1,4
2024-10-28 03:45:00,-18.2,4
2024-10-28 03:50:00,-18.2,4
2024-10-28 03:55:00,-18.3,4
2024-10-28 04:00:00,-18.4,4
2024-10-28 04:05:00,-18.3,4
2024-10-28 04:10:00,-18.4,4
2024-10-28 04:15:00,-18.5,4
2024-10-28 04:20:00,-18.5,4
2024-10-28 04:25:00,-18.6,4
2024-10-28 04:30:00,-18.6,4
2024-10-28 04:35:00,-18.6,4
2024-10-28 04:40:00,-18.6,4
2024-10-28 04:45:00,-18.7,4
2024-10-28 04:50:00,-18.7,4
2024-10-28 04:55:00,-18.8,4
2024-10-28 05:00:00,-18.8,4
2024-10-28 05:05:00,-18.8,4
2024-10-28 05:10:00,-18.8,4
2024-10-28 05:15:00,-18.9,4
2024-10-28 05:20:00,-19,4
2024-10-28 05:25:00,-19,4
2024-10-28 05:30:00,-19,4
2024-10-28 05:35:00,-19,4
2024-10-28 05:40:00,-19,4
2024-10-28 05:45:00,-19.1,4
2024-10-28 05:50:00,-19.2,4
2024-10-28 05:55:00,-19.2,4
2024-10-28 06:00:00,-19.2,4
2024-10-28 06:05:00,-19.2,4
2024-10-28 06:10:00,-19.2,4
2024-10-28 06:15:00,-19.2,4
2024-10-28 06:20:00,-19.3,4
2024-10-28 06:25:00,-19.3,4
2024-10-28 06:30:00,-19.4,4
2024-10-28 06:35:00,-19.5,4
2024-10-28 06:40:00,-19.5,4
2024-10-28 06:45:00,-19.5,4
2024-10-28 06:50:00,-19.5,4
2024-10-28 06:55:00,-19.6,4
2024-10-28 07:00:00,-19.6,4
2024-10-28 07:05:00,-19.7,4
2024-10-28 07:10:00,-19.7,4
2024-10-28 07:15:00,-19.7,4
2024-10-28 07:20:00,-19.7,4
2024-10-28 07:25:00,-19.8,4
2024-10-28 07:30:00,-19.8,4
2024-10-28 07:35:00,-19.9,4
2024-10-28 07:40:00,-20,4
2024-10-28 07:45:00,-19.9,4
2024-10-28 07:50:00,-19.9,4
2024-10-28 07:55:00,-19.9,4
2024-10-28 08:00:00,-20,4
2024-10-28 08:05:00,-20,4
2024-10-28 08:10:00,-20,4
2024-10-28 08:15:00,-20.1,4
2024-10-28 08:20:00,-20.1,4
2024-10-28 08:25:00,-20.1,4
2024-10-28 08:30:00,-20.1,4
2024-10-28 08:35:00,-20.2,4
2024-10-28 08:40:00,-20.2,4
2024-10-28 08:45:00,-20.1,4
2024-10-28 08:50:00,-20.2,4
2024-10-28 08:55:00,-20.2,4
2024-10-28 09:00:00,-20.2,4
2024-10-28 09:05:00,-20.2,4
2024-10-28 09:10:00,-20.2,4
2024-10-28 09:15:00,-20.2,4
2024-10-28 09:20:00,-20.2,4
2024-10-28 09:25:00,-20.2,4
2024-10-28 09:30:00,-20.2,4
2024-10-28 09:35:00,-0.2,4
2024-10-28 09:40:00,-0.2,4
2024-10-28 09:45:00,-0.2,4
2024-10-28 09:50:00,-0.2,4
2024-10-28 09:55:00,-0.2,4
2024-10-28 10:00:00,-0.2,4
2024-10-28 10:05:00,-0.2,4
2024-10-28 10:10:00,-0.2,4
2024-10-28 10:15:00,-0.2,4
2024-10-28 10:20:00,-0.2,4
2024-10-28 10:25:00,-0.2,4
2024-10-28 10:30:00,-0.2,4
2024-10-28 10:35:00,-0.2,4
2024-10-28 10:40:00,-0.2,4
2024-10-28 10:45:00,-0.2,4
2024-10-28 10:50:00,-0.2,4
2024-10-28 10:55:00,-0.2,4
2024-10-28 11:00:00,-0.2,4
2024-10-28 11:05:00,-0.2,4
2024-10-28 11:10:00,-0.2,4
2024-10-28 11:15:00,-0.2,4
2024-10-28 11:20:00,-0.2,4
2024-10-28 11:25:00,-0.2,4
2024-10-28 11:30:00,-0.2,4
2024-10-28 11:35:00,-0.2,4
2024-10-28 11:40:00,-0.2,4
2024-10-28 11:45:00,-0.2,4
2024-10-28 11:50:00,-0.2,4
2024-10-28 11:55:00,-0.2,4
2024-10-28 12:00:00,-0.2,4
2024-10-28 12:05:00,-0.2,4
2024-10-28 12:10:00,-0.2,4
2024-10-28 12:15:00,-0.2,4
2024-10-28 12:20:00,-0.2,4
2024-10-28 12:25:00,-0.2,4
2024-10-28 12:30:00,-0.2,4
2024-10-28 12:35:00,-0.2,4
2024-10-28 12:40:00,-0.2,4
2024-10-28 12:45:00,-0.2,4
2024-10-28 12:50:00,-0.2,4
2024-10-28 12:55:00,-0.2,4
2024-10-28 13:00:00,-0.2,4
2024-10-28 13:05:00,-0.2,4
2024-10-28 13:10:00,-0.2,4
2024-10-28 13:15:00,-0.2,4
2024-10-28 13:20:00,-0.2,4
2024-10-28 13:25:00,-0.2,4
2024-10-28 13:30:00,-0.2,4
2024-10-28 13:35:00,-0.2,4
2024-10-28 13:40:00,-0.2,4
2024-10-28 13:45:00,-0.2,4
2024-10-28 13:50:00,-0.2,4
2024-10-28 13:55:00,-0.2,4
2024-10-28 14:00:00,-0.2,4
2024-10-28 14:05:00,-0.2,4
2024-10-28 14:10:00,-0.2,4
2024-10-28 14:15:00,-0.2,4
2024-10-28 14:20:00,-0.2,4
2024-10-28 14:25:00,-0.2,4
2024-10-28 14:30:00,-0.2,4
2024-10-28 14:35:00,-0.2,4
2024-10-28 14:40:00,-0.3,4
2024-10-28 14:45:00,-0.3,4
2024-10-28 14:50:00,-0.3,4
2024-10-28 14:55:00,-0.3,4
2024-10-28 15:00:00,-0.3,4
2024-10-28 15:05:00,-0.3,4
2024-10-28 15:10:00,-0.3,4
2024-10-28 15:15:00,-0.3,4
2024-10-28 15:20:00,-0.3,4
2024-10-28 15:25:00,-0.3,4
2024-10-28 15:30:00,-0.3,4
2024-10-28 15:35:00,-0.3,4
2024-10-28 15:40:00,-0.3,4
2024-10-28 15:45:00,-0.3,4
2024-10-28 15:50:00,-0.3,4
2024-10-28 15:55:00,-0.3,4
2024-10-28 16:00:00,-0.3,4
2024-10-28 16:05:00,-0.3,4
2024-10-28 16:10:00,-0.3,4
2024-10-28 16:15:00,-0.4,4
2024-10-28 16:20:00,-0.4,4
2024-10-28 16:25:00,-0.4,4
2024-10-28 16:30:00,-0.4,4
2024-10-28 16:35:00,-0.4,4
2024-10-28 16:40:00,-0.4,4
2024-10-28 16:45:00,-0.5,4
2024-10-28 16:50:00,-0.5,4
2024-10-28 16:55:00,-0.5,4
2024-10-28 17:00:00,-0.5,4
2024-10-28 17:05:00,-0.5,4
2024-10-28 17:10:00,-0.5,4
2024-10-28 17:15:00,-0.5,4
2024-10-28 17:20:00,-0.5,4
2024-10-28 17:25:00,-0.5,4
2024-10-28 17:30:00,-0.4,4
2024-10-28 17:35:00,-0.4,4
2024-10-28 17:40:00,-0.4,4
2024-10-28 17:45:00,-0.4,4
2024-10-28 17:50:00,-0.4,4
2024-10-28 17:55:00,-0.4,4
2024-10-28 18:00:00,-0.4,4
2024-10-28 18:05:00,-0.4,4
2024-10-28 18:10:00,-0.4,4
2024-10-28 18:15:00,-0.4,4
2024-10-28 18:20:00,-0.4,4
2024-10-28 18:25:00,-0.4,4
2024-10-28 18:30:00,-0.4,4
2024-10-28 18:35:00,-0.4,4
2024-10-28 18:40:00,-0.4,4
2024-10-28 18:45:00,-0.4,4
2024-10-28 18:50:00,-0.4,4
2024-10-28 18:55:00,-0.4,4
2024-10-28 19:00:00,-0.4,4
2024-10-28 19:05:00,-0.4,4
2024-10-28 19:10:00,-0.4,4
2024-10-28 19:15:00,-0.4,4
2024-10-28 19:20:00,-0.4,4
2024-10-28 19:25:00,-0.4,4
2024-10-28 19:30:00,-0.4,4
2024-10-28 19:35:00,-0.4,4
2024-10-28 19:40:00,-0.4,4
2024-10-28 19:45:00,-0.4,4
2024-10-28 19:50:00,-0.4,4
2024-10-28 19:55:00,-0.4,4
2024-10-28 20:00:00,-0.4,4
2024-10-28 20:05:00,-0.4,4
2024-10-28 20:10:00,-0.4,4
2024-10-28 20:15:00,-0.4,4
2024-10-28 20:20:00,-0.4,4
2024-10-28 20:25:00,-0.4,4
2024-10-28 20:30:00,-0.4,4
2024-10-28 20:35:00,-0.4,4
2024-10-28 20:40:00,-0.4,4
2024-10-28 20:45:00,-0.4,4
2024-10-28 20:50:00,-0.4,4
2024-10-28 20:55:00,-0.4,4
2024-10-28 21:00:00,-0.5,4
2024-10-28 21:05:00,-0.5,4
2024-10-28 21:10:00,-0.5,4
2024-10-28 21:15:00,-0.5,4
2024-10-28 21:20:00,-0.5,4
2024-10-28 21:25:00,-0.5,4
2024-10-28 21:30:00,-0.5,4
2024-10-28 21:35:00,-0.5,4
2024-10-28 21:40:00,-0.5,4
2024-10-28 21:45:00,-0.5,4
2024-10-28 21:50:00,-0.5,4
2024-10-28 21:55:00,-0.5,4
2024-10-28 22:00:00,-0.5,4
2024-10-28 22:05:00,-0.5,4
2024-10-28 22:10:00,-0.6,4
2024-10-28 22:15:00,-0.6,4
2024-10-28 22:20:00,-0.6,4
2024-10-28 22:25:00,-0.6,4
2024-10-28 22:30:00,-0.6,4
2024-10-28 22:35:00,-0.6,4
2024-10-28 22:40:00,-0.6,4
2024-10-28 22:45:00,-0.6,4
2024-10-28 22:50:00,-0.7,4
2024-10-28 22:55:00,-0.7,4
2024-10-28 23:00:00,-0.7,4
2024-10-28 23:05:00,-0.7,4
2024-10-28 23:10:00,-0.7,4
2024-10-28 23:15:00,-0.8,4
2024-10-28 23:20:00,-0.8,4
2024-10-28 23:25:00,-0.8,4
2024-10-28 23:30:00,-0.8,4
2024-10-28 23:35:00,-0.9,4
2024-10-28 23:40:00,-0.9,4
2024-10-28 23:45:00,-0.9,4
2024-10-28 23:50:00,-0.9,4
2024-10-28 23:55:00,-1,4
2024-10-29,-1,4
2024-10-29 00:05:00,-1,4
2024-10-29 00:10:00,-1,4
2024-10-29 00:15:00,-1.1,4
2024-10-29 00:20:00,-1.1,4
2024-10-29 00:25:00,-1.1,4
2024-10-29 00:30:00,-1.1,4
2024-10-29 00:35:00,-1.2,4
2024-10-29 00:40:00,-1.2,4
2024-10-29 00:45:00,-1.2,4
2024-10-29 00:50:00,-1.2,4
2024-10-29 00:55:00,-1.2,4
2024-10-29 01:00:00,-1.3,4
2024-10-29 01:05:00,-1.3,4
2024-10-29 01:10:00,-1.3,4
2024-10-29 01:15:00,-1.3,4
2024-10-29 01:20:00,-1.4,4
2024-10-29 01:25:00,-1.4,4
2024-10-29 01:30:00,-1.4,4
2024-10-29 01:35:00,-1.5,4
2024-10-29 01:40:00,-1.5,4
2024-10-29 01:45:00,-1.5,4
2024-10-29 01:50:00,-1.6,4
2024-10-29 01:55:00,-1.6,4
2024-10-29 02:00:00,-1.6,4
2024-10-29 02:05:00,-1.6,4
2024-10-29 02:10:00,-1.7,4
2024-10-29 02:15:00,-1.7,4
2024-10-29 02:20:00,-1.7,4
2024-10-29 02:25:00,-1.7,4
2024-10-29 02:30:00,-1.8,4
2024-10-29 02:35:00,-1.8,4
2024-10-29 02:40:00,-1.9,4
2024-10-29 02:45:00,-1.9,4
2024-10-29 02:50:00,-1.9,4
2024-10-29 02:55:00,-1.9,4
2024-10-29 03:00:00,-2,4
2024-10-29 03:05:00,-2,4
2024-10-29 03:10:00,-2,4
2024-10-29 03:15:00,-2.1,4
2024-10-29 03:20:00,-2.2,4
2024-10-29 03:25:00,-2.2,4
2024-10-29 03:30:00,-2.2,4
2024-10-29 03:35:00,-2.3,4
2024-10-29 03:40:00,-2.3,4
2024-10-29 03:45:00,-2.3,4
2024-10-29 03:50:00,-2.4,4
2024-10-29 03:55:00,-2.4,4
2024-10-29 04:00:00,-2.5,4
2024-10-29 04:05:00,-2.5,4
2024-10-29 04:10:00,-2.5,4
2024-10-29 04:15:00,-2.5,4
2024-10-29 04:20:00,-2.6,4
2024-10-29 04:25:00,-2.6,4
2024-10-29 04:30:00,-2.7,4
2024-10-29 04:35:00,-2.8,4
2024-10-29 04:40:00,-2.8,4
2024-10-29 04:45:00,-2.8,4
2024-10-29 04:50:00,-2.8,4
2024-10-29 04:55:00,-2.9,4
2024-10-29 05:00:00,-2.9,4
2024-10-29 05:05:00,-2.9,4
2024-10-29 05:10:00,-3,4
2024-10-29 05:15:00,-3.1,4
2024-10-29 05:20:00,-3.1,4
2024-10-29 05:25:00,-3.1,4
2024-10-29 05:30:00,-3.2,4
2024-10-29 05:35:00,-3.2,4
2024-10-29 05:40:00,-3.3,4
2024-10-29 05:45:00,-3.3,4
2024-10-29 05:50:00,-3.4,4
2024-10-29 05:55:00,-3.4,4
2024-10-29 06:00:00,-3.4,4
2024-10-29 06:05:00,-3.4,4
2024-10-29 06:10:00,-3.5,4
2024-10-29 06:15:00,-3.6,4
2024-10-29 06:20:00,-3.6,4
2024-10-29 06:25:00,-3.6,4
2024-10-29 06:30:00,-3.7,4
2024-10-29 06:35:00,-3.8,4
2024-10-29 06:40:00,-3.8,4
2024-10-29 06:45:00,-3.8,4
2024-10-29 06:50:00,-3.9,4
2024-10-29 06:55:00,-4,4
2024-10-29 07:00:00,-4,4
2024-10-29 07:05:00,-4,4
2024-10-29 07:10:00,-4.2,4
2024-10-29 07:15:00,-4.2,4
2024-10-29 07:20:00,-4.3,4
2024-10-29 07:25:00,-4.3,4
2024-10-29 07:30:00,-4.3,4
2024-10-29 07:35:00,-4.3,4
2024-10-29 07:40:00,-4.4,4
2024-10-29 07:45:00,-4.5,4
2024-10-29 07:50:00,-4.5,4
2024-10-29 07:55:00,-4.6,4
2024-10-29 08:00:00,-4.7,4
2024-10-29 08:05:00,-4.7,4
2024-10-29 08:10:00,-4.8,4
2024-10-29 08:15:00,-4.8,4
2024-10-29 08:20:00,-5,4
2024-10-29 08:25:00,-5,4
2024-10-29 08:30:00,-5,4
2024-10-29 08:35:00,-5.1,4
2024-10-29 08:40:00,-5.1,4
2024-10-29 08:45:00,-5.1,4
2024-10-29 08:50:00,-5.2,4
2024-10-29 08:55:00,-5.2,4
2024-10-29 09:00:00,-5.2,4
2024-10-29 09:05:00,-5.3,4
2024-10-29 09:10:00,-5.3,4
2024-10-29 09:15:00,-5.3,4
2024-10-29 09:20:00,-5.3,4
2024-10-29 09:25:00,-5.4,4
2024-10-29 09:30:00,-5.4,4
2024-10-29 09:35:00,-5.4,4
2024-10-29 09:40:00,-5.5,4
2024-10-29 09:45:00,-5.6,4
2024-10-29 09:50:00,-5.7,4
2024-10-29 09:55:00,-5.7,4
2024-10-29 10:00:00,-5.7,4
2024-10-29 10:05:00,-5.7,4
2024-10-29 10:10:00,-5.8,4
2024-10-29 10:15:00,-5.9,4
2024-10-29 10:20:00,-5.9,4
2024-10-29 10:25:00,-6,4
2024-10-29 10:30:00,-6,4
2024-10-29 10:35:00,-6.1,4
2024-10-29 10:40:00,-6.1,4
2024-10-29 10:45:00,-6.1,4
2024-10-29 10:50:00,-6.2,4
2024-10-29 10:55:00,-6.2,4
2024-10-29 11:00:00,-6.3,4
2024-10-29 11:05:00,-6.3,4
2024-10-29 11:10:00,-6.4,4
2024-10-29 11:15:00,-6.4,4
2024-10-29 11:20:00,-6.5,4
2024-10-29 11:25:00,-6.6,4
2024-10-29 11:30:00,-6.6,4
2024-10-29 11:35:00,-6.7,4
2024-10-29 11:40:00,-6.8,4
2024-10-29 11:45:00,-6.9,4
2024-10-29 11:50:00,-6.9,4
2024-10-29 11:55:00,-7,4
2024-10-29 12:00:00,-7.1,4
2024-10-29 12:05:00,-7.1,4
2024-10-29 12:10:00,-7.3,4
2024-10-29 12:15:00,-7.3,4
2024-10-29 12:20:00,-7.4,4
2024-10-29 12:25:00,-7.4,4
2024-10-29 12:30:00,-7.6,4
2024-10-29 12:35:00,-7.6,4
2024-10-29 12:40:00,-7.7,4
2024-10-29 12:45:00,-7.9,4
2024-10-29 12:50:00,-7.9,4
2024-10-29 12:55:00,-8,4
2024-10-29 13:00:00,-8.1,4
2024-10-29 13:05:00,-8.2,4
2024-10-29 13:10:00,-8.3,4
2024-10-29 13:15:00,-8.4,4
2024-10-29 13:20:00,-8.6,4
2024-10-29 13:25:00,-8.7,4
2024-10-29 13:30:00,-8.8,4
2024-10-29 13:35:00,-8.9,4
2024-10-29 13:40:00,-9,4
2024-10-29 13:45:00,-9.1,4
2024-10-29 13:50:00,-9.3,4
2024-10-29 13:55:00,-9.4,4
2024-10-29 14:00:00,-9.5,4
2024-10-29 14:05:00,-9.7,4
2024-10-29 14:10:00,-9.9,4
2024-10-29 14:15:00,-10,4
2024-10-29 14:20:00,-10,4
2024-10-29 14:25:00,-10.1,4
2024-10-29 14:30:00,-10.2,4
2024-10-29 14:35:00,-10.3,4
2024-10-29 14:40:00,-10.4,4
2024-10-29 14:45:00,-10.5,4
2024-10-29 14:50:00,-10.5,4
2024-10-29 14:55:00,-10.6,4
2024-10-29 15:00:00,-10.7,4
2024-10-29 15:05:00,-10.8,4
2024-10-29 15:10:00,-10.9,4
2024-10-29 15:15:00,-11,4
2024-10-29 15:20:00,-11.1,4
2024-10-29 15:25:00,-11.2,4
2024-10-29 15:30:00,-11.3,4
2024-10-29 15:35:00,-11.4,4
2024-10-29 15:40:00,-11.4,4
2024-10-29 15:45:00,-11.5,4
2024-10-29 15:50:00,-11.6,4
2024-10-29 15:55:00,-11.7,4
2024-10-29 16:00:00,-11.9,4
2024-10-29 16:05:00,-12,4
2024-10-29 16:10:00,-12.1,4
2024-10-29 16:15:00,-6.6,4
2024-10-29 16:20:00,-0.6,4
2024-10-29 16:25:00,-0.4,4
2024-10-29 16:30:00,-0.3,4
2024-10-29 16:35:00,-0.2,4
2024-10-29 16:40:00,-0.2,4
2024-10-29 16:45:00,-0.2,4
2024-10-29 16:50:00,-0.2,4
2024-10-29 16:55:00,-0.2,4
2024-10-29 17:00:00,-0.2,4
2024-10-29 17:05:00,-0.2,4
2024-10-29 17:10:00,-0.2,4
2024-10-29 17:15:00,-0.2,4
2024-10-29 17:20:00,-0.2,4
2024-10-29 17:25:00,-0.2,4
2024-10-29 17:30:00,-0.2,4
2024-10-29 17:35:00,-0.2,4
2024-10-29 17:40:00,-0.2,4
2024-10-29 17:45:00,-0.2,4
2024-10-29 17:50:00,-0.2,4
2024-10-29 17:55:00,-0.2,4
2024-10-29 18:00:00,-0.2,4
2024-10-29 18:05:00,-0.2,4
2024-10-29 18:10:00,-0.2,4
2024-10-29 18:15:00,-0.3,4
2024-10-29 18:20:00,-0.3,4
2024-10-29 18:25:00,-0.3,4
2024-10-29 18:30:00,-0.3,4
2024-10-29 18:35:00,-0.3,4
2024-10-29 18:40:00,-0.3,4
2024-10-29 18:45:00,-0.3,4
2024-10-29 18:50:00,-0.3,4
2024-10-29 18:55:00,-0.3,4
2024-10-29 19:00:00,-0.3,4
2024-10-29 19:05:00,-0.3,4
2024-10-29 19:10:00,-0.3,4
2024-10-29 19:15:00,-0.3,4
2024-10-29 19:20:00,-0.3,4
2024-10-29 19:25:00,-0.3,4
2024-10-29 19:30:00,-0.3,4
2024-10-29 19:35:00,-0.3,4
2024-10-29 19:40:00,-0.4,4
2024-10-29 19:45:00,-0.4,4
2024-10-29 19:50:00,-0.4,4
2024-10-29 19:55:00,-0.4,4
2024-10-29 20:00:00,-0.4,4
2024-10-29 20:05:00,-0.4,4
2024-10-29 20:10:00,-0.4,4
2024-10-29 20:15:00,-0.4,4
2024-10-29 20:20:00,-0.5,4
2024-10-29 20:25:00,-0.5,4
2024-10-29 20:30:00,-0.5,4
2024-10-29 20:35:00,-0.5,4
2024-10-29 20:40:00,-0.6,4
2024-10-29 20:45:00,-0.6,4
2024-10-29 20:50:00,-0.6,4
2024-10-29 20:55:00,-0.6,4
2024-10-29 21:00:00,-0.7,4
2024-10-29 21:05:00,-0.7,4
2024-10-29 21:10:00,-0.7,4
2024-10-29 21:15:00,-0.8,4
2024-10-29 21:20:00,-0.8,4
2024-10-29 21:25:00,-0.9,4
2024-10-29 21:30:00,-0.9,4
2024-10-29 21:35:00,-1,4
2024-10-29 21:40:00,-1,4
2024-10-29 21:45:00,-1,4
2024-10-29 21:50:00,-1,4
2024-10-29 21:55:00,-1.1,4
2024-10-29 22:00:00,-1.1,4
2024-10-29 22:05:00,-1.2,4
2024-10-29 22:10:00,-1.2,4
2024-10-29 22:15:00,-1.3,4
2024-10-29 22:20:00,-1.3,4
2024-10-29 22:25:00,-1.4,4
2024-10-29 22:30:00,-1.5,4
2024-10-29 22:35:00,-1.6,4
2024-10-29 22:40:00,-1.6,4
2024-10-29 22:45:00,-1.7,4
2024-10-29 22:50:00,-1.7,4
2024-10-29 22:55:00,-1.8,4
2024-10-29 23:00:00,-1.9,4
2024-10-29 23:05:00,-2,4
2024-10-29 23:10:00,-2.1,4
2024-10-29 23:15:00,-2.1,4
2024-10-29 23:20:00,-2.2,4
2024-10-29 23:25:00,-2.3,4
2024-10-29 23:30:00,-2.5,4
2024-10-29 23:35:00,-2.5,4
2024-10-29 23:40:00,-2.6,4
2024-10-29 23:45:00,-2.7,4
2024-10-29 23:50:00,-2.9,4
2024-10-29 23:55:00,-3,4
2024-10-30,-3.1,4
2024-10-30 00:05:00,-3.2,4
2024-10-30 00:10:00,-3.3,4
2024-10-30 00:15:00,-3.5,4
2024-10-30 00:20:00,-3.5,4
2024-10-30 00:25:00,-3.7,4
2024-10-30 00:30:00,-3.8,4
2024-10-30 00:35:00,-4,4
2024-10-30 00:40:00,-4.1,4
2024-10-30 00:45:00,-4.3,4
2024-10-30 00:50:00,-4.4,4
2024-10-30 00:55:00,-4.5,4
2024-10-30 01:00:00,-4.9,4
2024-10-30 01:05:00,-5,4
2024-10-30 01:10:00,-5.1,4
2024-10-30 01:15:00,-5.2,4
2024-10-30 01:20:00,-5.2,4
2024-10-30 01:25:00,-5.3,4
2024-10-30 01:30:00,-5.3,4
2024-10-30 01:35:00,-5.4,4
2024-10-30 01:40:00,-5.5,4
2024-10-30 01:45:00,-5.5,4
2024-10-30 01:50:00,-5.6,4
2024-10-30 01:55:00,-5.6,4
2024-10-30 02:00:00,-5.7,4
2024-10-30 02:05:00,-5.8,4
2024-10-30 02:10:00,-5.9,4
2024-10-30 02:15:00,-5.9,4
2024-10-30 02:20:00,-6,4
2024-10-30 02:25:00,-6,4
2024-10-30 02:30:00,-6.1,4
2024-10-30 02:35:00,-6.2,4
2024-10-30 02:40:00,-6.2,4
2024-10-30 02:45:00,-6.3,4
2024-10-30 02:50:00,-6.4,4
2024-10-30 02:55:00,-6.4,4
2024-10-30 03:00:00,-6.5,4
2024-10-30 03:05:00,-6.6,4
2024-10-30 03:10:00,-6.6,4
2024-10-30 03:15:00,-6.7,4
2024-10-30 03:20:00,-6.7,4
2024-10-30 03:25:00,-6.8,4
2024-10-30 03:30:00,-6.9,4
2024-10-30 03:35:00,-7,4
2024-10-30 03:40:00,-7,4
2024-10-30 03:45:00,-7.1,4
2024-10-30 03:50:00,-7.1,4
2024-10-30 03:55:00,-7.2,4
2024-10-30 04:00:00,-7.2,4
2024-10-30 04:05:00,-7.3,4
2024-10-30 04:10:00,-7.4,4
2024-10-30 04:15:00,-7.4,4
2024-10-30 04:20:00,-7.5,4
2024-10-30 04:25:00,-7.5,4
2024-10-30 04:30:00,-7.6,4
2024-10-30 04:35:00,-7.7,4
2024-10-30 04:40:00,-7.8,4
2024-10-30 04:45:00,-7.8,4
2024-10-30 04:50:00,-7.8,4
2024-10-30 04:55:00,-8,4
2024-10-30 05:00:00,-8,4
2024-10-30 05:05:00,-8.1,4
2024-10-30 05:10:00,-8.1,4
2024-10-30 05:15:00,-8.2,4
2024-10-30 05:20:00,-8.2,4
2024-10-30 05:25:00,-8.3,4
2024-10-30 05:30:00,-8.3,4
2024-10-30 05:35:00,-8.4,4
2024-10-30 05:40:00,-8.5,4
2024-10-30 05:45:00,-8.5,4
2024-10-30 05:50:00,-8.6,4
2024-10-30 05:55:00,-8.7,4
2024-10-30 06:00:00,-8.7,4
2024-10-30 06:05:00,-8.8,4
2024-10-30 06:10:00,-8.8,4
2024-10-30 06:15:00,-8.8,4
2024-10-30 06:20:00,-9,4
2024-10-30 06:25:00,-9,4
2024-10-30 06:30:00,-9,4
2024-10-30 06:35:00,-9.1,4
2024-10-30 06:40:00,-9.1,4
2024-10-30 06:45:00,-9.2,4
2024-10-30 06:50:00,-9.2,4
2024-10-30 06:55:00,-9.4,4
2024-10-30 07:00:00,-9.4,4
2024-10-30 07:05:00,-9.4,4
2024-10-30 07:10:00,-9.5,4
2024-10-30 07:15:00,-9.6,4
2024-10-30 07:20:00,-9.6,4
2024-10-30 07:25:00,-9.6,4
2024-10-30 07:30:00,-9.7,4
2024-10-30 07:35:00,-9.8,4
2024-10-30 07:40:00,-9.8,4
2024-10-30 07:45:00,-9.9,4
2024-10-30 07:50:00,-10,4
2024-10-30 07:55:00,-10,4
2024-10-30 08:00:00,-10,4
2024-10-30 08:05:00,-10.1,4
2024-10-30 08:10:00,-10.1,4
2024-10-30 08:15:00,-10.2,4
2024-10-30 08:20:00,-10.2,4
2024-10-30 08:25:00,-10.2,4
2024-10-30 08:30:00,-10.3,4
2024-10-30 08:35:00,-10.3,4
2024-10-30 08:40:00,-10.4,4
2024-10-30 08:45:00,-10.4,4
2024-10-30 08:50:00,-10.5,4
2024-10-30 08:55:00,-10.5,4
2024-10-30 09:00:00,-10.6,4
2024-10-30 09:05:00,-10.6,4
2024-10-30 09:10:00,-10.7,4
2024-10-30 09:15:00,-10.7,4
2024-10-30 09:20:00,-10.8,4
2024-10-30 09:25:00,-10.8,4
2024-10-30 09:30:00,-10.9,4
2024-10-30 09:35:00,-10.9,4
2024-10-30 09:40:00,-11,4
2024-10-30 09:45:00,-11.1,4
2024-10-30 09:50:00,-11.1,4
2024-10-30 09:55:00,-11.1,4
2024-10-30 10:00:00,-11.2,4
2024-10-30 10:05:00,-11.3,4
2024-10-30 10:10:00,-11.3,4
2024-10-30 10:15:00,-11.4,4
2024-10-30 10:20:00,-11.4,4
2024-10-30 10:25:00,-11.5,4
2024-10-30 10:30:00,-11.6,4
2024-10-30 10:35:00,-11.7,4
2024-10-30 10:40:00,-11.7,4
2024-10-30 10:45:00,-11.8,4
2024-10-30 10:50:00,-11.9,4
2024-10-30 10:55:00,-11.9,4
2024-10-30 11:00:00,-12,4
2024-10-30 11:05:00,-12.1,4
2024-10-30 11:10:00,-12.2,4
2024-10-30 11:15:00,-12.2,4
2024-10-30 11:20:00,-12.4,4
2024-10-30 11:25:00,-12.4,4
2024-10-30 11:30:00,-12.5,4
2024-10-30 11:35:00,-12.6,4
2024-10-30 11:40:00,-12.7,4
2024-10-30 11:45:00,-12.8,4
2024-10-30 11:50:00,-12.8,4
2024-10-30 11:55:00,-13,4
2024-10-30 12:00:00,-13,4
2024-10-30 12:05:00,-13.1,4
2024-10-30 12:10:00,-13.3,4
2024-10-30 12:15:00,-13.3,4
2024-10-30 12:20:00,-13.4,4
2024-10-30 12:25:00,-13.5,4
2024-10-30 12:30:00,-13.6,4
2024-10-30 12:35:00,-13.7,4
2024-10-30 12:40:00,-13.8,4
2024-10-30 12:45:00,-13.9,4
2024-10-30 12:50:00,-14,4
2024-10-30 12:55:00,-14.2,4
2024-10-30 13:00:00,-14.3,4
2024-10-30 13:05:00,-14.3,4
2024-10-30 13:10:00,-14.5,4
2024-10-30 13:15:00,-14.6,4
2024-10-30 13:20:00,-14.7,4
2024-10-30 13:25:00,-14.8,4
2024-10-30 13:30:00,-15,4
2024-10-30 13:35:00,-15.1,4
2024-10-30 13:40:00,-15.2,4
2024-10-30 13:45:00,-15.4,4
2024-10-30 13:50:00,-15.4,4
2024-10-30 13:55:00,-15.6,4
2024-10-30 14:00:00,-15.7,4
2024-10-30 14:05:00,-15.9,4
2024-10-30 14:10:00,-15.9,4
2024-10-30 14:15:00,-16.1,4
2024-10-30 14:20:00,-16.2,4
2024-10-30 14:25:00,-16.4,4
2024-10-30 14:30:00,-16.5,4
2024-10-30 14:35:00,-16.7,4
2024-10-30 14:40:00,-16.8,4
2024-10-30 14:45:00,-16.9,4
2024-10-30 14:50:00,-17.1,4
2024-10-30 14:55:00,-17.3,4
2024-10-30 15:00:00,-17.5,4
2024-10-30 15:05:00,-17.6,4
2024-10-30 15:10:00,-17.8,4
2024-10-30 15:15:00,-17.9,4
2024-10-30 15:20:00,-18.1,4
2024-10-30 15:25:00,-18.4,4
2024-10-30 15:30:00,-18.5,4
2024-10-30 15:35:00,-18.6,4
2024-10-30 15:40:00,-18.8,4
2024-10-30 15:45:00,-19.1,4
2024-10-30 15:50:00,-19.3,4
2024-10-30 15:55:00,-19.4,4
2024-10-30 16:00:00,-19.6,4
2024-10-30 16:05:00,-19.8,4
2024-10-30 16:10:00,-20,4
2024-10-30 16:15:00,-20.2,4
2024-10-30 16:20:00,-20.4,4
2024-10-30 16:25:00,-20.5,4
2024-10-30 16:30:00,-20.7,4
2024-10-30 16:35:00,-20.9,4
2024-10-30 16:40:00,-21.1,4
2024-10-30 16:45:00,-21.2,4
2024-10-30 16:50:00,-21.4,4
2024-10-30 16:55:00,-21.6,4
2024-10-30 17:00:00,-21.8,4
2024-10-30 17:05:00,-22.1,4
2024-10-30 17:10:00,-0.2,4
2024-10-30 17:15:00,-0.2,4
2024-10-30 17:20:00,-0.2,4
2024-10-30 17:25:00,-0.2,4
2024-10-30 17:30:00,-0.2,4
2024-10-30 17:35:00,-0.2,4
2024-10-30 17:40:00,-0.2,4
2024-10-30 17:45:00,-0.2,4
2024-10-30 17:50:00,-0.2,4
2024-10-30 17:55:00,-0.2,4
2024-10-30 18:00:00,-0.2,4
2024-10-30 18:05:00,-0.2,4
2024-10-30 18:10:00,-0.2,4
2024-10-30 18:15:00,-0.2,4
2024-10-30 18:20:00,-0.2,4
2024-10-30 18:25:00,-0.2,4
2024-10-30 18:30:00,-0.2,4
2024-10-30 18:35:00,-0.2,4
2024-10-30 18:40:00,-0.2,4
2024-10-30 18:45:00,-0.2,4
2024-10-30 18:50:00,-0.2,4
2024-10-30 18:55:00,-0.2,4
2024-10-30 19:00:00,-0.2,4
2024-10-30 19:05:00,-0.3,4
2024-10-30 19:10:00,-0.3,4
2024-10-30 19:15:00,-0.3,4
2024-10-30 19:20:00,-0.3,4
2024-10-30 19:25:00,-0.3,4
2024-10-30 19:30:00,-0.3,4
2024-10-30 19:35:00,-0.3,4
2024-10-30 19:40:00,-0.3,4
2024-10-30 19:45:00,-0.3,4
2024-10-30 19:50:00,-0.3,4
2024-10-30 19:55:00,-0.3,4
2024-10-30 20:00:00,-0.3,4
2024-10-30 20:05:00,-0.3,4
2024-10-30 20:10:00,-0.3,4
2024-10-30 20:15:00,-0.3,4
2024-10-30 20:20:00,-0.3,4
2024-10-30 20:25:00,-0.3,4
2024-10-30 20:30:00,-0.3,4
2024-10-30 20:35:00,-0.3,4
2024-10-30 20:40:00,-0.3,4
2024-10-30 20:45:00,-0.3,4
2024-10-30 20:50:00,-0.3,4
2024-10-30 20:55:00,-0.3,4
2024-10-30 21:00:00,-0.3,4
2024-10-30 21:05:00,-0.3,4
2024-10-30 21:10:00,-0.3,4
2024-10-30 21:15:00,-0.3,4
2024-10-30 21:20:00,-0.3,4
2024-10-30 21:25:00,-0.3,4
2024-10-30 21:30:00,-0.3,4
2024-10-30 21:35:00,-0.3,4
2024-10-30 21:40:00,-0.3,4
2024-10-30 21:45:00,-0.3,4
2024-10-30 21:50:00,-0.3,4
2024-10-30 21:55:00,-0.4,4
2024-10-30 22:00:00,-0.4,4
2024-10-30 22:05:00,-0.4,4
2024-10-30 22:10:00,-0.4,4
2024-10-30 22:15:00,-0.4,4
2024-10-30 22:20:00,-0.4,4
2024-10-30 22:25:00,-0.4,4
2024-10-30 22:30:00,-0.4,4
2024-10-30 22:35:00,-0.4,4
2024-10-30 22:40:00,-0.4,4
2024-10-30 22:45:00,-0.4,4
2024-10-30 22:50:00,-0.4,4
2024-10-30 22:55:00,-0.4,4
2024-10-30 23:00:00,-0.4,4
2024-10-30 23:05:00,-0.4,4
2024-10-30 23:10:00,-0.4,4
2024-10-30 23:15:00,-0.4,4
2024-10-30 23:20:00,-0.4,4
2024-10-30 23:25:00,-0.4,4
2024-10-30 23:30:00,-0.4,4
2024-10-30 23:35:00,-0.4,4
2024-10-30 23:40:00,-0.4,4
2024-10-30 23:45:00,-0.5,4
2024-10-30 23:50:00,-0.5,4
2024-10-30 23:55:00,-0.5,4
2024-10-31,-0.5,4
2024-10-31 00:05:00,-0.5,4
2024-10-31 00:10:00,-0.5,4
2024-10-31 00:15:00,-0.5,4
2024-10-31 00:20:00,-0.5,4
2024-10-31 00:25:00,-0.5,4
2024-10-31 00:30:00,-0.5,4
2024-10-31 00:35:00,-0.5,4
2024-10-31 00:40:00,-0.5,4
2024-10-31 00:45:00,-0.5,4
2024-10-31 00:50:00,-0.5,4
2024-10-31 00:55:00,-0.5,4
2024-10-31 01:00:00,-0.5,4
2024-10-31 01:05:00,-0.5,4
2024-10-31 01:10:00,-0.5,4
2024-10-31 01:15:00,-0.5,4
2024-10-31 01:20:00,-0.5,4
2024-10-31 01:25:00,-0.5,4
2024-10-31 01:30:00,-0.5,4
2024-10-31 01:35:00,-0.5,4
2024-10-31 01:40:00,-0.6,4
2024-10-31 01:45:00,-0.6,4
2024-10-31 01:50:00,-0.6,4
2024-10-31 01:55:00,-0.6,4
2024-10-31 02:00:00,-0.6,4
2024-10-31 02:05:00,-0.6,4
2024-10-31 02:10:00,-0.6,4
2024-10-31 02:15:00,-0.6,4
2024-10-31 02:20:00,-0.6,4
2024-10-31 02:25:00,-0.6,4
2024-10-31 02:30:00,-0.6,4
2024-10-31 02:35:00,-0.7,4
2024-10-31 02:40:00,-0.7,4
2024-10-31 02:45:00,-0.7,4
2024-10-31 02:50:00,-0.7,4
2024-10-31 02:55:00,-0.7,4
2024-10-31 03:00:00,-0.7,4
2024-10-31 03:05:00,-0.7,4
2024-10-31 03:10:00,-0.7,4
2024-10-31 03:15:00,-0.7,4
2024-10-31 03:20:00,-0.7,4
2024-10-31 03:25:00,-0.8,4
2024-10-31 03:30:00,-0.8,4
2024-10-31 03:35:00,-0.8,4
2024-10-31 03:40:00,-0.8,4
2024-10-31 03:45:00,-0.8,4
2024-10-31 03:50:00,-0.8,4
2024-10-31 03:55:00,-0.8,4
2024-10-31 04:00:00,-0.9,4
2024-10-31 04:05:00,-0.9,4
2024-10-31 04:10:00,-0.9,4
2024-10-31 04:15:00,-0.9,4
2024-10-31 04:20:00,-0.9,4
2024-10-31 04:25:00,-1,4
2024-10-31 04:30:00,-1,4
2024-10-31 04:35:00,-1,4
2024-10-31 04:40:00,-1,4
2024-10-31 04:45:00,-1,4
2024-10-31 04:50:00,-1.1,4
2024-10-31 04:55:00,-1.1,4
2024-10-31 05:00:00,-1.1,4
2024-10-31 05:05:00,-1.1,4
2024-10-31 05:10:00,-1.2,4
2024-10-31 05:15:00,-1.2,4
2024-10-31 05:20:00,-1.2,4
2024-10-31 05:25:00,-1.2,4
2024-10-31 05:30:00,-1.3,4
2024-10-31 05:35:00,-1.3,4
2024-10-31 05:40:00,-1.3,4
2024-10-31 05:45:00,-1.4,4
2024-10-31 05:50:00,-1.4,4
2024-10-31 05:55:00,-1.4,4
2024-10-31 06:00:00,-1.4,4
2024-10-31 06:05:00,-1.5,4
2024-10-31 06:10:00,-1.5,4
2024-10-31 06:15:00,-1.6,4
2024-10-31 06:20:00,-1.6,4
2024-10-31 06:25:00,-1.6,4
2024-10-31 06:30:00,-1.6,4
2024-10-31 06:35:00,-1.7,4
2024-10-31 06:40:00,-1.7,4
2024-10-31 06:45:00,-1.7,4
2024-10-31 06:50:00,-1.7,4
2024-10-31 06:55:00,-1.8,4
2024-10-31 07:00:00,-1.8,4
2024-10-31 07:05:00,-1.9,4
2024-10-31 07:10:00,-1.9,4
2024-10-31 07:15:00,-1.9,4
2024-10-31 07:20:00,-2,4
2024-10-31 07:25:00,-2,4
2024-10-31 07:30:00,-2.1,4
2024-10-31 07:35:00,-2.1,4
2024-10-31 07:40:00,-2.1,4
2024-10-31 07:45:00,-2.2,4
2024-10-31 07:50:00,-2.3,4
2024-10-31 07:55:00,-2.3,4
2024-10-31 08:00:00,-2.4,4
2024-10-31 08:05:00,-2.5,4
2024-10-31 08:10:00,-2.6,4
2024-10-31 08:15:00,-2.6,4
2024-10-31 08:20:00,-2.8,4
2024-10-31 08:25:00,-2.9,4
2024-10-31 08:30:00,-3,4
2024-10-31 08:35:00,-3.2,4
2024-10-31 08:40:00,-3.3,4
2024-10-31 08:45:00,-3.5,4
2024-10-31 08:50:00,-3.7,4
2024-10-31 08:55:00,-3.9,4
2024-10-31 09:00:00,-4.1,4
2024-10-31 09:05:00,-4.3,4
2024-10-31 09:10:00,-4.5,4
2024-10-31 09:15:00,-4.7,4
2024-10-31 09:20:00,-4.8,4
2024-10-31 09:25:00,-5,4
2024-10-31 09:30:00,-5.1,4
2024-10-31 09:35:00,-5.2,4
2024-10-31 09:40:00,-5.3,4
2024-10-31 09:45:00,-5.4,4
2024-10-31 09:50:00,-5.5,4
2024-10-31 09:55:00,-5.6,4
2024-10-31 10:00:00,-5.7,4
2024-10-31 10:05:00,-5.8,4
2024-10-31 10:10:00,-5.9,4
2024-10-31 10:15:00,-6.1,4
2024-10-31 10:20:00,-6.2,4
2024-10-31 10:25:00,-6.3,4
2024-10-31 10:30:00,-6.4,4
2024-10-31 10:35:00,-6.6,4
2024-10-31 10:40:00,-6.7,4
2024-10-31 10:45:00,-6.9,4
2024-10-31 10:50:00,-7,4
2024-10-31 10:55:00,-7.2,4
2024-10-31 11:00:00,-7.3,4
2024-10-31 11:05:00,-7.5,4
2024-10-31 11:10:00,-5.9,4
2024-10-31 11:15:00,-4.1,4
2024-10-31 11:20:00,-2.7,4
2024-10-31 11:25:00,-2.1,4
2024-10-31 11:30:00,-1.7,4
2024-10-31 11:35:00,-1.5,4
2024-10-31 11:40:00,-1.3,4
2024-10-31 11:45:00,-1.2,4
2024-10-31 11:50:00,-1.1,4
2024-10-31 11:55:00,-1.1,4
2024-10-31 12:00:00,-1,4
2024-10-31 12:05:00,-1,4
2024-10-31 12:10:00,-1,4
2024-10-31 12:15:00,-1,4
2024-10-31 12:20:00,-1,4
2024-10-31 12:25:00,-1,4
2024-10-31 12:30:00,-1,4
2024-10-31 12:35:00,-1,4
2024-10-31 12:40:00,-1,4
2024-10-31 12:45:00,-1,4
2024-10-31 12:50:00,-1,4
2024-10-31 12:55:00,-1,4
2024-10-31 13:00:00,-1.1,4
2024-10-31 13:05:00,-1.1,4
2024-10-31 13:10:00,-1.1,4
2024-10-31 13:15:00,-1.2,4
2024-10-31 13:20:00,-1.2,4
2024-10-31 13:25:00,-1.3,4
2024-10-31 13:30:00,-1.3,4
2024-10-31 13:35:00,-1.4,4
2024-10-31 13:40:00,-1.5,4
2024-10-31 13:45:00,-1.5,4
2024-10-31 13:50:00,-1.6,4
2024-10-31 13:55:00,-1.7,4
2024-10-31 14:00:00,-1.8,4
2024-10-31 14:05:00,-1.9,4
2024-10-31 14:10:00,-2,4
2024-10-31 14:15:00,-2.2,4
2024-10-31 14:20:00,-2.3,4
2024-10-31 14:25:00,-2.4,4
2024-10-31 14:30:00,-2.6,4
2024-10-31 14:35:00,-2.8,4
2024-10-31 14:40:00,-3.2,4
2024-10-31 14:45:00,-3.4,4
2024-10-31 14:50:00,-3.7,4
2024-10-31 14:55:00,-3.9,4
2024-10-31 15:00:00,-4.2,4
2024-10-31 15:05:00,-4.6,4
2024-10-31 15:10:00,-4.9,4
2024-10-31 15:15:00,-5.1,4
2024-10-31 15:20:00,-5.2,4
2024-10-31 15:25:00,-5.4,4
2024-10-31 15:30:00,-5.5,4
2024-10-31 15:35:00,-5.7,4
2024-10-31 15:40:00,-5.9,4
2024-10-31 15:45:00,-6,4
2024-10-31 15:50:00,-6.2,4
2024-10-31 15:55:00,-6.4,4
2024-10-31 16:00:00,-6.5,4
2024-10-31 16:05:00,-6.8,4
2024-10-31 16:10:00,-6.9,4
2024-10-31 16:15:00,-7.1,4
2024-10-31 16:20:00,-7.3,4
2024-10-31 16:25:00,-7.5,4
2024-10-31 16:30:00,-7.8,4
2024-10-31 16:35:00,-8,4
2024-10-31 16:40:00,-8.2,4
2024-10-31 16:45:00,-8.6,4
2024-10-31 16:50:00,-8.8,4
2024-10-31 16:55:00,-9.1,4
2024-10-31 17:00:00,-9.4,4
2024-10-31 17:05:00,-9.7,4
2024-10-31 17:10:00,-10.1,4
2024-10-31 17:15:00,-10.2,4
2024-10-31 17:20:00,-10.4,4
2024-10-31 17:25:00,-10.6,4
2024-10-31 17:30:00,-10.8,4
2024-10-31 17:35:00,-10.9,4
2024-10-31 17:40:00,-11.1,4
2024-10-31 17:45:00,-11.3,4
2024-10-31 17:50:00,-11.5,4
2024-10-31 17:55:00,-11.7,4
2024-10-31 18:00:00,-11.9,4
2024-10-31 18:05:00,-12.2,4
2024-10-31 18:10:00,-12.3,4
2024-10-31 18:15:00,-12.5,4
2024-10-31 18:20:00,-12.7,4
2024-10-31 18:25:00,-13,4
2024-10-31 18:30:00,-13.2,4
2024-10-31 18:35:00,-13.4,4
2024-10-31 18:40:00,-13.6,4
2024-10-31 18:45:00,-13.9,4
2024-10-31 18:50:00,-14.1,4
2024-10-31 18:55:00,-14.3,4
2024-10-31 19:00:00,-14.5,4
2024-10-31 19:05:00,-14.7,4
2024-10-31 19:10:00,-15,4
2024-10-31 19:15:00,-15.2,4
2024-10-31 19:20:00,-15.5,4
2024-10-31 19:25:00,-15.7,4
2024-10-31 19:30:00,-15.9,4
2024-10-31 19:35:00,-16.2,4
2024-10-31 19:40:00,-16.5,4
2024-10-31 19:45:00,-16.7,4
2024-10-31 19:50:00,-16.9,4
2024-10-31 19:55:00,-17.1,4
2024-10-31 20:00:00,-17.5,4
2024-10-31 20:05:00,-17.6,4
2024-10-31 20:10:00,-17.9,4
2024-10-31 20:15:00,-18.2,4
2024-10-31 20:20:00,-18.4,4
2024-10-31 20:25:00,-18.8,4
2024-10-31 20:30:00,-19,4
2024-10-31 20:35:00,-19.3,4
2024-10-31 20:40:00,-19.5,4
2024-10-31 20:45:00,-19.7,4
2024-10-31 20:50:00,-20,4
2024-10-31 20:55:00,-20.2,4
2024-10-31 21:00:00,-20.6,4
2024-10-31 21:05:00,-20.8,4
2024-10-31 21:10:00,-21.1,4
2024-10-31 21:15:00,-21.3,4
2024-10-31 21:20:00,-21.6,4
2024-10-31 21:25:00,-21.9,4
2024-10-31 21:30:00,-22.1,4
2024-10-31 21:35:00,-22.3,4
2024-10-31 21:40:00,-22.6,4
2024-10-31 21:45:00,-22.9,4
2024-10-31 21:50:00,-23.1,4
2024-10-31 21:55:00,-23.4,4
2024-10-31 22:00:00,-23.7,4
2024-10-31 22:05:00,-23.9,4
2024-10-31 22:10:00,-24.2,4
2024-10-31 22:15:00,-24.5,4
2024-10-31 22:20:00,-24.7,4
2024-10-31 22:25:00,-24.9,4
2024-10-31 22:30:00,-25,4
2024-10-31 22:35:00,-25.9,4
2024-10-31 22:40:00,-26.1,4
2024-10-31 22:45:00,-26.4,4
2024-10-31 22:50:00,-26.6,4
2024-10-31 22:55:00,-26.9,4
2024-10-31 23:00:00,-27.2,4
2024-10-31 23:05:00,-27.3,4
2024-10-31 23:10:00,-27.7,4
2024-10-31 23:15:00,-27.9,4
2024-10-31 23:20:00,-28.2,4
2024-10-31 23:25:00,-28.4,4
2024-10-31 23:30:00,-28.6,4
2024-10-31 23:35:00,-28.9,4
2024-10-31 23:40:00,-29.1,4
2024-10-31 23:45:00,-29.4,4
2024-10-31 23:50:00,-29.7,4
2024-10-31 23:55:00,-29.9,4
2024-11-01,-30,4
2024-11-01 00:05:00,-30.2,4
2024-11-01 00:10:00,-30.4,4
2024-11-01 00:15:00,-30.6,4
2024-11-01 00:20:00,-30.8,4
2024-11-01 00:25:00,-30.9,4
2024-11-01 00:30:00,-31.1,4
2024-11-01 00:35:00,-31.2,4
2024-11-01 00:40:00,-31.4,4
2024-11-01 00:45:00,-31.6,4
2024-11-01 00:50:00,-31.6,4
2024-11-01 00:55:00,-31.9,4
2024-11-01 01:00:00,-32.1,4
2024-11-01 01:05:00,-32.1,4
2024-11-01 01:10:00,-32.3,4
2024-11-01 01:15:00,-32.4,4
2024-11-01 01:20:00,-32.4,4
2024-11-01 01:25:00,-32.7,4
2024-11-01 01:30:00,-32.8,4
2024-11-01 01:35:00,-32.9,4
2024-11-01 01:40:00,-33.2,4
2024-11-01 01:45:00,-33.3,4
2024-11-01 01:50:00,-33.3,4
2024-11-01 01:55:00,-33.5,4
2024-11-01 02:00:00,-33.6,4
2024-11-01 02:05:00,-33.7,4
2024-11-01 02:10:00,-33.8,4
2024-11-01 02:15:00,-34,4
2024-11-01 02:20:00,-34.1,4
2024-11-01 02:25:00,-34.1,4
2024-11-01 02:30:00,-34.2,4
2024-11-01 02:35:00,-34.3,4
2024-11-01 02:40:00,-34.5,4
2024-11-01 02:45:00,-34.5,4
2024-11-01 02:50:00,-34.7,4
2024-11-01 02:55:00,-34.8,4
2024-11-01 03:00:00,-35,4
2024-11-01 03:05:00,-35,4
2024-11-01 03:10:00,-35.1,4
2024-11-01 03:15:00,-35.3,4
2024-11-01 03:20:00,-35.4,4
2024-11-01 03:25:00,-35.5,4
2024-11-01 03:30:00,-35.5,4
2024-11-01 03:35:00,-35.7,4
2024-11-01 03:40:00,-35.9,4
2024-11-01 03:45:00,-35.9,4
2024-11-01 03:50:00,-35.8,4
2024-11-01 03:55:00,-35.9,4
2024-11-01 04:00:00,-36,4
2024-11-01 04:05:00,-36.2,4
2024-11-01 04:10:00,-36.3,4
2024-11-01 04:15:00,-36.4,4
2024-11-01 04:20:00,-36.5,4
2024-11-01 04:25:00,-36.7,4
2024-11-01 04:30:00,-36.8,4
2024-11-01 04:35:00,-36.8,4
2024-11-01 04:40:00,-36.8,4
2024-11-01 04:45:00,-37,4
2024-11-01 04:50:00,-37.1,4
2024-11-01 04:55:00,-37.1,4
2024-11-01 05:00:00,-37.3,4
2024-11-01 05:05:00,-37.4,4
2024-11-01 05:10:00,-37.3,4
2024-11-01 05:15:00,-37.4,4
2024-11-01 05:20:00,-37.5,4
2024-11-01 05:25:00,-37.5,4
2024-11-01 05:30:00,-37.8,4
2024-11-01 05:35:00,-37.8,4
2024-11-01 05:40:00,-37.8,4
2024-11-01 05:45:00,-38,4
2024-11-01 05:50:00,-38,4
2024-11-01 05:55:00,-38,4
2024-11-01 06:00:00,-38.2,4
2024-11-01 06:05:00,-38.4,4
2024-11-01 06:10:00,-38.4,4
2024-11-01 06:15:00,-38.4,4
2024-11-01 06:20:00,-38.4,4
2024-11-01 06:25:00,-38.6,4
2024-11-01 06:30:00,-38.8,4
2024-11-01 06:35:00,-38.8,4
2024-11-01 06:40:00,-38.9,4
2024-11-01 06:45:00,-38.9,4
2024-11-01 06:50:00,-39,4
2024-11-01 06:55:00,-38.9,4
2024-11-01 07:00:00,-39,4
2024-11-01 07:05:00,-39.1,4
2024-11-01 07:10:00,-39.3,4
2024-11-01 07:15:00,-39.5,4
2024-11-01 07:20:00,-39.5,4
2024-11-01 07:25:00,-39.4,4
2024-11-01 07:30:00,-39.6,4
2024-11-01 07:35:00,-39.4,4
2024-11-01 07:40:00,-39.8,4
2024-11-01 07:45:00,-39.8,4
2024-11-01 07:50:00,-39.9,4
2024-11-01 07:55:00,-40.1,4
2024-11-01 08:00:00,-40,4
2024-11-01 08:05:00,-40.2,4
2024-11-01 08:10:00,-40.4,4
2024-11-01 08:15:00,-40.4,4
2024-11-01 08:20:00,-40.6,4
2024-11-01 08:25:00,-40.9,4
2024-11-01 08:30:00,-40.9,4
2024-11-01 08:35:00,-41.1,4
2024-11-01 08:40:00,-41.3,4
2024-11-01 08:45:00,-41.4,4
2024-11-01 08:50:00,-41.7,4
2024-11-01 08:55:00,-41.9,4
2024-11-01 09:00:00,-41.9,4
2024-11-01 09:05:00,-42.3,4
2024-11-01 09:10:00,-42.4,4
2024-11-01 09:15:00,-42.7,4
2024-11-01 09:20:00,-42.9,4
2024-11-01 09:25:00,-43,4
2024-11-01 09:30:00,-43.2,4
2024-11-01 09:35:00,-43.4,4
2024-11-01 09:40:00,-43.9,4
2024-11-01 09:45:00,-43.9,4
2024-11-01 09:50:00,-44.1,4
2024-11-01 09:55:00,-44.4,4
2024-11-01 10:00:00,-44.7,4
2024-11-01 10:05:00,-44.9,4
2024-11-01 10:10:00,-45,4
2024-11-01 10:15:00,-45.4,4
2024-11-01 10:20:00,-45.7,4
2024-11-01 10:25:00,-46,4
2024-11-01 10:30:00,-46,4
2024-11-01 10:35:00,-46.6,4
2024-11-01 10:40:00,-46.5,4
2024-11-01 10:45:00,-47.1,4
2024-11-01 10:50:00,-47.2,4
2024-11-01 10:55:00,-47.4,4
2024-11-01 11:00:00,-47.7,4
2024-11-01 11:05:00,-48.1,4
2024-11-01 11:10:00,-48.3,4
2024-11-01 11:15:00,-48.8,4
2024-11-01 11:20:00,-48.9,4
2024-11-01 11:25:00,-49.4,4
2024-11-01 11:30:00,-49.3,4
2024-11-01 11:35:00,-49.9,4
2024-11-01 11:40:00,-50.1,4
2024-11-01 11:45:00,-50.7,4
2024-11-01 11:50:00,-50.7,4
2024-11-01 11:55:00,-51.3,4
2024-11-01 12:00:00,-51.7,4
2024-11-01 12:05:00,-51.9,4
2024-11-01 12:10:00,-52.3,4
2024-11-01 12:15:00,-52.8,4
2024-11-01 12:20:00,-53.2,4
2024-11-01 12:25:00,-53.4,4
2024-11-01 12:30:00,-53.9,4
2024-11-01 12:35:00,-54.3,4
2024-11-01 12:40:00,-54.8,4
2024-11-01 12:45:00,-55.1,4
2024-11-01 12:50:00,-55.4,4
2024-11-01 12:55:00,-55.8,4
2024-11-01 13:00:00,-56.3,4
2024-11-01 13:05:00,-56.9,4
2024-11-01 13:10:00,-57.2,4
2024-11-01 13:15:00,-57.5,4
2024-11-01 13:20:00,-58.2,4
2024-11-01 13:25:00,-58.5,4
2024-11-01 13:30:00,-59.1,4
2024-11-01 13:35:00,-59.4,4
2024-11-01 13:40:00,-60,4
2024-11-01 13:45:00,-60.5,4
2024-11-01 13:50:00,-60.8,4
2024-11-01 13:55:00,-60.9,4
2024-11-01 14:00:00,-61.4,4
2024-11-01 14:05:00,-61.6,4
2024-11-01 14:10:00,-62.1,4
2024-11-01 14:15:00,-62.5,4
2024-11-01 14:20:00,-62.6,4
2024-11-01 14:25:00,-63.1,4
2024-11-01 14:30:00,-63.3,4
2024-11-01 14:35:00,-63.6,4
2024-11-01 14:40:00,-64.2,4
2024-11-01 14:45:00,-64.3,4
2024-11-01 14:50:00,-64.7,4
2024-11-01 14:55:00,-65.2,4
2024-11-01 15:00:00,-65.4,4
2024-11-01 15:05:00,-65.8,4
2024-11-01 15:10:00,-66.3,4
2024-11-01 15:15:00,-66.6,4
2024-11-01 15:20:00,-67.1,4
2024-11-01 15:25:00,-67.2,4
2024-11-01 15:30:00,-67.9,4
2024-11-01 15:35:00,-68,4
2024-11-01 15:40:00,-68.4,4
2024-11-01 15:45:00,-69,4
2024-11-01 15:50:00,-69.3,4
2024-11-01 15:55:00,-69.7,4
2024-11-01 16:00:00,-70,4
2024-11-01 16:05:00,-70.4,4
2024-11-01 16:10:00,-70.9,4
2024-11-01 16:15:00,-71,4
2024-11-01 16:20:00,-71.7,4
2024-11-01 16:25:00,-72,4
2024-11-01 16:30:00,-72.3,4
2024-11-01 16:35:00,-72.8,4
2024-11-01 16:40:00,-73.2,4
2024-11-01 16:45:00,-73.9,4
2024-11-01 16:50:00,-74.1,4
2024-11-01 16:55:00,-74.4,4
2024-11-01 17:00:00,-74.8,4
2024-11-01 17:05:00,-75.2,4
2024-11-01 17:10:00,-76,4
2024-11-01 17:15:00,-76,4
2024-11-01 17:20:00,-76.7,4
2024-11-01 17:25:00,-76.9,4
2024-11-01 17:30:00,-77.1,4
2024-11-01 17:35:00,-77.5,4
2024-11-01 17:40:00,-78,4
2024-11-01 17:45:00,-78.5,4
2024-11-01 17:50:00,-79.1,4
2024-11-01 17:55:00,-79.5,4
2024-11-01 18:00:00,-79.7,4
2024-11-01 18:05:00,-80.3,4
2024-11-01 18:10:00,-80.8,4
2024-11-01 18:15:00,-81.5,4
2024-11-01 18:20:00,-81.7,4
2024-11-01 18:25:00,-82.2,4
2024-11-01 18:30:00,-82.5,4
2024-11-01 18:35:00,-83.1,4
2024-11-01 18:40:00,-83.4,4
2024-11-01 18:45:00,-84.2,4
2024-11-01 18:50:00,-84.5,4
2024-11-01 18:55:00,-85.1,4
2024-11-01 19:00:00,-85.4,4
2024-11-01 19:05:00,-86.1,4
2024-11-01 19:10:00,-86.4,4
2024-11-01 19:15:00,-86.8,4
2024-11-01 19:20:00,-87.3,4
2024-11-01 19:25:00,-88,4
2024-11-01 19:30:00,-88.5,4
2024-11-01 19:35:00,-88.8,4
2024-11-01 19:40:00,-89.5,4
2024-11-01 19:45:00,-89.6,4
2024-11-01 19:50:00,-90.4,4
2024-11-01 19:55:00,-90.9,4
2024-11-01 20:00:00,-91.5,4
2024-11-01 20:05:00,-91.8,4
2024-11-01 20:10:00,-92.5,4
2024-11-01 20:15:00,-92.7,4
2024-11-01 20:20:00,-93.4,4
2024-11-01 20:25:00,-93.7,4
2024-11-01 20:30:00,-93.7,4
2024-11-01 20:35:00,-94.7,4
2024-11-01 20:40:00,-95.1,4
2024-11-01 20:45:00,-95.8,4
2024-11-01 20:50:00,-96,4
2024-11-01 20:55:00,-96.8,4
2024-11-01 21:00:00,-97,4
2024-11-01 21:05:00,-97.8,4
2024-11-01 21:10:00,-98.2,4
2024-11-01 21:15:00,-98.3,4
2024-11-01 21:20:00,-99.2,4
2024-11-01 21:25:00,-99.5,4
2024-11-01 21:30:00,-100.2,4
2024-11-01 21:35:00,-100.7,4
2024-11-01 21:40:00,-101.1,4
2024-11-01 21:45:00,-102,4
2024-11-01 21:50:00,-102.2,4
2024-11-01 21:55:00,-102.7,4
2024-11-01 22:00:00,-103.3,4
2024-11-01 22:05:00,-103.2,4
2024-11-01 22:10:00,-104.2,4
2024-11-01 22:15:00,-104.6,4
2024-11-01 22:20:00,-104.5,4
2024-11-01 22:25:00,-105.7,4
2024-11-01 22:30:00,-106,4
2024-11-01 22:35:00,-106.5,4
2024-11-01 22:40:00,-107.2,4
2024-11-01 22:45:00,-107.2,4
2024-11-01 22:50:00,-108,4
2024-11-01 22:55:00,-108.6,4
2024-11-01 23:00:00,-108.6,4
2024-11-01 23:05:00,-109.5,4
2024-11-01 23:10:00,-109.9,4
2024-11-01 23:15:00,-110.1,4
2024-11-01 23:20:00,-112.7,4
2024-11-01 23:25:00,-114.2,4
2024-11-01 23:30:00,-114,4
2024-11-01 23:35:00,-114.5,4
2024-11-01 23:40:00,-114.9,4
2024-11-01 23:45:00,-116.1,4
2024-11-01 23:50:00,-116.2,4
2024-11-01 23:55:00,-116.5,4
2024-11-02,-117.1,4
2024-11-02 00:05:00,-117.6,4
2024-11-02 00:10:00,-117.7,4
2024-11-02 00:15:00,-117.8,4
2024-11-02 00:20:00,-118.2,4
2024-11-02 00:25:00,-118.6,4
2024-11-02 00:30:00,-119.4,4
2024-11-02 00:35:00,-118.7,4
2024-11-02 00:40:00,-119.3,4
2024-11-02 00:45:00,-119.6,4
2024-11-02 00:50:00,-119.6,4
2024-11-02 00:55:00,-120.1,4
2024-11-02 01:00:00,-120.5,4
2024-11-02 01:05:00,-120.6,4
2024-11-02 01:10:00,-120.6,4
2024-11-02 01:15:00,-120.6,4
2024-11-02 01:20:00,-120.9,4
2024-11-02 01:25:00,-121.7,4
2024-11-02 01:30:00,-121.5,4
2024-11-02 01:35:00,-122,4
2024-11-02 01:40:00,-122,4
2024-11-02 01:45:00,-122.3,4
2024-11-02 01:50:00,-122.3,4
2024-11-02 01:55:00,-123.2,4
2024-11-02 02:00:00,-123.7,4
2024-11-02 02:05:00,-123.8,4
2024-11-02 02:10:00,-123.9,4
2024-11-02 02:15:00,-124,4
2024-11-02 02:20:00,-124.2,4
2024-11-02 02:25:00,-125,4
2024-11-02 02:30:00,-124.9,4
2024-11-02 02:35:00,-125.5,4
2024-11-02 02:40:00,-125.8,4
2024-11-02 02:45:00,-125.8,4
2024-11-02 02:50:00,-125.7,4
2024-11-02 02:55:00,-126,4
2024-11-02 03:00:00,-127,4
2024-11-02 03:05:00,-127,4
2024-11-02 03:10:00,-127.2,4
2024-11-02 03:15:00,-127.7,4
2024-11-02 03:20:00,-127.1,4
2024-11-02 03:25:00,-127.6,4
2024-11-02 03:30:00,-127.8,4
2024-11-02 03:35:00,-128.2,4
2024-11-02 03:40:00,-128.6,4
2024-11-02 03:45:00,-128.9,4
2024-11-02 03:50:00,-129.3,4
2024-11-02 03:55:00,-129.3,4
2024-11-02 04:00:00,-129.1,4
2024-11-02 04:05:00,-129.3,4
2024-11-02 04:10:00,-129.9,4
2024-11-02 04:15:00,-129.4,4
2024-11-02 04:20:00,-130.3,4
2024-11-02 04:25:00,-130.9,4
2024-11-02 04:30:00,-131,4
2024-11-02 04:35:00,-131,4
2024-11-02 04:40:00,-130.9,4
2024-11-02 04:45:00,-131,4
2024-11-02 04:50:00,-131.1,4
2024-11-02 04:55:00,-131.9,4
2024-11-02 05:00:00,-132.2,4
2024-11-02 05:05:00,-132.6,4
2024-11-02 05:10:00,-133.1,4
2024-11-02 05:15:00,-133,4
2024-11-02 05:20:00,-133,4
2024-11-02 05:25:00,-133.2,4
2024-11-02 05:30:00,-133.1,4
2024-11-02 05:35:00,-133.7,4
2024-11-02 05:40:00,-134.3,4
2024-11-02 05:45:00,-134.6,4
2024-11-02 05:50:00,-134.8,4
2024-11-02 05:55:00,-134.6,4
2024-11-02 06:00:00,-134.5,4
2024-11-02 06:05:00,-134.8,4
2024-11-02 06:10:00,-134.8,4
2024-11-02 06:15:00,-135.2,4
2024-11-02 06:20:00,-135,4
2024-11-02 06:25:00,-135.7,4
2024-11-02 06:30:00,-136,4
2024-11-02 06:35:00,-136.5,4
2024-11-02 06:40:00,-136.5,4
2024-11-02 06:45:00,-136.7,4
2024-11-02 06:50:00,-136.8,4
2024-11-02 06:55:00,-136.7,4
2024-11-02 07:00:00,-137.4,4
2024-11-02 07:05:00,-137.1,4
2024-11-02 07:10:00,-136.9,4
2024-11-02 07:15:00,-137.4,4
2024-11-02 07:20:00,-138.8,4
2024-11-02 07:25:00,-138.3,4
2024-11-02 07:30:00,-138.2,4
2024-11-02 07:35:00,-138.8,4
2024-11-02 07:40:00,-138.8,4
2024-11-02 07:45:00,-139,4
2024-11-02 07:50:00,-139.6,4
2024-11-02 07:55:00,-139.9,4
2024-11-02 08:00:00,-140,4
2024-11-02 08:05:00,-140.3,4
2024-11-02 08:10:00,-140.9,4
2024-11-02 08:15:00,-140.8,4
2024-11-02 08:20:00,-141.2,4
2024-11-02 08:25:00,-142.1,4
2024-11-02 08:30:00,-142.8,4
2024-11-02 08:35:00,-142.7,4
2024-11-02 08:40:00,-143.3,4
2024-11-02 08:45:00,-144.2,4
2024-11-02 08:50:00,-144.8,4
2024-11-02 08:55:00,-144.8,4
2024-11-02 09:00:00,-145.7,4
2024-11-02 09:05:00,-146.4,4
2024-11-02 09:10:00,-147.3,4
2024-11-02 09:15:00,-147.4,4
2024-11-02 09:20:00,-147.6,4
2024-11-02 09:25:00,-148.8,4
2024-11-02 09:30:00,-150.2,4
2024-11-02 09:35:00,-150.1,4
2024-11-02 09:40:00,-151,4
2024-11-02 09:45:00,-151.7,4
2024-11-02 09:50:00,-152,4
2024-11-02 09:55:00,-152.4,4
2024-11-02 10:00:00,-153.5,4
2024-11-02 10:05:00,-154.3,4
2024-11-02 10:10:00,-155,4
2024-11-02 10:15:00,-155.8,4
2024-11-02 10:20:00,-156.8,4
2024-11-02 10:25:00,-156.8,4
2024-11-02 10:30:00,-157.3,4
2024-11-02 10:35:00,-158.7,4
2024-11-02 10:40:00,-159.2,4
2024-11-02 10:45:00,-159.6,4
2024-11-02 10:50:00,-161.3,4
2024-11-02 10:55:00,-161.4,4
2024-11-02 11:00:00,-162.1,4
2024-11-02 11:05:00,-162.4,4
2024-11-02 11:10:00,-164,4
2024-11-02 11:15:00,-164.8,4
2024-11-02 11:20:00,-165,4
2024-11-02 11:25:00,-166.4,4
2024-11-02 11:30:00,-167.2,4
2024-11-02 11:35:00,-167.9,4
2024-11-02 11:40:00,-168.5,4
2024-11-02 11:45:00,-170,4
2024-11-02 11:50:00,-170.3,4
2024-11-02 11:55:00,-171.5,4
2024-11-02 12:00:00,-173.4,4
2024-11-02 12:05:00,-173.3,4
2024-11-02 12:10:00,-174,4
2024-11-02 12:15:00,-174.6,4
2024-11-02 12:20:00,-176.4,4
2024-11-02 12:25:00,-176,4
2024-11-02 12:30:00,-177.3,4
2024-11-02 12:35:00,-179,4
2024-11-02 12:40:00,-179.4,4
2024-11-02 12:45:00,-181,4
2024-11-02 12:50:00,-180.9,4
2024-11-02 12:55:00,-182.5,4
2024-11-02 13:00:00,-183.3,4
2024-11-02 13:05:00,-185.4,4
2024-11-02 13:10:00,-185.1,4
2024-11-02 13:15:00,-185.7,4
2024-11-02 13:20:00,-188.2,4
2024-11-02 13:25:00,-188.9,4
2024-11-02 13:30:00,-189,4
2024-11-02 13:35:00,-190.7,4
2024-11-02 13:40:00,-191.5,4
2024-11-02 13:45:00,-192.6,4
2024-11-02 13:50:00,-193,4
2024-11-02 13:55:00,-193.8,4
2024-11-02 14:00:00,-195.4,4
2024-11-02 14:05:00,-196,4
2024-11-02 14:10:00,-198,4
2024-11-02 14:15:00,-200.3,4
2024-11-02 14:20:00,-200.3,4
2024-11-02 14:25:00,-199.9,4
2024-11-02 14:30:00,-202,4
2024-11-02 14:35:00,-203.2,4
2024-11-02 14:40:00,-203,4
2024-11-02 14:45:00,-205.6,4
2024-11-02 14:50:00,-207.2,4
2024-11-02 14:55:00,-207.1,4
2024-11-02 15:00:00,-208.4,4
2024-11-02 15:05:00,-210.6,4
2024-11-02 15:10:00,-210.6,4
2024-11-02 15:15:00,-211.8,4
2024-11-02 15:20:00,-214.2,4
2024-11-02 15:25:00,-214.6,4
2024-11-02 15:30:00,-215.8,4
2024-11-02 15:35:00,-216.8,4
2024-11-02 15:40:00,-218.2,4
2024-11-02 15:45:00,-219,4
2024-11-02 15:50:00,-221.1,4
2024-11-02 15:55:00,-222.6,4
2024-11-02 16:00:00,-223.3,4
2024-11-02 16:05:00,-224,4
2024-11-02 16:10:00,-226.3,4
2024-11-02 16:15:00,-227.5,4
2024-11-02 16:20:00,-228.8,4
2024-11-02 16:25:00,-231.3,4
2024-11-02 16:30:00,-232.8,4
2024-11-02 16:35:00,-231.8,4
2024-11-02 16:40:00,-234.5,4
2024-11-02 16:45:00,-236.4,4
2024-11-02 16:50:00,-236.3,4
2024-11-02 16:55:00,-238.8,4
2024-11-02 17:00:00,-241.3,4
2024-11-02 17:05:00,-242.2,4
2024-11-02 17:10:00,-241.5,4
2024-11-02 17:15:00,-244,4
2024-11-02 17:20:00,-247.4,4
2024-11-02 17:25:00,-247.4,4
2024-11-02 17:30:00,-248.1,4
2024-11-02 17:35:00,-251.8,4
2024-11-02 17:40:00,-252,4
2024-11-02 17:45:00,-253.6,4
2024-11-02 17:50:00,-255.3,4
2024-11-02 17:55:00,-257.8,4
2024-11-02 18:00:00,-257.9,4
2024-11-02 18:05:00,-259.7,4
2024-11-02 18:10:00,-263.8,4
2024-11-02 18:15:00,-263.3,4
2024-11-02 18:20:00,-265.4,4
2024-11-02 18:25:00,-268,4
2024-11-02 18:30:00,-268.6,4
2024-11-02 18:35:00,-270.9,4
2024-11-02 18:40:00,-273.4,4
2024-11-02 18:45:00,-275,4
2024-11-02 18:50:00,-275.2,4
2024-11-02 18:55:00,-275.7,4
2024-11-02 19:00:00,-279.4,4
2024-11-02 19:05:00,-281,4
2024-11-02 19:10:00,-281.8,4
2024-11-02 19:15:00,-286.3,4
2024-11-02 19:20:00,-285.6,4
2024-11-02 19:25:00,-286.7,4
2024-11-02 19:30:00,-289,4
2024-11-02 19:35:00,-292.5,4
2024-11-02 19:40:00,-292.6,4
2024-11-02 19:45:00,-296.8,4
2024-11-02 19:50:00,-298.4,4
2024-11-02 19:55:00,-300.5,4
2024-11-02 20:00:00,-300,4
2024-11-02 20:05:00,-303.6,4
2024-11-02 20:10:00,-303.4,4
2024-11-02 20:15:00,-308,4
2024-11-02 20:20:00,-307.6,4
2024-11-02 20:25:00,-311.5,4
2024-11-02 20:30:00,-314.7,4
2024-11-02 20:35:00,-314.8,4
2024-11-02 20:40:00,-315.1,4
2024-11-02 20:45:00,-317.2,4
2024-11-02 20:50:00,-320.8,4
2024-11-02 20:55:00,-321.4,4
2024-11-02 21:00:00,-326.4,4
2024-11-02 21:05:00,-328.8,4
2024-11-02 21:10:00,-329.8,4
2024-11-02 21:15:00,-327.9,4
2024-11-02 21:20:00,-332.5,4
2024-11-02 21:25:00,-335.9,4
2024-11-02 21:30:00,-338,4
2024-11-02 21:35:00,-341.7,4
2024-11-02 21:40:00,-343.6,4
2024-11-02 21:45:00,-346.6,4
2024-11-02 21:50:00,-345.2,4
2024-11-02 21:55:00,-346.6,4
2024-11-02 22:00:00,-350.4,4
2024-11-02 22:05:00,-352.6,4
2024-11-02 22:10:00,-354.8,4
2024-11-02 22:15:00,-357.9,4
2024-11-02 22:20:00,-359.5,4
2024-11-02 22:25:00,-363.3,4
2024-11-02 22:30:00,-364.1,4
2024-11-02 22:35:00,-364.4,4
2024-11-02 22:40:00,-369,4
2024-11-02 22:45:00,-372.5,4
2024-11-02 22:50:00,-372.8,4
2024-11-02 22:55:00,-371.9,4
2024-11-02 23:00:00,-378.3,4
2024-11-02 23:05:00,-380.8,4
2024-11-02 23:10:00,-382.5,4
2024-11-02 23:15:00,-382.5,4
2024-11-02 23:20:00,-388.4,4
2024-11-02 23:25:00,-392,4
2024-11-02 23:30:00,-395.9,4
2024-11-02 23:35:00,-393.4,4
2024-11-02 23:40:00,-397,4
2024-11-02 23:45:00,-403.1,4
2024-11-02 23:50:00,-402.5,4
2024-11-02 23:55:00,-406.4,4
2024-11-03,-405.9,4
2024-11-03 00:05:00,-404.7,4
2024-11-03 00:10:00,-411.3,4
2024-11-03 00:15:00,-414.6,4
2024-11-03 00:20:00,-413.8,4
2024-11-03 00:25:00,-416.7,4
2024-11-03 00:30:00,-419.6,4
2024-11-03 00:35:00,-421.7,4
2024-11-03 00:40:00,-424.7,4
2024-11-03 00:45:00,-426.4,4
2024-11-03 00:50:00,-427.8,4
2024-11-03 00:55:00,-429.2,4
2024-11-03 01:00:00,-434.6,4
2024-11-03 01:05:00,-436.6,4
2024-11-03 01:10:00,-438.8,4
2024-11-03 01:15:00,-438.9,4
2024-11-03 01:20:00,-441.3,4
2024-11-03 01:25:00,-441.7,4
2024-11-03 01:30:00,-444.7,4
2024-11-03 01:35:00,-449.4,4
2024-11-03 01:40:00,-451.5,4
2024-11-03 01:45:00,-451.5,4
2024-11-03 01:50:00,-451.3,4
2024-11-03 01:55:00,-454,4
2024-11-03 02:00:00,-458.1,4
2024-11-03 02:05:00,-459.7,4
2024-11-03 02:10:00,-465.6,4
2024-11-03 02:15:00,-463.7,4
2024-11-03 02:20:00,-468.3,4
2024-11-03 02:25:00,-469.3,4
2024-11-03 02:30:00,-467.2,4
2024-11-03 02:35:00,-472,4
2024-11-03 02:40:00,-470.3,4
2024-11-03 02:45:00,-478.2,4
2024-11-03 02:50:00,-478.1,4
2024-11-03 02:55:00,-482,4
2024-11-03 03:00:00,-480.3,4
2024-11-03 03:05:00,-483.3,4
2024-11-03 03:10:00,-481.3,4
2024-11-03 03:15:00,-481.5,4
2024-11-03 03:20:00,-482.5,4
2024-11-03 03:25:00,-481.7,4
2024-11-03 03:30:00,-488.5,4
2024-11-03 03:35:00,-489.1,4
2024-11-03 03:40:00,-495.7,4
2024-11-03 03:45:00,-499.1,4
2024-11-03 03:50:00,-499.5,4
2024-11-03 03:55:00,-497.8,4
2024-11-03 04:00:00,-496.3,4
2024-11-03 04:05:00,-502.1,4
2024-11-03 04:10:00,-502.9,4
2024-11-03 04:15:00,-504.5,4
2024-11-03 04:20:00,-505.1,4
2024-11-03 04:25:00,-512.3,4
2024-11-03 04:30:00,-509.5,4
2024-11-03 04:35:00,-514.5,4
2024-11-03 04:40:00,-512.4,4
2024-11-03 04:45:00,-513.9,4
2024-11-03 04:50:00,-515.7,4
2024-11-03 04:55:00,-512.8,4
2024-11-03 05:00:00,-515.5,4
2024-11-03 05:05:00,-514.7,4
2024-11-03 05:10:00,-516.9,4
2024-11-03 05:15:00,-517.2,4
2024-11-03 05:20:00,-524.1,4
2024-11-03 05:25:00,-528.5,4
2024-11-03 05:30:00,-525.8,4
2024-11-03 05:35:00,-527.9,4
2024-11-03 05:40:00,-527.6,4
2024-11-03 05:45:00,-529.9,4
2024-11-03 05:50:00,-533.6,4
2024-11-03 05:55:00,-531.7,4
2024-11-03 06:00:00,-532.5,4
2024-11-03 06:05:00,-530.9,4
2024-11-03 06:10:00,-532.4,4
2024-11-03 06:15:00,-533.8,4
2024-11-03 06:20:00,-536.3,4
2024-11-03 06:25:00,-534,4
2024-11-03 06:30:00,-539.8,4
2024-11-03 06:35:00,-538.9,4
2024-11-03 06:40:00,-546.3,4
2024-11-03 06:45:00,-545.1,4
2024-11-03 06:50:00,-546.8,4
2024-11-03 06:55:00,-550.8,4
2024-11-03 07:00:00,-546.8,4
2024-11-03 07:05:00,-551.8,4
2024-11-03 07:10:00,-550,4
2024-11-03 07:15:00,-546.5,4
2024-11-03 07:20:00,-549.6,4
2024-11-03 07:25:00,-553.1,4
2024-11-03 07:30:00,-550.9,4
2024-11-03 07:35:00,-553.6,4
2024-11-03 07:40:00,-553,4
2024-11-03 07:45:00,-553.8,4
2024-11-03 07:50:00,-556.9,4
2024-11-03 07:55:00,-565.1,4
2024-11-03 08:00:00,-559.4,4
2024-11-03 08:05:00,-566.9,4
2024-11-03 08:10:00,-562.1,4
2024-11-03 08:15:00,-567.2,4
2024-11-03 08:20:00,-567.9,4
2024-11-03 08:25:00,-566.3,4
2024-11-03 08:30:00,-568.7,4
2024-11-03 08:35:00,-573,4
2024-11-03 08:40:00,-570.1,4
2024-11-03 08:45:00,-569.6,4
2024-11-03 08:50:00,-572.6,4
2024-11-03 08:55:00,-576.2,4
2024-11-03 09:00:00,-579.2,4
2024-11-03 09:05:00,-591.3,4
2024-11-03 09:10:00,-580.6,4
2024-11-03 09:15:00,-583.6,4
2024-11-03 09:20:00,-583.1,4
2024-11-03 09:25:00,-584.8,4
2024-11-03 09:30:00,-585.6,4
2024-11-03 09:35:00,-584.8,4
2024-11-03 09:40:00,-584.7,4
2024-11-03 09:45:00,-591,4
2024-11-03 09:50:00,-588.6,4
2024-11-03 09:55:00,-597.9,4
2024-11-03 10:00:00,-599.4,4
2024-11-03 10:05:00,-604.8,4
2024-11-03 10:10:00,-604.2,4
2024-11-03 10:15:00,-606.7,4
2024-11-03 10:20:00,-603.7,4
2024-11-03 10:25:00,-606.8,4
2024-11-03 10:30:00,-613.4,4
2024-11-03 10:35:00,-622.2,4
2024-11-03 10:40:00,-625.5,4
2024-11-03 10:45:00,-619.3,4
2024-11-03 10:50:00,-619.7,4
2024-11-03 10:55:00,-6.6,4
2024-11-03 11:00:00,-0.8,4
2024-11-03 11:05:00,-0.8,4
2024-11-03 11:10:00,-0.9,4
2024-11-03 11:15:00,-0.9,4
2024-11-03 11:20:00,-0.9,4
2024-11-03 11:25:00,-0.9,4
2024-11-03 11:30:00,-0.9,4
2024-11-03 11:35:00,-0.9,4
2024-11-03 11:40:00,-1,4
2024-11-03 11:45:00,-1,4
2024-11-03 11:50:00,-1,4
2024-11-03 11:55:00,-1,4
2024-11-03 12:00:00,-1,4
2024-11-03 12:05:00,-1,4
2024-11-03 12:10:00,-1,4
2024-11-03 12:15:00,-1.1,4
2024-11-03 12:20:00,-1.1,4
2024-11-03 12:25:00,-1.1,4
2024-11-03 12:30:00,-1.1,4
2024-11-03 12:35:00,-1.1,4
2024-11-03 12:40:00,-1.1,4
2024-11-03 12:45:00,-1.1,4
2024-11-03 12:50:00,-1.2,4
2024-11-03 12:55:00,-1.2,4
2024-11-03 13:00:00,-1.2,4
2024-11-03 13:05:00,-1.2,4
2024-11-03 13:10:00,-1.3,4
2024-11-03 13:15:00,-1.3,4
2024-11-03 13:20:00,-1.3,4
2024-11-03 13:25:00,-1.3,4
2024-11-03 13:30:00,-1.3,4
2024-11-03 13:35:00,-1.3,4
2024-11-03 13:40:00,-1.3,4
2024-11-03 13:45:00,-1.4,4
2024-11-03 13:50:00,-1.4,4
2024-11-03 13:55:00,-1.4,4
2024-11-03 14:00:00,-1.5,4
2024-11-03 14:05:00,-1.5,4
2024-11-03 14:10:00,-1.6,4
2024-11-03 14:15:00,-1.6,4
2024-11-03 14:20:00,-1.7,4
2024-11-03 14:25:00,-1.8,4
2024-11-03 14:30:00,-2,4
2024-11-03 14:35:00,-2.1,4
2024-11-03 14:40:00,-2.3,4
2024-11-03 14:45:00,-2.5,4
2024-11-03 14:50:00,-2.6,4
2024-11-03 14:55:00,-3,4
2024-11-03 15:00:00,-3.3,4
2024-11-03 15:05:00,-3.6,4
2024-11-03 15:10:00,-4,4
2024-11-03 15:15:00,-4.5,4
2024-11-03 15:20:00,-4.9,4
2024-11-03 15:25:00,-5.1,4
2024-11-03 15:30:00,-5.4,4
2024-11-03 15:35:00,-5.6,4
2024-11-03 15:40:00,-5.8,4
2024-11-03 15:45:00,-6,4
2024-11-03 15:50:00,-6.2,4
2024-11-03 15:55:00,-6.5,4
2024-11-03 16:00:00,-6.7,4
2024-11-03 16:05:00,-7,4
2024-11-03 16:10:00,-7.3,4
2024-11-03 16:15:00,-7.6,4
2024-11-03 16:20:00,-7.8,4
2024-11-03 16:25:00,-8.2,4
2024-11-03 16:30:00,-8.5,4
2024-11-03 16:35:00,-8.8,4
2024-11-03 16:40:00,-9.1,4
2024-11-03 16:45:00,-9.5,4
2024-11-03 16:50:00,-9.9,4
2024-11-03 16:55:00,-10.2,4
2024-11-03 17:00:00,-10.4,4
2024-11-03 17:05:00,-10.6,4
2024-11-03 17:10:00,-10.8,4
2024-11-03 17:15:00,-11,4
2024-11-03 17:20:00,-11.3,4
2024-11-03 17:25:00,-11.4,4
2024-11-03 17:30:00,-11.7,4
2024-11-03 17:35:00,-11.9,4
2024-11-03 17:40:00,-12.2,4
2024-11-03 17:45:00,-12.5,4
2024-11-03 17:50:00,-12.7,4
2024-11-03 17:55:00,-12.9,4
2024-11-03 18:00:00,-13.2,4
2024-11-03 18:05:00,-13.5,4
2024-11-03 18:10:00,-13.7,4
2024-11-03 18:15:00,-14,4
2024-11-03 18:20:00,-14.2,4
2024-11-03 18:25:00,-14.5,4
2024-11-03 18:30:00,-14.7,4
2024-11-03 18:35:00,-15,4
2024-11-03 18:40:00,-15.3,4
2024-11-03 18:45:00,-15.5,4
2024-11-03 18:50:00,-15.7,4
2024-11-03 18:55:00,-16.1,4
2024-11-03 19:00:00,-16.3,4
2024-11-03 19:05:00,-16.6,4
2024-11-03 19:10:00,-16.9,4
2024-11-03 19:15:00,-17.1,4
2024-11-03 19:20:00,-17.5,4
2024-11-03 19:25:00,-17.7,4
2024-11-03 19:30:00,-17.9,4
2024-11-03 19:35:00,-18.3,4
2024-11-03 19:40:00,-18.6,4
2024-11-03 19:45:00,-18.9,4
2024-11-03 19:50:00,-19.1,4
2024-11-03 19:55:00,-19.5,4
2024-11-03 20:00:00,-19.8,4
2024-11-03 20:05:00,-20.1,4
2024-11-03 20:10:00,-20.3,4
2024-11-03 20:15:00,-20.5,4
2024-11-03 20:20:00,-20.8,4
2024-11-03 20:25:00,-21,4
2024-11-03 20:30:00,-21.4,4
2024-11-03 20:35:00,-21.5,4
2024-11-03 20:40:00,-21.9,4
2024-11-03 20:45:00,-22.1,4
2024-11-03 20:50:00,-22.4,4
2024-11-03 20:55:00,-22.7,4
2024-11-03 21:00:00,-23.3,4
2024-11-03 21:05:00,-23.5,4
2024-11-03 21:10:00,-23.9,4
2024-11-03 21:15:00,-24.1,4
2024-11-03 21:20:00,-24.5,4
2024-11-03 21:25:00,-24.7,4
2024-11-03 21:30:00,-25,4
2024-11-03 21:35:00,-25.3,4
2024-11-03 21:40:00,-25.6,4
2024-11-03 21:45:00,-25.9,4
2024-11-03 21:50:00,-26.2,4
2024-11-03 21:55:00,-26.5,4
2024-11-03 22:00:00,-26.8,4
2024-11-03 22:05:00,-27.1,4
2024-11-03 22:10:00,-27.3,4
2024-11-03 22:15:00,-27.6,4
2024-11-03 22:20:00,-27.9,4
2024-11-03 22:25:00,-28.2,4
2024-11-03 22:30:00,-28.5,4
2024-11-03 22:35:00,-28.8,4
2024-11-03 22:40:00,-29.1,4
2024-11-03 22:45:00,-29.3,4
2024-11-03 22:50:00,-29.7,4
2024-11-03 22:55:00,-30.1,4
2024-11-03 23:00:00,-30.3,4
2024-11-03 23:05:00,-30.6,4
2024-11-03 23:10:00,-31,4
2024-11-03 23:15:00,-31.3,4
2024-11-03 23:20:00,-31.6,4
2024-11-03 23:25:00,-31.8,4
2024-11-03 23:30:00,-32.2,4
2024-11-03 23:35:00,-32.6,4
2024-11-03 23:40:00,-32.8,4
2024-11-03 23:45:00,-33.1,4
2024-11-03 23:50:00,-33.6,4
2024-11-03 23:55:00,-33.6,4
2024-11-04,-33.9,4
2024-11-04 00:05:00,-34.2,4
2024-11-04 00:10:00,-34.4,4
2024-11-04 00:15:00,-34.7,4
2024-11-04 00:20:00,-34.9,4
2024-11-04 00:25:00,-35,4
2024-11-04 00:30:00,-35.3,4
2024-11-04 00:35:00,-35.3,4
2024-11-04 00:40:00,-35.5,4
2024-11-04 00:45:00,-35.7,4
2024-11-04 00:50:00,-35.8,4
2024-11-04 00:55:00,-36.1,4
2024-11-04 01:00:00,-36.2,4
2024-11-04 01:05:00,-36.4,4
2024-11-04 01:10:00,-36.5,4
2024-11-04 01:15:00,-36.6,4
2024-11-04 01:20:00,-36.8,4
2024-11-04 01:25:00,-36.9,4
2024-11-04 01:30:00,-37.2,4
2024-11-04 01:35:00,-37.3,4
2024-11-04 01:40:00,-37.4,4
2024-11-04 01:45:00,-37.5,4
2024-11-04 01:50:00,-37.7,4
2024-11-04 01:55:00,-37.9,4
2024-11-04 02:00:00,-37.9,4
2024-11-04 02:05:00,-38,4
2024-11-04 02:10:00,-38.3,4
2024-11-04 02:15:00,-38.4,4
2024-11-04 02:20:00,-38.6,4
2024-11-04 02:25:00,-38.6,4
2024-11-04 02:30:00,-38.8,4
2024-11-04 02:35:00,-39.1,4
2024-11-04 02:40:00,-39.1,4
2024-11-04 02:45:00,-39.2,4
2024-11-04 02:50:00,-39.5,4
2024-11-04 02:55:00,-39.6,4
2024-11-04 03:00:00,-39.6,4
2024-11-04 03:05:00,-39.7,4
2024-11-04 03:10:00,-39.9,4
2024-11-04 03:15:00,-40,4
2024-11-04 03:20:00,-40.1,4
2024-11-04 03:25:00,-40.2,4
2024-11-04 03:30:00,-40.3,4
2024-11-04 03:35:00,-40.5,4
2024-11-04 03:40:00,-40.7,4
2024-11-04 03:45:00,-40.7,4
2024-11-04 03:50:00,-40.7,4
2024-11-04 03:55:00,-40.9,4
2024-11-04 04:00:00,-40.9,4
2024-11-04 04:05:00,-41.1,4
2024-11-04 04:10:00,-41.1,4
2024-11-04 04:15:00,-41.3,4
2024-11-04 04:20:00,-41.5,4
2024-11-04 04:25:00,-41.6,4
2024-11-04 04:30:00,-41.6,4
2024-11-04 04:35:00,-41.7,4
2024-11-04 04:40:00,-41.7,4
2024-11-04 04:45:00,-41.7,4
2024-11-04 04:50:00,-42.1,4
2024-11-04 04:55:00,-42.1,4
2024-11-04 05:00:00,-42.1,4
2024-11-04 05:05:00,-42.3,4
2024-11-04 05:10:00,-42.5,4
2024-11-04 05:15:00,-42.6,4
2024-11-04 05:20:00,-42.6,4
2024-11-04 05:25:00,-42.6,4
2024-11-04 05:30:00,-42.7,4
2024-11-04 05:35:00,-42.7,4
2024-11-04 05:40:00,-43,4
2024-11-04 05:45:00,-43.1,4
2024-11-04 05:50:00,-43.1,4
2024-11-04 05:55:00,-43.3,4
2024-11-04 06:00:00,-43.4,4
2024-11-04 06:05:00,-43.6,4
2024-11-04 06:10:00,-43.6,4
2024-11-04 06:15:00,-43.6,4
2024-11-04 06:20:00,-43.7,4
2024-11-04 06:25:00,-43.8,4
2024-11-04 06:30:00,-43.9,4
2024-11-04 06:35:00,-44.1,4
2024-11-04 06:40:00,-44.2,4
2024-11-04 06:45:00,-44.2,4
2024-11-04 06:50:00,-44.2,4
2024-11-04 06:55:00,-44.3,4
2024-11-04 07:00:00,-44.6,4
2024-11-04 07:05:00,-44.7,4
2024-11-04 07:10:00,-44.7,4
2024-11-04 07:15:00,-44.8,4
2024-11-04 07:20:00,-44.7,4
2024-11-04 07:25:00,-44.9,4
2024-11-04 07:30:00,-45.2,4
2024-11-04 07:35:00,-45.2,4
2024-11-04 07:40:00,-45.4,4
2024-11-04 07:45:00,-45.4,4
2024-11-04 07:50:00,-45.8,4
2024-11-04 07:55:00,-45.9,4
2024-11-04 08:00:00,-45.9,4
2024-11-04 08:05:00,-45.9,4
2024-11-04 08:10:00,-46.1,4
2024-11-04 08:15:00,-46.3,4
2024-11-04 08:20:00,-46.4,4
2024-11-04 08:25:00,-46.8,4
2024-11-04 08:30:00,-46.9,4
2024-11-04 08:35:00,-47.1,4
2024-11-04 08:40:00,-47.4,4
2024-11-04 08:45:00,-47.6,4
2024-11-04 08:50:00,-48.1,4
2024-11-04 08:55:00,-48.1,4
2024-11-04 09:00:00,-48.6,4
2024-11-04 09:05:00,-48.5,4
2024-11-04 09:10:00,-49.1,4
2024-11-04 09:15:00,-49.3,4
2024-11-04 09:20:00,-49.7,4
2024-11-04 09:25:00,-50,4
2024-11-04 09:30:00,-50.4,4
2024-11-04 09:35:00,-50.6,4
2024-11-04 09:40:00,-51.1,4
2024-11-04 09:45:00,-51,4
2024-11-04 09:50:00,-51.5,4
2024-11-04 09:55:00,-51.8,4
2024-11-04 10:00:00,-52.3,4
2024-11-04 10:05:00,-52.6,4
2024-11-04 10:10:00,-53.1,4
2024-11-04 10:15:00,-53.5,4
2024-11-04 10:20:00,-53.7,4
2024-11-04 10:25:00,-54.2,4
2024-11-04 10:30:00,-54.5,4
2024-11-04 10:35:00,-55,4
2024-11-04 10:40:00,-55.5,4
2024-11-04 10:45:00,-55.8,4
2024-11-04 10:50:00,-56.5,4
2024-11-04 10:55:00,-56.6,4
2024-11-04 11:00:00,-57.3,4
2024-11-04 11:05:00,-57.9,4
2024-11-04 11:10:00,-58.3,4
2024-11-04 11:15:00,-58.7,4
2024-11-04 11:20:00,-59,4
2024-11-04 11:25:00,-59.8,4
2024-11-04 11:30:00,-60.2,4
2024-11-04 11:35:00,-60.7,4
2024-11-04 11:40:00,-61,4
2024-11-04 11:45:00,-61.2,4
2024-11-04 11:50:00,-61.6,4
2024-11-04 11:55:00,-62.1,4
2024-11-04 12:00:00,-62.4,4
2024-11-04 12:05:00,-62.8,4
2024-11-04 12:10:00,-63.4,4
2024-11-04 12:15:00,-63.6,4
2024-11-04 12:20:00,-64,4
2024-11-04 12:25:00,-64.6,4
2024-11-04 12:30:00,-65,4
2024-11-04 12:35:00,-65.7,4
2024-11-04 12:40:00,-65.9,4
2024-11-04 12:45:00,-66.4,4
2024-11-04 12:50:00,-66.9,4
2024-11-04 12:55:00,-67.4,4
