"Date","Time","Weight","DateTime","Plant_ID"
2024-10-24,"10:33:34",3.9,2024-10-24 10:33:34,1
2024-10-24,"10:48:30",1006.4,2024-10-24 10:48:30,1
2024-10-24,"11:03:30",1016.3,2024-10-24 11:03:30,1
2024-10-24,"11:18:30",1012.8,2024-10-24 11:18:30,1
2024-10-24,"11:33:30",1015.8,2024-10-24 11:33:30,1
2024-10-24,"11:48:30",1014.8,2024-10-24 11:48:30,1
2024-10-24,"12:03:30",1013.8,2024-10-24 12:03:30,1
2024-10-24,"12:18:30",1011.8,2024-10-24 12:18:30,1
2024-10-24,"12:33:30",1010.8,2024-10-24 12:33:30,1
2024-10-24,"12:48:30",1008.8,2024-10-24 12:48:30,1
2024-10-24,"13:03:30",1007.8,2024-10-24 13:03:30,1
2024-10-24,"13:18:30",1007.8,2024-10-24 13:18:30,1
2024-10-24,"13:33:30",1005.7,2024-10-24 13:33:30,1
2024-10-24,"13:48:30",1004.7,2024-10-24 13:48:30,1
2024-10-24,"14:03:30",1003.7,2024-10-24 14:03:30,1
2024-10-24,"14:18:30",1002.7,2024-10-24 14:18:30,1
2024-10-24,"14:33:30",1001.7,2024-10-24 14:33:30,1
2024-10-24,"14:48:30",1000.7,2024-10-24 14:48:30,1
2024-10-24,"15:03:30",999.7,2024-10-24 15:03:30,1
2024-10-24,"15:18:30",998.7,2024-10-24 15:18:30,1
2024-10-24,"15:33:30",997.7,2024-10-24 15:33:30,1
2024-10-24,"15:48:30",996.7,2024-10-24 15:48:30,1
2024-10-24,"16:03:30",996.7,2024-10-24 16:03:30,1
2024-10-24,"16:18:30",995.6,2024-10-24 16:18:30,1
2024-10-24,"16:33:30",994.6,2024-10-24 16:33:30,1
2024-10-24,"16:48:30",993.6,2024-10-24 16:48:30,1
2024-10-24,"17:03:30",992.6,2024-10-24 17:03:30,1
2024-10-24,"17:18:30",992.6,2024-10-24 17:18:30,1
2024-10-24,"17:33:30",991.6,2024-10-24 17:33:30,1
2024-10-24,"17:48:30",990.6,2024-10-24 17:48:30,1
2024-10-24,"18:03:30",989.6,2024-10-24 18:03:30,1
2024-10-25,"13:35:53",954.2,2024-10-25 13:35:53,1
2024-10-25,"13:50:53",953.2,2024-10-25 13:50:53,1
2024-10-25,"14:05:53",952.2,2024-10-25 14:05:53,1
2024-10-25,"14:20:53",951.2,2024-10-25 14:20:53,1
2024-10-25,"14:35:53",950.2,2024-10-25 14:35:53,1
2024-10-25,"14:50:53",949.2,2024-10-25 14:50:53,1
2024-10-25,"15:05:53",948.2,2024-10-25 15:05:53,1
2024-10-25,"15:20:53",948.2,2024-10-25 15:20:53,1
2024-10-25,"15:35:53",947.1,2024-10-25 15:35:53,1
2024-10-25,"15:50:53",946.1,2024-10-25 15:50:53,1
2024-10-25,"16:05:53",945.1,2024-10-25 16:05:53,1
2024-10-25,"16:20:53",945.1,2024-10-25 16:20:53,1
2024-10-25,"16:35:53",944.1,2024-10-25 16:35:53,1
2024-10-25,"16:50:53",943.1,2024-10-25 16:50:53,1
2024-10-25,"17:05:53",942.1,2024-10-25 17:05:53,1
2024-10-25,"17:20:53",942.1,2024-10-25 17:20:53,1
2024-10-25,"17:35:53",941.1,2024-10-25 17:35:53,1
2024-10-25,"17:50:53",940.1,2024-10-25 17:50:53,1
2024-10-25,"18:05:53",939.1,2024-10-25 18:05:53,1
2024-10-25,"18:20:53",939.1,2024-10-25 18:20:53,1
2024-10-25,"18:35:53",938.1,2024-10-25 18:35:53,1
2024-10-25,"18:50:53",938.1,2024-10-25 18:50:53,1
2024-10-25,"19:05:53",937,2024-10-25 19:05:53,1
2024-10-25,"19:20:53",936,2024-10-25 19:20:53,1
2024-10-25,"19:35:53",936,2024-10-25 19:35:53,1
2024-10-25,"19:50:53",935,2024-10-25 19:50:53,1
2024-10-25,"20:05:53",935,2024-10-25 20:05:53,1
2024-10-25,"20:20:53",934,2024-10-25 20:20:53,1
2024-10-25,"20:35:53",934,2024-10-25 20:35:53,1
2024-10-25,"20:50:53",933,2024-10-25 20:50:53,1
2024-10-25,"21:05:53",933,2024-10-25 21:05:53,1
2024-10-25,"21:20:53",932,2024-10-25 21:20:53,1
2024-10-25,"21:35:53",931,2024-10-25 21:35:53,1
2024-10-25,"21:50:53",931,2024-10-25 21:50:53,1
2024-10-25,"22:05:53",930,2024-10-25 22:05:53,1
2024-10-25,"22:20:53",930,2024-10-25 22:20:53,1
2024-10-25,"22:35:53",929,2024-10-25 22:35:53,1
2024-10-25,"22:50:53",929,2024-10-25 22:50:53,1
2024-10-25,"23:05:53",929,2024-10-25 23:05:53,1
2024-10-25,"23:20:53",929,2024-10-25 23:20:53,1
2024-10-25,"23:35:53",929,2024-10-25 23:35:53,1
2024-10-25,"23:50:53",929,2024-10-25 23:50:53,1
2024-10-26,"00:05:53",929,2024-10-26 00:05:53,1
2024-10-26,"00:20:53",929,2024-10-26 00:20:53,1
2024-10-26,"00:35:53",929,2024-10-26 00:35:53,1
2024-10-26,"00:50:53",929,2024-10-26 00:50:53,1
2024-10-26,"01:05:53",929,2024-10-26 01:05:53,1
2024-10-26,"01:20:53",929,2024-10-26 01:20:53,1
2024-10-26,"01:35:53",929,2024-10-26 01:35:53,1
2024-10-26,"01:50:53",929,2024-10-26 01:50:53,1
2024-10-26,"02:05:53",929,2024-10-26 02:05:53,1
2024-10-26,"02:20:53",929,2024-10-26 02:20:53,1
2024-10-26,"02:35:54",929,2024-10-26 02:35:54,1
2024-10-26,"02:50:53",928,2024-10-26 02:50:53,1
2024-10-26,"03:05:53",928,2024-10-26 03:05:53,1
2024-10-26,"03:20:53",928,2024-10-26 03:20:53,1
2024-10-26,"03:35:54",928,2024-10-26 03:35:54,1
2024-10-26,"03:50:53",928,2024-10-26 03:50:53,1
2024-10-26,"04:05:53",928,2024-10-26 04:05:53,1
2024-10-26,"04:20:54",928,2024-10-26 04:20:54,1
2024-10-26,"04:35:53",928,2024-10-26 04:35:53,1
2024-10-26,"04:50:54",926.9,2024-10-26 04:50:54,1
2024-10-26,"05:05:54",926.9,2024-10-26 05:05:54,1
2024-10-26,"05:20:54",926.9,2024-10-26 05:20:54,1
2024-10-26,"05:35:54",926.9,2024-10-26 05:35:54,1
2024-10-26,"05:50:54",926.9,2024-10-26 05:50:54,1
2024-10-26,"06:05:54",926.9,2024-10-26 06:05:54,1
2024-10-26,"06:20:54",926.9,2024-10-26 06:20:54,1
2024-10-26,"06:35:54",926.9,2024-10-26 06:35:54,1
2024-10-26,"06:50:54",926.9,2024-10-26 06:50:54,1
2024-10-26,"07:05:54",925.9,2024-10-26 07:05:54,1
2024-10-26,"07:20:54",924.9,2024-10-26 07:20:54,1
2024-10-26,"07:35:54",924.9,2024-10-26 07:35:54,1
2024-10-26,"07:50:54",923.9,2024-10-26 07:50:54,1
2024-10-26,"08:05:54",923.9,2024-10-26 08:05:54,1
2024-10-26,"08:20:54",922.9,2024-10-26 08:20:54,1
2024-10-26,"08:35:54",922.9,2024-10-26 08:35:54,1
2024-10-26,"08:50:54",921.9,2024-10-26 08:50:54,1
2024-10-26,"09:05:54",921.9,2024-10-26 09:05:54,1
2024-10-26,"09:20:54",920.9,2024-10-26 09:20:54,1
2024-10-26,"09:35:54",920.9,2024-10-26 09:35:54,1
2024-10-26,"09:50:54",919.9,2024-10-26 09:50:54,1
2024-10-26,"10:05:54",918.9,2024-10-26 10:05:54,1
2024-10-26,"10:20:54",918.9,2024-10-26 10:20:54,1
2024-10-26,"10:35:54",917.9,2024-10-26 10:35:54,1
2024-10-26,"10:50:54",916.8,2024-10-26 10:50:54,1
2024-10-26,"11:05:54",915.8,2024-10-26 11:05:54,1
2024-10-26,"11:20:54",915.8,2024-10-26 11:20:54,1
2024-10-26,"11:35:54",914.8,2024-10-26 11:35:54,1
2024-10-26,"11:50:54",914.8,2024-10-26 11:50:54,1
2024-10-26,"12:05:54",913.8,2024-10-26 12:05:54,1
2024-10-26,"12:20:54",912.8,2024-10-26 12:20:54,1
2024-10-26,"12:35:54",912.8,2024-10-26 12:35:54,1
2024-10-26,"12:50:54",911.8,2024-10-26 12:50:54,1
2024-10-26,"13:05:54",911.8,2024-10-26 13:05:54,1
2024-10-26,"13:20:54",910.8,2024-10-26 13:20:54,1
2024-10-26,"13:35:54",910.8,2024-10-26 13:35:54,1
2024-10-26,"13:50:54",909.8,2024-10-26 13:50:54,1
2024-10-26,"14:05:54",909.8,2024-10-26 14:05:54,1
2024-10-26,"14:20:54",908.8,2024-10-26 14:20:54,1
2024-10-26,"14:35:54",908.8,2024-10-26 14:35:54,1
2024-10-26,"14:50:54",907.8,2024-10-26 14:50:54,1
2024-10-26,"15:05:54",906.7,2024-10-26 15:05:54,1
2024-10-26,"15:20:03",906.7,2024-10-26 15:20:03,1
2024-10-26,"15:35:03",905.7,2024-10-26 15:35:03,1
2024-10-26,"15:50:03",905.7,2024-10-26 15:50:03,1
2024-10-26,"16:05:03",904.7,2024-10-26 16:05:03,1
2024-10-26,"16:20:03",903.7,2024-10-26 16:20:03,1
2024-10-26,"16:35:03",903.7,2024-10-26 16:35:03,1
2024-10-26,"16:50:03",902.7,2024-10-26 16:50:03,1
2024-10-26,"17:05:03",902.7,2024-10-26 17:05:03,1
2024-10-26,"17:20:03",901.7,2024-10-26 17:20:03,1
2024-10-26,"17:35:03",901.7,2024-10-26 17:35:03,1
2024-10-26,"17:50:03",900.7,2024-10-26 17:50:03,1
2024-10-26,"18:05:03",900.7,2024-10-26 18:05:03,1
2024-10-26,"18:20:03",899.7,2024-10-26 18:20:03,1
2024-10-26,"18:35:03",899.7,2024-10-26 18:35:03,1
2024-10-26,"18:50:03",898.7,2024-10-26 18:50:03,1
2024-10-26,"19:05:03",898.7,2024-10-26 19:05:03,1
2024-10-26,"19:20:03",897.7,2024-10-26 19:20:03,1
2024-10-26,"19:35:03",897.7,2024-10-26 19:35:03,1
2024-10-26,"19:50:03",896.6,2024-10-26 19:50:03,1
2024-10-26,"20:05:03",896.6,2024-10-26 20:05:03,1
2024-10-26,"20:20:03",895.6,2024-10-26 20:20:03,1
2024-10-26,"20:35:03",895.6,2024-10-26 20:35:03,1
2024-10-26,"20:50:03",894.6,2024-10-26 20:50:03,1
2024-10-26,"21:05:03",894.6,2024-10-26 21:05:03,1
2024-10-26,"21:20:03",894.6,2024-10-26 21:20:03,1
2024-10-26,"21:35:03",893.6,2024-10-26 21:35:03,1
2024-10-26,"21:50:03",893.6,2024-10-26 21:50:03,1
2024-10-26,"22:05:03",892.6,2024-10-26 22:05:03,1
2024-10-26,"22:20:03",892.6,2024-10-26 22:20:03,1
2024-10-26,"22:35:03",892.6,2024-10-26 22:35:03,1
2024-10-26,"22:50:03",891.6,2024-10-26 22:50:03,1
2024-10-26,"23:05:03",891.6,2024-10-26 23:05:03,1
2024-10-26,"23:20:03",891.6,2024-10-26 23:20:03,1
2024-10-26,"23:35:03",891.6,2024-10-26 23:35:03,1
2024-10-26,"23:50:03",891.6,2024-10-26 23:50:03,1
2024-10-27,"00:05:03",891.6,2024-10-27 00:05:03,1
2024-10-27,"00:20:03",891.6,2024-10-27 00:20:03,1
2024-10-27,"00:35:03",891.6,2024-10-27 00:35:03,1
2024-10-27,"00:50:03",891.6,2024-10-27 00:50:03,1
2024-10-27,"01:05:03",891.6,2024-10-27 01:05:03,1
2024-10-27,"01:20:03",891.6,2024-10-27 01:20:03,1
2024-10-27,"01:35:03",891.6,2024-10-27 01:35:03,1
2024-10-27,"01:50:03",891.6,2024-10-27 01:50:03,1
2024-10-27,"02:05:03",891.6,2024-10-27 02:05:03,1
2024-10-27,"02:20:03",891.6,2024-10-27 02:20:03,1
2024-10-27,"02:35:03",891.6,2024-10-27 02:35:03,1
2024-10-27,"02:50:03",891.6,2024-10-27 02:50:03,1
2024-10-27,"02:05:03",891.6,2024-10-27 02:05:03,1
2024-10-27,"02:20:03",890.6,2024-10-27 02:20:03,1
2024-10-27,"02:35:03",890.6,2024-10-27 02:35:03,1
2024-10-27,"02:50:03",890.6,2024-10-27 02:50:03,1
2024-10-27,"03:05:03",890.6,2024-10-27 03:05:03,1
2024-10-27,"03:20:03",890.6,2024-10-27 03:20:03,1
2024-10-27,"03:35:03",890.6,2024-10-27 03:35:03,1
2024-10-27,"03:50:03",890.6,2024-10-27 03:50:03,1
2024-10-27,"04:05:03",890.6,2024-10-27 04:05:03,1
2024-10-27,"04:20:03",890.6,2024-10-27 04:20:03,1
2024-10-27,"04:35:03",890.6,2024-10-27 04:35:03,1
2024-10-27,"04:50:03",890.6,2024-10-27 04:50:03,1
2024-10-27,"05:05:03",890.6,2024-10-27 05:05:03,1
2024-10-27,"05:20:03",890.6,2024-10-27 05:20:03,1
2024-10-27,"05:35:03",889.6,2024-10-27 05:35:03,1
2024-10-27,"05:50:03",889.6,2024-10-27 05:50:03,1
2024-10-27,"06:05:03",889.6,2024-10-27 06:05:03,1
2024-10-27,"06:20:03",889.6,2024-10-27 06:20:03,1
2024-10-27,"06:35:03",889.6,2024-10-27 06:35:03,1
2024-10-27,"06:50:03",889.6,2024-10-27 06:50:03,1
2024-10-27,"07:05:03",888.6,2024-10-27 07:05:03,1
2024-10-27,"07:20:03",887.6,2024-10-27 07:20:03,1
2024-10-27,"07:35:03",886.6,2024-10-27 07:35:03,1
2024-10-27,"07:50:03",886.6,2024-10-27 07:50:03,1
2024-10-27,"08:05:03",885.5,2024-10-27 08:05:03,1
2024-10-27,"08:20:03",885.5,2024-10-27 08:20:03,1
2024-10-27,"08:35:03",884.5,2024-10-27 08:35:03,1
2024-10-27,"08:50:03",884.5,2024-10-27 08:50:03,1
2024-10-27,"09:05:03",883.5,2024-10-27 09:05:03,1
2024-10-27,"09:20:03",883.5,2024-10-27 09:20:03,1
2024-10-27,"09:35:03",882.5,2024-10-27 09:35:03,1
2024-10-27,"09:50:03",882.5,2024-10-27 09:50:03,1
2024-10-27,"10:05:03",881.5,2024-10-27 10:05:03,1
2024-10-27,"10:20:03",881.5,2024-10-27 10:20:03,1
2024-10-27,"10:35:03",880.5,2024-10-27 10:35:03,1
2024-10-27,"10:50:03",880.5,2024-10-27 10:50:03,1
2024-10-27,"11:05:03",879.5,2024-10-27 11:05:03,1
2024-10-27,"11:20:03",879.5,2024-10-27 11:20:03,1
2024-10-27,"11:35:03",878.5,2024-10-27 11:35:03,1
2024-10-27,"11:50:03",878.5,2024-10-27 11:50:03,1
2024-10-27,"12:05:03",877.4,2024-10-27 12:05:03,1
2024-10-27,"12:20:03",877.4,2024-10-27 12:20:03,1
2024-10-27,"12:35:03",876.4,2024-10-27 12:35:03,1
2024-10-27,"12:50:03",876.4,2024-10-27 12:50:03,1
2024-10-27,"13:05:03",875.4,2024-10-27 13:05:03,1
2024-10-27,"13:20:03",875.4,2024-10-27 13:20:03,1
2024-10-27,"13:35:03",874.4,2024-10-27 13:35:03,1
2024-10-27,"13:50:03",874.4,2024-10-27 13:50:03,1
2024-10-27,"14:05:03",873.4,2024-10-27 14:05:03,1
2024-10-27,"14:20:03",873.4,2024-10-27 14:20:03,1
2024-10-27,"14:35:03",869.5,2024-10-27 14:35:03,1
2024-10-27,"14:50:03",1004.4,2024-10-27 14:50:03,1
2024-10-27,"15:05:03",1004.4,2024-10-27 15:05:03,1
2024-10-27,"15:20:03",1003.4,2024-10-27 15:20:03,1
2024-10-27,"15:35:03",1002.4,2024-10-27 15:35:03,1
2024-10-27,"15:50:03",1002.4,2024-10-27 15:50:03,1
2024-10-27,"16:05:03",1001.3,2024-10-27 16:05:03,1
2024-10-27,"16:20:03",1001.3,2024-10-27 16:20:03,1
2024-10-27,"16:35:03",1000.3,2024-10-27 16:35:03,1
2024-10-27,"16:50:03",999.3,2024-10-27 16:50:03,1
2024-10-27,"17:05:03",999.3,2024-10-27 17:05:03,1
2024-10-27,"17:20:03",998.3,2024-10-27 17:20:03,1
2024-10-27,"17:35:03",998.3,2024-10-27 17:35:03,1
2024-10-27,"17:50:03",997.3,2024-10-27 17:50:03,1
2024-10-27,"18:05:03",996.3,2024-10-27 18:05:03,1
2024-10-27,"18:20:03",996.3,2024-10-27 18:20:03,1
2024-10-27,"18:35:03",995.3,2024-10-27 18:35:03,1
2024-10-27,"18:50:03",994.3,2024-10-27 18:50:03,1
2024-10-27,"19:05:03",993.3,2024-10-27 19:05:03,1
2024-10-27,"19:20:03",993.3,2024-10-27 19:20:03,1
2024-10-27,"19:35:03",992.3,2024-10-27 19:35:03,1
2024-10-27,"19:50:03",991.3,2024-10-27 19:50:03,1
2024-10-27,"20:05:03",990.2,2024-10-27 20:05:03,1
2024-10-27,"20:20:03",990.2,2024-10-27 20:20:03,1
2024-10-27,"20:35:03",989.2,2024-10-27 20:35:03,1
2024-10-27,"20:50:03",988.2,2024-10-27 20:50:03,1
2024-10-27,"21:05:03",988.2,2024-10-27 21:05:03,1
2024-10-27,"21:20:03",987.2,2024-10-27 21:20:03,1
2024-10-27,"21:35:03",987.2,2024-10-27 21:35:03,1
2024-10-27,"21:50:03",986.2,2024-10-27 21:50:03,1
2024-10-27,"22:05:03",986.2,2024-10-27 22:05:03,1
2024-10-27,"22:20:03",985.2,2024-10-27 22:20:03,1
2024-10-27,"22:35:03",984.2,2024-10-27 22:35:03,1
2024-10-27,"22:50:03",984.2,2024-10-27 22:50:03,1
2024-10-27,"23:05:03",984.2,2024-10-27 23:05:03,1
2024-10-27,"23:20:03",984.2,2024-10-27 23:20:03,1
2024-10-27,"23:35:03",984.2,2024-10-27 23:35:03,1
2024-10-27,"23:50:03",984.2,2024-10-27 23:50:03,1
2024-10-28,"00:05:03",984.2,2024-10-28 00:05:03,1
2024-10-28,"00:20:03",984.2,2024-10-28 00:20:03,1
2024-10-28,"00:35:03",984.2,2024-10-28 00:35:03,1
2024-10-28,"00:50:03",984.2,2024-10-28 00:50:03,1
2024-10-28,"01:05:03",984.2,2024-10-28 01:05:03,1
2024-10-28,"01:20:03",984.2,2024-10-28 01:20:03,1
2024-10-28,"01:35:03",984.2,2024-10-28 01:35:03,1
2024-10-28,"01:50:03",984.2,2024-10-28 01:50:03,1
2024-10-28,"02:05:03",984.2,2024-10-28 02:05:03,1
2024-10-28,"02:20:03",984.2,2024-10-28 02:20:03,1
2024-10-28,"02:35:03",984.2,2024-10-28 02:35:03,1
2024-10-28,"02:50:03",983.2,2024-10-28 02:50:03,1
2024-10-28,"03:05:03",983.2,2024-10-28 03:05:03,1
2024-10-28,"03:20:03",983.2,2024-10-28 03:20:03,1
2024-10-28,"03:35:03",983.2,2024-10-28 03:35:03,1
2024-10-28,"03:50:03",983.2,2024-10-28 03:50:03,1
2024-10-28,"04:05:03",983.2,2024-10-28 04:05:03,1
2024-10-28,"04:20:03",983.2,2024-10-28 04:20:03,1
2024-10-28,"04:35:03",983.2,2024-10-28 04:35:03,1
2024-10-28,"04:50:03",983.2,2024-10-28 04:50:03,1
2024-10-28,"05:05:03",983.2,2024-10-28 05:05:03,1
2024-10-28,"05:20:03",983.2,2024-10-28 05:20:03,1
2024-10-28,"05:35:03",982.2,2024-10-28 05:35:03,1
2024-10-28,"05:50:03",982.2,2024-10-28 05:50:03,1
2024-10-28,"06:05:03",982.2,2024-10-28 06:05:03,1
2024-10-28,"06:20:03",982.2,2024-10-28 06:20:03,1
2024-10-28,"06:35:03",982.2,2024-10-28 06:35:03,1
2024-10-28,"06:50:03",982.2,2024-10-28 06:50:03,1
2024-10-28,"07:05:03",981.2,2024-10-28 07:05:03,1
2024-10-28,"07:20:03",980.1,2024-10-28 07:20:03,1
2024-10-28,"07:35:03",979.1,2024-10-28 07:35:03,1
2024-10-28,"07:50:03",979.1,2024-10-28 07:50:03,1
2024-10-28,"08:05:03",978.1,2024-10-28 08:05:03,1
2024-10-28,"08:20:03",977.1,2024-10-28 08:20:03,1
2024-10-28,"08:35:03",977.1,2024-10-28 08:35:03,1
2024-10-28,"08:50:03",976.1,2024-10-28 08:50:03,1
2024-10-28,"09:05:03",975.1,2024-10-28 09:05:03,1
2024-10-28,"09:20:03",975.1,2024-10-28 09:20:03,1
2024-10-28,"09:35:03",974.1,2024-10-28 09:35:03,1
2024-10-28,"09:50:03",973.1,2024-10-28 09:50:03,1
2024-10-28,"10:05:03",973.1,2024-10-28 10:05:03,1
2024-10-28,"10:20:03",972.1,2024-10-28 10:20:03,1
2024-10-28,"10:35:03",970,2024-10-28 10:35:03,1
2024-10-28,"10:50:03",969,2024-10-28 10:50:03,1
2024-10-28,"11:05:03",967,2024-10-28 11:05:03,1
2024-10-28,"11:20:03",966,2024-10-28 11:20:03,1
2024-10-28,"11:35:03",966,2024-10-28 11:35:03,1
2024-10-28,"11:50:03",965,2024-10-28 11:50:03,1
2024-10-28,"12:05:03",964,2024-10-28 12:05:03,1
2024-10-28,"12:20:03",963,2024-10-28 12:20:03,1
2024-10-28,"12:35:03",962,2024-10-28 12:35:03,1
2024-10-28,"12:50:03",961,2024-10-28 12:50:03,1
2024-10-28,"13:05:03",959.9,2024-10-28 13:05:03,1
2024-10-28,"13:20:03",958.9,2024-10-28 13:20:03,1
2024-10-28,"13:35:03",957.9,2024-10-28 13:35:03,1
2024-10-28,"13:50:03",956.9,2024-10-28 13:50:03,1
2024-10-28,"14:05:03",955.9,2024-10-28 14:05:03,1
2024-10-28,"14:20:03",955.9,2024-10-28 14:20:03,1
2024-10-28,"14:35:03",954.9,2024-10-28 14:35:03,1
2024-10-28,"14:50:03",953.9,2024-10-28 14:50:03,1
2024-10-28,"15:05:03",952.9,2024-10-28 15:05:03,1
2024-10-28,"15:20:03",951.9,2024-10-28 15:20:03,1
2024-10-28,"15:35:03",951.9,2024-10-28 15:35:03,1
2024-10-28,"15:50:03",950.9,2024-10-28 15:50:03,1
2024-10-28,"16:05:03",949.7,2024-10-28 16:05:03,1
2024-10-28,"16:20:03",949.7,2024-10-28 16:20:03,1
2024-10-28,"16:35:03",948.7,2024-10-28 16:35:03,1
2024-10-28,"16:50:03",947.7,2024-10-28 16:50:03,1
2024-10-28,"17:05:03",946.7,2024-10-28 17:05:03,1
2024-10-28,"17:20:03",945.7,2024-10-28 17:20:03,1
2024-10-28,"17:35:03",945.7,2024-10-28 17:35:03,1
2024-10-28,"17:50:03",944.6,2024-10-28 17:50:03,1
2024-10-28,"18:05:03",943.6,2024-10-28 18:05:03,1
2024-10-28,"18:20:03",942.6,2024-10-28 18:20:03,1
2024-10-28,"18:35:03",942.6,2024-10-28 18:35:03,1
2024-10-28,"18:50:03",941.6,2024-10-28 18:50:03,1
2024-10-28,"19:05:03",940.6,2024-10-28 19:05:03,1
2024-10-28,"19:20:03",940.6,2024-10-28 19:20:03,1
2024-10-28,"19:35:03",939.6,2024-10-28 19:35:03,1
2024-10-28,"19:50:03",938.6,2024-10-28 19:50:03,1
2024-10-28,"20:05:03",937.6,2024-10-28 20:05:03,1
2024-10-28,"20:20:03",937.6,2024-10-28 20:20:03,1
2024-10-28,"20:35:03",936.6,2024-10-28 20:35:03,1
2024-10-28,"20:50:03",935.6,2024-10-28 20:50:03,1
2024-10-28,"21:05:03",935.6,2024-10-28 21:05:03,1
2024-10-28,"21:20:03",934.5,2024-10-28 21:20:03,1
2024-10-28,"21:35:03",933.5,2024-10-28 21:35:03,1
2024-10-28,"21:50:03",933.5,2024-10-28 21:50:03,1
2024-10-28,"22:05:03",932.5,2024-10-28 22:05:03,1
2024-10-28,"22:20:03",932.5,2024-10-28 22:20:03,1
2024-10-28,"22:35:03",931.5,2024-10-28 22:35:03,1
2024-10-28,"22:50:03",931.5,2024-10-28 22:50:03,1
2024-10-28,"23:05:03",931.5,2024-10-28 23:05:03,1
2024-10-28,"23:20:03",931.5,2024-10-28 23:20:03,1
2024-10-28,"23:35:03",932.5,2024-10-28 23:35:03,1
2024-10-28,"23:50:03",932.5,2024-10-28 23:50:03,1
2024-10-29,"00:05:03",932.5,2024-10-29 00:05:03,1
2024-10-29,"00:20:03",932.5,2024-10-29 00:20:03,1
2024-10-29,"00:35:03",932.5,2024-10-29 00:35:03,1
2024-10-29,"00:50:03",932.5,2024-10-29 00:50:03,1
2024-10-29,"01:05:03",932.5,2024-10-29 01:05:03,1
2024-10-29,"01:20:03",932.5,2024-10-29 01:20:03,1
2024-10-29,"01:35:03",932.5,2024-10-29 01:35:03,1
2024-10-29,"01:50:03",932.5,2024-10-29 01:50:03,1
2024-10-29,"02:05:03",932.5,2024-10-29 02:05:03,1
2024-10-29,"02:20:03",931.5,2024-10-29 02:20:03,1
2024-10-29,"02:35:03",931.5,2024-10-29 02:35:03,1
2024-10-29,"02:50:03",931.5,2024-10-29 02:50:03,1
2024-10-29,"03:05:03",931.5,2024-10-29 03:05:03,1
2024-10-29,"03:20:03",931.5,2024-10-29 03:20:03,1
2024-10-29,"03:35:03",931.5,2024-10-29 03:35:03,1
2024-10-29,"03:50:03",931.5,2024-10-29 03:50:03,1
2024-10-29,"04:05:03",931.5,2024-10-29 04:05:03,1
2024-10-29,"04:20:03",931.5,2024-10-29 04:20:03,1
2024-10-29,"04:35:03",931.5,2024-10-29 04:35:03,1
2024-10-29,"04:50:03",931.5,2024-10-29 04:50:03,1
2024-10-29,"05:05:03",931.5,2024-10-29 05:05:03,1
2024-10-29,"05:20:03",930.5,2024-10-29 05:20:03,1
2024-10-29,"05:35:03",930.5,2024-10-29 05:35:03,1
2024-10-29,"05:50:03",930.5,2024-10-29 05:50:03,1
2024-10-29,"06:05:03",930.5,2024-10-29 06:05:03,1
2024-10-29,"06:20:03",930.5,2024-10-29 06:20:03,1
2024-10-29,"06:35:03",930.5,2024-10-29 06:35:03,1
2024-10-29,"06:50:03",930.5,2024-10-29 06:50:03,1
2024-10-29,"07:05:03",929.5,2024-10-29 07:05:03,1
2024-10-29,"07:20:03",927.5,2024-10-29 07:20:03,1
2024-10-29,"07:35:03",927.5,2024-10-29 07:35:03,1
2024-10-29,"07:50:03",926.5,2024-10-29 07:50:03,1
2024-10-29,"08:05:03",925.5,2024-10-29 08:05:03,1
2024-10-29,"08:20:03",925.5,2024-10-29 08:20:03,1
2024-10-29,"08:35:03",924.4,2024-10-29 08:35:03,1
2024-10-29,"08:50:03",923.4,2024-10-29 08:50:03,1
2024-10-29,"09:05:03",922.4,2024-10-29 09:05:03,1
2024-10-29,"09:20:03",921.4,2024-10-29 09:20:03,1
2024-10-29,"09:35:03",921.4,2024-10-29 09:35:03,1
2024-10-29,"09:50:03",920.4,2024-10-29 09:50:03,1
2024-10-29,"10:05:03",919.4,2024-10-29 10:05:03,1
2024-10-29,"10:20:03",919.4,2024-10-29 10:20:03,1
2024-10-29,"10:35:03",918.4,2024-10-29 10:35:03,1
2024-10-29,"10:50:03",917.4,2024-10-29 10:50:03,1
2024-10-29,"11:05:03",916.4,2024-10-29 11:05:03,1
2024-10-29,"11:20:03",915.4,2024-10-29 11:20:03,1
2024-10-29,"11:35:03",914.3,2024-10-29 11:35:03,1
2024-10-29,"11:50:03",913.3,2024-10-29 11:50:03,1
2024-10-29,"12:05:03",912.3,2024-10-29 12:05:03,1
2024-10-29,"12:20:03",911.3,2024-10-29 12:20:03,1
2024-10-29,"12:35:03",910.3,2024-10-29 12:35:03,1
2024-10-29,"12:50:03",909.3,2024-10-29 12:50:03,1
2024-10-29,"13:05:03",909.3,2024-10-29 13:05:03,1
2024-10-29,"13:20:03",908.3,2024-10-29 13:20:03,1
2024-10-29,"13:35:03",907.3,2024-10-29 13:35:03,1
2024-10-29,"13:50:03",906.3,2024-10-29 13:50:03,1
2024-10-29,"14:05:03",906.3,2024-10-29 14:05:03,1
2024-10-29,"14:20:03",905.3,2024-10-29 14:20:03,1
2024-10-29,"14:35:03",904.2,2024-10-29 14:35:03,1
2024-10-29,"14:50:03",904.2,2024-10-29 14:50:03,1
2024-10-29,"15:05:03",903.2,2024-10-29 15:05:03,1
2024-10-29,"15:20:03",902.2,2024-10-29 15:20:03,1
2024-10-29,"15:35:03",901.2,2024-10-29 15:35:03,1
2024-10-29,"15:50:03",901.2,2024-10-29 15:50:03,1
2024-10-29,"16:05:03",900.2,2024-10-29 16:05:03,1
2024-10-29,"16:20:03",900.2,2024-10-29 16:20:03,1
2024-10-29,"16:35:03",899.2,2024-10-29 16:35:03,1
2024-10-29,"16:50:03",898.2,2024-10-29 16:50:03,1
2024-10-29,"17:05:03",898.2,2024-10-29 17:05:03,1
2024-10-29,"17:20:03",897.2,2024-10-29 17:20:03,1
2024-10-29,"17:35:03",896.1,2024-10-29 17:35:03,1
2024-10-29,"17:50:03",896.1,2024-10-29 17:50:03,1
2024-10-29,"18:05:03",1010,2024-10-29 18:05:03,1
2024-10-29,"18:20:03",1010,2024-10-29 18:20:03,1
2024-10-29,"18:35:03",1009,2024-10-29 18:35:03,1
2024-10-29,"18:50:03",1009,2024-10-29 18:50:03,1
2024-10-29,"19:05:03",1008,2024-10-29 19:05:03,1
2024-10-29,"19:20:03",1007,2024-10-29 19:20:03,1
2024-10-29,"19:35:03",1007,2024-10-29 19:35:03,1
2024-10-29,"19:50:03",1006,2024-10-29 19:50:03,1
2024-10-29,"20:05:03",1005,2024-10-29 20:05:03,1
2024-10-29,"20:20:03",1003.9,2024-10-29 20:20:03,1
2024-10-29,"20:35:03",1003.9,2024-10-29 20:35:03,1
2024-10-29,"20:50:03",1002.9,2024-10-29 20:50:03,1
2024-10-29,"21:05:03",1001.9,2024-10-29 21:05:03,1
2024-10-29,"21:20:03",1001.9,2024-10-29 21:20:03,1
2024-10-29,"21:35:03",1000.9,2024-10-29 21:35:03,1
2024-10-29,"21:50:03",999.9,2024-10-29 21:50:03,1
2024-10-29,"22:05:03",999.9,2024-10-29 22:05:03,1
2024-10-29,"22:20:03",998.9,2024-10-29 22:20:03,1
2024-10-29,"22:35:03",998.9,2024-10-29 22:35:03,1
2024-10-29,"22:50:03",997.9,2024-10-29 22:50:03,1
2024-10-29,"23:05:03",997.9,2024-10-29 23:05:03,1
2024-10-29,"23:20:03",997.9,2024-10-29 23:20:03,1
2024-10-29,"23:35:03",997.9,2024-10-29 23:35:03,1
2024-10-29,"23:50:03",997.9,2024-10-29 23:50:03,1
2024-10-30,"00:05:03",997.9,2024-10-30 00:05:03,1
2024-10-30,"00:20:03",997.9,2024-10-30 00:20:03,1
2024-10-30,"00:35:03",997.9,2024-10-30 00:35:03,1
2024-10-30,"00:50:03",997.9,2024-10-30 00:50:03,1
2024-10-30,"01:05:03",997.9,2024-10-30 01:05:03,1
2024-10-30,"01:20:03",997.9,2024-10-30 01:20:03,1
2024-10-30,"01:35:03",997.9,2024-10-30 01:35:03,1
2024-10-30,"01:50:03",997.9,2024-10-30 01:50:03,1
2024-10-30,"02:05:03",997.9,2024-10-30 02:05:03,1
2024-10-30,"02:20:03",997.9,2024-10-30 02:20:03,1
2024-10-30,"02:35:03",996.9,2024-10-30 02:35:03,1
2024-10-30,"02:50:03",996.9,2024-10-30 02:50:03,1
2024-10-30,"03:05:03",996.9,2024-10-30 03:05:03,1
2024-10-30,"03:20:03",996.9,2024-10-30 03:20:03,1
2024-10-30,"03:35:03",996.9,2024-10-30 03:35:03,1
2024-10-30,"03:50:03",996.9,2024-10-30 03:50:03,1
2024-10-30,"04:05:03",996.9,2024-10-30 04:05:03,1
2024-10-30,"04:20:03",996.9,2024-10-30 04:20:03,1
2024-10-30,"04:35:03",995.9,2024-10-30 04:35:03,1
2024-10-30,"04:50:03",995.9,2024-10-30 04:50:03,1
2024-10-30,"05:05:03",995.9,2024-10-30 05:05:03,1
2024-10-30,"05:20:03",995.9,2024-10-30 05:20:03,1
2024-10-30,"05:35:03",995.9,2024-10-30 05:35:03,1
2024-10-30,"05:50:03",995.9,2024-10-30 05:50:03,1
2024-10-30,"06:05:03",995.9,2024-10-30 06:05:03,1
2024-10-30,"06:20:03",995.9,2024-10-30 06:20:03,1
2024-10-30,"06:35:03",995.9,2024-10-30 06:35:03,1
2024-10-30,"06:50:03",994.9,2024-10-30 06:50:03,1
2024-10-30,"07:05:03",993.8,2024-10-30 07:05:03,1
2024-10-30,"07:20:03",992.8,2024-10-30 07:20:03,1
2024-10-30,"07:35:03",991.8,2024-10-30 07:35:03,1
2024-10-30,"07:50:03",991.8,2024-10-30 07:50:03,1
2024-10-30,"08:05:03",990.8,2024-10-30 08:05:03,1
2024-10-30,"08:20:03",989.8,2024-10-30 08:20:03,1
2024-10-30,"08:35:03",989.8,2024-10-30 08:35:03,1
2024-10-30,"08:50:03",988.8,2024-10-30 08:50:03,1
2024-10-30,"09:05:03",987.8,2024-10-30 09:05:03,1
2024-10-30,"09:20:03",986.8,2024-10-30 09:20:03,1
2024-10-30,"09:35:03",986.8,2024-10-30 09:35:03,1
2024-10-30,"09:50:03",985.8,2024-10-30 09:50:03,1
2024-10-30,"10:05:03",984.8,2024-10-30 10:05:03,1
2024-10-30,"10:20:03",983.7,2024-10-30 10:20:03,1
2024-10-30,"10:35:03",982.7,2024-10-30 10:35:03,1
2024-10-30,"10:50:03",981.7,2024-10-30 10:50:03,1
2024-10-30,"11:05:03",980.7,2024-10-30 11:05:03,1
2024-10-30,"11:20:03",979.7,2024-10-30 11:20:03,1
2024-10-30,"11:35:03",978.7,2024-10-30 11:35:03,1
2024-10-30,"11:50:03",977.7,2024-10-30 11:50:03,1
2024-10-30,"12:05:03",976.7,2024-10-30 12:05:03,1
2024-10-30,"12:20:03",975.7,2024-10-30 12:20:03,1
2024-10-30,"12:35:03",974.7,2024-10-30 12:35:03,1
2024-10-30,"12:50:03",973.6,2024-10-30 12:50:03,1
2024-10-30,"13:05:03",972.6,2024-10-30 13:05:03,1
2024-10-30,"13:20:03",971.6,2024-10-30 13:20:03,1
2024-10-30,"13:35:03",969.6,2024-10-30 13:35:03,1
2024-10-30,"13:50:03",968.6,2024-10-30 13:50:03,1
2024-10-30,"14:05:03",967.6,2024-10-30 14:05:03,1
2024-10-30,"14:20:03",966.6,2024-10-30 14:20:03,1
2024-10-30,"14:35:03",965.6,2024-10-30 14:35:03,1
2024-10-30,"14:50:03",964.6,2024-10-30 14:50:03,1
2024-10-30,"15:05:03",962.5,2024-10-30 15:05:03,1
2024-10-30,"15:20:03",962.5,2024-10-30 15:20:03,1
2024-10-30,"15:35:03",961.5,2024-10-30 15:35:03,1
2024-10-30,"15:50:03",960.5,2024-10-30 15:50:03,1
2024-10-30,"16:05:03",959.5,2024-10-30 16:05:03,1
2024-10-30,"16:20:03",958.5,2024-10-30 16:20:03,1
2024-10-30,"16:35:03",957.5,2024-10-30 16:35:03,1
2024-10-30,"16:50:03",956.5,2024-10-30 16:50:03,1
2024-10-30,"17:05:03",955.5,2024-10-30 17:05:03,1
2024-10-30,"17:20:03",954.5,2024-10-30 17:20:03,1
2024-10-30,"17:35:03",953.4,2024-10-30 17:35:03,1
2024-10-30,"17:50:03",952.4,2024-10-30 17:50:03,1
2024-10-30,"18:05:03",951.4,2024-10-30 18:05:03,1
2024-10-30,"18:20:03",951.4,2024-10-30 18:20:03,1
2024-10-30,"18:35:03",950.4,2024-10-30 18:35:03,1
2024-10-30,"18:50:03",949.4,2024-10-30 18:50:03,1
2024-10-30,"19:05:03",948.4,2024-10-30 19:05:03,1
2024-10-30,"19:20:03",947.4,2024-10-30 19:20:03,1
2024-10-30,"19:35:03",946.4,2024-10-30 19:35:03,1
2024-10-30,"19:50:03",945.4,2024-10-30 19:50:03,1
2024-10-30,"20:05:03",944.3,2024-10-30 20:05:03,1
2024-10-30,"20:20:03",943.3,2024-10-30 20:20:03,1
2024-10-30,"20:35:03",942.3,2024-10-30 20:35:03,1
2024-10-30,"20:50:03",941.3,2024-10-30 20:50:03,1
2024-10-30,"21:05:03",941.3,2024-10-30 21:05:03,1
2024-10-30,"21:20:03",940.3,2024-10-30 21:20:03,1
2024-10-30,"21:35:03",939.3,2024-10-30 21:35:03,1
2024-10-30,"21:50:03",938.3,2024-10-30 21:50:03,1
2024-10-30,"22:05:03",938.3,2024-10-30 22:05:03,1
2024-10-30,"22:20:03",937.3,2024-10-30 22:20:03,1
2024-10-30,"22:35:03",936.3,2024-10-30 22:35:03,1
2024-10-30,"22:50:03",936.3,2024-10-30 22:50:03,1
2024-10-30,"23:05:03",936.3,2024-10-30 23:05:03,1
2024-10-30,"23:20:03",936.3,2024-10-30 23:20:03,1
2024-10-30,"23:35:03",936.3,2024-10-30 23:35:03,1
2024-10-30,"23:50:03",936.3,2024-10-30 23:50:03,1
2024-10-31,"00:05:03",937.4,2024-10-31 00:05:03,1
2024-10-31,"00:20:03",937.4,2024-10-31 00:20:03,1
2024-10-31,"00:35:03",937.4,2024-10-31 00:35:03,1
2024-10-31,"00:50:03",937.4,2024-10-31 00:50:03,1
2024-10-31,"01:05:03",937.4,2024-10-31 01:05:03,1
2024-10-31,"01:20:03",936.4,2024-10-31 01:20:03,1
2024-10-31,"01:35:03",936.4,2024-10-31 01:35:03,1
2024-10-31,"01:50:03",936.4,2024-10-31 01:50:03,1
2024-10-31,"02:05:03",936.4,2024-10-31 02:05:03,1
2024-10-31,"02:20:03",935.4,2024-10-31 02:20:03,1
2024-10-31,"02:35:03",935.4,2024-10-31 02:35:03,1
2024-10-31,"02:50:03",935.4,2024-10-31 02:50:03,1
2024-10-31,"03:05:03",935.4,2024-10-31 03:05:03,1
2024-10-31,"03:20:03",935.4,2024-10-31 03:20:03,1
2024-10-31,"03:35:03",935.4,2024-10-31 03:35:03,1
2024-10-31,"03:50:03",935.4,2024-10-31 03:50:03,1
2024-10-31,"04:05:03",935.4,2024-10-31 04:05:03,1
2024-10-31,"04:20:03",934.4,2024-10-31 04:20:03,1
2024-10-31,"04:35:03",934.4,2024-10-31 04:35:03,1
2024-10-31,"04:50:03",934.4,2024-10-31 04:50:03,1
2024-10-31,"05:05:03",934.4,2024-10-31 05:05:03,1
2024-10-31,"05:20:03",934.4,2024-10-31 05:20:03,1
2024-10-31,"05:35:03",934.4,2024-10-31 05:35:03,1
2024-10-31,"05:50:03",934.4,2024-10-31 05:50:03,1
2024-10-31,"06:05:03",934.4,2024-10-31 06:05:03,1
2024-10-31,"06:20:03",934.4,2024-10-31 06:20:03,1
2024-10-31,"06:35:03",933.3,2024-10-31 06:35:03,1
2024-10-31,"06:50:03",933.3,2024-10-31 06:50:03,1
2024-10-31,"07:05:03",932.3,2024-10-31 07:05:03,1
2024-10-31,"07:20:03",930.3,2024-10-31 07:20:03,1
2024-10-31,"07:35:03",930.3,2024-10-31 07:35:03,1
2024-10-31,"07:50:03",929.3,2024-10-31 07:50:03,1
2024-10-31,"08:05:03",928.3,2024-10-31 08:05:03,1
2024-10-31,"08:20:03",927.3,2024-10-31 08:20:03,1
2024-10-31,"08:35:03",927.3,2024-10-31 08:35:03,1
2024-10-31,"08:50:03",926.3,2024-10-31 08:50:03,1
2024-10-31,"09:05:03",925.3,2024-10-31 09:05:03,1
2024-10-31,"09:20:03",924.3,2024-10-31 09:20:03,1
2024-10-31,"09:35:03",923.2,2024-10-31 09:35:03,1
2024-10-31,"09:50:03",922.2,2024-10-31 09:50:03,1
2024-10-31,"10:05:03",921.2,2024-10-31 10:05:03,1
2024-10-31,"10:20:03",920.2,2024-10-31 10:20:03,1
2024-10-31,"10:35:03",919.2,2024-10-31 10:35:03,1
2024-10-31,"10:50:03",918.2,2024-10-31 10:50:03,1
2024-10-31,"11:05:03",917.2,2024-10-31 11:05:03,1
2024-10-31,"11:20:03",916.2,2024-10-31 11:20:03,1
2024-10-31,"11:35:03",915.2,2024-10-31 11:35:03,1
2024-10-31,"11:50:03",914.2,2024-10-31 11:50:03,1
2024-10-31,"12:05:03",913.1,2024-10-31 12:05:03,1
2024-10-31,"12:20:03",912.1,2024-10-31 12:20:03,1
2024-10-31,"12:35:03",911.1,2024-10-31 12:35:03,1
2024-10-31,"12:50:03",910.1,2024-10-31 12:50:03,1
2024-10-31,"13:05:03",909,2024-10-31 13:05:03,1
2024-10-31,"13:20:03",908,2024-10-31 13:20:03,1
2024-10-31,"13:35:03",907,2024-10-31 13:35:03,1
2024-10-31,"13:50:03",906,2024-10-31 13:50:03,1
2024-10-31,"14:05:03",905,2024-10-31 14:05:03,1
2024-10-31,"14:20:03",905,2024-10-31 14:20:03,1
2024-10-31,"14:35:03",904,2024-10-31 14:35:03,1
2024-10-31,"14:50:03",902.9,2024-10-31 14:50:03,1
2024-10-31,"15:05:03",901.9,2024-10-31 15:05:03,1
2024-10-31,"15:20:03",901.9,2024-10-31 15:20:03,1
2024-10-31,"15:35:03",900.9,2024-10-31 15:35:03,1
2024-10-31,"15:50:03",898.9,2024-10-31 15:50:03,1
2024-10-31,"16:05:03",897.9,2024-10-31 16:05:03,1
2024-10-31,"16:20:03",896.9,2024-10-31 16:20:03,1
2024-10-31,"16:35:03",1009.4,2024-10-31 16:35:03,1
2024-10-31,"16:50:03",1009.4,2024-10-31 16:50:03,1
2024-10-31,"17:05:03",1008.4,2024-10-31 17:05:03,1
2024-10-31,"17:20:03",1007.4,2024-10-31 17:20:03,1
2024-10-31,"17:35:03",1007.4,2024-10-31 17:35:03,1
2024-10-31,"17:50:03",1006.4,2024-10-31 17:50:03,1
2024-10-31,"18:05:03",1005.4,2024-10-31 18:05:03,1
2024-10-31,"18:20:03",1004.4,2024-10-31 18:20:03,1
2024-10-31,"18:35:03",1004.4,2024-10-31 18:35:03,1
2024-10-31,"18:50:03",1003.4,2024-10-31 18:50:03,1
2024-10-31,"19:05:03",1002.4,2024-10-31 19:05:03,1
2024-10-31,"19:20:03",1001.4,2024-10-31 19:20:03,1
2024-10-31,"19:35:03",1000.3,2024-10-31 19:35:03,1
2024-10-31,"19:50:03",999.3,2024-10-31 19:50:03,1
2024-10-31,"20:05:03",998.3,2024-10-31 20:05:03,1
2024-10-31,"20:20:03",997.3,2024-10-31 20:20:03,1
2024-10-31,"20:35:03",996.3,2024-10-31 20:35:03,1
2024-10-31,"20:50:03",995.3,2024-10-31 20:50:03,1
2024-10-31,"21:05:03",994.3,2024-10-31 21:05:03,1
2024-10-31,"21:20:03",993.3,2024-10-31 21:20:03,1
2024-10-31,"21:35:03",993.3,2024-10-31 21:35:03,1
2024-10-31,"21:50:03",992.3,2024-10-31 21:50:03,1
2024-10-31,"22:05:03",991.3,2024-10-31 22:05:03,1
2024-10-31,"22:20:03",990.2,2024-10-31 22:20:03,1
2024-10-31,"22:35:03",989.2,2024-10-31 22:35:03,1
2024-10-31,"22:50:03",989.2,2024-10-31 22:50:03,1
2024-10-31,"23:05:03",989.2,2024-10-31 23:05:03,1
2024-10-31,"23:20:03",989.2,2024-10-31 23:20:03,1
2024-10-31,"23:35:03",989.2,2024-10-31 23:35:03,1
2024-10-31,"23:50:03",989.2,2024-10-31 23:50:03,1
2024-11-01,"00:05:03",989.2,2024-11-01 00:05:03,1
2024-11-01,"00:20:03",989.2,2024-11-01 00:20:03,1
2024-11-01,"00:35:03",989.2,2024-11-01 00:35:03,1
2024-11-01,"00:50:03",989.2,2024-11-01 00:50:03,1
2024-11-01,"01:05:03",989.2,2024-11-01 01:05:03,1
2024-11-01,"01:20:03",989.2,2024-11-01 01:20:03,1
2024-11-01,"01:35:03",989.2,2024-11-01 01:35:03,1
2024-11-01,"01:50:03",988.2,2024-11-01 01:50:03,1
2024-11-01,"02:05:03",988.2,2024-11-01 02:05:03,1
2024-11-01,"02:20:03",988.2,2024-11-01 02:20:03,1
2024-11-01,"02:35:03",988.2,2024-11-01 02:35:03,1
2024-11-01,"02:50:03",988.2,2024-11-01 02:50:03,1
2024-11-01,"03:05:03",988.2,2024-11-01 03:05:03,1
2024-11-01,"03:20:03",987.2,2024-11-01 03:20:03,1
2024-11-01,"03:35:03",987.2,2024-11-01 03:35:03,1
2024-11-01,"03:50:03",987.2,2024-11-01 03:50:03,1
2024-11-01,"04:05:03",987.2,2024-11-01 04:05:03,1
2024-11-01,"04:20:03",987.2,2024-11-01 04:20:03,1
2024-11-01,"04:35:03",987.2,2024-11-01 04:35:03,1
2024-11-01,"04:50:03",987.2,2024-11-01 04:50:03,1
2024-11-01,"05:05:03",987.2,2024-11-01 05:05:03,1
2024-11-01,"05:20:03",987.2,2024-11-01 05:20:03,1
2024-11-01,"05:35:03",986.2,2024-11-01 05:35:03,1
2024-11-01,"05:50:03",986.2,2024-11-01 05:50:03,1
2024-11-01,"06:05:03",986.2,2024-11-01 06:05:03,1
2024-11-01,"06:20:03",986.2,2024-11-01 06:20:03,1
2024-11-01,"06:35:03",986.2,2024-11-01 06:35:03,1
2024-11-01,"06:50:03",986.2,2024-11-01 06:50:03,1
2024-11-01,"07:05:03",984.2,2024-11-01 07:05:03,1
2024-11-01,"07:20:03",983.2,2024-11-01 07:20:03,1
2024-11-01,"07:35:03",982.2,2024-11-01 07:35:03,1
2024-11-01,"07:50:03",981.2,2024-11-01 07:50:03,1
2024-11-01,"08:05:03",980.1,2024-11-01 08:05:03,1
2024-11-01,"08:20:03",979.1,2024-11-01 08:20:03,1
2024-11-01,"08:35:03",978.1,2024-11-01 08:35:03,1
2024-11-01,"08:50:03",978.1,2024-11-01 08:50:03,1
2024-11-01,"09:05:03",977.1,2024-11-01 09:05:03,1
2024-11-01,"09:20:03",976.1,2024-11-01 09:20:03,1
2024-11-01,"09:35:03",975.1,2024-11-01 09:35:03,1
2024-11-01,"09:50:03",974.1,2024-11-01 09:50:03,1
2024-11-01,"10:05:03",973.1,2024-11-01 10:05:03,1
2024-11-01,"10:20:03",972.1,2024-11-01 10:20:03,1
2024-11-01,"10:35:03",971.1,2024-11-01 10:35:03,1
2024-11-01,"10:50:03",970,2024-11-01 10:50:03,1
2024-11-01,"11:05:03",969,2024-11-01 11:05:03,1
2024-11-01,"11:20:03",967,2024-11-01 11:20:03,1
2024-11-01,"11:35:03",966,2024-11-01 11:35:03,1
2024-11-01,"11:50:03",965,2024-11-01 11:50:03,1
2024-11-01,"12:05:03",964,2024-11-01 12:05:03,1
2024-11-01,"12:20:03",963,2024-11-01 12:20:03,1
2024-11-01,"12:35:03",962,2024-11-01 12:35:03,1
2024-11-01,"12:50:03",961,2024-11-01 12:50:03,1
2024-11-01,"13:05:03",958.9,2024-11-01 13:05:03,1
2024-11-01,"13:20:03",957.9,2024-11-01 13:20:03,1
2024-11-01,"13:35:03",956.9,2024-11-01 13:35:03,1
2024-11-01,"13:50:03",955.9,2024-11-01 13:50:03,1
2024-11-01,"14:05:03",954.9,2024-11-01 14:05:03,1
2024-11-01,"14:20:03",953.9,2024-11-01 14:20:03,1
2024-11-01,"14:35:03",951.9,2024-11-01 14:35:03,1
2024-11-01,"14:50:03",950.9,2024-11-01 14:50:03,1
2024-11-01,"15:05:03",949.8,2024-11-01 15:05:03,1
2024-11-01,"15:20:03",948.8,2024-11-01 15:20:03,1
2024-11-01,"15:35:03",947.8,2024-11-01 15:35:03,1
2024-11-01,"15:50:03",946.8,2024-11-01 15:50:03,1
2024-11-01,"16:05:03",945.8,2024-11-01 16:05:03,1
2024-11-01,"16:20:03",943.8,2024-11-01 16:20:03,1
2024-11-01,"16:35:03",942.8,2024-11-01 16:35:03,1
2024-11-01,"16:50:03",941.8,2024-11-01 16:50:03,1
2024-11-01,"17:05:03",940.8,2024-11-01 17:05:03,1
2024-11-01,"17:20:03",939.7,2024-11-01 17:20:03,1
2024-11-01,"17:35:03",938.7,2024-11-01 17:35:03,1
2024-11-01,"17:50:03",937.7,2024-11-01 17:50:03,1
2024-11-01,"18:05:03",936.7,2024-11-01 18:05:03,1
2024-11-01,"18:20:03",935.7,2024-11-01 18:20:03,1
2024-11-01,"18:35:03",934.7,2024-11-01 18:35:03,1
2024-11-01,"18:50:03",933.7,2024-11-01 18:50:03,1
2024-11-01,"19:05:03",932.7,2024-11-01 19:05:03,1
2024-11-01,"19:20:03",931.7,2024-11-01 19:20:03,1
2024-11-01,"19:35:03",929.6,2024-11-01 19:35:03,1
2024-11-01,"19:50:03",929.6,2024-11-01 19:50:03,1
2024-11-01,"20:05:03",928.6,2024-11-01 20:05:03,1
2024-11-01,"20:20:03",927.6,2024-11-01 20:20:03,1
2024-11-01,"20:35:03",926.6,2024-11-01 20:35:03,1
2024-11-01,"20:50:03",925.6,2024-11-01 20:50:03,1
2024-11-01,"21:05:03",924.6,2024-11-01 21:05:03,1
2024-11-01,"21:20:03",923.6,2024-11-01 21:20:03,1
2024-11-01,"21:35:03",922.6,2024-11-01 21:35:03,1
2024-11-01,"21:50:03",921.6,2024-11-01 21:50:03,1
2024-11-01,"22:05:03",921.6,2024-11-01 22:05:03,1
2024-11-01,"22:20:03",920.6,2024-11-01 22:20:03,1
2024-11-01,"22:35:03",919.5,2024-11-01 22:35:03,1
2024-11-01,"22:50:03",918.5,2024-11-01 22:50:03,1
2024-11-01,"23:05:03",918.5,2024-11-01 23:05:03,1
2024-11-01,"23:20:03",919.5,2024-11-01 23:20:03,1
2024-11-01,"23:35:03",919.5,2024-11-01 23:35:03,1
2024-11-01,"23:50:03",919.5,2024-11-01 23:50:03,1
2024-11-02,"00:05:03",919.5,2024-11-02 00:05:03,1
2024-11-02,"00:20:03",919.5,2024-11-02 00:20:03,1
2024-11-02,"00:35:03",919.5,2024-11-02 00:35:03,1
2024-11-02,"00:50:03",919.5,2024-11-02 00:50:03,1
2024-11-02,"01:05:03",919.5,2024-11-02 01:05:03,1
2024-11-02,"01:20:03",919.5,2024-11-02 01:20:03,1
2024-11-02,"01:35:03",919.5,2024-11-02 01:35:03,1
2024-11-02,"01:50:03",919.5,2024-11-02 01:50:03,1
2024-11-02,"02:05:03",919.5,2024-11-02 02:05:03,1
2024-11-02,"02:20:03",919.5,2024-11-02 02:20:03,1
2024-11-02,"02:35:03",918.5,2024-11-02 02:35:03,1
2024-11-02,"02:50:03",918.5,2024-11-02 02:50:03,1
2024-11-02,"03:05:03",918.5,2024-11-02 03:05:03,1
2024-11-02,"03:20:03",918.5,2024-11-02 03:20:03,1
2024-11-02,"03:35:03",918.5,2024-11-02 03:35:03,1
2024-11-02,"03:50:03",918.5,2024-11-02 03:50:03,1
2024-11-02,"04:05:03",918.5,2024-11-02 04:05:03,1
2024-11-02,"04:20:03",918.5,2024-11-02 04:20:03,1
2024-11-02,"04:35:03",917.5,2024-11-02 04:35:03,1
2024-11-02,"04:50:03",917.5,2024-11-02 04:50:03,1
2024-11-02,"05:05:03",917.5,2024-11-02 05:05:03,1
2024-11-02,"05:20:03",917.5,2024-11-02 05:20:03,1
2024-11-02,"05:35:03",917.5,2024-11-02 05:35:03,1
2024-11-02,"05:50:03",917.5,2024-11-02 05:50:03,1
2024-11-02,"06:05:03",917.5,2024-11-02 06:05:03,1
2024-11-02,"06:20:03",917.5,2024-11-02 06:20:03,1
2024-11-02,"06:35:03",916.5,2024-11-02 06:35:03,1
2024-11-02,"06:50:03",916.5,2024-11-02 06:50:03,1
2024-11-02,"07:05:03",915.5,2024-11-02 07:05:03,1
2024-11-02,"07:20:03",913.5,2024-11-02 07:20:03,1
2024-11-02,"07:35:03",912.5,2024-11-02 07:35:03,1
2024-11-02,"07:50:03",911.5,2024-11-02 07:50:03,1
2024-11-02,"08:05:03",910.5,2024-11-02 08:05:03,1
2024-11-02,"08:20:03",909.4,2024-11-02 08:20:03,1
2024-11-02,"08:35:03",909.4,2024-11-02 08:35:03,1
2024-11-02,"08:50:03",908.4,2024-11-02 08:50:03,1
2024-11-02,"09:05:03",907.4,2024-11-02 09:05:03,1
2024-11-02,"09:20:03",906.4,2024-11-02 09:20:03,1
2024-11-02,"09:35:03",905.4,2024-11-02 09:35:03,1
2024-11-02,"09:50:03",904.4,2024-11-02 09:50:03,1
2024-11-02,"10:05:03",903.4,2024-11-02 10:05:03,1
2024-11-02,"10:20:03",902.4,2024-11-02 10:20:03,1
2024-11-02,"10:35:03",901.4,2024-11-02 10:35:03,1
2024-11-02,"10:50:03",900.4,2024-11-02 10:50:03,1
2024-11-02,"11:05:03",899.3,2024-11-02 11:05:03,1
2024-11-02,"11:20:03",898.3,2024-11-02 11:20:03,1
2024-11-02,"11:35:03",897.3,2024-11-02 11:35:03,1
2024-11-02,"11:50:03",895.3,2024-11-02 11:50:03,1
2024-11-02,"12:05:03",894.2,2024-11-02 12:05:03,1
2024-11-02,"12:20:03",893.2,2024-11-02 12:20:03,1
2024-11-02,"12:35:03",892.2,2024-11-02 12:35:03,1
2024-11-02,"12:50:03",891.2,2024-11-02 12:50:03,1
2024-11-02,"13:05:03",890.2,2024-11-02 13:05:03,1
2024-11-02,"13:20:03",889.2,2024-11-02 13:20:03,1
2024-11-02,"13:35:03",888.2,2024-11-02 13:35:03,1
2024-11-02,"13:50:03",887.2,2024-11-02 13:50:03,1
2024-11-02,"14:05:03",886.2,2024-11-02 14:05:03,1
2024-11-02,"14:20:03",885.2,2024-11-02 14:20:03,1
2024-11-02,"14:35:03",884.1,2024-11-02 14:35:03,1
2024-11-02,"14:50:03",884.1,2024-11-02 14:50:03,1
2024-11-02,"15:05:03",883.1,2024-11-02 15:05:03,1
2024-11-02,"15:20:03",881.1,2024-11-02 15:20:03,1
2024-11-02,"15:35:03",880.1,2024-11-02 15:35:03,1
2024-11-02,"15:50:03",880.1,2024-11-02 15:50:03,1
2024-11-02,"16:05:03",879.1,2024-11-02 16:05:03,1
2024-11-02,"16:20:03",878.1,2024-11-02 16:20:03,1
2024-11-02,"16:35:03",877.1,2024-11-02 16:35:03,1
2024-11-02,"16:50:03",876.1,2024-11-02 16:50:03,1
2024-11-02,"17:05:03",875,2024-11-02 17:05:03,1
2024-11-02,"17:20:03",875,2024-11-02 17:20:03,1
2024-11-02,"17:35:03",874,2024-11-02 17:35:03,1
2024-11-02,"17:50:03",873,2024-11-02 17:50:03,1
2024-11-02,"18:05:03",872,2024-11-02 18:05:03,1
2024-11-02,"18:20:03",871,2024-11-02 18:20:03,1
2024-11-02,"18:35:03",870,2024-11-02 18:35:03,1
2024-11-02,"18:50:03",870,2024-11-02 18:50:03,1
2024-11-02,"19:05:03",869,2024-11-02 19:05:03,1
2024-11-02,"19:20:03",868,2024-11-02 19:20:03,1
2024-11-02,"19:35:03",867,2024-11-02 19:35:03,1
2024-11-02,"19:50:03",866,2024-11-02 19:50:03,1
2024-11-02,"20:05:03",864.9,2024-11-02 20:05:03,1
2024-11-02,"20:20:03",864.9,2024-11-02 20:20:03,1
2024-11-02,"20:35:03",863.9,2024-11-02 20:35:03,1
2024-11-02,"20:50:03",862.9,2024-11-02 20:50:03,1
2024-11-02,"21:05:03",861.9,2024-11-02 21:05:03,1
2024-11-02,"21:20:03",861.9,2024-11-02 21:20:03,1
2024-11-02,"21:35:03",860.9,2024-11-02 21:35:03,1
2024-11-02,"21:50:03",860.9,2024-11-02 21:50:03,1
2024-11-02,"22:05:03",859.9,2024-11-02 22:05:03,1
2024-11-02,"22:20:03",858.9,2024-11-02 22:20:03,1
2024-11-02,"22:35:03",857.9,2024-11-02 22:35:03,1
2024-11-02,"22:50:03",857.9,2024-11-02 22:50:03,1
2024-11-02,"23:05:03",857.9,2024-11-02 23:05:03,1
2024-11-02,"23:20:03",857.9,2024-11-02 23:20:03,1
2024-11-02,"23:35:03",857.9,2024-11-02 23:35:03,1
2024-11-02,"23:50:03",858.9,2024-11-02 23:50:03,1
2024-11-03,"00:05:03",858.9,2024-11-03 00:05:03,1
2024-11-03,"00:20:03",858.9,2024-11-03 00:20:03,1
2024-11-03,"00:35:03",858.9,2024-11-03 00:35:03,1
2024-11-03,"00:50:03",858.9,2024-11-03 00:50:03,1
2024-11-03,"01:05:03",858.9,2024-11-03 01:05:03,1
2024-11-03,"01:20:03",858.9,2024-11-03 01:20:03,1
2024-11-03,"01:35:03",858.9,2024-11-03 01:35:03,1
2024-11-03,"01:50:03",858.9,2024-11-03 01:50:03,1
2024-11-03,"02:05:03",858.9,2024-11-03 02:05:03,1
2024-11-03,"02:20:03",858.9,2024-11-03 02:20:03,1
2024-11-03,"02:35:03",858.9,2024-11-03 02:35:03,1
2024-11-03,"02:50:03",858.9,2024-11-03 02:50:03,1
2024-11-03,"03:05:03",858.9,2024-11-03 03:05:03,1
2024-11-03,"03:20:03",858.9,2024-11-03 03:20:03,1
2024-11-03,"03:35:03",858.9,2024-11-03 03:35:03,1
2024-11-03,"03:50:03",857.9,2024-11-03 03:50:03,1
2024-11-03,"04:05:03",857.9,2024-11-03 04:05:03,1
2024-11-03,"04:20:03",857.9,2024-11-03 04:20:03,1
2024-11-03,"04:35:03",857.9,2024-11-03 04:35:03,1
2024-11-03,"04:50:03",857.9,2024-11-03 04:50:03,1
2024-11-03,"05:05:03",857.9,2024-11-03 05:05:03,1
2024-11-03,"05:20:03",857.9,2024-11-03 05:20:03,1
2024-11-03,"05:35:03",857.9,2024-11-03 05:35:03,1
2024-11-03,"05:50:03",857.9,2024-11-03 05:50:03,1
2024-11-03,"06:05:03",857.9,2024-11-03 06:05:03,1
2024-11-03,"06:20:03",857.9,2024-11-03 06:20:03,1
2024-11-03,"06:35:03",856.9,2024-11-03 06:35:03,1
2024-11-03,"06:50:03",856.9,2024-11-03 06:50:03,1
2024-11-03,"07:05:03",855.8,2024-11-03 07:05:03,1
2024-11-03,"07:20:03",853.8,2024-11-03 07:20:03,1
2024-11-03,"07:35:03",852.8,2024-11-03 07:35:03,1
2024-11-03,"07:50:03",851.8,2024-11-03 07:50:03,1
2024-11-03,"08:05:03",850.8,2024-11-03 08:05:03,1
2024-11-03,"08:20:03",850.8,2024-11-03 08:20:03,1
2024-11-03,"08:35:03",849.8,2024-11-03 08:35:03,1
2024-11-03,"08:50:03",848.8,2024-11-03 08:50:03,1
2024-11-03,"09:05:03",847.7,2024-11-03 09:05:03,1
2024-11-03,"09:20:03",846.7,2024-11-03 09:20:03,1
2024-11-03,"09:35:03",845.7,2024-11-03 09:35:03,1
2024-11-03,"09:50:03",845.7,2024-11-03 09:50:03,1
2024-11-03,"10:05:03",1005.3,2024-11-03 10:05:03,1
2024-11-03,"10:20:03",1005.3,2024-11-03 10:20:03,1
2024-11-03,"10:35:03",1005.3,2024-11-03 10:35:03,1
2024-11-03,"10:50:03",1004.3,2024-11-03 10:50:03,1
2024-11-03,"11:05:03",1003.3,2024-11-03 11:05:03,1
2024-11-03,"11:20:03",1002.3,2024-11-03 11:20:03,1
2024-11-03,"11:35:03",1001.3,2024-11-03 11:35:03,1
2024-11-03,"11:50:03",1000.3,2024-11-03 11:50:03,1
2024-11-03,"12:05:03",998.3,2024-11-03 12:05:03,1
2024-11-03,"12:20:03",997.2,2024-11-03 12:20:03,1
2024-11-03,"12:35:03",996.2,2024-11-03 12:35:03,1
2024-11-03,"12:50:03",995.2,2024-11-03 12:50:03,1
2024-11-03,"13:05:03",993.2,2024-11-03 13:05:03,1
2024-11-03,"13:20:03",992.2,2024-11-03 13:20:03,1
2024-11-03,"13:35:03",990.1,2024-11-03 13:35:03,1
2024-11-03,"13:50:03",989.1,2024-11-03 13:50:03,1
2024-11-03,"14:05:03",987.1,2024-11-03 14:05:03,1
2024-11-03,"14:20:03",985.1,2024-11-03 14:20:03,1
2024-11-03,"14:35:03",984.1,2024-11-03 14:35:03,1
2024-11-03,"14:50:03",982.1,2024-11-03 14:50:03,1
2024-11-03,"15:05:03",981.1,2024-11-03 15:05:03,1
2024-11-03,"15:20:03",979,2024-11-03 15:20:03,1
2024-11-03,"15:35:03",978,2024-11-03 15:35:03,1
2024-11-03,"15:50:03",976,2024-11-03 15:50:03,1
2024-11-03,"16:05:03",975,2024-11-03 16:05:03,1
2024-11-03,"16:20:03",974,2024-11-03 16:20:03,1
2024-11-03,"16:35:03",972,2024-11-03 16:35:03,1
2024-11-03,"16:50:03",971,2024-11-03 16:50:03,1
2024-11-03,"17:05:03",969.9,2024-11-03 17:05:03,1
2024-11-03,"17:20:03",968.9,2024-11-03 17:20:03,1
2024-11-03,"17:35:03",966.9,2024-11-03 17:35:03,1
2024-11-03,"17:50:03",965.9,2024-11-03 17:50:03,1
2024-11-03,"18:05:03",964.9,2024-11-03 18:05:03,1
2024-11-03,"18:20:03",962.9,2024-11-03 18:20:03,1
2024-11-03,"18:35:03",961.9,2024-11-03 18:35:03,1
2024-11-03,"18:50:03",960.9,2024-11-03 18:50:03,1
2024-11-03,"19:05:03",959.8,2024-11-03 19:05:03,1
2024-11-03,"19:20:03",958.8,2024-11-03 19:20:03,1
2024-11-03,"19:35:03",956.8,2024-11-03 19:35:03,1
2024-11-03,"19:50:03",955.8,2024-11-03 19:50:03,1
2024-11-03,"20:05:03",954.8,2024-11-03 20:05:03,1
2024-11-03,"20:20:03",953.8,2024-11-03 20:20:03,1
2024-11-03,"20:35:03",952.8,2024-11-03 20:35:03,1
2024-11-03,"20:50:03",951.8,2024-11-03 20:50:03,1
2024-11-03,"21:05:03",950.8,2024-11-03 21:05:03,1
2024-11-03,"21:20:03",948.7,2024-11-03 21:20:03,1
2024-11-03,"21:35:03",947.7,2024-11-03 21:35:03,1
2024-11-03,"21:50:03",946.7,2024-11-03 21:50:03,1
2024-11-03,"22:05:03",945.7,2024-11-03 22:05:03,1
2024-11-03,"22:20:03",944.7,2024-11-03 22:20:03,1
2024-11-03,"22:35:03",943.7,2024-11-03 22:35:03,1
2024-11-03,"22:50:03",942.7,2024-11-03 22:50:03,1
2024-11-03,"23:05:03",942.7,2024-11-03 23:05:03,1
2024-11-03,"23:20:03",943.7,2024-11-03 23:20:03,1
2024-11-03,"23:35:03",943.7,2024-11-03 23:35:03,1
2024-11-03,"23:50:03",943.7,2024-11-03 23:50:03,1
2024-11-04,"00:05:03",943.7,2024-11-04 00:05:03,1
2024-11-04,"00:20:03",943.7,2024-11-04 00:20:03,1
2024-11-04,"00:35:03",943.7,2024-11-04 00:35:03,1
2024-11-04,"00:50:03",943.7,2024-11-04 00:50:03,1
2024-11-04,"01:05:03",942.7,2024-11-04 01:05:03,1
2024-11-04,"01:20:03",942.7,2024-11-04 01:20:03,1
2024-11-04,"01:35:03",942.7,2024-11-04 01:35:03,1
2024-11-04,"01:50:03",942.7,2024-11-04 01:50:03,1
2024-11-04,"02:05:03",941.7,2024-11-04 02:05:03,1
2024-11-04,"02:20:03",941.7,2024-11-04 02:20:03,1
2024-11-04,"02:35:03",941.7,2024-11-04 02:35:03,1
2024-11-04,"02:50:03",941.7,2024-11-04 02:50:03,1
2024-11-04,"03:05:03",941.7,2024-11-04 03:05:03,1
2024-11-04,"03:20:03",941.7,2024-11-04 03:20:03,1
2024-11-04,"03:35:03",940.6,2024-11-04 03:35:03,1
2024-11-04,"03:50:03",940.6,2024-11-04 03:50:03,1
2024-11-04,"04:05:03",940.6,2024-11-04 04:05:03,1
2024-11-04,"04:20:03",940.6,2024-11-04 04:20:03,1
2024-11-04,"04:35:03",940.6,2024-11-04 04:35:03,1
2024-11-04,"04:50:03",940.6,2024-11-04 04:50:03,1
2024-11-04,"05:05:03",940.6,2024-11-04 05:05:03,1
2024-11-04,"05:20:03",940.6,2024-11-04 05:20:03,1
2024-11-04,"05:35:03",939.6,2024-11-04 05:35:03,1
2024-11-04,"05:50:03",939.6,2024-11-04 05:50:03,1
2024-11-04,"06:05:03",939.6,2024-11-04 06:05:03,1
2024-11-04,"06:20:03",939.6,2024-11-04 06:20:03,1
2024-11-04,"06:35:03",939.6,2024-11-04 06:35:03,1
2024-11-04,"06:50:03",938.6,2024-11-04 06:50:03,1
2024-11-04,"07:05:03",937.6,2024-11-04 07:05:03,1
2024-11-04,"07:20:03",936.6,2024-11-04 07:20:03,1
2024-11-04,"07:35:03",935.6,2024-11-04 07:35:03,1
2024-11-04,"07:50:03",934.6,2024-11-04 07:50:03,1
2024-11-04,"08:05:03",933.6,2024-11-04 08:05:03,1
2024-11-04,"08:20:03",932.6,2024-11-04 08:20:03,1
2024-11-04,"08:35:03",931.6,2024-11-04 08:35:03,1
2024-11-04,"08:50:03",931.6,2024-11-04 08:50:03,1
2024-11-04,"09:05:03",930.5,2024-11-04 09:05:03,1
2024-11-04,"09:20:03",929.5,2024-11-04 09:20:03,1
2024-11-04,"09:35:03",927.5,2024-11-04 09:35:03,1
2024-11-04,"09:50:03",926.5,2024-11-04 09:50:03,1
2024-11-04,"10:05:03",925.5,2024-11-04 10:05:03,1
2024-11-04,"10:20:03",924.5,2024-11-04 10:20:03,1
2024-11-04,"10:35:03",923.5,2024-11-04 10:35:03,1
2024-11-04,"10:50:03",922.5,2024-11-04 10:50:03,1
2024-11-04,"11:05:03",920.4,2024-11-04 11:05:03,1
2024-11-04,"11:20:03",919.4,2024-11-04 11:20:03,1
2024-11-04,"11:35:03",917.4,2024-11-04 11:35:03,1
2024-10-24,"10:32:54",0,2024-10-24 10:32:54,2
2024-10-24,"10:47:49",-969.7,2024-10-24 10:47:49,2
2024-10-24,"11:02:49",1285.1,2024-10-24 11:02:49,2
2024-10-24,"11:17:49",1297.6,2024-10-24 11:17:49,2
2024-10-24,"11:32:49",1291.8,2024-10-24 11:32:49,2
2024-10-24,"11:47:49",1282.4,2024-10-24 11:47:49,2
2024-10-24,"12:02:49",1279.6,2024-10-24 12:02:49,2
2024-10-24,"12:17:49",1278.5,2024-10-24 12:17:49,2
2024-10-24,"12:32:49",1276.5,2024-10-24 12:32:49,2
2024-10-24,"12:47:49",1274.5,2024-10-24 12:47:49,2
2024-10-24,"13:02:49",1273.7,2024-10-24 13:02:49,2
2024-10-24,"13:17:49",1272.7,2024-10-24 13:17:49,2
2024-10-24,"13:32:49",1271.7,2024-10-24 13:32:49,2
2024-10-24,"13:47:49",1269.6,2024-10-24 13:47:49,2
2024-10-24,"14:02:49",1267.6,2024-10-24 14:02:49,2
2024-10-24,"14:17:49",1266.6,2024-10-24 14:17:49,2
2024-10-24,"14:32:49",1265.6,2024-10-24 14:32:49,2
2024-10-24,"14:47:49",1264.6,2024-10-24 14:47:49,2
2024-10-24,"15:02:49",1263.6,2024-10-24 15:02:49,2
2024-10-24,"15:17:49",1262.6,2024-10-24 15:17:49,2
2024-10-24,"15:32:49",1260.5,2024-10-24 15:32:49,2
2024-10-24,"15:47:49",1259.5,2024-10-24 15:47:49,2
2024-10-24,"16:02:49",1257.4,2024-10-24 16:02:49,2
2024-10-24,"16:17:49",1257.4,2024-10-24 16:17:49,2
2024-10-24,"16:32:49",1256.3,2024-10-24 16:32:49,2
2024-10-24,"16:47:49",1254,2024-10-24 16:47:49,2
2024-10-24,"17:02:49",1253,2024-10-24 17:02:49,2
2024-10-24,"17:17:49",1252,2024-10-24 17:17:49,2
2024-10-24,"17:32:49",1251,2024-10-24 17:32:49,2
2024-10-24,"17:47:49",1250,2024-10-24 17:47:49,2
2024-10-24,"18:02:49",1249,2024-10-24 18:02:49,2
2024-10-25,"13:35:12",1310,2024-10-25 13:35:12,2
2024-10-25,"13:50:12",1308,2024-10-25 13:50:12,2
2024-10-25,"14:05:12",1306,2024-10-25 14:05:12,2
2024-10-25,"14:20:12",1304.9,2024-10-25 14:20:12,2
2024-10-25,"14:35:12",1302.9,2024-10-25 14:35:12,2
2024-10-25,"14:50:12",1301.9,2024-10-25 14:50:12,2
2024-10-25,"15:05:12",1299.9,2024-10-25 15:05:12,2
2024-10-25,"15:20:12",1298.9,2024-10-25 15:20:12,2
2024-10-25,"15:35:12",1298.6,2024-10-25 15:35:12,2
2024-10-25,"15:50:12",1295.5,2024-10-25 15:50:12,2
2024-10-25,"16:05:12",1294.5,2024-10-25 16:05:12,2
2024-10-25,"16:20:12",1292.5,2024-10-25 16:20:12,2
2024-10-25,"16:35:12",1291.4,2024-10-25 16:35:12,2
2024-10-25,"16:50:12",1290.4,2024-10-25 16:50:12,2
2024-10-25,"17:05:12",1288.4,2024-10-25 17:05:12,2
2024-10-25,"17:20:12",1287.4,2024-10-25 17:20:12,2
2024-10-25,"17:35:12",1286.4,2024-10-25 17:35:12,2
2024-10-25,"17:50:12",1284.4,2024-10-25 17:50:12,2
2024-10-25,"18:05:12",1283.4,2024-10-25 18:05:12,2
2024-10-25,"18:20:12",1282.4,2024-10-25 18:20:12,2
2024-10-25,"18:35:12",1280.3,2024-10-25 18:35:12,2
2024-10-25,"18:50:12",1279.3,2024-10-25 18:50:12,2
2024-10-25,"19:05:12",1278.3,2024-10-25 19:05:12,2
2024-10-25,"19:20:12",1277.3,2024-10-25 19:20:12,2
2024-10-25,"19:35:12",1275.3,2024-10-25 19:35:12,2
2024-10-25,"19:50:12",1274.3,2024-10-25 19:50:12,2
2024-10-25,"20:05:12",1273.3,2024-10-25 20:05:12,2
2024-10-25,"20:20:12",1272.3,2024-10-25 20:20:12,2
2024-10-25,"20:35:12",1271.2,2024-10-25 20:35:12,2
2024-10-25,"20:50:12",1270.2,2024-10-25 20:50:12,2
2024-10-25,"21:05:12",1269.2,2024-10-25 21:05:12,2
2024-10-25,"21:20:12",1268.2,2024-10-25 21:20:12,2
2024-10-25,"21:35:12",1266.2,2024-10-25 21:35:12,2
2024-10-25,"21:50:12",1265.2,2024-10-25 21:50:12,2
2024-10-25,"22:05:12",1265.2,2024-10-25 22:05:12,2
2024-10-25,"22:20:12",1264.2,2024-10-25 22:20:12,2
2024-10-25,"22:35:12",1263.2,2024-10-25 22:35:12,2
2024-10-25,"22:50:12",1262.2,2024-10-25 22:50:12,2
2024-10-25,"23:05:12",1261.1,2024-10-25 23:05:12,2
2024-10-25,"23:20:12",1261.1,2024-10-25 23:20:12,2
2024-10-25,"23:35:12",1261.1,2024-10-25 23:35:12,2
2024-10-25,"23:50:12",1261.1,2024-10-25 23:50:12,2
2024-10-26,"00:05:12",1261.1,2024-10-26 00:05:12,2
2024-10-26,"00:20:12",1261.1,2024-10-26 00:20:12,2
2024-10-26,"00:35:12",1261.1,2024-10-26 00:35:12,2
2024-10-26,"00:50:12",1261.1,2024-10-26 00:50:12,2
2024-10-26,"01:05:12",1260.1,2024-10-26 01:05:12,2
2024-10-26,"01:20:12",1260.1,2024-10-26 01:20:12,2
2024-10-26,"01:35:12",1260.1,2024-10-26 01:35:12,2
2024-10-26,"01:50:12",1260.1,2024-10-26 01:50:12,2
2024-10-26,"02:05:12",1259.1,2024-10-26 02:05:12,2
2024-10-26,"02:20:12",1259.1,2024-10-26 02:20:12,2
2024-10-26,"02:35:12",1259.1,2024-10-26 02:35:12,2
2024-10-26,"02:50:12",1259.1,2024-10-26 02:50:12,2
2024-10-26,"03:05:12",1259.1,2024-10-26 03:05:12,2
2024-10-26,"03:20:12",1259.1,2024-10-26 03:20:12,2
2024-10-26,"03:35:12",1258.1,2024-10-26 03:35:12,2
2024-10-26,"03:50:12",1258.1,2024-10-26 03:50:12,2
2024-10-26,"04:05:12",1258.1,2024-10-26 04:05:12,2
2024-10-26,"04:20:12",1258.1,2024-10-26 04:20:12,2
2024-10-26,"04:35:12",1258.1,2024-10-26 04:35:12,2
2024-10-26,"04:50:12",1258.1,2024-10-26 04:50:12,2
2024-10-26,"05:05:12",1258.1,2024-10-26 05:05:12,2
2024-10-26,"05:20:12",1258.1,2024-10-26 05:20:12,2
2024-10-26,"05:35:12",1257.1,2024-10-26 05:35:12,2
2024-10-26,"05:50:12",1257.1,2024-10-26 05:50:12,2
2024-10-26,"06:05:12",1257.1,2024-10-26 06:05:12,2
2024-10-26,"06:20:12",1257.1,2024-10-26 06:20:12,2
2024-10-26,"06:35:12",1257.1,2024-10-26 06:35:12,2
2024-10-26,"06:50:12",1257.1,2024-10-26 06:50:12,2
2024-10-26,"07:05:12",1256.1,2024-10-26 07:05:12,2
2024-10-26,"07:20:12",1255.1,2024-10-26 07:20:12,2
2024-10-26,"07:35:12",1254.1,2024-10-26 07:35:12,2
2024-10-26,"07:50:12",1253.1,2024-10-26 07:50:12,2
2024-10-26,"08:05:12",1253.1,2024-10-26 08:05:12,2
2024-10-26,"08:20:12",1252.1,2024-10-26 08:20:12,2
2024-10-26,"08:35:12",1251.1,2024-10-26 08:35:12,2
2024-10-26,"08:50:12",1250,2024-10-26 08:50:12,2
2024-10-26,"09:05:12",1249,2024-10-26 09:05:12,2
2024-10-26,"09:20:12",1248,2024-10-26 09:20:12,2
2024-10-26,"09:35:12",1248,2024-10-26 09:35:12,2
2024-10-26,"09:50:12",1247,2024-10-26 09:50:12,2
2024-10-26,"10:05:12",1245,2024-10-26 10:05:12,2
2024-10-26,"10:20:12",1244,2024-10-26 10:20:12,2
2024-10-26,"10:35:12",1243,2024-10-26 10:35:12,2
2024-10-26,"10:50:12",1241,2024-10-26 10:50:12,2
2024-10-26,"11:05:12",1239.9,2024-10-26 11:05:12,2
2024-10-26,"11:20:12",1237.9,2024-10-26 11:20:12,2
2024-10-26,"11:35:12",1236.9,2024-10-26 11:35:12,2
2024-10-26,"11:50:12",1235.9,2024-10-26 11:50:12,2
2024-10-26,"12:05:12",1233.9,2024-10-26 12:05:12,2
2024-10-26,"12:20:12",1231.9,2024-10-26 12:20:12,2
2024-10-26,"12:35:12",1229.8,2024-10-26 12:35:12,2
2024-10-26,"12:50:12",1228.8,2024-10-26 12:50:12,2
2024-10-26,"13:05:12",1226.8,2024-10-26 13:05:12,2
2024-10-26,"13:20:12",1225.8,2024-10-26 13:20:12,2
2024-10-26,"13:35:12",1223.8,2024-10-26 13:35:12,2
2024-10-26,"13:50:12",1221.8,2024-10-26 13:50:12,2
2024-10-26,"14:05:12",1220.8,2024-10-26 14:05:12,2
2024-10-26,"14:20:12",1218.7,2024-10-26 14:20:12,2
2024-10-26,"14:35:12",1217.7,2024-10-26 14:35:12,2
2024-10-26,"14:50:12",1215.7,2024-10-26 14:50:12,2
2024-10-26,"15:05:12",1214.7,2024-10-26 15:05:12,2
2024-10-26,"15:19:21",1212.7,2024-10-26 15:19:21,2
2024-10-26,"15:34:21",1211.7,2024-10-26 15:34:21,2
2024-10-26,"15:49:21",1209.6,2024-10-26 15:49:21,2
2024-10-26,"16:04:21",1207.6,2024-10-26 16:04:21,2
2024-10-26,"16:19:21",1206.6,2024-10-26 16:19:21,2
2024-10-26,"16:34:21",1204.6,2024-10-26 16:34:21,2
2024-10-26,"16:49:21",1203.6,2024-10-26 16:49:21,2
2024-10-26,"17:04:21",1202.6,2024-10-26 17:04:21,2
2024-10-26,"17:19:21",1200.6,2024-10-26 17:19:21,2
2024-10-26,"17:34:21",1199.5,2024-10-26 17:34:21,2
2024-10-26,"17:49:21",1197.5,2024-10-26 17:49:21,2
2024-10-26,"18:04:21",1196.5,2024-10-26 18:04:21,2
2024-10-26,"18:19:21",1195.5,2024-10-26 18:19:21,2
2024-10-26,"18:34:21",1193.5,2024-10-26 18:34:21,2
2024-10-26,"18:49:21",1192.5,2024-10-26 18:49:21,2
2024-10-26,"19:04:21",1190.5,2024-10-26 19:04:21,2
2024-10-26,"19:19:21",1189.4,2024-10-26 19:19:21,2
2024-10-26,"19:34:21",1187.4,2024-10-26 19:34:21,2
2024-10-26,"19:49:21",1186.4,2024-10-26 19:49:21,2
2024-10-26,"20:04:21",1185.4,2024-10-26 20:04:21,2
2024-10-26,"20:19:21",1183.4,2024-10-26 20:19:21,2
2024-10-26,"20:34:21",1182.4,2024-10-26 20:34:21,2
2024-10-26,"20:49:21",1181.4,2024-10-26 20:49:21,2
2024-10-26,"21:04:21",1179.3,2024-10-26 21:04:21,2
2024-10-26,"21:19:21",1178.3,2024-10-26 21:19:21,2
2024-10-26,"21:34:21",1177.3,2024-10-26 21:34:21,2
2024-10-26,"21:49:21",1176.3,2024-10-26 21:49:21,2
2024-10-26,"22:04:21",1175.3,2024-10-26 22:04:21,2
2024-10-26,"22:19:21",1174.3,2024-10-26 22:19:21,2
2024-10-26,"22:34:21",1172.3,2024-10-26 22:34:21,2
2024-10-26,"22:49:21",1172.3,2024-10-26 22:49:21,2
2024-10-26,"23:04:21",1171.3,2024-10-26 23:04:21,2
2024-10-26,"23:19:21",1171.3,2024-10-26 23:19:21,2
2024-10-26,"23:34:21",1171.3,2024-10-26 23:34:21,2
2024-10-26,"23:49:21",1171.3,2024-10-26 23:49:21,2
2024-10-27,"00:04:21",1171.3,2024-10-27 00:04:21,2
2024-10-27,"00:19:21",1171.3,2024-10-27 00:19:21,2
2024-10-27,"00:34:21",1170.3,2024-10-27 00:34:21,2
2024-10-27,"00:49:21",1170.3,2024-10-27 00:49:21,2
2024-10-27,"01:04:21",1170.3,2024-10-27 01:04:21,2
2024-10-27,"01:19:21",1169.2,2024-10-27 01:19:21,2
2024-10-27,"01:34:21",1169.2,2024-10-27 01:34:21,2
2024-10-27,"01:49:21",1169.2,2024-10-27 01:49:21,2
2024-10-27,"02:04:21",1169.2,2024-10-27 02:04:21,2
2024-10-27,"02:19:21",1169.2,2024-10-27 02:19:21,2
2024-10-27,"02:34:21",1168.2,2024-10-27 02:34:21,2
2024-10-27,"02:49:21",1168.2,2024-10-27 02:49:21,2
2024-10-27,"02:04:21",1168.2,2024-10-27 02:04:21,2
2024-10-27,"02:19:21",1168.2,2024-10-27 02:19:21,2
2024-10-27,"02:34:21",1168.2,2024-10-27 02:34:21,2
2024-10-27,"02:49:21",1168.2,2024-10-27 02:49:21,2
2024-10-27,"03:04:21",1168.2,2024-10-27 03:04:21,2
2024-10-27,"03:19:21",1167.2,2024-10-27 03:19:21,2
2024-10-27,"03:34:21",1167.2,2024-10-27 03:34:21,2
2024-10-27,"03:49:21",1167.2,2024-10-27 03:49:21,2
2024-10-27,"04:04:21",1167.2,2024-10-27 04:04:21,2
2024-10-27,"04:19:21",1167.2,2024-10-27 04:19:21,2
2024-10-27,"04:34:21",1167.2,2024-10-27 04:34:21,2
2024-10-27,"04:49:21",1166.2,2024-10-27 04:49:21,2
2024-10-27,"05:04:21",1166.2,2024-10-27 05:04:21,2
2024-10-27,"05:19:21",1166.2,2024-10-27 05:19:21,2
2024-10-27,"05:34:21",1166.2,2024-10-27 05:34:21,2
2024-10-27,"05:49:21",1166.2,2024-10-27 05:49:21,2
2024-10-27,"06:04:21",1166.2,2024-10-27 06:04:21,2
2024-10-27,"06:19:21",1165.2,2024-10-27 06:19:21,2
2024-10-27,"06:34:21",1165.2,2024-10-27 06:34:21,2
2024-10-27,"06:49:21",1165.2,2024-10-27 06:49:21,2
2024-10-27,"07:04:21",1164.2,2024-10-27 07:04:21,2
2024-10-27,"07:19:21",1162.2,2024-10-27 07:19:21,2
2024-10-27,"07:34:21",1162.2,2024-10-27 07:34:21,2
2024-10-27,"07:49:21",1161.2,2024-10-27 07:49:21,2
2024-10-27,"08:04:21",1160.2,2024-10-27 08:04:21,2
2024-10-27,"08:19:21",1159.1,2024-10-27 08:19:21,2
2024-10-27,"08:34:21",1158.1,2024-10-27 08:34:21,2
2024-10-27,"08:49:21",1157.1,2024-10-27 08:49:21,2
2024-10-27,"09:04:21",1156.1,2024-10-27 09:04:21,2
2024-10-27,"09:19:21",1155.1,2024-10-27 09:19:21,2
2024-10-27,"09:34:21",1153.1,2024-10-27 09:34:21,2
2024-10-27,"09:49:21",1152.1,2024-10-27 09:49:21,2
2024-10-27,"10:04:21",1150.1,2024-10-27 10:04:21,2
2024-10-27,"10:19:21",1149,2024-10-27 10:19:21,2
2024-10-27,"10:34:21",1147,2024-10-27 10:34:21,2
2024-10-27,"10:49:21",1145,2024-10-27 10:49:21,2
2024-10-27,"11:04:21",1144,2024-10-27 11:04:21,2
2024-10-27,"11:19:21",1142,2024-10-27 11:19:21,2
2024-10-27,"11:34:21",1140,2024-10-27 11:34:21,2
2024-10-27,"11:49:21",1137.9,2024-10-27 11:49:21,2
2024-10-27,"12:04:21",1136.9,2024-10-27 12:04:21,2
2024-10-27,"12:19:21",1134.9,2024-10-27 12:19:21,2
2024-10-27,"12:34:21",1132.9,2024-10-27 12:34:21,2
2024-10-27,"12:49:21",1130.9,2024-10-27 12:49:21,2
2024-10-27,"13:04:21",1128.8,2024-10-27 13:04:21,2
2024-10-27,"13:19:21",1126.8,2024-10-27 13:19:21,2
2024-10-27,"13:34:21",1124.8,2024-10-27 13:34:21,2
2024-10-27,"13:49:21",1122.8,2024-10-27 13:49:21,2
2024-10-27,"14:04:21",1120.8,2024-10-27 14:04:21,2
2024-10-27,"14:19:21",1119.8,2024-10-27 14:19:21,2
2024-10-27,"14:34:21",1117.7,2024-10-27 14:34:21,2
2024-10-27,"14:49:21",1115.6,2024-10-27 14:49:21,2
2024-10-27,"15:04:21",1111.6,2024-10-27 15:04:21,2
2024-10-27,"15:19:21",1109.5,2024-10-27 15:19:21,2
2024-10-27,"15:34:21",1107.5,2024-10-27 15:34:21,2
2024-10-27,"15:49:21",1105.5,2024-10-27 15:49:21,2
2024-10-27,"16:04:21",1103.5,2024-10-27 16:04:21,2
2024-10-27,"16:19:21",1101.5,2024-10-27 16:19:21,2
2024-10-27,"16:34:21",1099.4,2024-10-27 16:34:21,2
2024-10-27,"16:49:21",1098.4,2024-10-27 16:49:21,2
2024-10-27,"17:04:21",1096.4,2024-10-27 17:04:21,2
2024-10-27,"17:19:21",1094.4,2024-10-27 17:19:21,2
2024-10-27,"17:34:21",1093.4,2024-10-27 17:34:21,2
2024-10-27,"17:49:21",1091.4,2024-10-27 17:49:21,2
2024-10-27,"18:04:21",1090.4,2024-10-27 18:04:21,2
2024-10-27,"18:19:21",1088.3,2024-10-27 18:19:21,2
2024-10-27,"18:34:21",1086.3,2024-10-27 18:34:21,2
2024-10-27,"18:49:21",1085.3,2024-10-27 18:49:21,2
2024-10-27,"19:04:21",1083.3,2024-10-27 19:04:21,2
2024-10-27,"19:19:21",1082.3,2024-10-27 19:19:21,2
2024-10-27,"19:34:21",1081.3,2024-10-27 19:34:21,2
2024-10-27,"19:49:21",1079.2,2024-10-27 19:49:21,2
2024-10-27,"20:04:21",1078.2,2024-10-27 20:04:21,2
2024-10-27,"20:19:21",1076.2,2024-10-27 20:19:21,2
2024-10-27,"20:34:21",1075.2,2024-10-27 20:34:21,2
2024-10-27,"20:49:21",1074.2,2024-10-27 20:49:21,2
2024-10-27,"21:04:21",1073.2,2024-10-27 21:04:21,2
2024-10-27,"21:19:21",1072.2,2024-10-27 21:19:21,2
2024-10-27,"21:34:21",1071.2,2024-10-27 21:34:21,2
2024-10-27,"21:49:21",1070.2,2024-10-27 21:49:21,2
2024-10-27,"22:04:21",1069.1,2024-10-27 22:04:21,2
2024-10-27,"22:19:21",1068.1,2024-10-27 22:19:21,2
2024-10-27,"22:34:21",1067.1,2024-10-27 22:34:21,2
2024-10-27,"22:49:21",1066.1,2024-10-27 22:49:21,2
2024-10-27,"23:04:21",1066.1,2024-10-27 23:04:21,2
2024-10-27,"23:19:21",1066.1,2024-10-27 23:19:21,2
2024-10-27,"23:34:21",1066.1,2024-10-27 23:34:21,2
2024-10-27,"23:49:21",1066.1,2024-10-27 23:49:21,2
2024-10-28,"00:04:21",1066.1,2024-10-28 00:04:21,2
2024-10-28,"00:19:21",1066.1,2024-10-28 00:19:21,2
2024-10-28,"00:34:21",1066.1,2024-10-28 00:34:21,2
2024-10-28,"00:49:21",1066.1,2024-10-28 00:49:21,2
2024-10-28,"01:04:21",1066.1,2024-10-28 01:04:21,2
2024-10-28,"01:19:21",1065.1,2024-10-28 01:19:21,2
2024-10-28,"01:34:21",1065.1,2024-10-28 01:34:21,2
2024-10-28,"01:49:21",1065.1,2024-10-28 01:49:21,2
2024-10-28,"02:04:21",1065.1,2024-10-28 02:04:21,2
2024-10-28,"02:19:21",1065.1,2024-10-28 02:19:21,2
2024-10-28,"02:34:21",1065.1,2024-10-28 02:34:21,2
2024-10-28,"02:49:21",1065.1,2024-10-28 02:49:21,2
2024-10-28,"03:04:21",1065.1,2024-10-28 03:04:21,2
2024-10-28,"03:19:21",1065.1,2024-10-28 03:19:21,2
2024-10-28,"03:34:21",1064.1,2024-10-28 03:34:21,2
2024-10-28,"03:49:21",1064.1,2024-10-28 03:49:21,2
2024-10-28,"04:04:21",1064.1,2024-10-28 04:04:21,2
2024-10-28,"04:19:21",1064.1,2024-10-28 04:19:21,2
2024-10-28,"04:34:21",1064.1,2024-10-28 04:34:21,2
2024-10-28,"04:49:21",1064.1,2024-10-28 04:49:21,2
2024-10-28,"05:04:21",1064.1,2024-10-28 05:04:21,2
2024-10-28,"05:19:21",1064.1,2024-10-28 05:19:21,2
2024-10-28,"05:34:21",1064.1,2024-10-28 05:34:21,2
2024-10-28,"05:49:21",1064.1,2024-10-28 05:49:21,2
2024-10-28,"06:04:21",1063.1,2024-10-28 06:04:21,2
2024-10-28,"06:19:21",1063.1,2024-10-28 06:19:21,2
2024-10-28,"06:34:21",1063.1,2024-10-28 06:34:21,2
2024-10-28,"06:49:21",1063.1,2024-10-28 06:49:21,2
2024-10-28,"07:04:21",1062.1,2024-10-28 07:04:21,2
2024-10-28,"07:19:21",1060.1,2024-10-28 07:19:21,2
2024-10-28,"07:34:21",1059,2024-10-28 07:34:21,2
2024-10-28,"07:49:21",1058,2024-10-28 07:49:21,2
2024-10-28,"08:04:21",1057,2024-10-28 08:04:21,2
2024-10-28,"08:19:21",1056,2024-10-28 08:19:21,2
2024-10-28,"08:34:21",1208.8,2024-10-28 08:34:21,2
2024-10-28,"08:49:21",1209.1,2024-10-28 08:49:21,2
2024-10-28,"09:04:21",1207.1,2024-10-28 09:04:21,2
2024-10-28,"09:19:21",1206.1,2024-10-28 09:19:21,2
2024-10-28,"09:34:21",1205.1,2024-10-28 09:34:21,2
2024-10-28,"09:49:21",1204.1,2024-10-28 09:49:21,2
2024-10-28,"10:04:21",1202,2024-10-28 10:04:21,2
2024-10-28,"10:19:21",1200,2024-10-28 10:19:21,2
2024-10-28,"10:34:21",1198,2024-10-28 10:34:21,2
2024-10-28,"10:49:21",1196,2024-10-28 10:49:21,2
2024-10-28,"11:04:21",1193,2024-10-28 11:04:21,2
2024-10-28,"11:19:21",1190.9,2024-10-28 11:19:21,2
2024-10-28,"11:34:21",1188.9,2024-10-28 11:34:21,2
2024-10-28,"11:49:21",1186.9,2024-10-28 11:49:21,2
2024-10-28,"12:04:21",1184.9,2024-10-28 12:04:21,2
2024-10-28,"12:19:21",1182.9,2024-10-28 12:19:21,2
2024-10-28,"12:34:21",1179.8,2024-10-28 12:34:21,2
2024-10-28,"12:49:21",1177.8,2024-10-28 12:49:21,2
2024-10-28,"13:04:21",1175.8,2024-10-28 13:04:21,2
2024-10-28,"13:19:21",1173.8,2024-10-28 13:19:21,2
2024-10-28,"13:34:21",1170.7,2024-10-28 13:34:21,2
2024-10-28,"13:49:21",1168.7,2024-10-28 13:49:21,2
2024-10-28,"14:04:21",1166.7,2024-10-28 14:04:21,2
2024-10-28,"14:19:21",1164.7,2024-10-28 14:19:21,2
2024-10-28,"14:34:21",1162.7,2024-10-28 14:34:21,2
2024-10-28,"14:49:21",1161.6,2024-10-28 14:49:21,2
2024-10-28,"15:04:21",1159.6,2024-10-28 15:04:21,2
2024-10-28,"15:19:21",1157.6,2024-10-28 15:19:21,2
2024-10-28,"15:34:21",1155.6,2024-10-28 15:34:21,2
2024-10-28,"15:49:21",1154.6,2024-10-28 15:49:21,2
2024-10-28,"16:04:21",1215.8,2024-10-28 16:04:21,2
2024-10-28,"16:19:21",1212.7,2024-10-28 16:19:21,2
2024-10-28,"16:34:21",1210.7,2024-10-28 16:34:21,2
2024-10-28,"16:49:21",1208.7,2024-10-28 16:49:21,2
2024-10-28,"17:04:21",1206.7,2024-10-28 17:04:21,2
2024-10-28,"17:19:21",1204.7,2024-10-28 17:19:21,2
2024-10-28,"17:34:21",1203.7,2024-10-28 17:34:21,2
2024-10-28,"17:49:21",1201.6,2024-10-28 17:49:21,2
2024-10-28,"18:04:21",1199.6,2024-10-28 18:04:21,2
2024-10-28,"18:19:21",1198.6,2024-10-28 18:19:21,2
2024-10-28,"18:34:21",1196.6,2024-10-28 18:34:21,2
2024-10-28,"18:49:21",1195.6,2024-10-28 18:49:21,2
2024-10-28,"19:04:21",1193.6,2024-10-28 19:04:21,2
2024-10-28,"19:19:21",1191.5,2024-10-28 19:19:21,2
2024-10-28,"19:34:21",1190.5,2024-10-28 19:34:21,2
2024-10-28,"19:49:21",1188.5,2024-10-28 19:49:21,2
2024-10-28,"20:04:21",1187.5,2024-10-28 20:04:21,2
2024-10-28,"20:19:21",1186.5,2024-10-28 20:19:21,2
2024-10-28,"20:34:21",1184.5,2024-10-28 20:34:21,2
2024-10-28,"20:49:21",1183.5,2024-10-28 20:49:21,2
2024-10-28,"21:04:21",1181.4,2024-10-28 21:04:21,2
2024-10-28,"21:19:21",1180.4,2024-10-28 21:19:21,2
2024-10-28,"21:34:21",1179.4,2024-10-28 21:34:21,2
2024-10-28,"21:49:21",1178.4,2024-10-28 21:49:21,2
2024-10-28,"22:04:21",1176.4,2024-10-28 22:04:21,2
2024-10-28,"22:19:21",1175.4,2024-10-28 22:19:21,2
2024-10-28,"22:34:21",1174.4,2024-10-28 22:34:21,2
2024-10-28,"22:49:21",1173.4,2024-10-28 22:49:21,2
2024-10-28,"23:04:21",1173.4,2024-10-28 23:04:21,2
2024-10-28,"23:19:21",1173.4,2024-10-28 23:19:21,2
2024-10-28,"23:34:21",1173.4,2024-10-28 23:34:21,2
2024-10-28,"23:49:21",1173.4,2024-10-28 23:49:21,2
2024-10-29,"00:04:21",1173.4,2024-10-29 00:04:21,2
2024-10-29,"00:19:21",1172.3,2024-10-29 00:19:21,2
2024-10-29,"00:34:21",1172.3,2024-10-29 00:34:21,2
2024-10-29,"00:49:21",1172.3,2024-10-29 00:49:21,2
2024-10-29,"01:04:21",1171.3,2024-10-29 01:04:21,2
2024-10-29,"01:19:21",1171.3,2024-10-29 01:19:21,2
2024-10-29,"01:34:21",1171.3,2024-10-29 01:34:21,2
2024-10-29,"01:49:21",1171.3,2024-10-29 01:49:21,2
2024-10-29,"02:04:21",1170.3,2024-10-29 02:04:21,2
2024-10-29,"02:19:21",1170.3,2024-10-29 02:19:21,2
2024-10-29,"02:34:21",1170.3,2024-10-29 02:34:21,2
2024-10-29,"02:49:21",1170.3,2024-10-29 02:49:21,2
2024-10-29,"03:04:21",1170.3,2024-10-29 03:04:21,2
2024-10-29,"03:19:21",1169.3,2024-10-29 03:19:21,2
2024-10-29,"03:34:21",1169.3,2024-10-29 03:34:21,2
2024-10-29,"03:49:21",1169.3,2024-10-29 03:49:21,2
2024-10-29,"04:04:21",1169.3,2024-10-29 04:04:21,2
2024-10-29,"04:19:21",1169.3,2024-10-29 04:19:21,2
2024-10-29,"04:34:21",1169.3,2024-10-29 04:34:21,2
2024-10-29,"04:49:21",1169.3,2024-10-29 04:49:21,2
2024-10-29,"05:04:21",1168.3,2024-10-29 05:04:21,2
2024-10-29,"05:19:21",1168.3,2024-10-29 05:19:21,2
2024-10-29,"05:34:21",1168.3,2024-10-29 05:34:21,2
2024-10-29,"05:49:21",1168.3,2024-10-29 05:49:21,2
2024-10-29,"06:04:21",1168.3,2024-10-29 06:04:21,2
2024-10-29,"06:19:21",1168.3,2024-10-29 06:19:21,2
2024-10-29,"06:34:21",1167.3,2024-10-29 06:34:21,2
2024-10-29,"06:49:21",1167.3,2024-10-29 06:49:21,2
2024-10-29,"07:04:21",1166.3,2024-10-29 07:04:21,2
2024-10-29,"07:19:21",1164.3,2024-10-29 07:19:21,2
2024-10-29,"07:34:21",1163.3,2024-10-29 07:34:21,2
2024-10-29,"07:49:21",1162.2,2024-10-29 07:49:21,2
2024-10-29,"08:04:21",1161.2,2024-10-29 08:04:21,2
2024-10-29,"08:19:21",1160.2,2024-10-29 08:19:21,2
2024-10-29,"08:34:21",1159.2,2024-10-29 08:34:21,2
2024-10-29,"08:49:21",1157.2,2024-10-29 08:49:21,2
2024-10-29,"09:04:21",1155.2,2024-10-29 09:04:21,2
2024-10-29,"09:19:21",1154.2,2024-10-29 09:19:21,2
2024-10-29,"09:34:21",1153.2,2024-10-29 09:34:21,2
2024-10-29,"09:49:21",1151.1,2024-10-29 09:49:21,2
2024-10-29,"10:04:21",1149.1,2024-10-29 10:04:21,2
2024-10-29,"10:19:21",1147.1,2024-10-29 10:19:21,2
2024-10-29,"10:34:21",1146.1,2024-10-29 10:34:21,2
2024-10-29,"10:49:21",1143.1,2024-10-29 10:49:21,2
2024-10-29,"11:04:21",1142,2024-10-29 11:04:21,2
2024-10-29,"11:19:21",1140,2024-10-29 11:19:21,2
2024-10-29,"11:34:21",1138,2024-10-29 11:34:21,2
2024-10-29,"11:49:21",1135,2024-10-29 11:49:21,2
2024-10-29,"12:04:21",1133,2024-10-29 12:04:21,2
2024-10-29,"12:19:21",1129.9,2024-10-29 12:19:21,2
2024-10-29,"12:34:21",1126.9,2024-10-29 12:34:21,2
2024-10-29,"12:49:21",1123.9,2024-10-29 12:49:21,2
2024-10-29,"13:04:21",1121.9,2024-10-29 13:04:21,2
2024-10-29,"13:19:21",1118.9,2024-10-29 13:19:21,2
2024-10-29,"13:34:21",1116.9,2024-10-29 13:34:21,2
2024-10-29,"13:49:21",1114.9,2024-10-29 13:49:21,2
2024-10-29,"14:04:21",1111.8,2024-10-29 14:04:21,2
2024-10-29,"14:19:21",1109.8,2024-10-29 14:19:21,2
2024-10-29,"14:34:21",1107.8,2024-10-29 14:34:21,2
2024-10-29,"14:49:21",1105.8,2024-10-29 14:49:21,2
2024-10-29,"15:04:21",1104.8,2024-10-29 15:04:21,2
2024-10-29,"15:19:21",1263.6,2024-10-29 15:19:21,2
2024-10-29,"15:34:21",1261.5,2024-10-29 15:34:21,2
2024-10-29,"15:49:21",1259.5,2024-10-29 15:49:21,2
2024-10-29,"16:04:21",1257.5,2024-10-29 16:04:21,2
2024-10-29,"16:19:21",1256.5,2024-10-29 16:19:21,2
2024-10-29,"16:34:21",1254.5,2024-10-29 16:34:21,2
2024-10-29,"16:49:21",1252.4,2024-10-29 16:49:21,2
2024-10-29,"17:04:21",1250.4,2024-10-29 17:04:21,2
2024-10-29,"17:19:21",1249.4,2024-10-29 17:19:21,2
2024-10-29,"17:34:21",1247.4,2024-10-29 17:34:21,2
2024-10-29,"17:49:21",1246.4,2024-10-29 17:49:21,2
2024-10-29,"18:04:21",1244.4,2024-10-29 18:04:21,2
2024-10-29,"18:19:21",1240.7,2024-10-29 18:19:21,2
2024-10-29,"18:34:21",1238.7,2024-10-29 18:34:21,2
2024-10-29,"18:49:21",1237.7,2024-10-29 18:49:21,2
2024-10-29,"19:04:21",1235.6,2024-10-29 19:04:21,2
2024-10-29,"19:19:21",1233.6,2024-10-29 19:19:21,2
2024-10-29,"19:34:21",1232.6,2024-10-29 19:34:21,2
2024-10-29,"19:49:21",1230.6,2024-10-29 19:49:21,2
2024-10-29,"20:04:21",1229.6,2024-10-29 20:04:21,2
2024-10-29,"20:19:21",1227.6,2024-10-29 20:19:21,2
2024-10-29,"20:34:21",1226.5,2024-10-29 20:34:21,2
2024-10-29,"20:49:21",1224.5,2024-10-29 20:49:21,2
2024-10-29,"21:04:21",1223.5,2024-10-29 21:04:21,2
2024-10-29,"21:19:21",1222.5,2024-10-29 21:19:21,2
2024-10-29,"21:34:21",1220.5,2024-10-29 21:34:21,2
2024-10-29,"21:49:21",1219.5,2024-10-29 21:49:21,2
2024-10-29,"22:04:21",1217.5,2024-10-29 22:04:21,2
2024-10-29,"22:19:21",1216.4,2024-10-29 22:19:21,2
2024-10-29,"22:34:21",1215.4,2024-10-29 22:34:21,2
2024-10-29,"22:49:21",1213.4,2024-10-29 22:49:21,2
2024-10-29,"23:04:21",1213.4,2024-10-29 23:04:21,2
2024-10-29,"23:19:21",1213.4,2024-10-29 23:19:21,2
2024-10-29,"23:34:21",1213.4,2024-10-29 23:34:21,2
2024-10-29,"23:49:21",1213.4,2024-10-29 23:49:21,2
2024-10-30,"00:04:21",1213.4,2024-10-30 00:04:21,2
2024-10-30,"00:19:21",1213.4,2024-10-30 00:19:21,2
2024-10-30,"00:34:21",1213.4,2024-10-30 00:34:21,2
2024-10-30,"00:49:21",1213.4,2024-10-30 00:49:21,2
2024-10-30,"01:04:21",1212.4,2024-10-30 01:04:21,2
2024-10-30,"01:19:21",1212.4,2024-10-30 01:19:21,2
2024-10-30,"01:34:21",1212.4,2024-10-30 01:34:21,2
2024-10-30,"01:49:21",1211.4,2024-10-30 01:49:21,2
2024-10-30,"02:04:21",1211.4,2024-10-30 02:04:21,2
2024-10-30,"02:19:21",1211.4,2024-10-30 02:19:21,2
2024-10-30,"02:34:21",1211.4,2024-10-30 02:34:21,2
2024-10-30,"02:49:21",1211.4,2024-10-30 02:49:21,2
2024-10-30,"03:04:21",1211.4,2024-10-30 03:04:21,2
2024-10-30,"03:19:21",1210.4,2024-10-30 03:19:21,2
2024-10-30,"03:34:21",1210.4,2024-10-30 03:34:21,2
2024-10-30,"03:49:21",1210.4,2024-10-30 03:49:21,2
2024-10-30,"04:04:21",1210.4,2024-10-30 04:04:21,2
2024-10-30,"04:19:21",1210.4,2024-10-30 04:19:21,2
2024-10-30,"04:34:21",1210.4,2024-10-30 04:34:21,2
2024-10-30,"04:49:21",1210.4,2024-10-30 04:49:21,2
2024-10-30,"05:04:21",1209.4,2024-10-30 05:04:21,2
2024-10-30,"05:19:21",1209.4,2024-10-30 05:19:21,2
2024-10-30,"05:34:21",1209.4,2024-10-30 05:34:21,2
2024-10-30,"05:49:21",1209.4,2024-10-30 05:49:21,2
2024-10-30,"06:04:21",1209.4,2024-10-30 06:04:21,2
2024-10-30,"06:19:21",1209.4,2024-10-30 06:19:21,2
2024-10-30,"06:34:21",1208.4,2024-10-30 06:34:21,2
2024-10-30,"06:49:21",1208.4,2024-10-30 06:49:21,2
2024-10-30,"07:04:21",1207.4,2024-10-30 07:04:21,2
2024-10-30,"07:19:21",1206.3,2024-10-30 07:19:21,2
2024-10-30,"07:34:21",1204.3,2024-10-30 07:34:21,2
2024-10-30,"07:49:21",1203.3,2024-10-30 07:49:21,2
2024-10-30,"08:04:21",1202.3,2024-10-30 08:04:21,2
2024-10-30,"08:19:21",1201.3,2024-10-30 08:19:21,2
2024-10-30,"08:34:21",1200.3,2024-10-30 08:34:21,2
2024-10-30,"08:49:21",1199.3,2024-10-30 08:49:21,2
2024-10-30,"09:04:21",1197.3,2024-10-30 09:04:21,2
2024-10-30,"09:19:21",1196.2,2024-10-30 09:19:21,2
2024-10-30,"09:34:21",1194.2,2024-10-30 09:34:21,2
2024-10-30,"09:49:21",1193.2,2024-10-30 09:49:21,2
2024-10-30,"10:04:21",1191.2,2024-10-30 10:04:21,2
2024-10-30,"10:19:21",1190.2,2024-10-30 10:19:21,2
2024-10-30,"10:34:21",1188.2,2024-10-30 10:34:21,2
2024-10-30,"10:49:21",1186.1,2024-10-30 10:49:21,2
2024-10-30,"11:04:21",1185.1,2024-10-30 11:04:21,2
2024-10-30,"11:19:21",1183.1,2024-10-30 11:19:21,2
2024-10-30,"11:34:21",1181.1,2024-10-30 11:34:21,2
2024-10-30,"11:49:21",1179.1,2024-10-30 11:49:21,2
2024-10-30,"12:04:21",1177.1,2024-10-30 12:04:21,2
2024-10-30,"12:19:21",1175,2024-10-30 12:19:21,2
2024-10-30,"12:34:21",1173,2024-10-30 12:34:21,2
2024-10-30,"12:49:21",1171,2024-10-30 12:49:21,2
2024-10-30,"13:04:21",1169,2024-10-30 13:04:21,2
2024-10-30,"13:19:21",1167,2024-10-30 13:19:21,2
2024-10-30,"13:34:21",1164.9,2024-10-30 13:34:21,2
2024-10-30,"13:49:21",1161.9,2024-10-30 13:49:21,2
2024-10-30,"14:04:21",1159.9,2024-10-30 14:04:21,2
2024-10-30,"14:19:21",1157.9,2024-10-30 14:19:21,2
2024-10-30,"14:34:21",1154.8,2024-10-30 14:34:21,2
2024-10-30,"14:49:21",1152.8,2024-10-30 14:49:21,2
2024-10-30,"15:04:21",1150.8,2024-10-30 15:04:21,2
2024-10-30,"15:19:21",1148.8,2024-10-30 15:19:21,2
2024-10-30,"15:34:21",1146.8,2024-10-30 15:34:21,2
2024-10-30,"15:49:21",1144.7,2024-10-30 15:49:21,2
2024-10-30,"16:04:21",1142.7,2024-10-30 16:04:21,2
2024-10-30,"16:19:21",1216.9,2024-10-30 16:19:21,2
2024-10-30,"16:34:21",1215.9,2024-10-30 16:34:21,2
2024-10-30,"16:49:21",1213.9,2024-10-30 16:49:21,2
2024-10-30,"17:04:21",1211.8,2024-10-30 17:04:21,2
2024-10-30,"17:19:21",1209.8,2024-10-30 17:19:21,2
2024-10-30,"17:34:21",1207.8,2024-10-30 17:34:21,2
2024-10-30,"17:49:21",1206.8,2024-10-30 17:49:21,2
2024-10-30,"18:04:21",1204.8,2024-10-30 18:04:21,2
2024-10-30,"18:19:21",1202.8,2024-10-30 18:19:21,2
2024-10-30,"18:34:21",1201.7,2024-10-30 18:34:21,2
2024-10-30,"18:49:21",1199.7,2024-10-30 18:49:21,2
2024-10-30,"19:04:21",1197.7,2024-10-30 19:04:21,2
2024-10-30,"19:19:21",1195.7,2024-10-30 19:19:21,2
2024-10-30,"19:34:21",1194.7,2024-10-30 19:34:21,2
2024-10-30,"19:49:21",1192.7,2024-10-30 19:49:21,2
2024-10-30,"20:04:21",1190.6,2024-10-30 20:04:21,2
2024-10-30,"20:19:21",1188.6,2024-10-30 20:19:21,2
2024-10-30,"20:34:21",1187.6,2024-10-30 20:34:21,2
2024-10-30,"20:49:21",1185.6,2024-10-30 20:49:21,2
2024-10-30,"21:04:21",1184.6,2024-10-30 21:04:21,2
2024-10-30,"21:19:21",1182.6,2024-10-30 21:19:21,2
2024-10-30,"21:34:21",1181.5,2024-10-30 21:34:21,2
2024-10-30,"21:49:21",1179.5,2024-10-30 21:49:21,2
2024-10-30,"22:04:21",1178.5,2024-10-30 22:04:21,2
2024-10-30,"22:19:21",1177.5,2024-10-30 22:19:21,2
2024-10-30,"22:34:21",1175.5,2024-10-30 22:34:21,2
2024-10-30,"22:49:21",1174.5,2024-10-30 22:49:21,2
2024-10-30,"23:04:21",1174.5,2024-10-30 23:04:21,2
2024-10-30,"23:19:21",1174.5,2024-10-30 23:19:21,2
2024-10-30,"23:34:21",1174.5,2024-10-30 23:34:21,2
2024-10-30,"23:49:21",1174.5,2024-10-30 23:49:21,2
2024-10-31,"00:04:21",1174.5,2024-10-31 00:04:21,2
2024-10-31,"00:19:21",1174.5,2024-10-31 00:19:21,2
2024-10-31,"00:34:21",1174.5,2024-10-31 00:34:21,2
2024-10-31,"00:49:21",1174.5,2024-10-31 00:49:21,2
2024-10-31,"01:04:21",1174.5,2024-10-31 01:04:21,2
2024-10-31,"01:19:21",1173.5,2024-10-31 01:19:21,2
2024-10-31,"01:34:21",1173.5,2024-10-31 01:34:21,2
2024-10-31,"01:49:21",1173.5,2024-10-31 01:49:21,2
2024-10-31,"02:04:21",1173.5,2024-10-31 02:04:21,2
2024-10-31,"02:19:21",1172.5,2024-10-31 02:19:21,2
2024-10-31,"02:34:21",1172.5,2024-10-31 02:34:21,2
2024-10-31,"02:49:21",1172.5,2024-10-31 02:49:21,2
2024-10-31,"03:04:21",1172.5,2024-10-31 03:04:21,2
2024-10-31,"03:19:21",1172.5,2024-10-31 03:19:21,2
2024-10-31,"03:34:21",1172.5,2024-10-31 03:34:21,2
2024-10-31,"03:49:21",1172.5,2024-10-31 03:49:21,2
2024-10-31,"04:04:21",1171.4,2024-10-31 04:04:21,2
2024-10-31,"04:19:21",1171.4,2024-10-31 04:19:21,2
2024-10-31,"04:34:21",1171.4,2024-10-31 04:34:21,2
2024-10-31,"04:49:21",1171.4,2024-10-31 04:49:21,2
2024-10-31,"05:04:21",1171.4,2024-10-31 05:04:21,2
2024-10-31,"05:19:21",1171.4,2024-10-31 05:19:21,2
2024-10-31,"05:34:21",1171.4,2024-10-31 05:34:21,2
2024-10-31,"05:49:21",1170.4,2024-10-31 05:49:21,2
2024-10-31,"06:04:21",1170.4,2024-10-31 06:04:21,2
2024-10-31,"06:19:21",1170.4,2024-10-31 06:19:21,2
2024-10-31,"06:34:21",1170.4,2024-10-31 06:34:21,2
2024-10-31,"06:49:21",1169.4,2024-10-31 06:49:21,2
2024-10-31,"07:04:21",1168.4,2024-10-31 07:04:21,2
2024-10-31,"07:19:21",1166.4,2024-10-31 07:19:21,2
2024-10-31,"07:34:21",1165.4,2024-10-31 07:34:21,2
2024-10-31,"07:49:21",1164.4,2024-10-31 07:49:21,2
2024-10-31,"08:04:21",1163.4,2024-10-31 08:04:21,2
2024-10-31,"08:19:21",1162.4,2024-10-31 08:19:21,2
2024-10-31,"08:34:21",1160.3,2024-10-31 08:34:21,2
2024-10-31,"08:49:21",1159.3,2024-10-31 08:49:21,2
2024-10-31,"09:04:21",1157.3,2024-10-31 09:04:21,2
2024-10-31,"09:19:21",1156.3,2024-10-31 09:19:21,2
2024-10-31,"09:34:21",1154.2,2024-10-31 09:34:21,2
2024-10-31,"09:49:21",1152.2,2024-10-31 09:49:21,2
2024-10-31,"10:04:21",1151.2,2024-10-31 10:04:21,2
2024-10-31,"10:19:21",1198.8,2024-10-31 10:19:21,2
2024-10-31,"10:34:21",1196.7,2024-10-31 10:34:21,2
2024-10-31,"10:49:21",1194.7,2024-10-31 10:49:21,2
2024-10-31,"11:04:21",1192.7,2024-10-31 11:04:21,2
2024-10-31,"11:19:21",1190.7,2024-10-31 11:19:21,2
2024-10-31,"11:34:21",1188.7,2024-10-31 11:34:21,2
2024-10-31,"11:49:21",1185.6,2024-10-31 11:49:21,2
2024-10-31,"12:04:21",1183.6,2024-10-31 12:04:21,2
2024-10-31,"12:19:21",1180.6,2024-10-31 12:19:21,2
2024-10-31,"12:34:21",1178.6,2024-10-31 12:34:21,2
2024-10-31,"12:49:21",1175.5,2024-10-31 12:49:21,2
2024-10-31,"13:04:21",1174.2,2024-10-31 13:04:21,2
2024-10-31,"13:19:21",1171.1,2024-10-31 13:19:21,2
2024-10-31,"13:34:21",1168.1,2024-10-31 13:34:21,2
2024-10-31,"13:49:21",1165.1,2024-10-31 13:49:21,2
2024-10-31,"14:04:21",1162.1,2024-10-31 14:04:21,2
2024-10-31,"14:19:21",1161,2024-10-31 14:19:21,2
2024-10-31,"14:34:21",1159,2024-10-31 14:34:21,2
2024-10-31,"14:49:21",1156,2024-10-31 14:49:21,2
2024-10-31,"15:04:21",1154,2024-10-31 15:04:21,2
2024-10-31,"15:19:21",1152,2024-10-31 15:19:21,2
2024-10-31,"15:34:21",1149.9,2024-10-31 15:34:21,2
2024-10-31,"15:49:21",1147.9,2024-10-31 15:49:21,2
2024-10-31,"16:04:21",1144.9,2024-10-31 16:04:21,2
2024-10-31,"16:19:21",1142.9,2024-10-31 16:19:21,2
2024-10-31,"16:34:21",1140.8,2024-10-31 16:34:21,2
2024-10-31,"16:49:21",1138.8,2024-10-31 16:49:21,2
2024-10-31,"17:04:21",1136.8,2024-10-31 17:04:21,2
2024-10-31,"17:19:21",1134.8,2024-10-31 17:19:21,2
2024-10-31,"17:34:21",1132.8,2024-10-31 17:34:21,2
2024-10-31,"17:49:21",1130.7,2024-10-31 17:49:21,2
2024-10-31,"18:04:21",1128.7,2024-10-31 18:04:21,2
2024-10-31,"18:19:21",1126.7,2024-10-31 18:19:21,2
2024-10-31,"18:34:21",1124.7,2024-10-31 18:34:21,2
2024-10-31,"18:49:21",1123.7,2024-10-31 18:49:21,2
2024-10-31,"19:04:21",1121.7,2024-10-31 19:04:21,2
2024-10-31,"19:19:21",1119.6,2024-10-31 19:19:21,2
2024-10-31,"19:34:21",1117.6,2024-10-31 19:34:21,2
2024-10-31,"19:49:21",1116.6,2024-10-31 19:49:21,2
2024-10-31,"20:04:21",1114.6,2024-10-31 20:04:21,2
2024-10-31,"20:19:21",1112.6,2024-10-31 20:19:21,2
2024-10-31,"20:34:21",1111.6,2024-10-31 20:34:21,2
2024-10-31,"20:49:21",1109.5,2024-10-31 20:49:21,2
2024-10-31,"21:04:21",1108.5,2024-10-31 21:04:21,2
2024-10-31,"21:19:21",1106.5,2024-10-31 21:19:21,2
2024-10-31,"21:34:21",1105.5,2024-10-31 21:34:21,2
2024-10-31,"21:49:21",1103.5,2024-10-31 21:49:21,2
2024-10-31,"22:04:21",1102.4,2024-10-31 22:04:21,2
2024-10-31,"22:19:21",1100.4,2024-10-31 22:19:21,2
2024-10-31,"22:34:21",1099.4,2024-10-31 22:34:21,2
2024-10-31,"22:49:21",1098.4,2024-10-31 22:49:21,2
2024-10-31,"23:04:21",1098.4,2024-10-31 23:04:21,2
2024-10-31,"23:19:21",1098.4,2024-10-31 23:19:21,2
2024-10-31,"23:34:21",1098.4,2024-10-31 23:34:21,2
2024-10-31,"23:49:21",1098.4,2024-10-31 23:49:21,2
2024-11-01,"00:04:21",1098.4,2024-11-01 00:04:21,2
2024-11-01,"00:19:21",1098.4,2024-11-01 00:19:21,2
2024-11-01,"00:34:21",1098.4,2024-11-01 00:34:21,2
2024-11-01,"00:49:21",1098.4,2024-11-01 00:49:21,2
2024-11-01,"01:04:21",1098.4,2024-11-01 01:04:21,2
2024-11-01,"01:19:21",1098.4,2024-11-01 01:19:21,2
2024-11-01,"01:34:21",1097.4,2024-11-01 01:34:21,2
2024-11-01,"01:49:21",1097.4,2024-11-01 01:49:21,2
2024-11-01,"02:04:21",1097.4,2024-11-01 02:04:21,2
2024-11-01,"02:19:21",1097.4,2024-11-01 02:19:21,2
2024-11-01,"02:34:21",1097.4,2024-11-01 02:34:21,2
2024-11-01,"02:49:21",1097.4,2024-11-01 02:49:21,2
2024-11-01,"03:04:21",1097.4,2024-11-01 03:04:21,2
2024-11-01,"03:19:21",1096.4,2024-11-01 03:19:21,2
2024-11-01,"03:34:21",1096.4,2024-11-01 03:34:21,2
2024-11-01,"03:49:21",1096.4,2024-11-01 03:49:21,2
2024-11-01,"04:04:21",1096.4,2024-11-01 04:04:21,2
2024-11-01,"04:19:21",1096.4,2024-11-01 04:19:21,2
2024-11-01,"04:34:21",1096.4,2024-11-01 04:34:21,2
2024-11-01,"04:49:21",1096.4,2024-11-01 04:49:21,2
2024-11-01,"05:04:21",1096.4,2024-11-01 05:04:21,2
2024-11-01,"05:19:21",1096.4,2024-11-01 05:19:21,2
2024-11-01,"05:34:21",1096.4,2024-11-01 05:34:21,2
2024-11-01,"05:49:21",1096.4,2024-11-01 05:49:21,2
2024-11-01,"06:04:21",1095.4,2024-11-01 06:04:21,2
2024-11-01,"06:19:21",1095.4,2024-11-01 06:19:21,2
2024-11-01,"06:34:21",1095.4,2024-11-01 06:34:21,2
2024-11-01,"06:49:21",1095.4,2024-11-01 06:49:21,2
2024-11-01,"07:04:21",1093.4,2024-11-01 07:04:21,2
2024-11-01,"07:19:21",1091.3,2024-11-01 07:19:21,2
2024-11-01,"07:34:21",1090.3,2024-11-01 07:34:21,2
2024-11-01,"07:49:21",1089.3,2024-11-01 07:49:21,2
2024-11-01,"08:04:21",1087.3,2024-11-01 08:04:21,2
2024-11-01,"08:19:21",1086.3,2024-11-01 08:19:21,2
2024-11-01,"08:34:21",1084.3,2024-11-01 08:34:21,2
2024-11-01,"08:49:21",1083.3,2024-11-01 08:49:21,2
2024-11-01,"09:04:21",1082.2,2024-11-01 09:04:21,2
2024-11-01,"09:19:21",1080.2,2024-11-01 09:19:21,2
2024-11-01,"09:34:21",1079.2,2024-11-01 09:34:21,2
2024-11-01,"09:49:21",1077.2,2024-11-01 09:49:21,2
2024-11-01,"10:04:21",1076.2,2024-11-01 10:04:21,2
2024-11-01,"10:19:21",1074.2,2024-11-01 10:19:21,2
2024-11-01,"10:34:21",1072.1,2024-11-01 10:34:21,2
2024-11-01,"10:49:21",1071.1,2024-11-01 10:49:21,2
2024-11-01,"11:04:21",1069.1,2024-11-01 11:04:21,2
2024-11-01,"11:19:21",1067.1,2024-11-01 11:19:21,2
2024-11-01,"11:34:21",1065.1,2024-11-01 11:34:21,2
2024-11-01,"11:49:21",1063.1,2024-11-01 11:49:21,2
2024-11-01,"12:04:21",1061,2024-11-01 12:04:21,2
2024-11-01,"12:19:21",1060,2024-11-01 12:19:21,2
2024-11-01,"12:34:21",1058,2024-11-01 12:34:21,2
2024-11-01,"12:49:21",1056,2024-11-01 12:49:21,2
2024-11-01,"13:04:21",1054,2024-11-01 13:04:21,2
2024-11-01,"13:19:21",1051.9,2024-11-01 13:19:21,2
2024-11-01,"13:34:21",1049.9,2024-11-01 13:34:21,2
2024-11-01,"13:49:21",1048.9,2024-11-01 13:49:21,2
2024-11-01,"14:04:21",1046.9,2024-11-01 14:04:21,2
2024-11-01,"14:19:21",1044.9,2024-11-01 14:19:21,2
2024-11-01,"14:34:21",1042.9,2024-11-01 14:34:21,2
2024-11-01,"14:49:21",1041.8,2024-11-01 14:49:21,2
2024-11-01,"15:04:21",1039.8,2024-11-01 15:04:21,2
2024-11-01,"15:19:21",1037.8,2024-11-01 15:19:21,2
2024-11-01,"15:34:21",1035.8,2024-11-01 15:34:21,2
2024-11-01,"15:49:21",1034.8,2024-11-01 15:49:21,2
2024-11-01,"16:04:21",1032.8,2024-11-01 16:04:21,2
2024-11-01,"16:19:21",1030.7,2024-11-01 16:19:21,2
2024-11-01,"16:34:21",1029.7,2024-11-01 16:34:21,2
2024-11-01,"16:49:21",1027.7,2024-11-01 16:49:21,2
2024-11-01,"17:04:21",1025.7,2024-11-01 17:04:21,2
2024-11-01,"17:19:21",1024.7,2024-11-01 17:19:21,2
2024-11-01,"17:34:21",1022.7,2024-11-01 17:34:21,2
2024-11-01,"17:49:21",1021.6,2024-11-01 17:49:21,2
2024-11-01,"18:04:21",1019.6,2024-11-01 18:04:21,2
2024-11-01,"18:19:21",1017.6,2024-11-01 18:19:21,2
2024-11-01,"18:34:21",1016.6,2024-11-01 18:34:21,2
2024-11-01,"18:49:21",1014.6,2024-11-01 18:49:21,2
2024-11-01,"19:04:21",1013.6,2024-11-01 19:04:21,2
2024-11-01,"19:19:21",1011.5,2024-11-01 19:19:21,2
2024-11-01,"19:34:21",1010.5,2024-11-01 19:34:21,2
2024-11-01,"19:49:21",1008.5,2024-11-01 19:49:21,2
2024-11-01,"20:04:21",1007.5,2024-11-01 20:04:21,2
2024-11-01,"20:19:21",1005.5,2024-11-01 20:19:21,2
2024-11-01,"20:34:21",1004.5,2024-11-01 20:34:21,2
2024-11-01,"20:49:21",1003.5,2024-11-01 20:49:21,2
2024-11-01,"21:04:21",1002.5,2024-11-01 21:04:21,2
2024-11-01,"21:19:21",1000.4,2024-11-01 21:19:21,2
2024-11-01,"21:34:21",999.4,2024-11-01 21:34:21,2
2024-11-01,"21:49:21",998.4,2024-11-01 21:49:21,2
2024-11-01,"22:04:21",997.4,2024-11-01 22:04:21,2
2024-11-01,"22:19:21",995.4,2024-11-01 22:19:21,2
2024-11-01,"22:34:21",994.4,2024-11-01 22:34:21,2
2024-11-01,"22:49:21",993.4,2024-11-01 22:49:21,2
2024-11-01,"23:04:21",993.4,2024-11-01 23:04:21,2
2024-11-01,"23:19:21",993.4,2024-11-01 23:19:21,2
2024-11-01,"23:34:21",993.4,2024-11-01 23:34:21,2
2024-11-01,"23:49:21",993.4,2024-11-01 23:49:21,2
2024-11-02,"00:04:21",993.4,2024-11-02 00:04:21,2
2024-11-02,"00:19:21",993.4,2024-11-02 00:19:21,2
2024-11-02,"00:34:21",993.4,2024-11-02 00:34:21,2
2024-11-02,"00:49:21",993.4,2024-11-02 00:49:21,2
2024-11-02,"01:04:21",993.4,2024-11-02 01:04:21,2
2024-11-02,"01:19:21",993.4,2024-11-02 01:19:21,2
2024-11-02,"01:34:21",992.4,2024-11-02 01:34:21,2
2024-11-02,"01:49:21",992.4,2024-11-02 01:49:21,2
2024-11-02,"02:04:21",992.4,2024-11-02 02:04:21,2
2024-11-02,"02:19:21",992.4,2024-11-02 02:19:21,2
2024-11-02,"02:34:21",992.4,2024-11-02 02:34:21,2
2024-11-02,"02:49:21",992.4,2024-11-02 02:49:21,2
2024-11-02,"03:04:21",991.3,2024-11-02 03:04:21,2
2024-11-02,"03:19:21",991.3,2024-11-02 03:19:21,2
2024-11-02,"03:34:21",991.3,2024-11-02 03:34:21,2
2024-11-02,"03:49:21",991.3,2024-11-02 03:49:21,2
2024-11-02,"04:04:21",991.3,2024-11-02 04:04:21,2
2024-11-02,"04:19:21",991.3,2024-11-02 04:19:21,2
2024-11-02,"04:34:21",991.3,2024-11-02 04:34:21,2
2024-11-02,"04:49:21",990.3,2024-11-02 04:49:21,2
2024-11-02,"05:04:21",990.3,2024-11-02 05:04:21,2
2024-11-02,"05:19:21",990.3,2024-11-02 05:19:21,2
2024-11-02,"05:34:21",990.3,2024-11-02 05:34:21,2
2024-11-02,"05:49:21",990.3,2024-11-02 05:49:21,2
2024-11-02,"06:04:21",990.3,2024-11-02 06:04:21,2
2024-11-02,"06:19:21",990.3,2024-11-02 06:19:21,2
2024-11-02,"06:34:21",989.3,2024-11-02 06:34:21,2
2024-11-02,"06:49:21",989.3,2024-11-02 06:49:21,2
2024-11-02,"07:04:21",988.3,2024-11-02 07:04:21,2
2024-11-02,"07:19:21",986.3,2024-11-02 07:19:21,2
2024-11-02,"07:34:21",984.3,2024-11-02 07:34:21,2
2024-11-02,"07:49:21",983.3,2024-11-02 07:49:21,2
2024-11-02,"08:04:21",982.3,2024-11-02 08:04:21,2
2024-11-02,"08:19:21",981.2,2024-11-02 08:19:21,2
2024-11-02,"08:34:21",980.2,2024-11-02 08:34:21,2
2024-11-02,"08:49:21",979.2,2024-11-02 08:49:21,2
2024-11-02,"09:04:21",977.2,2024-11-02 09:04:21,2
2024-11-02,"09:19:21",976.2,2024-11-02 09:19:21,2
2024-11-02,"09:34:21",975.2,2024-11-02 09:34:21,2
2024-11-02,"09:49:21",973.2,2024-11-02 09:49:21,2
2024-11-02,"10:04:21",972.2,2024-11-02 10:04:21,2
2024-11-02,"10:19:21",970.1,2024-11-02 10:19:21,2
2024-11-02,"10:34:21",969.1,2024-11-02 10:34:21,2
2024-11-02,"10:49:21",968.1,2024-11-02 10:49:21,2
2024-11-02,"11:04:21",966.1,2024-11-02 11:04:21,2
2024-11-02,"11:19:21",964.1,2024-11-02 11:19:21,2
2024-11-02,"11:34:21",963.1,2024-11-02 11:34:21,2
2024-11-02,"11:49:21",961,2024-11-02 11:49:21,2
2024-11-02,"12:04:21",959,2024-11-02 12:04:21,2
2024-11-02,"12:19:21",957,2024-11-02 12:19:21,2
2024-11-02,"12:34:21",955,2024-11-02 12:34:21,2
2024-11-02,"12:49:21",954,2024-11-02 12:49:21,2
2024-11-02,"13:04:21",953,2024-11-02 13:04:21,2
2024-11-02,"13:19:21",950.9,2024-11-02 13:19:21,2
2024-11-02,"13:34:21",948.9,2024-11-02 13:34:21,2
2024-11-02,"13:49:21",947.9,2024-11-02 13:49:21,2
2024-11-02,"14:04:21",945.9,2024-11-02 14:04:21,2
2024-11-02,"14:19:21",943.9,2024-11-02 14:19:21,2
2024-11-02,"14:34:21",942.9,2024-11-02 14:34:21,2
2024-11-02,"14:49:21",940.8,2024-11-02 14:49:21,2
2024-11-02,"15:04:21",939.8,2024-11-02 15:04:21,2
2024-11-02,"15:19:21",937.8,2024-11-02 15:19:21,2
2024-11-02,"15:34:21",936.8,2024-11-02 15:34:21,2
2024-11-02,"15:49:21",934.8,2024-11-02 15:49:21,2
2024-11-02,"16:04:21",933.8,2024-11-02 16:04:21,2
2024-11-02,"16:19:21",931.8,2024-11-02 16:19:21,2
2024-11-02,"16:34:21",930.8,2024-11-02 16:34:21,2
2024-11-02,"16:49:21",928.7,2024-11-02 16:49:21,2
2024-11-02,"17:04:21",927.7,2024-11-02 17:04:21,2
2024-11-02,"17:19:21",925.7,2024-11-02 17:19:21,2
2024-11-02,"17:34:21",924.7,2024-11-02 17:34:21,2
2024-11-02,"17:49:21",923.7,2024-11-02 17:49:21,2
2024-11-02,"18:04:21",921.7,2024-11-02 18:04:21,2
2024-11-02,"18:19:21",920.7,2024-11-02 18:19:21,2
2024-11-02,"18:34:21",919.6,2024-11-02 18:34:21,2
2024-11-02,"18:49:21",918.6,2024-11-02 18:49:21,2
2024-11-02,"19:04:21",916.6,2024-11-02 19:04:21,2
2024-11-02,"19:19:21",915.6,2024-11-02 19:19:21,2
2024-11-02,"19:34:21",914.6,2024-11-02 19:34:21,2
2024-11-02,"19:49:21",913.6,2024-11-02 19:49:21,2
2024-11-02,"20:04:21",911.6,2024-11-02 20:04:21,2
2024-11-02,"20:19:21",910.6,2024-11-02 20:19:21,2
2024-11-02,"20:34:21",909.5,2024-11-02 20:34:21,2
2024-11-02,"20:49:21",908.5,2024-11-02 20:49:21,2
2024-11-02,"21:04:21",907.5,2024-11-02 21:04:21,2
2024-11-02,"21:19:21",906.5,2024-11-02 21:19:21,2
2024-11-02,"21:34:21",905.5,2024-11-02 21:34:21,2
2024-11-02,"21:49:21",904.5,2024-11-02 21:49:21,2
2024-11-02,"22:04:21",903.5,2024-11-02 22:04:21,2
2024-11-02,"22:19:21",902.5,2024-11-02 22:19:21,2
2024-11-02,"22:34:21",901.5,2024-11-02 22:34:21,2
2024-11-02,"22:49:21",900.5,2024-11-02 22:49:21,2
2024-11-02,"23:04:21",900.5,2024-11-02 23:04:21,2
2024-11-02,"23:19:21",901.5,2024-11-02 23:19:21,2
2024-11-02,"23:34:21",901.5,2024-11-02 23:34:21,2
2024-11-02,"23:49:21",901.5,2024-11-02 23:49:21,2
2024-11-03,"00:04:21",902.5,2024-11-03 00:04:21,2
2024-11-03,"00:19:21",902.5,2024-11-03 00:19:21,2
2024-11-03,"00:34:21",902.5,2024-11-03 00:34:21,2
2024-11-03,"00:49:21",902.5,2024-11-03 00:49:21,2
2024-11-03,"01:04:21",902.5,2024-11-03 01:04:21,2
2024-11-03,"01:19:21",902.5,2024-11-03 01:19:21,2
2024-11-03,"01:34:21",902.5,2024-11-03 01:34:21,2
2024-11-03,"01:49:21",902.5,2024-11-03 01:49:21,2
2024-11-03,"02:04:21",901.5,2024-11-03 02:04:21,2
2024-11-03,"02:19:21",901.5,2024-11-03 02:19:21,2
2024-11-03,"02:34:21",901.5,2024-11-03 02:34:21,2
2024-11-03,"02:49:21",901.5,2024-11-03 02:49:21,2
2024-11-03,"03:04:21",901.5,2024-11-03 03:04:21,2
2024-11-03,"03:19:21",901.5,2024-11-03 03:19:21,2
2024-11-03,"03:34:21",901.5,2024-11-03 03:34:21,2
2024-11-03,"03:49:21",901.5,2024-11-03 03:49:21,2
2024-11-03,"04:04:21",901.5,2024-11-03 04:04:21,2
2024-11-03,"04:19:21",900.5,2024-11-03 04:19:21,2
2024-11-03,"04:34:21",900.5,2024-11-03 04:34:21,2
2024-11-03,"04:49:21",900.5,2024-11-03 04:49:21,2
2024-11-03,"05:04:21",900.5,2024-11-03 05:04:21,2
2024-11-03,"05:19:21",900.5,2024-11-03 05:19:21,2
2024-11-03,"05:34:21",900.5,2024-11-03 05:34:21,2
2024-11-03,"05:49:21",900.5,2024-11-03 05:49:21,2
2024-11-03,"06:04:21",900.5,2024-11-03 06:04:21,2
2024-11-03,"06:19:21",900.5,2024-11-03 06:19:21,2
2024-11-03,"06:34:21",899.4,2024-11-03 06:34:21,2
2024-11-03,"06:49:21",899.4,2024-11-03 06:49:21,2
2024-11-03,"07:04:21",898.4,2024-11-03 07:04:21,2
2024-11-03,"07:19:21",896.4,2024-11-03 07:19:21,2
2024-11-03,"07:34:21",895.4,2024-11-03 07:34:21,2
2024-11-03,"07:49:21",894.4,2024-11-03 07:49:21,2
2024-11-03,"08:04:21",892.4,2024-11-03 08:04:21,2
2024-11-03,"08:19:21",891.4,2024-11-03 08:19:21,2
2024-11-03,"08:34:21",890.4,2024-11-03 08:34:21,2
2024-11-03,"08:49:21",889.3,2024-11-03 08:49:21,2
2024-11-03,"09:04:21",888.3,2024-11-03 09:04:21,2
2024-11-03,"09:19:21",887.3,2024-11-03 09:19:21,2
2024-11-03,"09:34:21",886.3,2024-11-03 09:34:21,2
2024-11-03,"09:49:21",885.3,2024-11-03 09:49:21,2
2024-11-03,"10:04:21",1062.5,2024-11-03 10:04:21,2
2024-11-03,"10:19:21",1062.5,2024-11-03 10:19:21,2
2024-11-03,"10:34:21",1061.5,2024-11-03 10:34:21,2
2024-11-03,"10:49:21",1060.5,2024-11-03 10:49:21,2
2024-11-03,"11:04:21",1059.5,2024-11-03 11:04:21,2
2024-11-03,"11:19:21",1057.4,2024-11-03 11:19:21,2
2024-11-03,"11:34:21",1055.4,2024-11-03 11:34:21,2
2024-11-03,"11:49:21",1053.4,2024-11-03 11:49:21,2
2024-11-03,"12:04:21",1052.4,2024-11-03 12:04:21,2
2024-11-03,"12:19:21",1050.4,2024-11-03 12:19:21,2
2024-11-03,"12:34:21",1048.4,2024-11-03 12:34:21,2
2024-11-03,"12:49:21",1046.3,2024-11-03 12:49:21,2
2024-11-03,"13:04:21",1044.3,2024-11-03 13:04:21,2
2024-11-03,"13:19:21",1043.3,2024-11-03 13:19:21,2
2024-11-03,"13:34:21",1041.3,2024-11-03 13:34:21,2
2024-11-03,"13:49:21",1039.3,2024-11-03 13:49:21,2
2024-11-03,"14:04:21",1037.2,2024-11-03 14:04:21,2
2024-11-03,"14:19:21",1034.2,2024-11-03 14:19:21,2
2024-11-03,"14:34:21",1033.2,2024-11-03 14:34:21,2
2024-11-03,"14:49:21",1030.2,2024-11-03 14:49:21,2
2024-11-03,"15:04:21",1028.2,2024-11-03 15:04:21,2
2024-11-03,"15:19:21",1026.1,2024-11-03 15:19:21,2
2024-11-03,"15:34:21",1024.1,2024-11-03 15:34:21,2
2024-11-03,"15:49:21",1022.1,2024-11-03 15:49:21,2
2024-11-03,"16:04:21",1020.1,2024-11-03 16:04:21,2
2024-11-03,"16:19:21",1019.1,2024-11-03 16:19:21,2
2024-11-03,"16:34:21",1017,2024-11-03 16:34:21,2
2024-11-03,"16:49:21",1015,2024-11-03 16:49:21,2
2024-11-03,"17:04:21",1014,2024-11-03 17:04:21,2
2024-11-03,"17:19:21",1012,2024-11-03 17:19:21,2
2024-11-03,"17:34:21",1011,2024-11-03 17:34:21,2
2024-11-03,"17:49:21",1009,2024-11-03 17:49:21,2
2024-11-03,"18:04:21",1006.9,2024-11-03 18:04:21,2
2024-11-03,"18:19:21",1005.9,2024-11-03 18:19:21,2
2024-11-03,"18:34:21",1003.9,2024-11-03 18:34:21,2
2024-11-03,"18:49:21",1002.9,2024-11-03 18:49:21,2
2024-11-03,"19:04:21",1001.9,2024-11-03 19:04:21,2
2024-11-03,"19:19:21",999.9,2024-11-03 19:19:21,2
2024-11-03,"19:34:21",998.9,2024-11-03 19:34:21,2
2024-11-03,"19:49:21",996.8,2024-11-03 19:49:21,2
2024-11-03,"20:04:21",995.8,2024-11-03 20:04:21,2
2024-11-03,"20:19:21",994.8,2024-11-03 20:19:21,2
2024-11-03,"20:34:21",993.8,2024-11-03 20:34:21,2
2024-11-03,"20:49:21",991.8,2024-11-03 20:49:21,2
2024-11-03,"21:04:21",990.8,2024-11-03 21:04:21,2
2024-11-03,"21:19:21",989.8,2024-11-03 21:19:21,2
2024-11-03,"21:34:21",988.8,2024-11-03 21:34:21,2
2024-11-03,"21:49:21",987.8,2024-11-03 21:49:21,2
2024-11-03,"22:04:21",986.7,2024-11-03 22:04:21,2
2024-11-03,"22:19:21",984.7,2024-11-03 22:19:21,2
2024-11-03,"22:34:21",983.7,2024-11-03 22:34:21,2
2024-11-03,"22:49:21",982.7,2024-11-03 22:49:21,2
2024-11-03,"23:04:21",982.7,2024-11-03 23:04:21,2
2024-11-03,"23:19:21",982.7,2024-11-03 23:19:21,2
2024-11-03,"23:34:21",982.7,2024-11-03 23:34:21,2
2024-11-03,"23:49:21",982.7,2024-11-03 23:49:21,2
2024-11-04,"00:04:21",982.7,2024-11-04 00:04:21,2
2024-11-04,"00:19:21",982.7,2024-11-04 00:19:21,2
2024-11-04,"00:34:21",982.7,2024-11-04 00:34:21,2
2024-11-04,"00:49:21",982.7,2024-11-04 00:49:21,2
2024-11-04,"01:04:21",982.7,2024-11-04 01:04:21,2
2024-11-04,"01:19:21",982.7,2024-11-04 01:19:21,2
2024-11-04,"01:34:21",981.7,2024-11-04 01:34:21,2
2024-11-04,"01:49:21",981.7,2024-11-04 01:49:21,2
2024-11-04,"02:04:21",981.7,2024-11-04 02:04:21,2
2024-11-04,"02:19:21",981.7,2024-11-04 02:19:21,2
2024-11-04,"02:34:21",981.7,2024-11-04 02:34:21,2
2024-11-04,"02:49:21",980.7,2024-11-04 02:49:21,2
2024-11-04,"03:04:21",980.7,2024-11-04 03:04:21,2
2024-11-04,"03:19:21",980.7,2024-11-04 03:19:21,2
2024-11-04,"03:34:21",980.7,2024-11-04 03:34:21,2
2024-11-04,"03:49:21",980.7,2024-11-04 03:49:21,2
2024-11-04,"04:04:21",980.7,2024-11-04 04:04:21,2
2024-11-04,"04:19:21",980.7,2024-11-04 04:19:21,2
2024-11-04,"04:34:21",979.7,2024-11-04 04:34:21,2
2024-11-04,"04:49:21",979.7,2024-11-04 04:49:21,2
2024-11-04,"05:04:21",979.7,2024-11-04 05:04:21,2
2024-11-04,"05:19:21",979.7,2024-11-04 05:19:21,2
2024-11-04,"05:34:21",979.7,2024-11-04 05:34:21,2
2024-11-04,"05:49:21",979.7,2024-11-04 05:49:21,2
2024-11-04,"06:04:21",979.7,2024-11-04 06:04:21,2
2024-11-04,"06:19:21",979.7,2024-11-04 06:19:21,2
2024-11-04,"06:34:21",978.7,2024-11-04 06:34:21,2
2024-11-04,"06:49:21",978.7,2024-11-04 06:49:21,2
2024-11-04,"07:04:21",977.7,2024-11-04 07:04:21,2
2024-11-04,"07:19:21",976.6,2024-11-04 07:19:21,2
2024-11-04,"07:34:21",975.6,2024-11-04 07:34:21,2
2024-11-04,"07:49:21",974.6,2024-11-04 07:49:21,2
2024-11-04,"08:04:21",973.6,2024-11-04 08:04:21,2
2024-11-04,"08:19:21",972.6,2024-11-04 08:19:21,2
2024-11-04,"08:34:21",971.6,2024-11-04 08:34:21,2
2024-11-04,"08:49:21",970.6,2024-11-04 08:49:21,2
2024-11-04,"09:04:21",969.6,2024-11-04 09:04:21,2
2024-11-04,"09:19:21",968.6,2024-11-04 09:19:21,2
2024-11-04,"09:34:21",967.6,2024-11-04 09:34:21,2
2024-11-04,"09:49:21",965.5,2024-11-04 09:49:21,2
2024-11-04,"10:04:21",964.5,2024-11-04 10:04:21,2
2024-11-04,"10:19:21",963.5,2024-11-04 10:19:21,2
2024-11-04,"10:34:21",962.5,2024-11-04 10:34:21,2
2024-11-04,"10:49:21",960.5,2024-11-04 10:49:21,2
2024-11-04,"11:04:21",959.5,2024-11-04 11:04:21,2
2024-11-04,"11:19:21",957.5,2024-11-04 11:19:21,2
2024-11-04,"11:34:21",956.5,2024-11-04 11:34:21,2
2024-10-24,"10:29:41",0.1,2024-10-24 10:29:41,3
2024-10-24,"10:44:32",-7.8,2024-10-24 10:44:32,3
2024-10-24,"10:59:32",1025.7,2024-10-24 10:59:32,3
2024-10-24,"11:14:32",1022.9,2024-10-24 11:14:32,3
2024-10-24,"11:29:32",1019.4,2024-10-24 11:29:32,3
2024-10-24,"11:44:32",1018.4,2024-10-24 11:44:32,3
2024-10-24,"11:59:32",1018.3,2024-10-24 11:59:32,3
2024-10-24,"12:14:32",1018.2,2024-10-24 12:14:32,3
2024-10-24,"12:29:32",1015.2,2024-10-24 12:29:32,3
2024-10-24,"12:44:32",1013.2,2024-10-24 12:44:32,3
2024-10-24,"12:59:32",1010.2,2024-10-24 12:59:32,3
2024-10-24,"13:14:32",1010.2,2024-10-24 13:14:32,3
2024-10-24,"13:29:32",1008.1,2024-10-24 13:29:32,3
2024-10-24,"13:44:32",1006.1,2024-10-24 13:44:32,3
2024-10-24,"13:59:32",1004.1,2024-10-24 13:59:32,3
2024-10-24,"14:14:32",1003.1,2024-10-24 14:14:32,3
2024-10-24,"14:29:32",1001.1,2024-10-24 14:29:32,3
2024-10-24,"14:44:32",1000.1,2024-10-24 14:44:32,3
2024-10-24,"14:59:32",999,2024-10-24 14:59:32,3
2024-10-24,"15:14:32",998,2024-10-24 15:14:32,3
2024-10-24,"15:29:32",997,2024-10-24 15:29:32,3
2024-10-24,"15:44:32",995,2024-10-24 15:44:32,3
2024-10-24,"15:59:32",996.5,2024-10-24 15:59:32,3
2024-10-24,"16:14:32",995.5,2024-10-24 16:14:32,3
2024-10-24,"16:29:32",994.5,2024-10-24 16:29:32,3
2024-10-24,"16:44:32",993.9,2024-10-24 16:44:32,3
2024-10-24,"16:59:32",992.9,2024-10-24 16:59:32,3
2024-10-24,"17:14:32",991.9,2024-10-24 17:14:32,3
2024-10-24,"17:29:32",990.9,2024-10-24 17:29:32,3
2024-10-24,"17:44:32",989.9,2024-10-24 17:44:32,3
2024-10-24,"17:59:32",989.9,2024-10-24 17:59:32,3
2024-10-25,"12:22:03",959.7,2024-10-25 12:22:03,3
2024-10-25,"13:46:55",963.8,2024-10-25 13:46:55,3
2024-10-25,"14:01:55",962.8,2024-10-25 14:01:55,3
2024-10-25,"14:16:55",961.7,2024-10-25 14:16:55,3
2024-10-25,"14:31:55",960.7,2024-10-25 14:31:55,3
2024-10-25,"14:46:55",959.7,2024-10-25 14:46:55,3
2024-10-25,"15:01:55",958.7,2024-10-25 15:01:55,3
2024-10-25,"15:16:55",957.7,2024-10-25 15:16:55,3
2024-10-25,"15:31:55",960.5,2024-10-25 15:31:55,3
2024-10-25,"15:46:55",958.5,2024-10-25 15:46:55,3
2024-10-25,"16:01:55",957.4,2024-10-25 16:01:55,3
2024-10-25,"16:16:55",956.4,2024-10-25 16:16:55,3
2024-10-25,"16:31:56",955.4,2024-10-25 16:31:56,3
2024-10-25,"16:46:55",954.4,2024-10-25 16:46:55,3
2024-10-25,"17:01:56",953.4,2024-10-25 17:01:56,3
2024-10-25,"17:16:55",953.4,2024-10-25 17:16:55,3
2024-10-25,"17:31:56",952.4,2024-10-25 17:31:56,3
2024-10-25,"17:46:55",951.4,2024-10-25 17:46:55,3
2024-10-25,"18:01:56",950.4,2024-10-25 18:01:56,3
2024-10-25,"18:16:56",950.4,2024-10-25 18:16:56,3
2024-10-25,"18:31:56",949.4,2024-10-25 18:31:56,3
2024-10-25,"18:46:55",948.4,2024-10-25 18:46:55,3
2024-10-25,"19:01:56",948.4,2024-10-25 19:01:56,3
2024-10-25,"19:16:56",947.3,2024-10-25 19:16:56,3
2024-10-25,"19:31:56",946.3,2024-10-25 19:31:56,3
2024-10-25,"19:46:56",946.3,2024-10-25 19:46:56,3
2024-10-25,"20:01:56",945.3,2024-10-25 20:01:56,3
2024-10-25,"20:16:56",945.3,2024-10-25 20:16:56,3
2024-10-25,"20:31:56",944.3,2024-10-25 20:31:56,3
2024-10-25,"20:46:56",944.3,2024-10-25 20:46:56,3
2024-10-25,"21:01:56",943.3,2024-10-25 21:01:56,3
2024-10-25,"21:16:56",943.3,2024-10-25 21:16:56,3
2024-10-25,"21:31:56",942.3,2024-10-25 21:31:56,3
2024-10-25,"21:46:56",942.3,2024-10-25 21:46:56,3
2024-10-25,"22:01:56",941.3,2024-10-25 22:01:56,3
2024-10-25,"22:16:56",941.3,2024-10-25 22:16:56,3
2024-10-25,"22:31:56",940.3,2024-10-25 22:31:56,3
2024-10-25,"22:46:56",940.3,2024-10-25 22:46:56,3
2024-10-25,"23:01:56",940.3,2024-10-25 23:01:56,3
2024-10-25,"23:16:56",940.3,2024-10-25 23:16:56,3
2024-10-25,"23:31:56",940.3,2024-10-25 23:31:56,3
2024-10-25,"23:46:56",940.3,2024-10-25 23:46:56,3
2024-10-26,"00:01:56",940.3,2024-10-26 00:01:56,3
2024-10-26,"00:16:56",940.3,2024-10-26 00:16:56,3
2024-10-26,"00:31:56",940.3,2024-10-26 00:31:56,3
2024-10-26,"00:46:56",940.3,2024-10-26 00:46:56,3
2024-10-26,"01:01:56",939.3,2024-10-26 01:01:56,3
2024-10-26,"01:16:56",939.3,2024-10-26 01:16:56,3
2024-10-26,"01:31:56",939.3,2024-10-26 01:31:56,3
2024-10-26,"01:46:56",939.3,2024-10-26 01:46:56,3
2024-10-26,"02:01:56",939.3,2024-10-26 02:01:56,3
2024-10-26,"02:16:56",939.3,2024-10-26 02:16:56,3
2024-10-26,"02:31:56",939.3,2024-10-26 02:31:56,3
2024-10-26,"02:46:56",939.3,2024-10-26 02:46:56,3
2024-10-26,"03:01:56",939.3,2024-10-26 03:01:56,3
2024-10-26,"03:16:56",939.3,2024-10-26 03:16:56,3
2024-10-26,"03:31:56",939.3,2024-10-26 03:31:56,3
2024-10-26,"03:46:56",938.3,2024-10-26 03:46:56,3
2024-10-26,"04:01:56",938.3,2024-10-26 04:01:56,3
2024-10-26,"04:16:56",938.3,2024-10-26 04:16:56,3
2024-10-26,"04:31:56",938.3,2024-10-26 04:31:56,3
2024-10-26,"04:46:56",938.3,2024-10-26 04:46:56,3
2024-10-26,"05:01:56",938.3,2024-10-26 05:01:56,3
2024-10-26,"05:16:56",938.3,2024-10-26 05:16:56,3
2024-10-26,"05:31:56",938.3,2024-10-26 05:31:56,3
2024-10-26,"05:46:56",938.3,2024-10-26 05:46:56,3
2024-10-26,"06:01:56",938.3,2024-10-26 06:01:56,3
2024-10-26,"06:16:56",938.3,2024-10-26 06:16:56,3
2024-10-26,"06:31:56",938.3,2024-10-26 06:31:56,3
2024-10-26,"06:46:56",938.3,2024-10-26 06:46:56,3
2024-10-26,"07:01:56",937.2,2024-10-26 07:01:56,3
2024-10-26,"07:16:56",937.2,2024-10-26 07:16:56,3
2024-10-26,"07:31:56",936.2,2024-10-26 07:31:56,3
2024-10-26,"07:46:56",936.2,2024-10-26 07:46:56,3
2024-10-26,"08:01:56",935.2,2024-10-26 08:01:56,3
2024-10-26,"08:16:56",935.2,2024-10-26 08:16:56,3
2024-10-26,"08:31:56",934.2,2024-10-26 08:31:56,3
2024-10-26,"08:46:56",934.2,2024-10-26 08:46:56,3
2024-10-26,"09:01:56",933.2,2024-10-26 09:01:56,3
2024-10-26,"09:16:56",933.2,2024-10-26 09:16:56,3
2024-10-26,"09:31:56",932.2,2024-10-26 09:31:56,3
2024-10-26,"09:46:56",932.2,2024-10-26 09:46:56,3
2024-10-26,"10:01:56",931.2,2024-10-26 10:01:56,3
2024-10-26,"10:16:56",931.2,2024-10-26 10:16:56,3
2024-10-26,"10:31:56",930.2,2024-10-26 10:31:56,3
2024-10-26,"10:46:56",929.2,2024-10-26 10:46:56,3
2024-10-26,"11:01:56",929.2,2024-10-26 11:01:56,3
2024-10-26,"11:16:56",928.2,2024-10-26 11:16:56,3
2024-10-26,"11:31:56",927.1,2024-10-26 11:31:56,3
2024-10-26,"11:46:56",927.1,2024-10-26 11:46:56,3
2024-10-26,"12:01:56",926.1,2024-10-26 12:01:56,3
2024-10-26,"12:16:56",926.1,2024-10-26 12:16:56,3
2024-10-26,"12:31:56",925.1,2024-10-26 12:31:56,3
2024-10-26,"12:46:56",924.1,2024-10-26 12:46:56,3
2024-10-26,"13:01:56",924.1,2024-10-26 13:01:56,3
2024-10-26,"13:16:56",923.1,2024-10-26 13:16:56,3
2024-10-26,"13:31:56",922.1,2024-10-26 13:31:56,3
2024-10-26,"13:46:56",922.1,2024-10-26 13:46:56,3
2024-10-26,"14:01:56",921.1,2024-10-26 14:01:56,3
2024-10-26,"14:16:56",921.1,2024-10-26 14:16:56,3
2024-10-26,"14:31:56",920.1,2024-10-26 14:31:56,3
2024-10-26,"14:46:56",920.1,2024-10-26 14:46:56,3
2024-10-26,"15:01:56",919.1,2024-10-26 15:01:56,3
2024-10-26,"15:17:08",919.1,2024-10-26 15:17:08,3
2024-10-26,"15:32:08",919.1,2024-10-26 15:32:08,3
2024-10-26,"15:47:08",918.1,2024-10-26 15:47:08,3
2024-10-26,"16:02:08",918.1,2024-10-26 16:02:08,3
2024-10-26,"16:17:08",917,2024-10-26 16:17:08,3
2024-10-26,"16:32:08",916,2024-10-26 16:32:08,3
2024-10-26,"16:47:08",916,2024-10-26 16:47:08,3
2024-10-26,"17:02:08",915,2024-10-26 17:02:08,3
2024-10-26,"17:17:08",915,2024-10-26 17:17:08,3
2024-10-26,"17:32:08",914,2024-10-26 17:32:08,3
2024-10-26,"17:47:08",914,2024-10-26 17:47:08,3
2024-10-26,"18:02:08",913,2024-10-26 18:02:08,3
2024-10-26,"18:17:08",913,2024-10-26 18:17:08,3
2024-10-26,"18:32:08",912,2024-10-26 18:32:08,3
2024-10-26,"18:47:08",911,2024-10-26 18:47:08,3
2024-10-26,"19:02:08",911,2024-10-26 19:02:08,3
2024-10-26,"19:17:08",910,2024-10-26 19:17:08,3
2024-10-26,"19:32:08",910,2024-10-26 19:32:08,3
2024-10-26,"19:47:08",909,2024-10-26 19:47:08,3
2024-10-26,"20:02:08",909,2024-10-26 20:02:08,3
2024-10-26,"20:17:08",908,2024-10-26 20:17:08,3
2024-10-26,"20:32:08",908,2024-10-26 20:32:08,3
2024-10-26,"20:47:08",906.9,2024-10-26 20:47:08,3
2024-10-26,"21:02:08",906.9,2024-10-26 21:02:08,3
2024-10-26,"21:17:08",905.9,2024-10-26 21:17:08,3
2024-10-26,"21:32:08",905.9,2024-10-26 21:32:08,3
2024-10-26,"21:47:08",905.9,2024-10-26 21:47:08,3
2024-10-26,"22:02:08",904.9,2024-10-26 22:02:08,3
2024-10-26,"22:17:08",904.9,2024-10-26 22:17:08,3
2024-10-26,"22:32:08",903.9,2024-10-26 22:32:08,3
2024-10-26,"22:47:08",903.9,2024-10-26 22:47:08,3
2024-10-26,"23:02:08",903.9,2024-10-26 23:02:08,3
2024-10-26,"23:17:08",903.9,2024-10-26 23:17:08,3
2024-10-26,"23:32:08",903.9,2024-10-26 23:32:08,3
2024-10-26,"23:47:08",903.9,2024-10-26 23:47:08,3
2024-10-27,"00:02:08",903.9,2024-10-27 00:02:08,3
2024-10-27,"00:17:08",903.9,2024-10-27 00:17:08,3
2024-10-27,"00:32:08",903.9,2024-10-27 00:32:08,3
2024-10-27,"00:47:08",903.9,2024-10-27 00:47:08,3
2024-10-27,"01:02:08",903.9,2024-10-27 01:02:08,3
2024-10-27,"01:17:08",903.9,2024-10-27 01:17:08,3
2024-10-27,"01:32:08",903.9,2024-10-27 01:32:08,3
2024-10-27,"01:47:08",902.9,2024-10-27 01:47:08,3
2024-10-27,"02:02:08",902.9,2024-10-27 02:02:08,3
2024-10-27,"02:17:08",902.9,2024-10-27 02:17:08,3
2024-10-27,"02:32:08",902.9,2024-10-27 02:32:08,3
2024-10-27,"02:47:08",902.9,2024-10-27 02:47:08,3
2024-10-27,"02:02:08",902.9,2024-10-27 02:02:08,3
2024-10-27,"02:17:08",902.9,2024-10-27 02:17:08,3
2024-10-27,"02:32:08",902.9,2024-10-27 02:32:08,3
2024-10-27,"02:47:08",902.9,2024-10-27 02:47:08,3
2024-10-27,"03:02:08",902.9,2024-10-27 03:02:08,3
2024-10-27,"03:17:08",902.9,2024-10-27 03:17:08,3
2024-10-27,"03:32:08",902.9,2024-10-27 03:32:08,3
2024-10-27,"03:47:08",901.9,2024-10-27 03:47:08,3
2024-10-27,"04:02:08",901.9,2024-10-27 04:02:08,3
2024-10-27,"04:17:08",901.9,2024-10-27 04:17:08,3
2024-10-27,"04:32:08",901.9,2024-10-27 04:32:08,3
2024-10-27,"04:47:08",901.9,2024-10-27 04:47:08,3
2024-10-27,"05:02:08",901.9,2024-10-27 05:02:08,3
2024-10-27,"05:17:08",901.9,2024-10-27 05:17:08,3
2024-10-27,"05:32:08",901.9,2024-10-27 05:32:08,3
2024-10-27,"05:47:08",901.9,2024-10-27 05:47:08,3
2024-10-27,"06:02:08",901.9,2024-10-27 06:02:08,3
2024-10-27,"06:17:08",901.9,2024-10-27 06:17:08,3
2024-10-27,"06:32:08",901.9,2024-10-27 06:32:08,3
2024-10-27,"06:47:08",901.9,2024-10-27 06:47:08,3
2024-10-27,"07:02:08",900.9,2024-10-27 07:02:08,3
2024-10-27,"07:17:08",900.9,2024-10-27 07:17:08,3
2024-10-27,"07:32:08",899.9,2024-10-27 07:32:08,3
2024-10-27,"07:47:08",898.9,2024-10-27 07:47:08,3
2024-10-27,"08:02:08",898.9,2024-10-27 08:02:08,3
2024-10-27,"08:17:08",898.9,2024-10-27 08:17:08,3
2024-10-27,"08:32:08",897.8,2024-10-27 08:32:08,3
2024-10-27,"08:47:08",896.8,2024-10-27 08:47:08,3
2024-10-27,"09:02:08",896.8,2024-10-27 09:02:08,3
2024-10-27,"09:17:08",895.8,2024-10-27 09:17:08,3
2024-10-27,"09:32:08",895.8,2024-10-27 09:32:08,3
2024-10-27,"09:47:08",894.8,2024-10-27 09:47:08,3
2024-10-27,"10:02:08",894.8,2024-10-27 10:02:08,3
2024-10-27,"10:17:08",893.8,2024-10-27 10:17:08,3
2024-10-27,"10:32:08",893.8,2024-10-27 10:32:08,3
2024-10-27,"10:47:08",892.8,2024-10-27 10:47:08,3
2024-10-27,"11:02:08",891.8,2024-10-27 11:02:08,3
2024-10-27,"11:17:08",891.8,2024-10-27 11:17:08,3
2024-10-27,"11:32:08",890.8,2024-10-27 11:32:08,3
2024-10-27,"11:47:08",890.8,2024-10-27 11:47:08,3
2024-10-27,"12:02:08",889.8,2024-10-27 12:02:08,3
2024-10-27,"12:17:08",889.8,2024-10-27 12:17:08,3
2024-10-27,"12:32:08",888.8,2024-10-27 12:32:08,3
2024-10-27,"12:47:08",888.8,2024-10-27 12:47:08,3
2024-10-27,"13:02:08",887.7,2024-10-27 13:02:08,3
2024-10-27,"13:17:08",887.7,2024-10-27 13:17:08,3
2024-10-27,"13:32:08",886.7,2024-10-27 13:32:08,3
2024-10-27,"13:47:08",886.7,2024-10-27 13:47:08,3
2024-10-27,"14:02:08",885.7,2024-10-27 14:02:08,3
2024-10-27,"14:17:08",885.7,2024-10-27 14:17:08,3
2024-10-27,"14:32:08",884.7,2024-10-27 14:32:08,3
2024-10-27,"14:47:08",1011,2024-10-27 14:47:08,3
2024-10-27,"15:02:08",1010,2024-10-27 15:02:08,3
2024-10-27,"15:17:08",1009,2024-10-27 15:17:08,3
2024-10-27,"15:32:08",1007.9,2024-10-27 15:32:08,3
2024-10-27,"15:47:08",1006.9,2024-10-27 15:47:08,3
2024-10-27,"16:02:08",1006.9,2024-10-27 16:02:08,3
2024-10-27,"16:17:08",1005.9,2024-10-27 16:17:08,3
2024-10-27,"16:32:08",1004.9,2024-10-27 16:32:08,3
2024-10-27,"16:47:08",1003.9,2024-10-27 16:47:08,3
2024-10-27,"17:02:08",1003.9,2024-10-27 17:02:08,3
2024-10-27,"17:17:08",1002.9,2024-10-27 17:17:08,3
2024-10-27,"17:32:08",1002.9,2024-10-27 17:32:08,3
2024-10-27,"17:47:08",1001.9,2024-10-27 17:47:08,3
2024-10-27,"18:02:08",1000.9,2024-10-27 18:02:08,3
2024-10-27,"18:17:08",1000.9,2024-10-27 18:17:08,3
2024-10-27,"18:32:08",999.9,2024-10-27 18:32:08,3
2024-10-27,"18:47:08",999.9,2024-10-27 18:47:08,3
2024-10-27,"19:02:08",998.9,2024-10-27 19:02:08,3
2024-10-27,"19:17:08",997.8,2024-10-27 19:17:08,3
2024-10-27,"19:32:08",997.8,2024-10-27 19:32:08,3
2024-10-27,"19:47:08",996.8,2024-10-27 19:47:08,3
2024-10-27,"20:02:08",995.8,2024-10-27 20:02:08,3
2024-10-27,"20:17:08",995.8,2024-10-27 20:17:08,3
2024-10-27,"20:32:08",994.8,2024-10-27 20:32:08,3
2024-10-27,"20:47:08",994.8,2024-10-27 20:47:08,3
2024-10-27,"21:02:08",993.8,2024-10-27 21:02:08,3
2024-10-27,"21:17:08",993.8,2024-10-27 21:17:08,3
2024-10-27,"21:32:08",992.8,2024-10-27 21:32:08,3
2024-10-27,"21:47:08",992.8,2024-10-27 21:47:08,3
2024-10-27,"22:02:08",991.8,2024-10-27 22:02:08,3
2024-10-27,"22:17:08",991.8,2024-10-27 22:17:08,3
2024-10-27,"22:32:08",990.8,2024-10-27 22:32:08,3
2024-10-27,"22:47:08",990.8,2024-10-27 22:47:08,3
2024-10-27,"23:02:08",990.8,2024-10-27 23:02:08,3
2024-10-27,"23:17:08",990.8,2024-10-27 23:17:08,3
2024-10-27,"23:32:08",990.8,2024-10-27 23:32:08,3
2024-10-27,"23:47:08",990.8,2024-10-27 23:47:08,3
2024-10-28,"00:02:08",990.8,2024-10-28 00:02:08,3
2024-10-28,"00:17:08",990.8,2024-10-28 00:17:08,3
2024-10-28,"00:32:08",990.8,2024-10-28 00:32:08,3
2024-10-28,"00:47:08",990.8,2024-10-28 00:47:08,3
2024-10-28,"01:02:08",990.8,2024-10-28 01:02:08,3
2024-10-28,"01:17:08",990.8,2024-10-28 01:17:08,3
2024-10-28,"01:32:08",990.8,2024-10-28 01:32:08,3
2024-10-28,"01:47:08",990.8,2024-10-28 01:47:08,3
2024-10-28,"02:02:08",990.8,2024-10-28 02:02:08,3
2024-10-28,"02:17:08",990.8,2024-10-28 02:17:08,3
2024-10-28,"02:32:08",990.8,2024-10-28 02:32:08,3
2024-10-28,"02:47:08",990.8,2024-10-28 02:47:08,3
2024-10-28,"03:02:08",989.8,2024-10-28 03:02:08,3
2024-10-28,"03:17:08",989.8,2024-10-28 03:17:08,3
2024-10-28,"03:32:08",989.8,2024-10-28 03:32:08,3
2024-10-28,"03:47:08",989.8,2024-10-28 03:47:08,3
2024-10-28,"04:02:08",989.8,2024-10-28 04:02:08,3
2024-10-28,"04:17:08",989.8,2024-10-28 04:17:08,3
2024-10-28,"04:32:08",989.8,2024-10-28 04:32:08,3
2024-10-28,"04:47:08",989.8,2024-10-28 04:47:08,3
2024-10-28,"05:02:08",989.8,2024-10-28 05:02:08,3
2024-10-28,"05:17:08",989.8,2024-10-28 05:17:08,3
2024-10-28,"05:32:08",989.8,2024-10-28 05:32:08,3
2024-10-28,"05:47:08",989.8,2024-10-28 05:47:08,3
2024-10-28,"06:02:08",989.8,2024-10-28 06:02:08,3
2024-10-28,"06:17:08",989.8,2024-10-28 06:17:08,3
2024-10-28,"06:32:08",989.8,2024-10-28 06:32:08,3
2024-10-28,"06:47:08",988.8,2024-10-28 06:47:08,3
2024-10-28,"07:02:08",988.8,2024-10-28 07:02:08,3
2024-10-28,"07:17:08",987.7,2024-10-28 07:17:08,3
2024-10-28,"07:32:08",986.7,2024-10-28 07:32:08,3
2024-10-28,"07:47:08",985.7,2024-10-28 07:47:08,3
2024-10-28,"08:02:08",985.7,2024-10-28 08:02:08,3
2024-10-28,"08:17:08",984.7,2024-10-28 08:17:08,3
2024-10-28,"08:32:08",983.7,2024-10-28 08:32:08,3
2024-10-28,"08:47:08",983.7,2024-10-28 08:47:08,3
2024-10-28,"09:02:08",982.7,2024-10-28 09:02:08,3
2024-10-28,"09:17:08",982.7,2024-10-28 09:17:08,3
2024-10-28,"09:32:08",981.7,2024-10-28 09:32:08,3
2024-10-28,"09:47:08",980.7,2024-10-28 09:47:08,3
2024-10-28,"10:02:08",979.7,2024-10-28 10:02:08,3
2024-10-28,"10:17:08",978.7,2024-10-28 10:17:08,3
2024-10-28,"10:32:08",977.6,2024-10-28 10:32:08,3
2024-10-28,"10:47:08",976.6,2024-10-28 10:47:08,3
2024-10-28,"11:02:08",975.6,2024-10-28 11:02:08,3
2024-10-28,"11:17:08",974.6,2024-10-28 11:17:08,3
2024-10-28,"11:32:08",973.6,2024-10-28 11:32:08,3
2024-10-28,"11:47:08",972.6,2024-10-28 11:47:08,3
2024-10-28,"12:02:08",971.6,2024-10-28 12:02:08,3
2024-10-28,"12:17:08",970.6,2024-10-28 12:17:08,3
2024-10-28,"12:32:08",969.6,2024-10-28 12:32:08,3
2024-10-28,"12:47:08",968.6,2024-10-28 12:47:08,3
2024-10-28,"13:02:08",967.5,2024-10-28 13:02:08,3
2024-10-28,"13:17:08",966.5,2024-10-28 13:17:08,3
2024-10-28,"13:32:08",965.5,2024-10-28 13:32:08,3
2024-10-28,"13:47:08",964.5,2024-10-28 13:47:08,3
2024-10-28,"14:02:08",963.5,2024-10-28 14:02:08,3
2024-10-28,"14:17:08",962.5,2024-10-28 14:17:08,3
2024-10-28,"14:32:08",962.5,2024-10-28 14:32:08,3
2024-10-28,"14:47:08",961.5,2024-10-28 14:47:08,3
2024-10-28,"15:02:08",960.5,2024-10-28 15:02:08,3
2024-10-28,"15:17:08",959.5,2024-10-28 15:17:08,3
2024-10-28,"15:32:08",958.5,2024-10-28 15:32:08,3
2024-10-28,"15:47:08",958.5,2024-10-28 15:47:08,3
2024-10-28,"16:02:08",959.3,2024-10-28 16:02:08,3
2024-10-28,"16:17:08",958.3,2024-10-28 16:17:08,3
2024-10-28,"16:32:08",957.3,2024-10-28 16:32:08,3
2024-10-28,"16:47:08",956.2,2024-10-28 16:47:08,3
2024-10-28,"17:02:08",955.2,2024-10-28 17:02:08,3
2024-10-28,"17:17:08",955.2,2024-10-28 17:17:08,3
2024-10-28,"17:32:08",954.2,2024-10-28 17:32:08,3
2024-10-28,"17:47:08",953.2,2024-10-28 17:47:08,3
2024-10-28,"18:02:08",952.2,2024-10-28 18:02:08,3
2024-10-28,"18:17:08",952.2,2024-10-28 18:17:08,3
2024-10-28,"18:32:08",951.2,2024-10-28 18:32:08,3
2024-10-28,"18:47:08",950.2,2024-10-28 18:47:08,3
2024-10-28,"19:02:08",949.2,2024-10-28 19:02:08,3
2024-10-28,"19:17:08",949.2,2024-10-28 19:17:08,3
2024-10-28,"19:32:08",948.2,2024-10-28 19:32:08,3
2024-10-28,"19:47:08",947.2,2024-10-28 19:47:08,3
2024-10-28,"20:02:08",946.1,2024-10-28 20:02:08,3
2024-10-28,"20:17:08",946.1,2024-10-28 20:17:08,3
2024-10-28,"20:32:08",945.1,2024-10-28 20:32:08,3
2024-10-28,"20:47:08",945.1,2024-10-28 20:47:08,3
2024-10-28,"21:02:08",944.1,2024-10-28 21:02:08,3
2024-10-28,"21:17:08",943.1,2024-10-28 21:17:08,3
2024-10-28,"21:32:08",943.1,2024-10-28 21:32:08,3
2024-10-28,"21:47:08",942.1,2024-10-28 21:47:08,3
2024-10-28,"22:02:08",942.1,2024-10-28 22:02:08,3
2024-10-28,"22:17:08",941.1,2024-10-28 22:17:08,3
2024-10-28,"22:32:08",941.1,2024-10-28 22:32:08,3
2024-10-28,"22:47:08",940.1,2024-10-28 22:47:08,3
2024-10-28,"23:02:08",940.1,2024-10-28 23:02:08,3
2024-10-28,"23:17:08",940.1,2024-10-28 23:17:08,3
2024-10-28,"23:32:08",940.1,2024-10-28 23:32:08,3
2024-10-28,"23:47:08",940.1,2024-10-28 23:47:08,3
2024-10-29,"00:02:08",940.1,2024-10-29 00:02:08,3
2024-10-29,"00:17:08",940.1,2024-10-29 00:17:08,3
2024-10-29,"00:32:08",940.1,2024-10-29 00:32:08,3
2024-10-29,"00:47:08",940.1,2024-10-29 00:47:08,3
2024-10-29,"01:02:08",941.1,2024-10-29 01:02:08,3
2024-10-29,"01:17:08",941.1,2024-10-29 01:17:08,3
2024-10-29,"01:32:08",941.1,2024-10-29 01:32:08,3
2024-10-29,"01:47:08",941.1,2024-10-29 01:47:08,3
2024-10-29,"02:02:08",940.1,2024-10-29 02:02:08,3
2024-10-29,"02:17:08",940.1,2024-10-29 02:17:08,3
2024-10-29,"02:32:08",940.1,2024-10-29 02:32:08,3
2024-10-29,"02:47:08",940.1,2024-10-29 02:47:08,3
2024-10-29,"03:02:08",940.1,2024-10-29 03:02:08,3
2024-10-29,"03:17:08",940.1,2024-10-29 03:17:08,3
2024-10-29,"03:32:08",940.1,2024-10-29 03:32:08,3
2024-10-29,"03:47:08",940.1,2024-10-29 03:47:08,3
2024-10-29,"04:02:08",940.1,2024-10-29 04:02:08,3
2024-10-29,"04:17:08",940.1,2024-10-29 04:17:08,3
2024-10-29,"04:32:08",940.1,2024-10-29 04:32:08,3
2024-10-29,"04:47:08",939.1,2024-10-29 04:47:08,3
2024-10-29,"05:02:08",939.1,2024-10-29 05:02:08,3
2024-10-29,"05:17:08",939.1,2024-10-29 05:17:08,3
2024-10-29,"05:32:08",939.1,2024-10-29 05:32:08,3
2024-10-29,"05:47:08",939.1,2024-10-29 05:47:08,3
2024-10-29,"06:02:08",939.1,2024-10-29 06:02:08,3
2024-10-29,"06:17:08",939.1,2024-10-29 06:17:08,3
2024-10-29,"06:32:08",939.1,2024-10-29 06:32:08,3
2024-10-29,"06:47:08",939.1,2024-10-29 06:47:08,3
2024-10-29,"07:02:08",938.1,2024-10-29 07:02:08,3
2024-10-29,"07:17:08",937.1,2024-10-29 07:17:08,3
2024-10-29,"07:32:08",936.1,2024-10-29 07:32:08,3
2024-10-29,"07:47:08",935,2024-10-29 07:47:08,3
2024-10-29,"08:02:08",935,2024-10-29 08:02:08,3
2024-10-29,"08:17:08",934,2024-10-29 08:17:08,3
2024-10-29,"08:32:08",933,2024-10-29 08:32:08,3
2024-10-29,"08:47:08",932,2024-10-29 08:47:08,3
2024-10-29,"09:02:08",931,2024-10-29 09:02:08,3
2024-10-29,"09:17:08",931,2024-10-29 09:17:08,3
2024-10-29,"09:32:08",930,2024-10-29 09:32:08,3
2024-10-29,"09:47:08",929,2024-10-29 09:47:08,3
2024-10-29,"10:02:08",929,2024-10-29 10:02:08,3
2024-10-29,"10:17:08",928,2024-10-29 10:17:08,3
2024-10-29,"10:32:08",927,2024-10-29 10:32:08,3
2024-10-29,"10:47:08",926,2024-10-29 10:47:08,3
2024-10-29,"11:02:08",924.9,2024-10-29 11:02:08,3
2024-10-29,"11:17:08",924.9,2024-10-29 11:17:08,3
2024-10-29,"11:32:08",923.9,2024-10-29 11:32:08,3
2024-10-29,"11:47:08",922.9,2024-10-29 11:47:08,3
2024-10-29,"12:02:08",921.9,2024-10-29 12:02:08,3
2024-10-29,"12:17:08",920.9,2024-10-29 12:17:08,3
2024-10-29,"12:32:08",918.9,2024-10-29 12:32:08,3
2024-10-29,"12:47:08",917.9,2024-10-29 12:47:08,3
2024-10-29,"13:02:08",917.9,2024-10-29 13:02:08,3
2024-10-29,"13:17:08",916.9,2024-10-29 13:17:08,3
2024-10-29,"13:32:08",915.9,2024-10-29 13:32:08,3
2024-10-29,"13:47:08",914.8,2024-10-29 13:47:08,3
2024-10-29,"14:02:08",913.8,2024-10-29 14:02:08,3
2024-10-29,"14:17:08",912.8,2024-10-29 14:17:08,3
2024-10-29,"14:32:08",912.8,2024-10-29 14:32:08,3
2024-10-29,"14:47:08",911.8,2024-10-29 14:47:08,3
2024-10-29,"15:02:08",910.8,2024-10-29 15:02:08,3
2024-10-29,"15:17:08",909.8,2024-10-29 15:17:08,3
2024-10-29,"15:32:08",908.8,2024-10-29 15:32:08,3
2024-10-29,"15:47:08",908.8,2024-10-29 15:47:08,3
2024-10-29,"16:02:08",907.8,2024-10-29 16:02:08,3
2024-10-29,"16:17:08",907.8,2024-10-29 16:17:08,3
2024-10-29,"16:32:08",906.8,2024-10-29 16:32:08,3
2024-10-29,"16:47:08",905.8,2024-10-29 16:47:08,3
2024-10-29,"17:02:08",905.8,2024-10-29 17:02:08,3
2024-10-29,"17:17:08",904.7,2024-10-29 17:17:08,3
2024-10-29,"17:32:08",903.7,2024-10-29 17:32:08,3
2024-10-29,"17:47:08",903.7,2024-10-29 17:47:08,3
2024-10-29,"18:02:08",1009.7,2024-10-29 18:02:08,3
2024-10-29,"18:17:08",1011.1,2024-10-29 18:17:08,3
2024-10-29,"18:32:08",1010.1,2024-10-29 18:32:08,3
2024-10-29,"18:47:08",1009,2024-10-29 18:47:08,3
2024-10-29,"19:02:08",1009,2024-10-29 19:02:08,3
2024-10-29,"19:17:08",1008,2024-10-29 19:17:08,3
2024-10-29,"19:32:08",1007,2024-10-29 19:32:08,3
2024-10-29,"19:47:08",1006,2024-10-29 19:47:08,3
2024-10-29,"20:02:08",1006,2024-10-29 20:02:08,3
2024-10-29,"20:17:08",1005,2024-10-29 20:17:08,3
2024-10-29,"20:32:08",1004,2024-10-29 20:32:08,3
2024-10-29,"20:47:08",1003,2024-10-29 20:47:08,3
2024-10-29,"21:02:08",1003,2024-10-29 21:02:08,3
2024-10-29,"21:17:08",1002,2024-10-29 21:17:08,3
2024-10-29,"21:32:08",1001,2024-10-29 21:32:08,3
2024-10-29,"21:47:08",1000,2024-10-29 21:47:08,3
2024-10-29,"22:02:08",1000,2024-10-29 22:02:08,3
2024-10-29,"22:17:08",998.9,2024-10-29 22:17:08,3
2024-10-29,"22:32:08",997.9,2024-10-29 22:32:08,3
2024-10-29,"22:47:08",997.9,2024-10-29 22:47:08,3
2024-10-29,"23:02:08",997.9,2024-10-29 23:02:08,3
2024-10-29,"23:17:08",997.9,2024-10-29 23:17:08,3
2024-10-29,"23:32:08",997.9,2024-10-29 23:32:08,3
2024-10-29,"23:47:08",997.9,2024-10-29 23:47:08,3
2024-10-30,"00:02:08",997.9,2024-10-30 00:02:08,3
2024-10-30,"00:17:08",997.9,2024-10-30 00:17:08,3
2024-10-30,"00:32:08",997.9,2024-10-30 00:32:08,3
2024-10-30,"00:47:08",997.9,2024-10-30 00:47:08,3
2024-10-30,"01:02:08",997.9,2024-10-30 01:02:08,3
2024-10-30,"01:17:08",996.9,2024-10-30 01:17:08,3
2024-10-30,"01:32:08",996.9,2024-10-30 01:32:08,3
2024-10-30,"01:47:08",996.9,2024-10-30 01:47:08,3
2024-10-30,"02:02:08",996.9,2024-10-30 02:02:08,3
2024-10-30,"02:17:08",996.9,2024-10-30 02:17:08,3
2024-10-30,"02:32:08",996.9,2024-10-30 02:32:08,3
2024-10-30,"02:47:08",996.9,2024-10-30 02:47:08,3
2024-10-30,"03:02:08",996.9,2024-10-30 03:02:08,3
2024-10-30,"03:17:08",995.9,2024-10-30 03:17:08,3
2024-10-30,"03:32:08",995.9,2024-10-30 03:32:08,3
2024-10-30,"03:47:08",995.9,2024-10-30 03:47:08,3
2024-10-30,"04:02:08",995.9,2024-10-30 04:02:08,3
2024-10-30,"04:17:08",995.9,2024-10-30 04:17:08,3
2024-10-30,"04:32:08",995.9,2024-10-30 04:32:08,3
2024-10-30,"04:47:08",995.9,2024-10-30 04:47:08,3
2024-10-30,"05:02:08",995.9,2024-10-30 05:02:08,3
2024-10-30,"05:17:08",995.9,2024-10-30 05:17:08,3
2024-10-30,"05:32:08",994.9,2024-10-30 05:32:08,3
2024-10-30,"05:47:08",994.9,2024-10-30 05:47:08,3
2024-10-30,"06:02:08",994.9,2024-10-30 06:02:08,3
2024-10-30,"06:17:08",994.9,2024-10-30 06:17:08,3
2024-10-30,"06:32:08",994.9,2024-10-30 06:32:08,3
2024-10-30,"06:47:08",994.9,2024-10-30 06:47:08,3
2024-10-30,"07:02:08",993.9,2024-10-30 07:02:08,3
2024-10-30,"07:17:08",992.9,2024-10-30 07:17:08,3
2024-10-30,"07:32:08",991.9,2024-10-30 07:32:08,3
2024-10-30,"07:47:08",990.9,2024-10-30 07:47:08,3
2024-10-30,"08:02:08",990.9,2024-10-30 08:02:08,3
2024-10-30,"08:17:08",989.9,2024-10-30 08:17:08,3
2024-10-30,"08:32:08",989.9,2024-10-30 08:32:08,3
2024-10-30,"08:47:08",988.8,2024-10-30 08:47:08,3
2024-10-30,"09:02:08",987.8,2024-10-30 09:02:08,3
2024-10-30,"09:17:08",986.8,2024-10-30 09:17:08,3
2024-10-30,"09:32:08",986.8,2024-10-30 09:32:08,3
2024-10-30,"09:47:08",985.8,2024-10-30 09:47:08,3
2024-10-30,"10:02:08",984.8,2024-10-30 10:02:08,3
2024-10-30,"10:17:08",983.8,2024-10-30 10:17:08,3
2024-10-30,"10:32:08",982.8,2024-10-30 10:32:08,3
2024-10-30,"10:47:08",981.8,2024-10-30 10:47:08,3
2024-10-30,"11:02:08",980.8,2024-10-30 11:02:08,3
2024-10-30,"11:17:08",979.8,2024-10-30 11:17:08,3
2024-10-30,"11:32:08",978.7,2024-10-30 11:32:08,3
2024-10-30,"11:47:08",977.7,2024-10-30 11:47:08,3
2024-10-30,"12:02:08",976.7,2024-10-30 12:02:08,3
2024-10-30,"12:17:08",975.7,2024-10-30 12:17:08,3
2024-10-30,"12:32:08",974.7,2024-10-30 12:32:08,3
2024-10-30,"12:47:08",973.7,2024-10-30 12:47:08,3
2024-10-30,"13:02:08",971.7,2024-10-30 13:02:08,3
2024-10-30,"13:17:08",970.7,2024-10-30 13:17:08,3
2024-10-30,"13:32:08",969.7,2024-10-30 13:32:08,3
2024-10-30,"13:47:08",968.6,2024-10-30 13:47:08,3
2024-10-30,"14:02:08",967.6,2024-10-30 14:02:08,3
2024-10-30,"14:17:08",966.6,2024-10-30 14:17:08,3
2024-10-30,"14:32:08",964.6,2024-10-30 14:32:08,3
2024-10-30,"14:47:08",963.6,2024-10-30 14:47:08,3
2024-10-30,"15:02:08",962.6,2024-10-30 15:02:08,3
2024-10-30,"15:17:08",961.6,2024-10-30 15:17:08,3
2024-10-30,"15:32:08",960.6,2024-10-30 15:32:08,3
2024-10-30,"15:47:08",959.6,2024-10-30 15:47:08,3
2024-10-30,"16:02:08",958.5,2024-10-30 16:02:08,3
2024-10-30,"16:17:08",959.7,2024-10-30 16:17:08,3
2024-10-30,"16:32:08",958.7,2024-10-30 16:32:08,3
2024-10-30,"16:47:08",957.7,2024-10-30 16:47:08,3
2024-10-30,"17:02:08",956.7,2024-10-30 17:02:08,3
2024-10-30,"17:17:08",955.7,2024-10-30 17:17:08,3
2024-10-30,"17:32:08",954.7,2024-10-30 17:32:08,3
2024-10-30,"17:47:08",953.7,2024-10-30 17:47:08,3
2024-10-30,"18:02:08",952.7,2024-10-30 18:02:08,3
2024-10-30,"18:17:08",951.7,2024-10-30 18:17:08,3
2024-10-30,"18:32:08",950.7,2024-10-30 18:32:08,3
2024-10-30,"18:47:08",949.6,2024-10-30 18:47:08,3
2024-10-30,"19:02:08",948.6,2024-10-30 19:02:08,3
2024-10-30,"19:17:08",947.6,2024-10-30 19:17:08,3
2024-10-30,"19:32:08",946.6,2024-10-30 19:32:08,3
2024-10-30,"19:47:08",945.6,2024-10-30 19:47:08,3
2024-10-30,"20:02:08",944.6,2024-10-30 20:02:08,3
2024-10-30,"20:17:08",943.6,2024-10-30 20:17:08,3
2024-10-30,"20:32:08",942.6,2024-10-30 20:32:08,3
2024-10-30,"20:47:08",941.6,2024-10-30 20:47:08,3
2024-10-30,"21:02:08",940.6,2024-10-30 21:02:08,3
2024-10-30,"21:17:08",940.6,2024-10-30 21:17:08,3
2024-10-30,"21:32:08",939.5,2024-10-30 21:32:08,3
2024-10-30,"21:47:08",938.5,2024-10-30 21:47:08,3
2024-10-30,"22:02:08",937.5,2024-10-30 22:02:08,3
2024-10-30,"22:17:08",937.5,2024-10-30 22:17:08,3
2024-10-30,"22:32:08",936.5,2024-10-30 22:32:08,3
2024-10-30,"22:47:08",935.5,2024-10-30 22:47:08,3
2024-10-30,"23:02:08",935.5,2024-10-30 23:02:08,3
2024-10-30,"23:17:08",935.5,2024-10-30 23:17:08,3
2024-10-30,"23:32:08",935.5,2024-10-30 23:32:08,3
2024-10-30,"23:47:08",935.5,2024-10-30 23:47:08,3
2024-10-31,"00:02:08",935.5,2024-10-31 00:02:08,3
2024-10-31,"00:17:08",935.5,2024-10-31 00:17:08,3
2024-10-31,"00:32:08",935.5,2024-10-31 00:32:08,3
2024-10-31,"00:47:08",935.5,2024-10-31 00:47:08,3
2024-10-31,"01:02:08",935.5,2024-10-31 01:02:08,3
2024-10-31,"01:17:08",935.5,2024-10-31 01:17:08,3
2024-10-31,"01:32:08",935.5,2024-10-31 01:32:08,3
2024-10-31,"01:47:08",935.5,2024-10-31 01:47:08,3
2024-10-31,"02:02:08",934.5,2024-10-31 02:02:08,3
2024-10-31,"02:17:08",934.5,2024-10-31 02:17:08,3
2024-10-31,"02:32:08",934.5,2024-10-31 02:32:08,3
2024-10-31,"02:47:08",934.5,2024-10-31 02:47:08,3
2024-10-31,"03:02:08",934.5,2024-10-31 03:02:08,3
2024-10-31,"03:17:08",934.5,2024-10-31 03:17:08,3
2024-10-31,"03:32:08",934.5,2024-10-31 03:32:08,3
2024-10-31,"03:47:08",933.5,2024-10-31 03:47:08,3
2024-10-31,"04:02:08",933.5,2024-10-31 04:02:08,3
2024-10-31,"04:17:08",933.5,2024-10-31 04:17:08,3
2024-10-31,"04:32:08",933.5,2024-10-31 04:32:08,3
2024-10-31,"04:47:08",933.5,2024-10-31 04:47:08,3
2024-10-31,"05:02:08",933.5,2024-10-31 05:02:08,3
2024-10-31,"05:17:08",933.5,2024-10-31 05:17:08,3
2024-10-31,"05:32:08",933.5,2024-10-31 05:32:08,3
2024-10-31,"05:47:08",932.5,2024-10-31 05:47:08,3
2024-10-31,"06:02:08",932.5,2024-10-31 06:02:08,3
2024-10-31,"06:17:08",932.5,2024-10-31 06:17:08,3
2024-10-31,"06:32:08",932.5,2024-10-31 06:32:08,3
2024-10-31,"06:47:08",932.5,2024-10-31 06:47:08,3
2024-10-31,"07:02:08",931.5,2024-10-31 07:02:08,3
2024-10-31,"07:17:08",930.5,2024-10-31 07:17:08,3
2024-10-31,"07:32:08",929.4,2024-10-31 07:32:08,3
2024-10-31,"07:47:08",928.4,2024-10-31 07:47:08,3
2024-10-31,"08:02:08",927.4,2024-10-31 08:02:08,3
2024-10-31,"08:17:08",927.4,2024-10-31 08:17:08,3
2024-10-31,"08:32:08",926.4,2024-10-31 08:32:08,3
2024-10-31,"08:47:08",925.4,2024-10-31 08:47:08,3
2024-10-31,"09:02:08",924.4,2024-10-31 09:02:08,3
2024-10-31,"09:17:08",923.4,2024-10-31 09:17:08,3
2024-10-31,"09:32:08",922.4,2024-10-31 09:32:08,3
2024-10-31,"09:47:08",921.4,2024-10-31 09:47:08,3
2024-10-31,"10:02:08",921.4,2024-10-31 10:02:08,3
2024-10-31,"10:17:08",919.3,2024-10-31 10:17:08,3
2024-10-31,"10:32:08",918.3,2024-10-31 10:32:08,3
2024-10-31,"10:47:08",917.3,2024-10-31 10:47:08,3
2024-10-31,"11:02:08",916.3,2024-10-31 11:02:08,3
2024-10-31,"11:17:08",915.3,2024-10-31 11:17:08,3
2024-10-31,"11:32:08",914.3,2024-10-31 11:32:08,3
2024-10-31,"11:47:08",913.3,2024-10-31 11:47:08,3
2024-10-31,"12:02:08",912.3,2024-10-31 12:02:08,3
2024-10-31,"12:17:08",910.3,2024-10-31 12:17:08,3
2024-10-31,"12:32:08",909.2,2024-10-31 12:32:08,3
2024-10-31,"12:47:08",907.2,2024-10-31 12:47:08,3
2024-10-31,"13:02:08",906.2,2024-10-31 13:02:08,3
2024-10-31,"13:17:08",905.2,2024-10-31 13:17:08,3
2024-10-31,"13:32:08",904.2,2024-10-31 13:32:08,3
2024-10-31,"13:47:08",903.2,2024-10-31 13:47:08,3
2024-10-31,"14:02:08",901.2,2024-10-31 14:02:08,3
2024-10-31,"14:17:08",901.2,2024-10-31 14:17:08,3
2024-10-31,"14:32:08",900.2,2024-10-31 14:32:08,3
2024-10-31,"14:47:08",899.1,2024-10-31 14:47:08,3
2024-10-31,"15:02:08",898.1,2024-10-31 15:02:08,3
2024-10-31,"15:17:08",897.1,2024-10-31 15:17:08,3
2024-10-31,"15:32:08",896.1,2024-10-31 15:32:08,3
2024-10-31,"15:47:08",895.1,2024-10-31 15:47:08,3
2024-10-31,"16:02:08",894.1,2024-10-31 16:02:08,3
2024-10-31,"16:17:08",893.1,2024-10-31 16:17:08,3
2024-10-31,"16:32:08",1008.9,2024-10-31 16:32:08,3
2024-10-31,"16:47:08",1008.9,2024-10-31 16:47:08,3
2024-10-31,"17:02:08",1007.9,2024-10-31 17:02:08,3
2024-10-31,"17:17:08",1006.9,2024-10-31 17:17:08,3
2024-10-31,"17:32:08",1005.9,2024-10-31 17:32:08,3
2024-10-31,"17:47:08",1004.9,2024-10-31 17:47:08,3
2024-10-31,"18:02:08",1003.9,2024-10-31 18:02:08,3
2024-10-31,"18:17:08",1002.9,2024-10-31 18:17:08,3
2024-10-31,"18:32:08",1001.9,2024-10-31 18:32:08,3
2024-10-31,"18:47:08",1000.9,2024-10-31 18:47:08,3
2024-10-31,"19:02:08",999.9,2024-10-31 19:02:08,3
2024-10-31,"19:17:08",998.8,2024-10-31 19:17:08,3
2024-10-31,"19:32:08",997.8,2024-10-31 19:32:08,3
2024-10-31,"19:47:08",996.8,2024-10-31 19:47:08,3
2024-10-31,"20:02:08",995.8,2024-10-31 20:02:08,3
2024-10-31,"20:17:08",993.8,2024-10-31 20:17:08,3
2024-10-31,"20:32:08",993.8,2024-10-31 20:32:08,3
2024-10-31,"20:47:08",992.8,2024-10-31 20:47:08,3
2024-10-31,"21:02:08",991.8,2024-10-31 21:02:08,3
2024-10-31,"21:17:08",990.8,2024-10-31 21:17:08,3
2024-10-31,"21:32:08",989.8,2024-10-31 21:32:08,3
2024-10-31,"21:47:08",988.7,2024-10-31 21:47:08,3
2024-10-31,"22:02:08",987.7,2024-10-31 22:02:08,3
2024-10-31,"22:17:08",986.7,2024-10-31 22:17:08,3
2024-10-31,"22:32:08",986.7,2024-10-31 22:32:08,3
2024-10-31,"22:47:08",985.7,2024-10-31 22:47:08,3
2024-10-31,"23:02:08",985.7,2024-10-31 23:02:08,3
2024-10-31,"23:17:08",985.7,2024-10-31 23:17:08,3
2024-10-31,"23:32:08",985.7,2024-10-31 23:32:08,3
2024-10-31,"23:47:08",985.7,2024-10-31 23:47:08,3
2024-11-01,"00:02:08",985.7,2024-11-01 00:02:08,3
2024-11-01,"00:17:08",985.7,2024-11-01 00:17:08,3
2024-11-01,"00:32:08",985.7,2024-11-01 00:32:08,3
2024-11-01,"00:47:08",984.7,2024-11-01 00:47:08,3
2024-11-01,"01:02:08",984.7,2024-11-01 01:02:08,3
2024-11-01,"01:17:08",984.7,2024-11-01 01:17:08,3
2024-11-01,"01:32:08",984.7,2024-11-01 01:32:08,3
2024-11-01,"01:47:08",984.7,2024-11-01 01:47:08,3
2024-11-01,"02:02:08",983.7,2024-11-01 02:02:08,3
2024-11-01,"02:17:08",983.7,2024-11-01 02:17:08,3
2024-11-01,"02:32:08",983.7,2024-11-01 02:32:08,3
2024-11-01,"02:47:08",983.7,2024-11-01 02:47:08,3
2024-11-01,"03:02:08",983.7,2024-11-01 03:02:08,3
2024-11-01,"03:17:08",983.7,2024-11-01 03:17:08,3
2024-11-01,"03:32:08",983.7,2024-11-01 03:32:08,3
2024-11-01,"03:47:08",982.7,2024-11-01 03:47:08,3
2024-11-01,"04:02:08",982.7,2024-11-01 04:02:08,3
2024-11-01,"04:17:08",982.7,2024-11-01 04:17:08,3
2024-11-01,"04:32:08",982.7,2024-11-01 04:32:08,3
2024-11-01,"04:47:08",982.7,2024-11-01 04:47:08,3
2024-11-01,"05:02:08",982.7,2024-11-01 05:02:08,3
2024-11-01,"05:17:08",982.7,2024-11-01 05:17:08,3
2024-11-01,"05:32:08",982.7,2024-11-01 05:32:08,3
2024-11-01,"05:47:08",982.7,2024-11-01 05:47:08,3
2024-11-01,"06:02:08",981.7,2024-11-01 06:02:08,3
2024-11-01,"06:17:08",981.7,2024-11-01 06:17:08,3
2024-11-01,"06:32:08",981.7,2024-11-01 06:32:08,3
2024-11-01,"06:47:08",981.7,2024-11-01 06:47:08,3
2024-11-01,"07:02:08",980.7,2024-11-01 07:02:08,3
2024-11-01,"07:17:08",979.7,2024-11-01 07:17:08,3
2024-11-01,"07:32:08",978.6,2024-11-01 07:32:08,3
2024-11-01,"07:47:08",977.6,2024-11-01 07:47:08,3
2024-11-01,"08:02:08",976.6,2024-11-01 08:02:08,3
2024-11-01,"08:17:08",975.6,2024-11-01 08:17:08,3
2024-11-01,"08:32:08",974.6,2024-11-01 08:32:08,3
2024-11-01,"08:47:08",973.6,2024-11-01 08:47:08,3
2024-11-01,"09:02:08",972.6,2024-11-01 09:02:08,3
2024-11-01,"09:17:08",971.6,2024-11-01 09:17:08,3
2024-11-01,"09:32:08",970.6,2024-11-01 09:32:08,3
2024-11-01,"09:47:08",969.6,2024-11-01 09:47:08,3
2024-11-01,"10:02:08",968.5,2024-11-01 10:02:08,3
2024-11-01,"10:17:08",967.5,2024-11-01 10:17:08,3
2024-11-01,"10:32:08",966.5,2024-11-01 10:32:08,3
2024-11-01,"10:47:08",965.5,2024-11-01 10:47:08,3
2024-11-01,"11:02:08",964.5,2024-11-01 11:02:08,3
2024-11-01,"11:17:08",962.5,2024-11-01 11:17:08,3
2024-11-01,"11:32:08",961.5,2024-11-01 11:32:08,3
2024-11-01,"11:47:08",960.5,2024-11-01 11:47:08,3
2024-11-01,"12:02:08",959.5,2024-11-01 12:02:08,3
2024-11-01,"12:17:08",958.4,2024-11-01 12:17:08,3
2024-11-01,"12:32:08",956.4,2024-11-01 12:32:08,3
2024-11-01,"12:47:08",955.4,2024-11-01 12:47:08,3
2024-11-01,"13:02:08",954.4,2024-11-01 13:02:08,3
2024-11-01,"13:17:08",952.4,2024-11-01 13:17:08,3
2024-11-01,"13:32:08",951.4,2024-11-01 13:32:08,3
2024-11-01,"13:47:08",950.4,2024-11-01 13:47:08,3
2024-11-01,"14:02:08",949.4,2024-11-01 14:02:08,3
2024-11-01,"14:17:08",947.3,2024-11-01 14:17:08,3
2024-11-01,"14:32:08",946.3,2024-11-01 14:32:08,3
2024-11-01,"14:47:08",945.3,2024-11-01 14:47:08,3
2024-11-01,"15:02:08",944.3,2024-11-01 15:02:08,3
2024-11-01,"15:17:08",942.3,2024-11-01 15:17:08,3
2024-11-01,"15:32:08",941.3,2024-11-01 15:32:08,3
2024-11-01,"15:47:08",940.3,2024-11-01 15:47:08,3
2024-11-01,"16:02:08",939.3,2024-11-01 16:02:08,3
2024-11-01,"16:17:08",937.2,2024-11-01 16:17:08,3
2024-11-01,"16:32:08",936.2,2024-11-01 16:32:08,3
2024-11-01,"16:47:08",935.2,2024-11-01 16:47:08,3
2024-11-01,"17:02:08",934.2,2024-11-01 17:02:08,3
2024-11-01,"17:17:08",933.2,2024-11-01 17:17:08,3
2024-11-01,"17:32:08",932.2,2024-11-01 17:32:08,3
2024-11-01,"17:47:08",930.2,2024-11-01 17:47:08,3
2024-11-01,"18:02:08",929.2,2024-11-01 18:02:08,3
2024-11-01,"18:17:08",928.1,2024-11-01 18:17:08,3
2024-11-01,"18:32:08",927.1,2024-11-01 18:32:08,3
2024-11-01,"18:47:08",926.1,2024-11-01 18:47:08,3
2024-11-01,"19:02:08",925.1,2024-11-01 19:02:08,3
2024-11-01,"19:17:08",923.1,2024-11-01 19:17:08,3
2024-11-01,"19:32:08",922.1,2024-11-01 19:32:08,3
2024-11-01,"19:47:08",921.1,2024-11-01 19:47:08,3
2024-11-01,"20:02:08",920.1,2024-11-01 20:02:08,3
2024-11-01,"20:17:08",919.1,2024-11-01 20:17:08,3
2024-11-01,"20:32:08",918,2024-11-01 20:32:08,3
2024-11-01,"20:47:08",917,2024-11-01 20:47:08,3
2024-11-01,"21:02:08",916,2024-11-01 21:02:08,3
2024-11-01,"21:17:08",915,2024-11-01 21:17:08,3
2024-11-01,"21:32:08",914,2024-11-01 21:32:08,3
2024-11-01,"21:47:08",913,2024-11-01 21:47:08,3
2024-11-01,"22:02:08",912,2024-11-01 22:02:08,3
2024-11-01,"22:17:08",911,2024-11-01 22:17:08,3
2024-11-01,"22:32:08",911,2024-11-01 22:32:08,3
2024-11-01,"22:47:08",910,2024-11-01 22:47:08,3
2024-11-01,"23:02:08",910,2024-11-01 23:02:08,3
2024-11-01,"23:17:08",910,2024-11-01 23:17:08,3
2024-11-01,"23:32:08",910,2024-11-01 23:32:08,3
2024-11-01,"23:47:08",910,2024-11-01 23:47:08,3
2024-11-02,"00:02:08",910,2024-11-02 00:02:08,3
2024-11-02,"00:17:08",910,2024-11-02 00:17:08,3
2024-11-02,"00:32:08",910,2024-11-02 00:32:08,3
2024-11-02,"00:47:08",910,2024-11-02 00:47:08,3
2024-11-02,"01:02:08",910,2024-11-02 01:02:08,3
2024-11-02,"01:17:08",909,2024-11-02 01:17:08,3
2024-11-02,"01:32:08",909,2024-11-02 01:32:08,3
2024-11-02,"01:47:08",909,2024-11-02 01:47:08,3
2024-11-02,"02:02:08",909,2024-11-02 02:02:08,3
2024-11-02,"02:17:08",909,2024-11-02 02:17:08,3
2024-11-02,"02:32:08",909,2024-11-02 02:32:08,3
2024-11-02,"02:47:08",907.9,2024-11-02 02:47:08,3
2024-11-02,"03:02:08",907.9,2024-11-02 03:02:08,3
2024-11-02,"03:17:08",907.9,2024-11-02 03:17:08,3
2024-11-02,"03:32:08",907.9,2024-11-02 03:32:08,3
2024-11-02,"03:47:08",907.9,2024-11-02 03:47:08,3
2024-11-02,"04:02:08",907.9,2024-11-02 04:02:08,3
2024-11-02,"04:17:08",907.9,2024-11-02 04:17:08,3
2024-11-02,"04:32:08",907.9,2024-11-02 04:32:08,3
2024-11-02,"04:47:08",906.9,2024-11-02 04:47:08,3
2024-11-02,"05:02:08",906.9,2024-11-02 05:02:08,3
2024-11-02,"05:17:08",906.9,2024-11-02 05:17:08,3
2024-11-02,"05:32:08",906.9,2024-11-02 05:32:08,3
2024-11-02,"05:47:08",906.9,2024-11-02 05:47:08,3
2024-11-02,"06:02:08",906.9,2024-11-02 06:02:08,3
2024-11-02,"06:17:08",906.9,2024-11-02 06:17:08,3
2024-11-02,"06:32:08",905.9,2024-11-02 06:32:08,3
2024-11-02,"06:47:08",905.9,2024-11-02 06:47:08,3
2024-11-02,"07:02:08",904.9,2024-11-02 07:02:08,3
2024-11-02,"07:17:08",903.9,2024-11-02 07:17:08,3
2024-11-02,"07:32:08",902.9,2024-11-02 07:32:08,3
2024-11-02,"07:47:08",901.9,2024-11-02 07:47:08,3
2024-11-02,"08:02:08",900.9,2024-11-02 08:02:08,3
2024-11-02,"08:17:08",899.9,2024-11-02 08:17:08,3
2024-11-02,"08:32:08",898.9,2024-11-02 08:32:08,3
2024-11-02,"08:47:08",897.8,2024-11-02 08:47:08,3
2024-11-02,"09:02:08",896.8,2024-11-02 09:02:08,3
2024-11-02,"09:17:08",895.8,2024-11-02 09:17:08,3
2024-11-02,"09:32:08",894.8,2024-11-02 09:32:08,3
2024-11-02,"09:47:08",893.8,2024-11-02 09:47:08,3
2024-11-02,"10:02:08",892.8,2024-11-02 10:02:08,3
2024-11-02,"10:17:08",891.8,2024-11-02 10:17:08,3
2024-11-02,"10:32:08",890.8,2024-11-02 10:32:08,3
2024-11-02,"10:47:08",889.6,2024-11-02 10:47:08,3
2024-11-02,"11:02:08",888.6,2024-11-02 11:02:08,3
2024-11-02,"11:17:08",887.6,2024-11-02 11:17:08,3
2024-11-02,"11:32:08",886.6,2024-11-02 11:32:08,3
2024-11-02,"11:47:08",885.6,2024-11-02 11:47:08,3
2024-11-02,"12:02:08",883.6,2024-11-02 12:02:08,3
2024-11-02,"12:17:08",882.6,2024-11-02 12:17:08,3
2024-11-02,"12:32:08",881.5,2024-11-02 12:32:08,3
2024-11-02,"12:47:08",880.5,2024-11-02 12:47:08,3
2024-11-02,"13:02:08",878.5,2024-11-02 13:02:08,3
2024-11-02,"13:17:08",877.5,2024-11-02 13:17:08,3
2024-11-02,"13:32:08",876.5,2024-11-02 13:32:08,3
2024-11-02,"13:47:08",875.5,2024-11-02 13:47:08,3
2024-11-02,"14:02:08",874.5,2024-11-02 14:02:08,3
2024-11-02,"14:17:08",873.5,2024-11-02 14:17:08,3
2024-11-02,"14:32:08",872.5,2024-11-02 14:32:08,3
2024-11-02,"14:47:08",870.4,2024-11-02 14:47:08,3
2024-11-02,"15:02:08",869.4,2024-11-02 15:02:08,3
2024-11-02,"15:17:08",868.4,2024-11-02 15:17:08,3
2024-11-02,"15:32:08",867.4,2024-11-02 15:32:08,3
2024-11-02,"15:47:08",866.4,2024-11-02 15:47:08,3
2024-11-02,"16:02:08",865.4,2024-11-02 16:02:08,3
2024-11-02,"16:17:08",864.4,2024-11-02 16:17:08,3
2024-11-02,"16:32:08",863.4,2024-11-02 16:32:08,3
2024-11-02,"16:47:08",862.4,2024-11-02 16:47:08,3
2024-11-02,"17:02:08",861.3,2024-11-02 17:02:08,3
2024-11-02,"17:17:08",860.3,2024-11-02 17:17:08,3
2024-11-02,"17:32:08",859.3,2024-11-02 17:32:08,3
2024-11-02,"17:47:08",858.3,2024-11-02 17:47:08,3
2024-11-02,"18:02:08",857.3,2024-11-02 18:02:08,3
2024-11-02,"18:17:08",856.3,2024-11-02 18:17:08,3
2024-11-02,"18:32:08",855.3,2024-11-02 18:32:08,3
2024-11-02,"18:47:08",854.3,2024-11-02 18:47:08,3
2024-11-02,"19:02:08",854.3,2024-11-02 19:02:08,3
2024-11-02,"19:17:08",853.3,2024-11-02 19:17:08,3
2024-11-02,"19:32:08",852.3,2024-11-02 19:32:08,3
2024-11-02,"19:47:08",851.2,2024-11-02 19:47:08,3
2024-11-02,"20:02:08",850.2,2024-11-02 20:02:08,3
2024-11-02,"20:17:08",849.2,2024-11-02 20:17:08,3
2024-11-02,"20:32:08",848.2,2024-11-02 20:32:08,3
2024-11-02,"20:47:08",848.2,2024-11-02 20:47:08,3
2024-11-02,"21:02:08",847.2,2024-11-02 21:02:08,3
2024-11-02,"21:17:08",846.2,2024-11-02 21:17:08,3
2024-11-02,"21:32:08",845.2,2024-11-02 21:32:08,3
2024-11-02,"21:47:08",845.2,2024-11-02 21:47:08,3
2024-11-02,"22:02:08",844.2,2024-11-02 22:02:08,3
2024-11-02,"22:17:08",843.2,2024-11-02 22:17:08,3
2024-11-02,"22:32:08",843.2,2024-11-02 22:32:08,3
2024-11-02,"22:47:08",842.1,2024-11-02 22:47:08,3
2024-11-02,"23:02:08",842.1,2024-11-02 23:02:08,3
2024-11-02,"23:17:08",842.1,2024-11-02 23:17:08,3
2024-11-02,"23:32:08",842.1,2024-11-02 23:32:08,3
2024-11-02,"23:47:08",842.1,2024-11-02 23:47:08,3
2024-11-03,"00:02:08",842.1,2024-11-03 00:02:08,3
2024-11-03,"00:17:08",842.1,2024-11-03 00:17:08,3
2024-11-03,"00:32:08",842.1,2024-11-03 00:32:08,3
2024-11-03,"00:47:08",842.1,2024-11-03 00:47:08,3
2024-11-03,"01:02:08",842.1,2024-11-03 01:02:08,3
2024-11-03,"01:17:08",842.1,2024-11-03 01:17:08,3
2024-11-03,"01:32:08",842.1,2024-11-03 01:32:08,3
2024-11-03,"01:47:08",842.1,2024-11-03 01:47:08,3
2024-11-03,"02:02:08",842.1,2024-11-03 02:02:08,3
2024-11-03,"02:17:08",842.1,2024-11-03 02:17:08,3
2024-11-03,"02:32:08",841.1,2024-11-03 02:32:08,3
2024-11-03,"02:47:08",841.1,2024-11-03 02:47:08,3
2024-11-03,"03:02:08",841.1,2024-11-03 03:02:08,3
2024-11-03,"03:17:08",841.1,2024-11-03 03:17:08,3
2024-11-03,"03:32:08",841.1,2024-11-03 03:32:08,3
2024-11-03,"03:47:08",841.1,2024-11-03 03:47:08,3
2024-11-03,"04:02:08",841.1,2024-11-03 04:02:08,3
2024-11-03,"04:17:08",841.1,2024-11-03 04:17:08,3
2024-11-03,"04:32:08",841.1,2024-11-03 04:32:08,3
2024-11-03,"04:47:08",841.1,2024-11-03 04:47:08,3
2024-11-03,"05:02:08",841.1,2024-11-03 05:02:08,3
2024-11-03,"05:17:08",841.1,2024-11-03 05:17:08,3
2024-11-03,"05:32:08",840.1,2024-11-03 05:32:08,3
2024-11-03,"05:47:08",840.1,2024-11-03 05:47:08,3
2024-11-03,"06:02:08",840.1,2024-11-03 06:02:08,3
2024-11-03,"06:17:08",840.1,2024-11-03 06:17:08,3
2024-11-03,"06:32:08",840.1,2024-11-03 06:32:08,3
2024-11-03,"06:47:08",840.1,2024-11-03 06:47:08,3
2024-11-03,"07:02:08",839.1,2024-11-03 07:02:08,3
2024-11-03,"07:17:08",838.1,2024-11-03 07:17:08,3
2024-11-03,"07:32:08",837.1,2024-11-03 07:32:08,3
2024-11-03,"07:47:08",836.1,2024-11-03 07:47:08,3
2024-11-03,"08:02:08",835.1,2024-11-03 08:02:08,3
2024-11-03,"08:17:08",834.1,2024-11-03 08:17:08,3
2024-11-03,"08:32:08",833.1,2024-11-03 08:32:08,3
2024-11-03,"08:47:08",832,2024-11-03 08:47:08,3
2024-11-03,"09:02:08",832,2024-11-03 09:02:08,3
2024-11-03,"09:17:08",831,2024-11-03 09:17:08,3
2024-11-03,"09:32:08",830,2024-11-03 09:32:08,3
2024-11-03,"09:47:08",829,2024-11-03 09:47:08,3
2024-11-03,"10:02:08",1008.1,2024-11-03 10:02:08,3
2024-11-03,"10:17:08",1007.1,2024-11-03 10:17:08,3
2024-11-03,"10:32:08",1007.1,2024-11-03 10:32:08,3
2024-11-03,"10:47:08",1006.1,2024-11-03 10:47:08,3
2024-11-03,"11:02:08",1005.1,2024-11-03 11:02:08,3
2024-11-03,"11:17:08",1004,2024-11-03 11:17:08,3
2024-11-03,"11:32:08",1003,2024-11-03 11:32:08,3
2024-11-03,"11:47:08",1002,2024-11-03 11:47:08,3
2024-11-03,"12:02:08",1001,2024-11-03 12:02:08,3
2024-11-03,"12:17:08",999,2024-11-03 12:17:08,3
2024-11-03,"12:32:08",998,2024-11-03 12:32:08,3
2024-11-03,"12:47:08",995.9,2024-11-03 12:47:08,3
2024-11-03,"13:02:08",994.9,2024-11-03 13:02:08,3
2024-11-03,"13:17:08",992.9,2024-11-03 13:17:08,3
2024-11-03,"13:32:08",991.9,2024-11-03 13:32:08,3
2024-11-03,"13:47:08",989.9,2024-11-03 13:47:08,3
2024-11-03,"14:02:08",987.9,2024-11-03 14:02:08,3
2024-11-03,"14:17:08",986.9,2024-11-03 14:17:08,3
2024-11-03,"14:32:08",984.8,2024-11-03 14:32:08,3
2024-11-03,"14:47:08",983.8,2024-11-03 14:47:08,3
2024-11-03,"15:02:08",981.8,2024-11-03 15:02:08,3
2024-11-03,"15:17:08",979.8,2024-11-03 15:17:08,3
2024-11-03,"15:32:08",978.8,2024-11-03 15:32:08,3
2024-11-03,"15:47:08",976.8,2024-11-03 15:47:08,3
2024-11-03,"16:02:08",975.7,2024-11-03 16:02:08,3
2024-11-03,"16:17:08",974.7,2024-11-03 16:17:08,3
2024-11-03,"16:32:08",972.7,2024-11-03 16:32:08,3
2024-11-03,"16:47:08",971.7,2024-11-03 16:47:08,3
2024-11-03,"17:02:08",970.7,2024-11-03 17:02:08,3
2024-11-03,"17:17:08",968.7,2024-11-03 17:17:08,3
2024-11-03,"17:32:08",967.7,2024-11-03 17:32:08,3
2024-11-03,"17:47:08",966.7,2024-11-03 17:47:08,3
2024-11-03,"18:02:08",964.6,2024-11-03 18:02:08,3
2024-11-03,"18:17:08",963.6,2024-11-03 18:17:08,3
2024-11-03,"18:32:08",962.6,2024-11-03 18:32:08,3
2024-11-03,"18:47:08",961.6,2024-11-03 18:47:08,3
2024-11-03,"19:02:08",960.6,2024-11-03 19:02:08,3
2024-11-03,"19:17:08",958.6,2024-11-03 19:17:08,3
2024-11-03,"19:32:08",957.6,2024-11-03 19:32:08,3
2024-11-03,"19:47:08",956.6,2024-11-03 19:47:08,3
2024-11-03,"20:02:08",955.5,2024-11-03 20:02:08,3
2024-11-03,"20:17:08",954.5,2024-11-03 20:17:08,3
2024-11-03,"20:32:08",952.5,2024-11-03 20:32:08,3
2024-11-03,"20:47:08",951.5,2024-11-03 20:47:08,3
2024-11-03,"21:02:08",950.5,2024-11-03 21:02:08,3
2024-11-03,"21:17:08",949.5,2024-11-03 21:17:08,3
2024-11-03,"21:32:08",948.5,2024-11-03 21:32:08,3
2024-11-03,"21:47:08",947.5,2024-11-03 21:47:08,3
2024-11-03,"22:02:08",946.5,2024-11-03 22:02:08,3
2024-11-03,"22:17:08",945.4,2024-11-03 22:17:08,3
2024-11-03,"22:32:08",944.4,2024-11-03 22:32:08,3
2024-11-03,"22:47:08",943.4,2024-11-03 22:47:08,3
2024-11-03,"23:02:08",943.4,2024-11-03 23:02:08,3
2024-11-03,"23:17:08",943.4,2024-11-03 23:17:08,3
2024-11-03,"23:32:08",943.4,2024-11-03 23:32:08,3
2024-11-03,"23:47:08",943.4,2024-11-03 23:47:08,3
2024-11-04,"00:02:08",943.4,2024-11-04 00:02:08,3
2024-11-04,"00:17:08",943.4,2024-11-04 00:17:08,3
2024-11-04,"00:32:08",943.4,2024-11-04 00:32:08,3
2024-11-04,"00:47:08",943.4,2024-11-04 00:47:08,3
2024-11-04,"01:02:08",943.4,2024-11-04 01:02:08,3
2024-11-04,"01:17:08",942.4,2024-11-04 01:17:08,3
2024-11-04,"01:32:08",942.4,2024-11-04 01:32:08,3
2024-11-04,"01:47:08",942.4,2024-11-04 01:47:08,3
2024-11-04,"02:02:08",942.4,2024-11-04 02:02:08,3
2024-11-04,"02:17:08",942.4,2024-11-04 02:17:08,3
2024-11-04,"02:32:08",942.4,2024-11-04 02:32:08,3
2024-11-04,"02:47:08",941.4,2024-11-04 02:47:08,3
2024-11-04,"03:02:08",941.4,2024-11-04 03:02:08,3
2024-11-04,"03:17:08",941.4,2024-11-04 03:17:08,3
2024-11-04,"03:32:08",941.4,2024-11-04 03:32:08,3
2024-11-04,"03:47:08",941.4,2024-11-04 03:47:08,3
2024-11-04,"04:02:08",941.4,2024-11-04 04:02:08,3
2024-11-04,"04:17:08",941.4,2024-11-04 04:17:08,3
2024-11-04,"04:32:08",941.4,2024-11-04 04:32:08,3
2024-11-04,"04:47:08",940.4,2024-11-04 04:47:08,3
2024-11-04,"05:02:08",940.4,2024-11-04 05:02:08,3
2024-11-04,"05:17:08",940.4,2024-11-04 05:17:08,3
2024-11-04,"05:32:08",940.4,2024-11-04 05:32:08,3
2024-11-04,"05:47:08",940.4,2024-11-04 05:47:08,3
2024-11-04,"06:02:08",940.4,2024-11-04 06:02:08,3
2024-11-04,"06:17:08",940.4,2024-11-04 06:17:08,3
2024-11-04,"06:32:08",940.4,2024-11-04 06:32:08,3
2024-11-04,"06:47:08",939.4,2024-11-04 06:47:08,3
2024-11-04,"07:02:08",939.4,2024-11-04 07:02:08,3
2024-11-04,"07:17:08",938.4,2024-11-04 07:17:08,3
2024-11-04,"07:32:08",937.4,2024-11-04 07:32:08,3
2024-11-04,"07:47:08",936.4,2024-11-04 07:47:08,3
2024-11-04,"08:02:08",935.3,2024-11-04 08:02:08,3
2024-11-04,"08:17:08",934.3,2024-11-04 08:17:08,3
2024-11-04,"08:32:08",933.3,2024-11-04 08:32:08,3
2024-11-04,"08:47:08",932.3,2024-11-04 08:47:08,3
2024-11-04,"09:02:08",931.3,2024-11-04 09:02:08,3
2024-11-04,"09:17:08",930.3,2024-11-04 09:17:08,3
2024-11-04,"09:32:08",929.3,2024-11-04 09:32:08,3
2024-11-04,"09:47:08",928.3,2024-11-04 09:47:08,3
2024-11-04,"10:02:08",927.3,2024-11-04 10:02:08,3
2024-11-04,"10:17:08",926.3,2024-11-04 10:17:08,3
2024-11-04,"10:32:08",924.2,2024-11-04 10:32:08,3
2024-11-04,"10:47:08",923.2,2024-11-04 10:47:08,3
2024-11-04,"11:02:08",922.2,2024-11-04 11:02:08,3
2024-11-04,"11:17:08",921.2,2024-11-04 11:17:08,3
2024-11-04,"11:32:08",919.2,2024-11-04 11:32:08,3
2024-10-24,"10:31:58",1150.7,2024-10-24 10:31:58,4
2024-10-24,"10:46:51",1156.1,2024-10-24 10:46:51,4
2024-10-24,"11:01:51",1292.4,2024-10-24 11:01:51,4
2024-10-24,"11:16:51",1297.9,2024-10-24 11:16:51,4
2024-10-24,"11:31:51",1298.1,2024-10-24 11:31:51,4
2024-10-24,"11:46:51",1302.1,2024-10-24 11:46:51,4
2024-10-24,"12:01:52",1299.3,2024-10-24 12:01:52,4
2024-10-24,"12:16:52",1298.3,2024-10-24 12:16:52,4
2024-10-24,"12:31:51",1298.3,2024-10-24 12:31:51,4
2024-10-24,"12:46:51",1296.3,2024-10-24 12:46:51,4
2024-10-24,"13:01:51",1294.8,2024-10-24 13:01:51,4
2024-10-24,"13:16:52",1295.7,2024-10-24 13:16:52,4
2024-10-24,"13:31:52",1293.7,2024-10-24 13:31:52,4
2024-10-24,"13:46:52",1292.7,2024-10-24 13:46:52,4
2024-10-24,"14:01:52",1291.7,2024-10-24 14:01:52,4
2024-10-24,"14:16:52",1290.7,2024-10-24 14:16:52,4
2024-10-24,"14:31:52",1288.7,2024-10-24 14:31:52,4
2024-10-24,"14:46:52",1287.7,2024-10-24 14:46:52,4
2024-10-24,"15:01:51",1286.6,2024-10-24 15:01:51,4
2024-10-24,"15:16:52",1285.6,2024-10-24 15:16:52,4
2024-10-24,"15:31:52",1284.6,2024-10-24 15:31:52,4
2024-10-24,"15:46:52",1282.6,2024-10-24 15:46:52,4
2024-10-24,"16:01:52",1279.6,2024-10-24 16:01:52,4
2024-10-24,"16:16:52",1279.5,2024-10-24 16:16:52,4
2024-10-24,"16:31:52",1278.5,2024-10-24 16:31:52,4
2024-10-24,"16:46:52",1278.4,2024-10-24 16:46:52,4
2024-10-24,"17:01:52",1277.4,2024-10-24 17:01:52,4
2024-10-24,"17:16:52",1276.4,2024-10-24 17:16:52,4
2024-10-24,"17:31:52",1274.4,2024-10-24 17:31:52,4
2024-10-24,"17:46:52",1273.4,2024-10-24 17:46:52,4
2024-10-24,"18:01:52",1272.4,2024-10-24 18:01:52,4
2024-10-25,"13:34:14",1316,2024-10-25 13:34:14,4
2024-10-25,"13:49:15",1313.9,2024-10-25 13:49:15,4
2024-10-25,"14:04:15",1312.9,2024-10-25 14:04:15,4
2024-10-25,"14:19:15",1310.9,2024-10-25 14:19:15,4
2024-10-25,"14:34:15",1309.9,2024-10-25 14:34:15,4
2024-10-25,"14:49:15",1307.9,2024-10-25 14:49:15,4
2024-10-25,"15:04:15",1306.8,2024-10-25 15:04:15,4
2024-10-25,"15:19:15",1304.8,2024-10-25 15:19:15,4
2024-10-25,"15:34:15",1307.8,2024-10-25 15:34:15,4
2024-10-25,"15:49:15",1303.6,2024-10-25 15:49:15,4
2024-10-25,"16:04:15",1302.6,2024-10-25 16:04:15,4
2024-10-25,"16:19:15",1301.6,2024-10-25 16:19:15,4
2024-10-25,"16:34:15",1299.5,2024-10-25 16:34:15,4
2024-10-25,"16:49:15",1298.5,2024-10-25 16:49:15,4
2024-10-25,"17:04:15",1296.5,2024-10-25 17:04:15,4
2024-10-25,"17:19:15",1295.5,2024-10-25 17:19:15,4
2024-10-25,"17:34:15",1294.5,2024-10-25 17:34:15,4
2024-10-25,"17:49:15",1292.5,2024-10-25 17:49:15,4
2024-10-25,"18:04:15",1291.5,2024-10-25 18:04:15,4
2024-10-25,"18:19:15",1290.4,2024-10-25 18:19:15,4
2024-10-25,"18:34:15",1288.4,2024-10-25 18:34:15,4
2024-10-25,"18:49:15",1287.4,2024-10-25 18:49:15,4
2024-10-25,"19:04:15",1286.4,2024-10-25 19:04:15,4
2024-10-25,"19:19:15",1284.4,2024-10-25 19:19:15,4
2024-10-25,"19:34:15",1283.4,2024-10-25 19:34:15,4
2024-10-25,"19:49:15",1282.4,2024-10-25 19:49:15,4
2024-10-25,"20:04:15",1281.4,2024-10-25 20:04:15,4
2024-10-25,"20:19:15",1280.3,2024-10-25 20:19:15,4
2024-10-25,"20:34:15",1279.3,2024-10-25 20:34:15,4
2024-10-25,"20:49:15",1278.3,2024-10-25 20:49:15,4
2024-10-25,"21:04:15",1277.3,2024-10-25 21:04:15,4
2024-10-25,"21:19:15",1276.3,2024-10-25 21:19:15,4
2024-10-25,"21:34:15",1275.3,2024-10-25 21:34:15,4
2024-10-25,"21:49:15",1274.3,2024-10-25 21:49:15,4
2024-10-25,"22:04:15",1273.3,2024-10-25 22:04:15,4
2024-10-25,"22:19:15",1272.3,2024-10-25 22:19:15,4
2024-10-25,"22:34:15",1271.3,2024-10-25 22:34:15,4
2024-10-25,"22:49:15",1270.2,2024-10-25 22:49:15,4
2024-10-25,"23:04:15",1270.2,2024-10-25 23:04:15,4
2024-10-25,"23:19:15",1270.2,2024-10-25 23:19:15,4
2024-10-25,"23:34:15",1269.2,2024-10-25 23:34:15,4
2024-10-25,"23:49:15",1269.2,2024-10-25 23:49:15,4
2024-10-26,"00:04:15",1269.2,2024-10-26 00:04:15,4
2024-10-26,"00:19:15",1269.2,2024-10-26 00:19:15,4
2024-10-26,"00:34:15",1269.2,2024-10-26 00:34:15,4
2024-10-26,"00:49:15",1268.2,2024-10-26 00:49:15,4
2024-10-26,"01:04:15",1268.2,2024-10-26 01:04:15,4
2024-10-26,"01:19:15",1268.2,2024-10-26 01:19:15,4
2024-10-26,"01:34:15",1268.2,2024-10-26 01:34:15,4
2024-10-26,"01:49:15",1268.2,2024-10-26 01:49:15,4
2024-10-26,"02:04:15",1267.2,2024-10-26 02:04:15,4
2024-10-26,"02:19:15",1267.2,2024-10-26 02:19:15,4
2024-10-26,"02:34:15",1267.2,2024-10-26 02:34:15,4
2024-10-26,"02:49:15",1267.2,2024-10-26 02:49:15,4
2024-10-26,"03:04:15",1267.2,2024-10-26 03:04:15,4
2024-10-26,"03:19:15",1267.2,2024-10-26 03:19:15,4
2024-10-26,"03:34:15",1266.2,2024-10-26 03:34:15,4
2024-10-26,"03:49:15",1266.2,2024-10-26 03:49:15,4
2024-10-26,"04:04:15",1266.2,2024-10-26 04:04:15,4
2024-10-26,"04:19:15",1266.2,2024-10-26 04:19:15,4
2024-10-26,"04:34:15",1266.2,2024-10-26 04:34:15,4
2024-10-26,"04:49:15",1266.2,2024-10-26 04:49:15,4
2024-10-26,"05:04:15",1265.2,2024-10-26 05:04:15,4
2024-10-26,"05:19:15",1265.2,2024-10-26 05:19:15,4
2024-10-26,"05:34:15",1265.2,2024-10-26 05:34:15,4
2024-10-26,"05:49:15",1265.2,2024-10-26 05:49:15,4
2024-10-26,"06:04:15",1265.2,2024-10-26 06:04:15,4
2024-10-26,"06:19:15",1264.2,2024-10-26 06:19:15,4
2024-10-26,"06:34:15",1264.2,2024-10-26 06:34:15,4
2024-10-26,"06:49:15",1264.2,2024-10-26 06:49:15,4
2024-10-26,"07:04:15",1263.2,2024-10-26 07:04:15,4
2024-10-26,"07:19:15",1262.2,2024-10-26 07:19:15,4
2024-10-26,"07:34:15",1262.2,2024-10-26 07:34:15,4
2024-10-26,"07:49:15",1261.2,2024-10-26 07:49:15,4
2024-10-26,"08:04:15",1260.1,2024-10-26 08:04:15,4
2024-10-26,"08:19:15",1259.1,2024-10-26 08:19:15,4
2024-10-26,"08:34:15",1258.1,2024-10-26 08:34:15,4
2024-10-26,"08:49:15",1257.1,2024-10-26 08:49:15,4
2024-10-26,"09:04:15",1256.1,2024-10-26 09:04:15,4
2024-10-26,"09:19:15",1255.1,2024-10-26 09:19:15,4
2024-10-26,"09:34:15",1255.1,2024-10-26 09:34:15,4
2024-10-26,"09:49:15",1254.1,2024-10-26 09:49:15,4
2024-10-26,"10:04:15",1253.1,2024-10-26 10:04:15,4
2024-10-26,"10:19:15",1251.1,2024-10-26 10:19:15,4
2024-10-26,"10:34:15",1250,2024-10-26 10:34:15,4
2024-10-26,"10:49:15",1249,2024-10-26 10:49:15,4
2024-10-26,"11:04:15",1247,2024-10-26 11:04:15,4
2024-10-26,"11:19:15",1246,2024-10-26 11:19:15,4
2024-10-26,"11:34:15",1245,2024-10-26 11:34:15,4
2024-10-26,"11:49:15",1243,2024-10-26 11:49:15,4
2024-10-26,"12:04:15",1242,2024-10-26 12:04:15,4
2024-10-26,"12:19:15",1239.9,2024-10-26 12:19:15,4
2024-10-26,"12:34:15",1237.9,2024-10-26 12:34:15,4
2024-10-26,"12:49:15",1236.9,2024-10-26 12:49:15,4
2024-10-26,"13:04:15",1234.9,2024-10-26 13:04:15,4
2024-10-26,"13:19:15",1232.9,2024-10-26 13:19:15,4
2024-10-26,"13:34:15",1231.9,2024-10-26 13:34:15,4
2024-10-26,"13:49:15",1229.8,2024-10-26 13:49:15,4
2024-10-26,"14:04:15",1228.8,2024-10-26 14:04:15,4
2024-10-26,"14:19:15",1226.8,2024-10-26 14:19:15,4
2024-10-26,"14:34:15",1225.8,2024-10-26 14:34:15,4
2024-10-26,"14:49:15",1223.8,2024-10-26 14:49:15,4
2024-10-26,"15:04:15",1222.8,2024-10-26 15:04:15,4
2024-10-26,"15:17:58",1220.8,2024-10-26 15:17:58,4
2024-10-26,"15:32:58",1218.6,2024-10-26 15:32:58,4
2024-10-26,"15:47:58",1217.6,2024-10-26 15:47:58,4
2024-10-26,"16:02:58",1215.6,2024-10-26 16:02:58,4
2024-10-26,"16:17:58",1214.6,2024-10-26 16:17:58,4
2024-10-26,"16:32:58",1213.6,2024-10-26 16:32:58,4
2024-10-26,"16:47:58",1211.6,2024-10-26 16:47:58,4
2024-10-26,"17:02:58",1210.6,2024-10-26 17:02:58,4
2024-10-26,"17:17:58",1208.5,2024-10-26 17:17:58,4
2024-10-26,"17:32:58",1207.5,2024-10-26 17:32:58,4
2024-10-26,"17:47:58",1206.5,2024-10-26 17:47:58,4
2024-10-26,"18:02:58",1204.5,2024-10-26 18:02:58,4
2024-10-26,"18:17:58",1203.5,2024-10-26 18:17:58,4
2024-10-26,"18:32:58",1202.5,2024-10-26 18:32:58,4
2024-10-26,"18:47:58",1200.5,2024-10-26 18:47:58,4
2024-10-26,"19:02:58",1199.5,2024-10-26 19:02:58,4
2024-10-26,"19:17:58",1197.4,2024-10-26 19:17:58,4
2024-10-26,"19:32:58",1196.4,2024-10-26 19:32:58,4
2024-10-26,"19:47:58",1194.4,2024-10-26 19:47:58,4
2024-10-26,"20:02:58",1193.4,2024-10-26 20:02:58,4
2024-10-26,"20:17:58",1192.4,2024-10-26 20:17:58,4
2024-10-26,"20:32:58",1190.4,2024-10-26 20:32:58,4
2024-10-26,"20:47:58",1189.4,2024-10-26 20:47:58,4
2024-10-26,"21:02:58",1188.3,2024-10-26 21:02:58,4
2024-10-26,"21:17:58",1187.3,2024-10-26 21:17:58,4
2024-10-26,"21:32:58",1186.3,2024-10-26 21:32:58,4
2024-10-26,"21:47:58",1185.3,2024-10-26 21:47:58,4
2024-10-26,"22:02:58",1184.3,2024-10-26 22:02:58,4
2024-10-26,"22:17:58",1183.3,2024-10-26 22:17:58,4
2024-10-26,"22:32:58",1182.3,2024-10-26 22:32:58,4
2024-10-26,"22:47:58",1181.3,2024-10-26 22:47:58,4
2024-10-26,"23:02:58",1180.3,2024-10-26 23:02:58,4
2024-10-26,"23:17:58",1180.3,2024-10-26 23:17:58,4
2024-10-26,"23:32:58",1180.3,2024-10-26 23:32:58,4
2024-10-26,"23:47:58",1180.3,2024-10-26 23:47:58,4
2024-10-27,"00:02:58",1180.3,2024-10-27 00:02:58,4
2024-10-27,"00:17:58",1179.3,2024-10-27 00:17:58,4
2024-10-27,"00:32:58",1179.3,2024-10-27 00:32:58,4
2024-10-27,"00:47:58",1179.3,2024-10-27 00:47:58,4
2024-10-27,"01:02:58",1179.3,2024-10-27 01:02:58,4
2024-10-27,"01:17:58",1179.3,2024-10-27 01:17:58,4
2024-10-27,"01:32:58",1178.2,2024-10-27 01:32:58,4
2024-10-27,"01:47:58",1178.2,2024-10-27 01:47:58,4
2024-10-27,"02:02:58",1178.2,2024-10-27 02:02:58,4
2024-10-27,"02:17:58",1178.2,2024-10-27 02:17:58,4
2024-10-27,"02:32:58",1178.2,2024-10-27 02:32:58,4
2024-10-27,"02:47:58",1178.2,2024-10-27 02:47:58,4
2024-10-27,"02:02:58",1177.2,2024-10-27 02:02:58,4
2024-10-27,"02:17:58",1177.2,2024-10-27 02:17:58,4
2024-10-27,"02:32:58",1177.2,2024-10-27 02:32:58,4
2024-10-27,"02:47:58",1177.2,2024-10-27 02:47:58,4
2024-10-27,"03:02:58",1177.2,2024-10-27 03:02:58,4
2024-10-27,"03:17:58",1177.2,2024-10-27 03:17:58,4
2024-10-27,"03:32:58",1176.2,2024-10-27 03:32:58,4
2024-10-27,"03:47:58",1176.2,2024-10-27 03:47:58,4
2024-10-27,"04:02:58",1176.2,2024-10-27 04:02:58,4
2024-10-27,"04:17:58",1176.2,2024-10-27 04:17:58,4
2024-10-27,"04:32:58",1176.2,2024-10-27 04:32:58,4
2024-10-27,"04:47:58",1176.2,2024-10-27 04:47:58,4
2024-10-27,"05:02:58",1175.2,2024-10-27 05:02:58,4
2024-10-27,"05:17:58",1175.2,2024-10-27 05:17:58,4
2024-10-27,"05:32:58",1175.2,2024-10-27 05:32:58,4
2024-10-27,"05:47:58",1175.2,2024-10-27 05:47:58,4
2024-10-27,"06:02:58",1175.2,2024-10-27 06:02:58,4
2024-10-27,"06:17:58",1174.2,2024-10-27 06:17:58,4
2024-10-27,"06:32:58",1174.2,2024-10-27 06:32:58,4
2024-10-27,"06:47:58",1174.2,2024-10-27 06:47:58,4
2024-10-27,"07:02:58",1173.2,2024-10-27 07:02:58,4
2024-10-27,"07:17:58",1172.2,2024-10-27 07:17:58,4
2024-10-27,"07:32:58",1171.2,2024-10-27 07:32:58,4
2024-10-27,"07:47:58",1170.2,2024-10-27 07:47:58,4
2024-10-27,"08:02:58",1169.2,2024-10-27 08:02:58,4
2024-10-27,"08:17:58",1168.1,2024-10-27 08:17:58,4
2024-10-27,"08:32:58",1167.1,2024-10-27 08:32:58,4
2024-10-27,"08:47:58",1166.1,2024-10-27 08:47:58,4
2024-10-27,"09:02:58",1165.1,2024-10-27 09:02:58,4
2024-10-27,"09:17:58",1164.1,2024-10-27 09:17:58,4
2024-10-27,"09:32:58",1163.1,2024-10-27 09:32:58,4
2024-10-27,"09:47:58",1161.1,2024-10-27 09:47:58,4
2024-10-27,"10:02:58",1160.1,2024-10-27 10:02:58,4
2024-10-27,"10:17:58",1158,2024-10-27 10:17:58,4
2024-10-27,"10:32:58",1157,2024-10-27 10:32:58,4
2024-10-27,"10:47:58",1155,2024-10-27 10:47:58,4
2024-10-27,"11:02:58",1153,2024-10-27 11:02:58,4
2024-10-27,"11:17:58",1151,2024-10-27 11:17:58,4
2024-10-27,"11:32:58",1149,2024-10-27 11:32:58,4
2024-10-27,"11:47:58",1147.9,2024-10-27 11:47:58,4
2024-10-27,"12:02:58",1145.9,2024-10-27 12:02:58,4
2024-10-27,"12:17:58",1144.9,2024-10-27 12:17:58,4
2024-10-27,"12:32:58",1142.9,2024-10-27 12:32:58,4
2024-10-27,"12:47:58",1140.9,2024-10-27 12:47:58,4
2024-10-27,"13:02:58",1139.9,2024-10-27 13:02:58,4
2024-10-27,"13:17:58",1137.8,2024-10-27 13:17:58,4
2024-10-27,"13:32:58",1135.8,2024-10-27 13:32:58,4
2024-10-27,"13:47:58",1133.8,2024-10-27 13:47:58,4
2024-10-27,"14:02:58",1131.8,2024-10-27 14:02:58,4
2024-10-27,"14:17:58",1130.8,2024-10-27 14:17:58,4
2024-10-27,"14:32:58",1128.8,2024-10-27 14:32:58,4
2024-10-27,"14:47:58",1129,2024-10-27 14:47:58,4
2024-10-27,"15:02:58",1117.9,2024-10-27 15:02:58,4
2024-10-27,"15:17:58",1115.9,2024-10-27 15:17:58,4
2024-10-27,"15:32:58",1113.9,2024-10-27 15:32:58,4
2024-10-27,"15:47:58",1111.9,2024-10-27 15:47:58,4
2024-10-27,"16:02:58",1109.8,2024-10-27 16:02:58,4
2024-10-27,"16:17:58",1107.8,2024-10-27 16:17:58,4
2024-10-27,"16:32:58",1106.8,2024-10-27 16:32:58,4
2024-10-27,"16:47:58",1104.8,2024-10-27 16:47:58,4
2024-10-27,"17:02:58",1102.8,2024-10-27 17:02:58,4
2024-10-27,"17:17:58",1101.8,2024-10-27 17:17:58,4
2024-10-27,"17:32:58",1099.7,2024-10-27 17:32:58,4
2024-10-27,"17:47:58",1098.7,2024-10-27 17:47:58,4
2024-10-27,"18:02:58",1096.7,2024-10-27 18:02:58,4
2024-10-27,"18:17:58",1095.7,2024-10-27 18:17:58,4
2024-10-27,"18:32:58",1094.7,2024-10-27 18:32:58,4
2024-10-27,"18:47:58",1092.7,2024-10-27 18:47:58,4
2024-10-27,"19:02:58",1091.7,2024-10-27 19:02:58,4
2024-10-27,"19:17:58",1090.6,2024-10-27 19:17:58,4
2024-10-27,"19:32:58",1089.6,2024-10-27 19:32:58,4
2024-10-27,"19:47:58",1088.6,2024-10-27 19:47:58,4
2024-10-27,"20:02:58",1086.6,2024-10-27 20:02:58,4
2024-10-27,"20:17:58",1085.6,2024-10-27 20:17:58,4
2024-10-27,"20:32:58",1084.6,2024-10-27 20:32:58,4
2024-10-27,"20:47:58",1083.6,2024-10-27 20:47:58,4
2024-10-27,"21:02:58",1082.6,2024-10-27 21:02:58,4
2024-10-27,"21:17:58",1081.6,2024-10-27 21:17:58,4
2024-10-27,"21:32:58",1080.5,2024-10-27 21:32:58,4
2024-10-27,"21:47:58",1079.5,2024-10-27 21:47:58,4
2024-10-27,"22:02:58",1078.5,2024-10-27 22:02:58,4
2024-10-27,"22:17:58",1077.5,2024-10-27 22:17:58,4
2024-10-27,"22:32:58",1076.5,2024-10-27 22:32:58,4
2024-10-27,"22:47:58",1075.5,2024-10-27 22:47:58,4
2024-10-27,"23:02:58",1075.5,2024-10-27 23:02:58,4
2024-10-27,"23:17:58",1075.5,2024-10-27 23:17:58,4
2024-10-27,"23:32:58",1075.5,2024-10-27 23:32:58,4
2024-10-27,"23:47:58",1075.5,2024-10-27 23:47:58,4
2024-10-28,"00:02:58",1075.5,2024-10-28 00:02:58,4
2024-10-28,"00:17:58",1075.5,2024-10-28 00:17:58,4
2024-10-28,"00:32:58",1075.5,2024-10-28 00:32:58,4
2024-10-28,"00:47:58",1075.5,2024-10-28 00:47:58,4
2024-10-28,"01:02:58",1075.5,2024-10-28 01:02:58,4
2024-10-28,"01:17:58",1075.5,2024-10-28 01:17:58,4
2024-10-28,"01:32:58",1074.5,2024-10-28 01:32:58,4
2024-10-28,"01:47:58",1074.5,2024-10-28 01:47:58,4
2024-10-28,"02:02:58",1074.5,2024-10-28 02:02:58,4
2024-10-28,"02:17:58",1074.5,2024-10-28 02:17:58,4
2024-10-28,"02:32:58",1074.5,2024-10-28 02:32:58,4
2024-10-28,"02:47:58",1074.5,2024-10-28 02:47:58,4
2024-10-28,"03:02:58",1073.5,2024-10-28 03:02:58,4
2024-10-28,"03:17:58",1073.5,2024-10-28 03:17:58,4
2024-10-28,"03:32:58",1073.5,2024-10-28 03:32:58,4
2024-10-28,"03:47:58",1073.5,2024-10-28 03:47:58,4
2024-10-28,"04:02:58",1073.5,2024-10-28 04:02:58,4
2024-10-28,"04:17:58",1073.5,2024-10-28 04:17:58,4
2024-10-28,"04:32:58",1072.5,2024-10-28 04:32:58,4
2024-10-28,"04:47:58",1072.5,2024-10-28 04:47:58,4
2024-10-28,"05:02:58",1072.5,2024-10-28 05:02:58,4
2024-10-28,"05:17:58",1072.5,2024-10-28 05:17:58,4
2024-10-28,"05:32:58",1072.5,2024-10-28 05:32:58,4
2024-10-28,"05:47:58",1072.5,2024-10-28 05:47:58,4
2024-10-28,"06:02:58",1071.5,2024-10-28 06:02:58,4
2024-10-28,"06:17:58",1071.5,2024-10-28 06:17:58,4
2024-10-28,"06:32:58",1071.5,2024-10-28 06:32:58,4
2024-10-28,"06:47:58",1071.5,2024-10-28 06:47:58,4
2024-10-28,"07:02:58",1070.4,2024-10-28 07:02:58,4
2024-10-28,"07:17:58",1068.4,2024-10-28 07:17:58,4
2024-10-28,"07:32:58",1067.4,2024-10-28 07:32:58,4
2024-10-28,"07:47:58",1066.4,2024-10-28 07:47:58,4
2024-10-28,"08:02:58",1065.4,2024-10-28 08:02:58,4
2024-10-28,"08:17:58",1064.4,2024-10-28 08:17:58,4
2024-10-28,"08:32:58",1063.4,2024-10-28 08:32:58,4
2024-10-28,"08:47:58",1210.3,2024-10-28 08:47:58,4
2024-10-28,"09:02:58",1209.3,2024-10-28 09:02:58,4
2024-10-28,"09:17:58",1208.3,2024-10-28 09:17:58,4
2024-10-28,"09:32:58",1207.3,2024-10-28 09:32:58,4
2024-10-28,"09:47:58",1205.2,2024-10-28 09:47:58,4
2024-10-28,"10:02:58",1204.2,2024-10-28 10:02:58,4
2024-10-28,"10:17:58",1202.2,2024-10-28 10:17:58,4
2024-10-28,"10:32:58",1201.2,2024-10-28 10:32:58,4
2024-10-28,"10:47:58",1199.2,2024-10-28 10:47:58,4
2024-10-28,"11:02:58",1196.1,2024-10-28 11:02:58,4
2024-10-28,"11:17:58",1194.1,2024-10-28 11:17:58,4
2024-10-28,"11:32:58",1192.1,2024-10-28 11:32:58,4
2024-10-28,"11:47:58",1190.1,2024-10-28 11:47:58,4
2024-10-28,"12:02:58",1188.1,2024-10-28 12:02:58,4
2024-10-28,"12:17:58",1185,2024-10-28 12:17:58,4
2024-10-28,"12:32:58",1183,2024-10-28 12:32:58,4
2024-10-28,"12:47:58",1181,2024-10-28 12:47:58,4
2024-10-28,"13:02:58",1179,2024-10-28 13:02:58,4
2024-10-28,"13:17:58",1175.9,2024-10-28 13:17:58,4
2024-10-28,"13:32:58",1173.9,2024-10-28 13:32:58,4
2024-10-28,"13:47:58",1171.9,2024-10-28 13:47:58,4
2024-10-28,"14:02:58",1169.9,2024-10-28 14:02:58,4
2024-10-28,"14:17:58",1167.9,2024-10-28 14:17:58,4
2024-10-28,"14:32:58",1166.9,2024-10-28 14:32:58,4
2024-10-28,"14:47:58",1164.8,2024-10-28 14:47:58,4
2024-10-28,"15:02:58",1162.8,2024-10-28 15:02:58,4
2024-10-28,"15:17:58",1161.8,2024-10-28 15:17:58,4
2024-10-28,"15:32:58",1159.8,2024-10-28 15:32:58,4
2024-10-28,"15:47:58",1158.8,2024-10-28 15:47:58,4
2024-10-28,"16:02:58",1202.5,2024-10-28 16:02:58,4
2024-10-28,"16:17:58",1200.5,2024-10-28 16:17:58,4
2024-10-28,"16:32:58",1198.5,2024-10-28 16:32:58,4
2024-10-28,"16:47:58",1197.5,2024-10-28 16:47:58,4
2024-10-28,"17:02:58",1195.4,2024-10-28 17:02:58,4
2024-10-28,"17:17:58",1194.4,2024-10-28 17:17:58,4
2024-10-28,"17:32:58",1192.4,2024-10-28 17:32:58,4
2024-10-28,"17:47:58",1191.4,2024-10-28 17:47:58,4
2024-10-28,"18:02:58",1189.4,2024-10-28 18:02:58,4
2024-10-28,"18:17:58",1188.4,2024-10-28 18:17:58,4
2024-10-28,"18:32:58",1186.4,2024-10-28 18:32:58,4
2024-10-28,"18:47:58",1185.3,2024-10-28 18:47:58,4
2024-10-28,"19:02:58",1183.3,2024-10-28 19:02:58,4
2024-10-28,"19:17:58",1182.3,2024-10-28 19:17:58,4
2024-10-28,"19:32:58",1180.3,2024-10-28 19:32:58,4
2024-10-28,"19:47:58",1179.3,2024-10-28 19:47:58,4
2024-10-28,"20:02:58",1177.3,2024-10-28 20:02:58,4
2024-10-28,"20:17:58",1176.3,2024-10-28 20:17:58,4
2024-10-28,"20:32:58",1175.2,2024-10-28 20:32:58,4
2024-10-28,"20:47:58",1174.2,2024-10-28 20:47:58,4
2024-10-28,"21:02:58",1172.2,2024-10-28 21:02:58,4
2024-10-28,"21:17:58",1171.2,2024-10-28 21:17:58,4
2024-10-28,"21:32:58",1170.2,2024-10-28 21:32:58,4
2024-10-28,"21:47:58",1169.2,2024-10-28 21:47:58,4
2024-10-28,"22:02:58",1167.2,2024-10-28 22:02:58,4
2024-10-28,"22:17:58",1166.2,2024-10-28 22:17:58,4
2024-10-28,"22:32:58",1165.1,2024-10-28 22:32:58,4
2024-10-28,"22:47:58",1164.1,2024-10-28 22:47:58,4
2024-10-28,"23:02:58",1164.1,2024-10-28 23:02:58,4
2024-10-28,"23:17:58",1164.1,2024-10-28 23:17:58,4
2024-10-28,"23:32:58",1164.1,2024-10-28 23:32:58,4
2024-10-28,"23:47:58",1164.1,2024-10-28 23:47:58,4
2024-10-29,"00:02:58",1164.1,2024-10-29 00:02:58,4
2024-10-29,"00:17:58",1164.1,2024-10-29 00:17:58,4
2024-10-29,"00:32:58",1163.1,2024-10-29 00:32:58,4
2024-10-29,"00:47:58",1163.1,2024-10-29 00:47:58,4
2024-10-29,"01:02:58",1163.1,2024-10-29 01:02:58,4
2024-10-29,"01:17:58",1163.1,2024-10-29 01:17:58,4
2024-10-29,"01:32:58",1162.1,2024-10-29 01:32:58,4
2024-10-29,"01:47:58",1162.1,2024-10-29 01:47:58,4
2024-10-29,"02:02:58",1162.1,2024-10-29 02:02:58,4
2024-10-29,"02:17:58",1162.1,2024-10-29 02:17:58,4
2024-10-29,"02:32:58",1162.1,2024-10-29 02:32:58,4
2024-10-29,"02:47:58",1161.1,2024-10-29 02:47:58,4
2024-10-29,"03:02:58",1161.1,2024-10-29 03:02:58,4
2024-10-29,"03:17:58",1161.1,2024-10-29 03:17:58,4
2024-10-29,"03:32:58",1161.1,2024-10-29 03:32:58,4
2024-10-29,"03:47:58",1161.1,2024-10-29 03:47:58,4
2024-10-29,"04:02:58",1161.1,2024-10-29 04:02:58,4
2024-10-29,"04:17:58",1160.1,2024-10-29 04:17:58,4
2024-10-29,"04:32:58",1160.1,2024-10-29 04:32:58,4
2024-10-29,"04:47:58",1160.1,2024-10-29 04:47:58,4
2024-10-29,"05:02:58",1160.1,2024-10-29 05:02:58,4
2024-10-29,"05:17:58",1160.1,2024-10-29 05:17:58,4
2024-10-29,"05:32:58",1159.1,2024-10-29 05:32:58,4
2024-10-29,"05:47:58",1159.1,2024-10-29 05:47:58,4
2024-10-29,"06:02:58",1159.1,2024-10-29 06:02:58,4
2024-10-29,"06:17:58",1159.1,2024-10-29 06:17:58,4
2024-10-29,"06:32:58",1158.1,2024-10-29 06:32:58,4
2024-10-29,"06:47:58",1158.1,2024-10-29 06:47:58,4
2024-10-29,"07:02:58",1157.1,2024-10-29 07:02:58,4
2024-10-29,"07:17:58",1156.1,2024-10-29 07:17:58,4
2024-10-29,"07:32:58",1155.1,2024-10-29 07:32:58,4
2024-10-29,"07:47:58",1154,2024-10-29 07:47:58,4
2024-10-29,"08:02:58",1152,2024-10-29 08:02:58,4
2024-10-29,"08:17:58",1151,2024-10-29 08:17:58,4
2024-10-29,"08:32:58",1150,2024-10-29 08:32:58,4
2024-10-29,"08:47:58",1149,2024-10-29 08:47:58,4
2024-10-29,"09:02:58",1147,2024-10-29 09:02:58,4
2024-10-29,"09:17:58",1145,2024-10-29 09:17:58,4
2024-10-29,"09:32:58",1143.9,2024-10-29 09:32:58,4
2024-10-29,"09:47:58",1141.9,2024-10-29 09:47:58,4
2024-10-29,"10:02:58",1140.9,2024-10-29 10:02:58,4
2024-10-29,"10:17:58",1138.9,2024-10-29 10:17:58,4
2024-10-29,"10:32:58",1136.9,2024-10-29 10:32:58,4
2024-10-29,"10:47:58",1134.9,2024-10-29 10:47:58,4
2024-10-29,"11:02:58",1133.8,2024-10-29 11:02:58,4
2024-10-29,"11:17:58",1131.8,2024-10-29 11:17:58,4
2024-10-29,"11:32:58",1129.8,2024-10-29 11:32:58,4
2024-10-29,"11:47:58",1126.8,2024-10-29 11:47:58,4
2024-10-29,"12:02:58",1124.8,2024-10-29 12:02:58,4
2024-10-29,"12:17:58",1122.7,2024-10-29 12:17:58,4
2024-10-29,"12:32:58",1119.7,2024-10-29 12:32:58,4
2024-10-29,"12:47:58",1116.7,2024-10-29 12:47:58,4
2024-10-29,"13:02:58",1113.6,2024-10-29 13:02:58,4
2024-10-29,"13:17:58",1111.6,2024-10-29 13:17:58,4
2024-10-29,"13:32:58",1109.6,2024-10-29 13:32:58,4
2024-10-29,"13:47:58",1107.6,2024-10-29 13:47:58,4
2024-10-29,"14:02:58",1104.6,2024-10-29 14:02:58,4
2024-10-29,"14:17:58",1102.5,2024-10-29 14:17:58,4
2024-10-29,"14:32:58",1101.5,2024-10-29 14:32:58,4
2024-10-29,"14:47:58",1099.5,2024-10-29 14:47:58,4
2024-10-29,"15:02:58",1097.5,2024-10-29 15:02:58,4
2024-10-29,"15:17:58",1205.1,2024-10-29 15:17:58,4
2024-10-29,"15:32:58",1203,2024-10-29 15:32:58,4
2024-10-29,"15:47:58",1201,2024-10-29 15:47:58,4
2024-10-29,"16:02:58",1200,2024-10-29 16:02:58,4
2024-10-29,"16:17:58",1198,2024-10-29 16:17:58,4
2024-10-29,"16:32:58",1196,2024-10-29 16:32:58,4
2024-10-29,"16:47:58",1195,2024-10-29 16:47:58,4
2024-10-29,"17:02:58",1192.9,2024-10-29 17:02:58,4
2024-10-29,"17:17:58",1191.9,2024-10-29 17:17:58,4
2024-10-29,"17:32:58",1189.9,2024-10-29 17:32:58,4
2024-10-29,"17:47:58",1187.9,2024-10-29 17:47:58,4
2024-10-29,"18:02:58",1189,2024-10-29 18:02:58,4
2024-10-29,"18:17:58",1186,2024-10-29 18:17:58,4
2024-10-29,"18:32:58",1184,2024-10-29 18:32:58,4
2024-10-29,"18:47:58",1183,2024-10-29 18:47:58,4
2024-10-29,"19:02:58",1180.9,2024-10-29 19:02:58,4
2024-10-29,"19:17:58",1179.9,2024-10-29 19:17:58,4
2024-10-29,"19:32:58",1177.9,2024-10-29 19:32:58,4
2024-10-29,"19:47:58",1175.9,2024-10-29 19:47:58,4
2024-10-29,"20:02:58",1174.9,2024-10-29 20:02:58,4
2024-10-29,"20:17:58",1172.9,2024-10-29 20:17:58,4
2024-10-29,"20:32:58",1171.9,2024-10-29 20:32:58,4
2024-10-29,"20:47:58",1169.8,2024-10-29 20:47:58,4
2024-10-29,"21:02:58",1168.8,2024-10-29 21:02:58,4
2024-10-29,"21:17:58",1166.8,2024-10-29 21:17:58,4
2024-10-29,"21:32:58",1165.8,2024-10-29 21:32:58,4
2024-10-29,"21:47:58",1164.8,2024-10-29 21:47:58,4
2024-10-29,"22:02:58",1162.8,2024-10-29 22:02:58,4
2024-10-29,"22:17:58",1161.8,2024-10-29 22:17:58,4
2024-10-29,"22:32:58",1160.7,2024-10-29 22:32:58,4
2024-10-29,"22:47:58",1158.7,2024-10-29 22:47:58,4
2024-10-29,"23:02:58",1158.7,2024-10-29 23:02:58,4
2024-10-29,"23:17:58",1158.7,2024-10-29 23:17:58,4
2024-10-29,"23:32:58",1158.7,2024-10-29 23:32:58,4
2024-10-29,"23:47:58",1158.7,2024-10-29 23:47:58,4
2024-10-30,"00:02:58",1158.7,2024-10-30 00:02:58,4
2024-10-30,"00:17:58",1157.7,2024-10-30 00:17:58,4
2024-10-30,"00:32:58",1157.7,2024-10-30 00:32:58,4
2024-10-30,"00:47:58",1157.7,2024-10-30 00:47:58,4
2024-10-30,"01:02:58",1156.7,2024-10-30 01:02:58,4
2024-10-30,"01:17:58",1156.7,2024-10-30 01:17:58,4
2024-10-30,"01:32:58",1156.7,2024-10-30 01:32:58,4
2024-10-30,"01:47:58",1156.7,2024-10-30 01:47:58,4
2024-10-30,"02:02:58",1155.7,2024-10-30 02:02:58,4
2024-10-30,"02:17:58",1155.7,2024-10-30 02:17:58,4
2024-10-30,"02:32:58",1155.7,2024-10-30 02:32:58,4
2024-10-30,"02:47:58",1155.7,2024-10-30 02:47:58,4
2024-10-30,"03:02:58",1154.7,2024-10-30 03:02:58,4
2024-10-30,"03:17:58",1154.7,2024-10-30 03:17:58,4
2024-10-30,"03:32:58",1154.7,2024-10-30 03:32:58,4
2024-10-30,"03:47:58",1154.7,2024-10-30 03:47:58,4
2024-10-30,"04:02:58",1154.7,2024-10-30 04:02:58,4
2024-10-30,"04:17:58",1153.7,2024-10-30 04:17:58,4
2024-10-30,"04:32:58",1153.7,2024-10-30 04:32:58,4
2024-10-30,"04:47:58",1153.7,2024-10-30 04:47:58,4
2024-10-30,"05:02:58",1153.7,2024-10-30 05:02:58,4
2024-10-30,"05:17:58",1153.7,2024-10-30 05:17:58,4
2024-10-30,"05:32:58",1152.7,2024-10-30 05:32:58,4
2024-10-30,"05:47:58",1152.7,2024-10-30 05:47:58,4
2024-10-30,"06:02:58",1152.7,2024-10-30 06:02:58,4
2024-10-30,"06:17:58",1152.7,2024-10-30 06:17:58,4
2024-10-30,"06:32:58",1151.7,2024-10-30 06:32:58,4
2024-10-30,"06:47:58",1151.7,2024-10-30 06:47:58,4
2024-10-30,"07:02:58",1150.6,2024-10-30 07:02:58,4
2024-10-30,"07:17:58",1149.6,2024-10-30 07:17:58,4
2024-10-30,"07:32:58",1147.6,2024-10-30 07:32:58,4
2024-10-30,"07:47:58",1146.6,2024-10-30 07:47:58,4
2024-10-30,"08:02:58",1145.6,2024-10-30 08:02:58,4
2024-10-30,"08:17:58",1144.6,2024-10-30 08:17:58,4
2024-10-30,"08:32:58",1142.6,2024-10-30 08:32:58,4
2024-10-30,"08:47:58",1141.6,2024-10-30 08:47:58,4
2024-10-30,"09:02:58",1140.5,2024-10-30 09:02:58,4
2024-10-30,"09:17:58",1138.5,2024-10-30 09:17:58,4
2024-10-30,"09:32:58",1137.5,2024-10-30 09:32:58,4
2024-10-30,"09:47:58",1135.5,2024-10-30 09:47:58,4
2024-10-30,"10:02:58",1133.5,2024-10-30 10:02:58,4
2024-10-30,"10:17:58",1132.5,2024-10-30 10:17:58,4
2024-10-30,"10:32:58",1130.4,2024-10-30 10:32:58,4
2024-10-30,"10:47:58",1129.4,2024-10-30 10:47:58,4
2024-10-30,"11:02:58",1127.4,2024-10-30 11:02:58,4
2024-10-30,"11:17:58",1125.4,2024-10-30 11:17:58,4
2024-10-30,"11:32:58",1123.4,2024-10-30 11:32:58,4
2024-10-30,"11:47:58",1121.4,2024-10-30 11:47:58,4
2024-10-30,"12:02:58",1119.3,2024-10-30 12:02:58,4
2024-10-30,"12:17:58",1117.3,2024-10-30 12:17:58,4
2024-10-30,"12:32:58",1115.3,2024-10-30 12:32:58,4
2024-10-30,"12:47:58",1113.3,2024-10-30 12:47:58,4
2024-10-30,"13:02:58",1111.3,2024-10-30 13:02:58,4
2024-10-30,"13:17:58",1109.2,2024-10-30 13:17:58,4
2024-10-30,"13:32:58",1106.2,2024-10-30 13:32:58,4
2024-10-30,"13:47:58",1104.2,2024-10-30 13:47:58,4
2024-10-30,"14:02:58",1102.2,2024-10-30 14:02:58,4
2024-10-30,"14:17:58",1100.1,2024-10-30 14:17:58,4
2024-10-30,"14:32:58",1097.1,2024-10-30 14:32:58,4
2024-10-30,"14:47:58",1095.1,2024-10-30 14:47:58,4
2024-10-30,"15:02:58",1093.1,2024-10-30 15:02:58,4
2024-10-30,"15:17:58",1091.1,2024-10-30 15:17:58,4
2024-10-30,"15:32:58",1089,2024-10-30 15:32:58,4
2024-10-30,"15:47:58",1087,2024-10-30 15:47:58,4
2024-10-30,"16:02:58",1085,2024-10-30 16:02:58,4
2024-10-30,"16:17:58",1204.9,2024-10-30 16:17:58,4
2024-10-30,"16:32:58",1203.4,2024-10-30 16:32:58,4
2024-10-30,"16:47:58",1201.4,2024-10-30 16:47:58,4
2024-10-30,"17:02:58",1199.3,2024-10-30 17:02:58,4
2024-10-30,"17:17:58",1197.3,2024-10-30 17:17:58,4
2024-10-30,"17:32:58",1196.3,2024-10-30 17:32:58,4
2024-10-30,"17:47:58",1194.3,2024-10-30 17:47:58,4
2024-10-30,"18:02:58",1192.3,2024-10-30 18:02:58,4
2024-10-30,"18:17:58",1190.3,2024-10-30 18:17:58,4
2024-10-30,"18:32:58",1189.2,2024-10-30 18:32:58,4
2024-10-30,"18:47:58",1187.2,2024-10-30 18:47:58,4
2024-10-30,"19:02:58",1185.2,2024-10-30 19:02:58,4
2024-10-30,"19:17:58",1183.2,2024-10-30 19:17:58,4
2024-10-30,"19:32:58",1182.2,2024-10-30 19:32:58,4
2024-10-30,"19:47:58",1180.2,2024-10-30 19:47:58,4
2024-10-30,"20:02:58",1178.1,2024-10-30 20:02:58,4
2024-10-30,"20:17:58",1176.1,2024-10-30 20:17:58,4
2024-10-30,"20:32:58",1175.1,2024-10-30 20:32:58,4
2024-10-30,"20:47:58",1173.1,2024-10-30 20:47:58,4
2024-10-30,"21:02:58",1172.1,2024-10-30 21:02:58,4
2024-10-30,"21:17:58",1170.1,2024-10-30 21:17:58,4
2024-10-30,"21:32:58",1169,2024-10-30 21:32:58,4
2024-10-30,"21:47:58",1167,2024-10-30 21:47:58,4
2024-10-30,"22:02:58",1166,2024-10-30 22:02:58,4
2024-10-30,"22:17:58",1165,2024-10-30 22:17:58,4
2024-10-30,"22:32:58",1163,2024-10-30 22:32:58,4
2024-10-30,"22:47:58",1162,2024-10-30 22:47:58,4
2024-10-30,"23:02:58",1162,2024-10-30 23:02:58,4
2024-10-30,"23:17:58",1162,2024-10-30 23:17:58,4
2024-10-30,"23:32:58",1162,2024-10-30 23:32:58,4
2024-10-30,"23:47:58",1162,2024-10-30 23:47:58,4
2024-10-31,"00:02:58",1161,2024-10-31 00:02:58,4
2024-10-31,"00:17:58",1161,2024-10-31 00:17:58,4
2024-10-31,"00:32:58",1161,2024-10-31 00:32:58,4
2024-10-31,"00:47:58",1161,2024-10-31 00:47:58,4
2024-10-31,"01:02:58",1160,2024-10-31 01:02:58,4
2024-10-31,"01:17:58",1160,2024-10-31 01:17:58,4
2024-10-31,"01:32:58",1160,2024-10-31 01:32:58,4
2024-10-31,"01:47:58",1160,2024-10-31 01:47:58,4
2024-10-31,"02:02:58",1159,2024-10-31 02:02:58,4
2024-10-31,"02:17:58",1159,2024-10-31 02:17:58,4
2024-10-31,"02:32:58",1159,2024-10-31 02:32:58,4
2024-10-31,"02:47:58",1159,2024-10-31 02:47:58,4
2024-10-31,"03:02:58",1159,2024-10-31 03:02:58,4
2024-10-31,"03:17:58",1157.9,2024-10-31 03:17:58,4
2024-10-31,"03:32:58",1157.9,2024-10-31 03:32:58,4
2024-10-31,"03:47:58",1157.9,2024-10-31 03:47:58,4
2024-10-31,"04:02:58",1157.9,2024-10-31 04:02:58,4
2024-10-31,"04:17:58",1157.9,2024-10-31 04:17:58,4
2024-10-31,"04:32:58",1156.9,2024-10-31 04:32:58,4
2024-10-31,"04:47:58",1156.9,2024-10-31 04:47:58,4
2024-10-31,"05:02:58",1156.9,2024-10-31 05:02:58,4
2024-10-31,"05:17:58",1156.9,2024-10-31 05:17:58,4
2024-10-31,"05:32:58",1156.9,2024-10-31 05:32:58,4
2024-10-31,"05:47:58",1156.9,2024-10-31 05:47:58,4
2024-10-31,"06:02:58",1155.9,2024-10-31 06:02:58,4
2024-10-31,"06:17:58",1155.9,2024-10-31 06:17:58,4
2024-10-31,"06:32:58",1155.9,2024-10-31 06:32:58,4
2024-10-31,"06:47:58",1155.9,2024-10-31 06:47:58,4
2024-10-31,"07:02:58",1153.9,2024-10-31 07:02:58,4
2024-10-31,"07:17:58",1152.9,2024-10-31 07:17:58,4
2024-10-31,"07:32:58",1151.9,2024-10-31 07:32:58,4
2024-10-31,"07:47:58",1149.9,2024-10-31 07:47:58,4
2024-10-31,"08:02:58",1148.9,2024-10-31 08:02:58,4
2024-10-31,"08:17:58",1147.8,2024-10-31 08:17:58,4
2024-10-31,"08:32:58",1146.8,2024-10-31 08:32:58,4
2024-10-31,"08:47:58",1144.8,2024-10-31 08:47:58,4
2024-10-31,"09:02:58",1143.8,2024-10-31 09:02:58,4
2024-10-31,"09:17:58",1141.8,2024-10-31 09:17:58,4
2024-10-31,"09:32:58",1139.8,2024-10-31 09:32:58,4
2024-10-31,"09:47:58",1138.8,2024-10-31 09:47:58,4
2024-10-31,"10:02:58",1136.7,2024-10-31 10:02:58,4
2024-10-31,"10:17:58",1201.7,2024-10-31 10:17:58,4
2024-10-31,"10:32:58",1199.7,2024-10-31 10:32:58,4
2024-10-31,"10:47:58",1198.7,2024-10-31 10:47:58,4
2024-10-31,"11:02:58",1196.7,2024-10-31 11:02:58,4
2024-10-31,"11:17:58",1194.7,2024-10-31 11:17:58,4
2024-10-31,"11:32:58",1192.7,2024-10-31 11:32:58,4
2024-10-31,"11:47:58",1189.6,2024-10-31 11:47:58,4
2024-10-31,"12:02:58",1187.6,2024-10-31 12:02:58,4
2024-10-31,"12:17:58",1184.6,2024-10-31 12:17:58,4
2024-10-31,"12:32:58",1181.5,2024-10-31 12:32:58,4
2024-10-31,"12:47:58",1179.5,2024-10-31 12:47:58,4
2024-10-31,"13:02:58",1175.7,2024-10-31 13:02:58,4
2024-10-31,"13:17:58",1172.7,2024-10-31 13:17:58,4
2024-10-31,"13:32:58",1170.7,2024-10-31 13:32:58,4
2024-10-31,"13:47:58",1167.6,2024-10-31 13:47:58,4
2024-10-31,"14:02:58",1165.6,2024-10-31 14:02:58,4
2024-10-31,"14:17:58",1162.6,2024-10-31 14:17:58,4
2024-10-31,"14:32:58",1160.6,2024-10-31 14:32:58,4
2024-10-31,"14:47:58",1158.5,2024-10-31 14:47:58,4
2024-10-31,"15:02:58",1156.5,2024-10-31 15:02:58,4
2024-10-31,"15:17:58",1154.5,2024-10-31 15:17:58,4
2024-10-31,"15:32:58",1152.5,2024-10-31 15:32:58,4
2024-10-31,"15:47:58",1150.5,2024-10-31 15:47:58,4
2024-10-31,"16:02:58",1147.4,2024-10-31 16:02:58,4
2024-10-31,"16:17:58",1145.4,2024-10-31 16:17:58,4
2024-10-31,"16:32:58",1143.4,2024-10-31 16:32:58,4
2024-10-31,"16:47:58",1141.4,2024-10-31 16:47:58,4
2024-10-31,"17:02:58",1139.3,2024-10-31 17:02:58,4
2024-10-31,"17:17:58",1137.3,2024-10-31 17:17:58,4
2024-10-31,"17:32:58",1134.3,2024-10-31 17:32:58,4
2024-10-31,"17:47:58",1132.3,2024-10-31 17:47:58,4
2024-10-31,"18:02:58",1131.3,2024-10-31 18:02:58,4
2024-10-31,"18:17:58",1129.2,2024-10-31 18:17:58,4
2024-10-31,"18:32:58",1127.2,2024-10-31 18:32:58,4
2024-10-31,"18:47:58",1125.2,2024-10-31 18:47:58,4
2024-10-31,"19:02:58",1124.2,2024-10-31 19:02:58,4
2024-10-31,"19:17:58",1122.2,2024-10-31 19:17:58,4
2024-10-31,"19:32:58",1120.2,2024-10-31 19:32:58,4
2024-10-31,"19:47:58",1119.1,2024-10-31 19:47:58,4
2024-10-31,"20:02:58",1117.1,2024-10-31 20:02:58,4
2024-10-31,"20:17:58",1115.1,2024-10-31 20:17:58,4
2024-10-31,"20:32:58",1114.1,2024-10-31 20:32:58,4
2024-10-31,"20:47:58",1112.1,2024-10-31 20:47:58,4
2024-10-31,"21:02:58",1111.1,2024-10-31 21:02:58,4
2024-10-31,"21:17:58",1109,2024-10-31 21:17:58,4
2024-10-31,"21:32:58",1108,2024-10-31 21:32:58,4
2024-10-31,"21:47:58",1107,2024-10-31 21:47:58,4
2024-10-31,"22:02:58",1105,2024-10-31 22:02:58,4
2024-10-31,"22:17:58",1104,2024-10-31 22:17:58,4
2024-10-31,"22:32:58",1103,2024-10-31 22:32:58,4
2024-10-31,"22:47:58",1101,2024-10-31 22:47:58,4
2024-10-31,"23:02:58",1101,2024-10-31 23:02:58,4
2024-10-31,"23:17:58",1101,2024-10-31 23:17:58,4
2024-10-31,"23:32:58",1101,2024-10-31 23:32:58,4
2024-10-31,"23:47:58",1101,2024-10-31 23:47:58,4
2024-11-01,"00:02:58",1101,2024-11-01 00:02:58,4
2024-11-01,"00:17:58",1101,2024-11-01 00:17:58,4
2024-11-01,"00:32:58",1101,2024-11-01 00:32:58,4
2024-11-01,"00:47:58",1101,2024-11-01 00:47:58,4
2024-11-01,"01:02:58",1101,2024-11-01 01:02:58,4
2024-11-01,"01:17:58",1100,2024-11-01 01:17:58,4
2024-11-01,"01:32:58",1100,2024-11-01 01:32:58,4
2024-11-01,"01:47:58",1100,2024-11-01 01:47:58,4
2024-11-01,"02:02:58",1100,2024-11-01 02:02:58,4
2024-11-01,"02:17:58",1100,2024-11-01 02:17:58,4
2024-11-01,"02:32:58",1098.9,2024-11-01 02:32:58,4
2024-11-01,"02:47:58",1098.9,2024-11-01 02:47:58,4
2024-11-01,"03:02:58",1098.9,2024-11-01 03:02:58,4
2024-11-01,"03:17:58",1098.9,2024-11-01 03:17:58,4
2024-11-01,"03:32:58",1098.9,2024-11-01 03:32:58,4
2024-11-01,"03:47:58",1098.9,2024-11-01 03:47:58,4
2024-11-01,"04:02:58",1097.9,2024-11-01 04:02:58,4
2024-11-01,"04:17:58",1097.9,2024-11-01 04:17:58,4
2024-11-01,"04:32:58",1097.9,2024-11-01 04:32:58,4
2024-11-01,"04:47:58",1097.9,2024-11-01 04:47:58,4
2024-11-01,"05:02:58",1097.9,2024-11-01 05:02:58,4
2024-11-01,"05:17:58",1097.9,2024-11-01 05:17:58,4
2024-11-01,"05:32:58",1096.9,2024-11-01 05:32:58,4
2024-11-01,"05:47:58",1096.9,2024-11-01 05:47:58,4
2024-11-01,"06:02:58",1096.9,2024-11-01 06:02:58,4
2024-11-01,"06:17:58",1096.9,2024-11-01 06:17:58,4
2024-11-01,"06:32:58",1096.9,2024-11-01 06:32:58,4
2024-11-01,"06:47:58",1095.9,2024-11-01 06:47:58,4
2024-11-01,"07:02:58",1094.9,2024-11-01 07:02:58,4
2024-11-01,"07:17:58",1092.9,2024-11-01 07:17:58,4
2024-11-01,"07:32:58",1091.9,2024-11-01 07:32:58,4
2024-11-01,"07:47:58",1090.9,2024-11-01 07:47:58,4
2024-11-01,"08:02:58",1088.8,2024-11-01 08:02:58,4
2024-11-01,"08:17:58",1087.8,2024-11-01 08:17:58,4
2024-11-01,"08:32:58",1085.8,2024-11-01 08:32:58,4
2024-11-01,"08:47:58",1084.8,2024-11-01 08:47:58,4
2024-11-01,"09:02:58",1082.8,2024-11-01 09:02:58,4
2024-11-01,"09:17:58",1081.8,2024-11-01 09:17:58,4
2024-11-01,"09:32:58",1079.8,2024-11-01 09:32:58,4
2024-11-01,"09:47:58",1078.7,2024-11-01 09:47:58,4
2024-11-01,"10:02:58",1076.7,2024-11-01 10:02:58,4
2024-11-01,"10:17:58",1075.7,2024-11-01 10:17:58,4
2024-11-01,"10:32:58",1073.6,2024-11-01 10:32:58,4
2024-11-01,"10:47:58",1072.6,2024-11-01 10:47:58,4
2024-11-01,"11:02:58",1070.6,2024-11-01 11:02:58,4
2024-11-01,"11:17:58",1068.5,2024-11-01 11:17:58,4
2024-11-01,"11:32:58",1066.5,2024-11-01 11:32:58,4
2024-11-01,"11:47:58",1064.5,2024-11-01 11:47:58,4
2024-11-01,"12:02:58",1063.5,2024-11-01 12:02:58,4
2024-11-01,"12:17:58",1061.5,2024-11-01 12:17:58,4
2024-11-01,"12:32:58",1059.4,2024-11-01 12:32:58,4
2024-11-01,"12:47:58",1057.4,2024-11-01 12:47:58,4
2024-11-01,"13:02:58",1055.4,2024-11-01 13:02:58,4
2024-11-01,"13:17:58",1053.4,2024-11-01 13:17:58,4
2024-11-01,"13:32:58",1052.4,2024-11-01 13:32:58,4
2024-11-01,"13:47:58",1050.4,2024-11-01 13:47:58,4
2024-11-01,"14:02:58",1048.3,2024-11-01 14:02:58,4
2024-11-01,"14:17:58",1047.3,2024-11-01 14:17:58,4
2024-11-01,"14:32:58",1045.3,2024-11-01 14:32:58,4
2024-11-01,"14:47:58",1043.3,2024-11-01 14:47:58,4
2024-11-01,"15:02:58",1041.2,2024-11-01 15:02:58,4
2024-11-01,"15:17:58",1039.2,2024-11-01 15:17:58,4
2024-11-01,"15:32:58",1038.2,2024-11-01 15:32:58,4
2024-11-01,"15:47:58",1036.2,2024-11-01 15:47:58,4
2024-11-01,"16:02:58",1034.2,2024-11-01 16:02:58,4
2024-11-01,"16:17:58",1033.2,2024-11-01 16:17:58,4
2024-11-01,"16:32:58",1031.1,2024-11-01 16:32:58,4
2024-11-01,"16:47:58",1029.1,2024-11-01 16:47:58,4
2024-11-01,"17:02:58",1028.1,2024-11-01 17:02:58,4
2024-11-01,"17:17:58",1026.1,2024-11-01 17:17:58,4
2024-11-01,"17:32:58",1025.1,2024-11-01 17:32:58,4
2024-11-01,"17:47:58",1023.1,2024-11-01 17:47:58,4
2024-11-01,"18:02:58",1022,2024-11-01 18:02:58,4
2024-11-01,"18:17:58",1020,2024-11-01 18:17:58,4
2024-11-01,"18:32:58",1019,2024-11-01 18:32:58,4
2024-11-01,"18:47:58",1017,2024-11-01 18:47:58,4
2024-11-01,"19:02:58",1016,2024-11-01 19:02:58,4
2024-11-01,"19:17:58",1014,2024-11-01 19:17:58,4
2024-11-01,"19:32:58",1013,2024-11-01 19:32:58,4
2024-11-01,"19:47:58",1010.9,2024-11-01 19:47:58,4
2024-11-01,"20:02:58",1009.9,2024-11-01 20:02:58,4
2024-11-01,"20:17:58",1008.9,2024-11-01 20:17:58,4
2024-11-01,"20:32:58",1006.9,2024-11-01 20:32:58,4
2024-11-01,"20:47:58",1005.9,2024-11-01 20:47:58,4
2024-11-01,"21:02:58",1004.9,2024-11-01 21:02:58,4
2024-11-01,"21:17:58",1002.9,2024-11-01 21:17:58,4
2024-11-01,"21:32:58",1001.8,2024-11-01 21:32:58,4
2024-11-01,"21:47:58",1000.8,2024-11-01 21:47:58,4
2024-11-01,"22:02:58",999.8,2024-11-01 22:02:58,4
2024-11-01,"22:17:58",998.8,2024-11-01 22:17:58,4
2024-11-01,"22:32:58",997.8,2024-11-01 22:32:58,4
2024-11-01,"22:47:58",996.8,2024-11-01 22:47:58,4
2024-11-01,"23:02:58",996.8,2024-11-01 23:02:58,4
2024-11-01,"23:17:58",996.8,2024-11-01 23:17:58,4
2024-11-01,"23:32:58",996.8,2024-11-01 23:32:58,4
2024-11-01,"23:47:58",996.8,2024-11-01 23:47:58,4
2024-11-02,"00:02:58",996.8,2024-11-02 00:02:58,4
2024-11-02,"00:17:58",996.8,2024-11-02 00:17:58,4
2024-11-02,"00:32:58",996.8,2024-11-02 00:32:58,4
2024-11-02,"00:47:58",996.8,2024-11-02 00:47:58,4
2024-11-02,"01:02:58",995.8,2024-11-02 01:02:58,4
2024-11-02,"01:17:58",995.8,2024-11-02 01:17:58,4
2024-11-02,"01:32:58",995.8,2024-11-02 01:32:58,4
2024-11-02,"01:47:58",995.8,2024-11-02 01:47:58,4
2024-11-02,"02:02:58",995.8,2024-11-02 02:02:58,4
2024-11-02,"02:17:58",995.8,2024-11-02 02:17:58,4
2024-11-02,"02:32:58",994.8,2024-11-02 02:32:58,4
2024-11-02,"02:47:58",994.8,2024-11-02 02:47:58,4
2024-11-02,"03:02:58",994.8,2024-11-02 03:02:58,4
2024-11-02,"03:17:58",994.8,2024-11-02 03:17:58,4
2024-11-02,"03:32:58",994.8,2024-11-02 03:32:58,4
2024-11-02,"03:47:58",994.8,2024-11-02 03:47:58,4
2024-11-02,"04:02:58",994.8,2024-11-02 04:02:58,4
2024-11-02,"04:17:58",993.8,2024-11-02 04:17:58,4
2024-11-02,"04:32:58",993.8,2024-11-02 04:32:58,4
2024-11-02,"04:47:58",993.8,2024-11-02 04:47:58,4
2024-11-02,"05:02:58",993.8,2024-11-02 05:02:58,4
2024-11-02,"05:17:58",993.8,2024-11-02 05:17:58,4
2024-11-02,"05:32:58",993.8,2024-11-02 05:32:58,4
2024-11-02,"05:47:58",993.8,2024-11-02 05:47:58,4
2024-11-02,"06:02:58",992.8,2024-11-02 06:02:58,4
2024-11-02,"06:17:58",992.8,2024-11-02 06:17:58,4
2024-11-02,"06:32:58",992.8,2024-11-02 06:32:58,4
2024-11-02,"06:47:58",992.8,2024-11-02 06:47:58,4
2024-11-02,"07:02:58",991.7,2024-11-02 07:02:58,4
2024-11-02,"07:17:58",989.7,2024-11-02 07:17:58,4
2024-11-02,"07:32:58",988.7,2024-11-02 07:32:58,4
2024-11-02,"07:47:58",987.7,2024-11-02 07:47:58,4
2024-11-02,"08:02:58",985.7,2024-11-02 08:02:58,4
2024-11-02,"08:17:58",984.7,2024-11-02 08:17:58,4
2024-11-02,"08:32:58",983.7,2024-11-02 08:32:58,4
2024-11-02,"08:47:58",982.7,2024-11-02 08:47:58,4
2024-11-02,"09:02:58",980.6,2024-11-02 09:02:58,4
2024-11-02,"09:17:58",979.6,2024-11-02 09:17:58,4
2024-11-02,"09:32:58",978.6,2024-11-02 09:32:58,4
2024-11-02,"09:47:58",976.6,2024-11-02 09:47:58,4
2024-11-02,"10:02:58",975.6,2024-11-02 10:02:58,4
2024-11-02,"10:17:58",973.6,2024-11-02 10:17:58,4
2024-11-02,"10:32:58",972.6,2024-11-02 10:32:58,4
2024-11-02,"10:47:58",971.5,2024-11-02 10:47:58,4
2024-11-02,"11:02:58",969.5,2024-11-02 11:02:58,4
2024-11-02,"11:17:58",968.5,2024-11-02 11:17:58,4
2024-11-02,"11:32:58",966.5,2024-11-02 11:32:58,4
2024-11-02,"11:47:58",964.5,2024-11-02 11:47:58,4
2024-11-02,"12:02:58",963.5,2024-11-02 12:02:58,4
2024-11-02,"12:17:58",961.4,2024-11-02 12:17:58,4
2024-11-02,"12:32:58",959.4,2024-11-02 12:32:58,4
2024-11-02,"12:47:58",958.4,2024-11-02 12:47:58,4
2024-11-02,"13:02:58",957.4,2024-11-02 13:02:58,4
2024-11-02,"13:17:58",955.4,2024-11-02 13:17:58,4
2024-11-02,"13:32:58",954.4,2024-11-02 13:32:58,4
2024-11-02,"13:47:58",952.4,2024-11-02 13:47:58,4
2024-11-02,"14:02:58",950.3,2024-11-02 14:02:58,4
2024-11-02,"14:17:58",949.3,2024-11-02 14:17:58,4
2024-11-02,"14:32:58",947.3,2024-11-02 14:32:58,4
2024-11-02,"14:47:58",946.3,2024-11-02 14:47:58,4
2024-11-02,"15:02:58",944.3,2024-11-02 15:02:58,4
2024-11-02,"15:17:58",943.3,2024-11-02 15:17:58,4
2024-11-02,"15:32:58",941.2,2024-11-02 15:32:58,4
2024-11-02,"15:47:58",940.2,2024-11-02 15:47:58,4
2024-11-02,"16:02:58",939.2,2024-11-02 16:02:58,4
2024-11-02,"16:17:58",937.2,2024-11-02 16:17:58,4
2024-11-02,"16:32:58",936.2,2024-11-02 16:32:58,4
2024-11-02,"16:47:58",935.2,2024-11-02 16:47:58,4
2024-11-02,"17:02:58",934.2,2024-11-02 17:02:58,4
2024-11-02,"17:17:58",932.1,2024-11-02 17:17:58,4
2024-11-02,"17:32:58",931.1,2024-11-02 17:32:58,4
2024-11-02,"17:47:58",929.1,2024-11-02 17:47:58,4
2024-11-02,"18:02:58",928.1,2024-11-02 18:02:58,4
2024-11-02,"18:17:58",927.1,2024-11-02 18:17:58,4
2024-11-02,"18:32:58",926.1,2024-11-02 18:32:58,4
2024-11-02,"18:47:58",925.1,2024-11-02 18:47:58,4
2024-11-02,"19:02:58",923,2024-11-02 19:02:58,4
2024-11-02,"19:17:58",922,2024-11-02 19:17:58,4
2024-11-02,"19:32:58",921,2024-11-02 19:32:58,4
2024-11-02,"19:47:58",920,2024-11-02 19:47:58,4
2024-11-02,"20:02:58",919,2024-11-02 20:02:58,4
2024-11-02,"20:17:58",918,2024-11-02 20:17:58,4
2024-11-02,"20:32:58",917,2024-11-02 20:32:58,4
2024-11-02,"20:47:58",916,2024-11-02 20:47:58,4
2024-11-02,"21:02:58",915,2024-11-02 21:02:58,4
2024-11-02,"21:17:58",914,2024-11-02 21:17:58,4
2024-11-02,"21:32:58",912.9,2024-11-02 21:32:58,4
2024-11-02,"21:47:58",911.9,2024-11-02 21:47:58,4
2024-11-02,"22:02:58",910.9,2024-11-02 22:02:58,4
2024-11-02,"22:17:58",910.9,2024-11-02 22:17:58,4
2024-11-02,"22:32:58",909.9,2024-11-02 22:32:58,4
2024-11-02,"22:47:58",908.9,2024-11-02 22:47:58,4
2024-11-02,"23:02:58",908.9,2024-11-02 23:02:58,4
2024-11-02,"23:17:58",908.9,2024-11-02 23:17:58,4
2024-11-02,"23:32:58",908.9,2024-11-02 23:32:58,4
2024-11-02,"23:47:58",908.9,2024-11-02 23:47:58,4
2024-11-03,"00:02:58",908.9,2024-11-03 00:02:58,4
2024-11-03,"00:17:58",908.9,2024-11-03 00:17:58,4
2024-11-03,"00:32:58",908.9,2024-11-03 00:32:58,4
2024-11-03,"00:47:58",908.9,2024-11-03 00:47:58,4
2024-11-03,"01:02:58",908.9,2024-11-03 01:02:58,4
2024-11-03,"01:17:58",908.9,2024-11-03 01:17:58,4
2024-11-03,"01:32:58",908.9,2024-11-03 01:32:58,4
2024-11-03,"01:47:58",907.9,2024-11-03 01:47:58,4
2024-11-03,"02:02:58",907.9,2024-11-03 02:02:58,4
2024-11-03,"02:17:58",907.9,2024-11-03 02:17:58,4
2024-11-03,"02:32:58",907.9,2024-11-03 02:32:58,4
2024-11-03,"02:47:58",907.9,2024-11-03 02:47:58,4
2024-11-03,"03:02:58",907.9,2024-11-03 03:02:58,4
2024-11-03,"03:17:58",907.9,2024-11-03 03:17:58,4
2024-11-03,"03:32:58",907.9,2024-11-03 03:32:58,4
2024-11-03,"03:47:58",907.9,2024-11-03 03:47:58,4
2024-11-03,"04:02:58",907.9,2024-11-03 04:02:58,4
2024-11-03,"04:17:58",906.9,2024-11-03 04:17:58,4
2024-11-03,"04:32:58",906.9,2024-11-03 04:32:58,4
2024-11-03,"04:47:58",906.9,2024-11-03 04:47:58,4
2024-11-03,"05:02:58",906.9,2024-11-03 05:02:58,4
2024-11-03,"05:17:58",906.9,2024-11-03 05:17:58,4
2024-11-03,"05:32:58",906.9,2024-11-03 05:32:58,4
2024-11-03,"05:47:58",906.9,2024-11-03 05:47:58,4
2024-11-03,"06:02:58",906.9,2024-11-03 06:02:58,4
2024-11-03,"06:17:58",905.9,2024-11-03 06:17:58,4
2024-11-03,"06:32:58",905.9,2024-11-03 06:32:58,4
2024-11-03,"06:47:58",905.9,2024-11-03 06:47:58,4
2024-11-03,"07:02:58",904.9,2024-11-03 07:02:58,4
2024-11-03,"07:17:58",903.9,2024-11-03 07:17:58,4
2024-11-03,"07:32:58",902.8,2024-11-03 07:32:58,4
2024-11-03,"07:47:58",901.8,2024-11-03 07:47:58,4
2024-11-03,"08:02:58",900.8,2024-11-03 08:02:58,4
2024-11-03,"08:17:58",899.8,2024-11-03 08:17:58,4
2024-11-03,"08:32:58",898.8,2024-11-03 08:32:58,4
2024-11-03,"08:47:58",897.8,2024-11-03 08:47:58,4
2024-11-03,"09:02:58",896.8,2024-11-03 09:02:58,4
2024-11-03,"09:17:58",895.8,2024-11-03 09:17:58,4
2024-11-03,"09:32:58",894.7,2024-11-03 09:32:58,4
2024-11-03,"09:47:58",893.7,2024-11-03 09:47:58,4
2024-11-03,"10:02:58",1061.1,2024-11-03 10:02:58,4
2024-11-03,"10:17:58",1060,2024-11-03 10:17:58,4
2024-11-03,"10:32:58",1060,2024-11-03 10:32:58,4
2024-11-03,"10:47:58",1057.9,2024-11-03 10:47:58,4
2024-11-03,"11:02:58",1056.9,2024-11-03 11:02:58,4
2024-11-03,"11:17:58",1055.9,2024-11-03 11:17:58,4
2024-11-03,"11:32:58",1053.9,2024-11-03 11:32:58,4
2024-11-03,"11:47:58",1051.9,2024-11-03 11:47:58,4
2024-11-03,"12:02:58",1050.9,2024-11-03 12:02:58,4
2024-11-03,"12:17:58",1048.8,2024-11-03 12:17:58,4
2024-11-03,"12:32:58",1046.8,2024-11-03 12:32:58,4
2024-11-03,"12:47:58",1045.8,2024-11-03 12:47:58,4
2024-11-03,"13:02:58",1043.8,2024-11-03 13:02:58,4
2024-11-03,"13:17:58",1041.8,2024-11-03 13:17:58,4
2024-11-03,"13:32:58",1039.8,2024-11-03 13:32:58,4
2024-11-03,"13:47:58",1037.7,2024-11-03 13:47:58,4
2024-11-03,"14:02:58",1034.7,2024-11-03 14:02:58,4
2024-11-03,"14:17:58",1032.7,2024-11-03 14:17:58,4
2024-11-03,"14:32:58",1031.7,2024-11-03 14:32:58,4
2024-11-03,"14:47:58",1028.6,2024-11-03 14:47:58,4
2024-11-03,"15:02:58",1026.6,2024-11-03 15:02:58,4
2024-11-03,"15:17:58",1024.6,2024-11-03 15:17:58,4
2024-11-03,"15:32:58",1022.6,2024-11-03 15:32:58,4
2024-11-03,"15:47:58",1020.6,2024-11-03 15:47:58,4
2024-11-03,"16:02:58",1019.6,2024-11-03 16:02:58,4
2024-11-03,"16:17:58",1017.5,2024-11-03 16:17:58,4
2024-11-03,"16:32:58",1015.5,2024-11-03 16:32:58,4
2024-11-03,"16:47:58",1013.5,2024-11-03 16:47:58,4
2024-11-03,"17:02:58",1012.5,2024-11-03 17:02:58,4
2024-11-03,"17:17:58",1010.5,2024-11-03 17:17:58,4
2024-11-03,"17:32:58",1009.5,2024-11-03 17:32:58,4
2024-11-03,"17:47:58",1007.4,2024-11-03 17:47:58,4
2024-11-03,"18:02:58",1006.4,2024-11-03 18:02:58,4
2024-11-03,"18:17:58",1004.4,2024-11-03 18:17:58,4
2024-11-03,"18:32:58",1003.4,2024-11-03 18:32:58,4
2024-11-03,"18:47:58",1001.4,2024-11-03 18:47:58,4
2024-11-03,"19:02:58",1000.4,2024-11-03 19:02:58,4
2024-11-03,"19:17:58",999.4,2024-11-03 19:17:58,4
2024-11-03,"19:32:58",997.3,2024-11-03 19:32:58,4
2024-11-03,"19:47:58",996.3,2024-11-03 19:47:58,4
2024-11-03,"20:02:58",994.3,2024-11-03 20:02:58,4
2024-11-03,"20:17:58",993.3,2024-11-03 20:17:58,4
2024-11-03,"20:32:58",992.3,2024-11-03 20:32:58,4
2024-11-03,"20:47:58",991.3,2024-11-03 20:47:58,4
2024-11-03,"21:02:58",989.3,2024-11-03 21:02:58,4
2024-11-03,"21:17:58",988.2,2024-11-03 21:17:58,4
2024-11-03,"21:32:58",987.2,2024-11-03 21:32:58,4
2024-11-03,"21:47:58",986.2,2024-11-03 21:47:58,4
2024-11-03,"22:02:58",985.2,2024-11-03 22:02:58,4
2024-11-03,"22:17:58",984.2,2024-11-03 22:17:58,4
2024-11-03,"22:32:58",983.2,2024-11-03 22:32:58,4
2024-11-03,"22:47:58",982.2,2024-11-03 22:47:58,4
2024-11-03,"23:02:58",982.2,2024-11-03 23:02:58,4
2024-11-03,"23:17:58",982.2,2024-11-03 23:17:58,4
2024-11-03,"23:32:58",982.2,2024-11-03 23:32:58,4
2024-11-03,"23:47:58",981.2,2024-11-03 23:47:58,4
2024-11-04,"00:02:58",981.2,2024-11-04 00:02:58,4
2024-11-04,"00:17:58",981.2,2024-11-04 00:17:58,4
2024-11-04,"00:32:58",981.2,2024-11-04 00:32:58,4
2024-11-04,"00:47:58",981.2,2024-11-04 00:47:58,4
2024-11-04,"01:02:58",980.2,2024-11-04 01:02:58,4
2024-11-04,"01:17:58",980.2,2024-11-04 01:17:58,4
2024-11-04,"01:32:58",980.2,2024-11-04 01:32:58,4
2024-11-04,"01:47:58",980.2,2024-11-04 01:47:58,4
2024-11-04,"02:02:58",980.2,2024-11-04 02:02:58,4
2024-11-04,"02:17:58",980.2,2024-11-04 02:17:58,4
2024-11-04,"02:32:58",979.2,2024-11-04 02:32:58,4
2024-11-04,"02:47:58",979.2,2024-11-04 02:47:58,4
2024-11-04,"03:02:58",979.2,2024-11-04 03:02:58,4
2024-11-04,"03:17:58",979.2,2024-11-04 03:17:58,4
2024-11-04,"03:32:58",979.2,2024-11-04 03:32:58,4
2024-11-04,"03:47:58",979.2,2024-11-04 03:47:58,4
2024-11-04,"04:02:58",979.2,2024-11-04 04:02:58,4
2024-11-04,"04:17:58",978.1,2024-11-04 04:17:58,4
2024-11-04,"04:32:58",978.1,2024-11-04 04:32:58,4
2024-11-04,"04:47:58",978.1,2024-11-04 04:47:58,4
2024-11-04,"05:02:58",978.1,2024-11-04 05:02:58,4
2024-11-04,"05:17:58",978.1,2024-11-04 05:17:58,4
2024-11-04,"05:32:58",978.1,2024-11-04 05:32:58,4
2024-11-04,"05:47:58",978.1,2024-11-04 05:47:58,4
2024-11-04,"06:02:58",978.1,2024-11-04 06:02:58,4
2024-11-04,"06:17:58",978.1,2024-11-04 06:17:58,4
2024-11-04,"06:32:58",977.1,2024-11-04 06:32:58,4
2024-11-04,"06:47:58",977.1,2024-11-04 06:47:58,4
2024-11-04,"07:02:58",976.1,2024-11-04 07:02:58,4
2024-11-04,"07:17:58",975.1,2024-11-04 07:17:58,4
2024-11-04,"07:32:58",974.1,2024-11-04 07:32:58,4
2024-11-04,"07:47:58",973.1,2024-11-04 07:47:58,4
2024-11-04,"08:02:58",972.1,2024-11-04 08:02:58,4
2024-11-04,"08:17:58",971.1,2024-11-04 08:17:58,4
2024-11-04,"08:32:58",970.1,2024-11-04 08:32:58,4
2024-11-04,"08:47:58",969.1,2024-11-04 08:47:58,4
2024-11-04,"09:02:58",968,2024-11-04 09:02:58,4
2024-11-04,"09:17:58",967,2024-11-04 09:17:58,4
2024-11-04,"09:32:58",966,2024-11-04 09:32:58,4
2024-11-04,"09:47:58",964,2024-11-04 09:47:58,4
2024-11-04,"10:02:58",963,2024-11-04 10:02:58,4
2024-11-04,"10:17:58",961.7,2024-11-04 10:17:58,4
2024-11-04,"10:32:58",960.7,2024-11-04 10:32:58,4
2024-11-04,"10:47:58",958.6,2024-11-04 10:47:58,4
2024-11-04,"11:02:58",957.6,2024-11-04 11:02:58,4
2024-11-04,"11:17:58",955.6,2024-11-04 11:17:58,4
2024-11-04,"11:32:58",954.6,2024-11-04 11:32:58,4
